# BEAST v10.5.0
# Generated Fri Apr 10 10:16:14 BRT 2026 [seed=1775826973814]
# CDV_GTRG4_skygrid_relaxed_4traits.xml
state	host_1.rates.Carnivora.Primates	host_1.rates.Primates.Carnivora	host_1.indicators.Carnivora.Primates	host_1.indicators.Primates.Carnivora	host_1.nonZeroRates
0	1.0	1.0	1.0	1.0	2.0
10000	0.37713332341370454	0.29853537003463093	1.0	1.0	2.0
20000	0.30595419123974055	0.24107278222650613	1.0	1.0	2.0
30000	1.805913989823	3.330350742353683	1.0	1.0	2.0
40000	2.454983297535109	1.0845358843725317	1.0	1.0	2.0
50000	1.1817210337213304	1.1348251871269708	1.0	1.0	2.0
60000	0.3698288345160578	0.829221162468334	1.0	1.0	2.0
70000	0.3559919813825592	2.0980282498284577	1.0	1.0	2.0
80000	8.361916082782293E-4	4.381536972360471	1.0	1.0	2.0
90000	0.02976927663372533	0.5558220396287398	0.0	1.0	1.0
100000	0.6660926193899798	0.2584747396997396	1.0	1.0	2.0
110000	0.40811457578988286	1.1471356588916104	1.0	1.0	2.0
120000	1.7522436720883918	0.5067993157919748	1.0	1.0	2.0
130000	0.1506204122776576	0.21733877452634445	1.0	1.0	2.0
140000	0.8024779534080464	0.872811628416904	1.0	1.0	2.0
150000	0.45904586857112223	0.14494033709547507	1.0	1.0	2.0
160000	1.3088328467668173	0.6232580481038383	1.0	1.0	2.0
170000	3.761285330080907	0.804948603047692	1.0	1.0	2.0
180000	1.2470270713080016	1.7307801822226754	1.0	1.0	2.0
190000	0.16046543025724558	1.350596723831148	1.0	1.0	2.0
200000	2.8301790559796713	0.39594753221215756	1.0	1.0	2.0
210000	0.5406926584771772	0.5322241814574404	1.0	1.0	2.0
220000	1.846035158194493	0.32951734630305746	1.0	1.0	2.0
230000	0.39114693320725047	0.5101285493611907	1.0	1.0	2.0
240000	0.9131798905260247	0.9734559266933921	1.0	1.0	2.0
250000	1.2358577388704781	0.0649559475913206	1.0	1.0	2.0
260000	0.8837003767541717	1.8726582825951643	1.0	1.0	2.0
270000	0.03346801950874972	0.11168158135424139	1.0	1.0	2.0
280000	0.4475937042533495	0.10199929449090657	1.0	1.0	2.0
290000	1.1359230367809068	0.9798783339580777	1.0	1.0	2.0
300000	0.35367587098312314	2.5379499297831902	1.0	1.0	2.0
310000	1.0879645349379619	2.5812412306597525	1.0	1.0	2.0
320000	4.947654482203201	1.5020196866644102	1.0	1.0	2.0
330000	0.11426964086659258	0.5699244943318089	1.0	1.0	2.0
340000	2.2963049458060136	1.774731096957955	1.0	1.0	2.0
350000	1.3082502038744208	0.8388542673286393	1.0	1.0	2.0
360000	2.095914006929072	0.1041013604398025	1.0	1.0	2.0
370000	2.078626691697335	0.09266788958161404	1.0	1.0	2.0
380000	1.9499452677832323	2.6658323915190754	1.0	1.0	2.0
390000	0.7223266378840574	0.2892493077830638	1.0	1.0	2.0
400000	0.3730812549192381	0.11932696866182146	1.0	1.0	2.0
410000	1.0746458025619872	0.14808339273227453	1.0	1.0	2.0
420000	2.2660851038458274	0.15160438241270907	1.0	1.0	2.0
430000	2.5583480128847027	0.04202367385945962	0.0	1.0	1.0
440000	1.949963868854575	0.9867718829685858	0.0	1.0	1.0
450000	2.2756611465029106	1.1141468654379074	1.0	1.0	2.0
460000	0.2827876810095291	1.6445830678823723	1.0	1.0	2.0
470000	1.0774085688358566	0.10571553036127244	1.0	1.0	2.0
480000	0.6897552229826546	0.014360974045390737	1.0	1.0	2.0
490000	3.6589628384148507	0.047244058838588246	1.0	1.0	2.0
500000	1.5133815753381132	0.19813830358592233	1.0	1.0	2.0
510000	0.23776825477295171	0.09282448133991987	1.0	1.0	2.0
520000	0.6936279310833623	0.1759344892754477	1.0	1.0	2.0
530000	1.2409409129507727	0.5271268842868511	1.0	1.0	2.0
540000	0.35493955661587206	0.17641728267903473	0.0	1.0	1.0
550000	0.35466499282208935	0.5618192948686448	1.0	1.0	2.0
560000	0.8900077532827988	0.1834652575111035	1.0	1.0	2.0
570000	0.32557512332698985	0.502417294289007	1.0	1.0	2.0
580000	1.140398518253242	0.9815503062138738	1.0	1.0	2.0
590000	1.151093651978936	0.5487525437061369	1.0	1.0	2.0
600000	1.39668363390665	0.32159070572544945	1.0	1.0	2.0
610000	2.879495077696983	2.1973726696629714	1.0	1.0	2.0
620000	1.509150462484446	0.003943270395015186	1.0	1.0	2.0
630000	3.1256136801382373	1.8571947234105444	1.0	1.0	2.0
640000	1.442610025074719	1.7961367854755914	1.0	1.0	2.0
650000	0.6958177717422578	0.8532712079184246	1.0	1.0	2.0
660000	1.1460002416317083	0.5240869126537611	1.0	1.0	2.0
670000	1.5269806051541344	1.0494512887579905	1.0	1.0	2.0
680000	2.3359372696578835	0.8393032567035325	1.0	1.0	2.0
690000	1.6692247956838944	1.185734831380662	1.0	1.0	2.0
700000	0.006822612145512861	0.18960553192772986	0.0	1.0	1.0
710000	2.8423941780786564	1.0048841784963192	1.0	1.0	2.0
720000	3.0414960908162705	0.18639639132853722	1.0	1.0	2.0
730000	0.7552727341700919	0.8937273626224197	1.0	1.0	2.0
740000	0.7584895645825422	0.20456272774847428	1.0	1.0	2.0
750000	0.19014323353175328	0.5169649249737431	1.0	1.0	2.0
760000	0.881481103650442	1.193577129633792	1.0	1.0	2.0
770000	0.6606735755458414	1.1918213124641912	1.0	1.0	2.0
780000	5.749228364237889	0.12427553761767283	1.0	1.0	2.0
790000	1.5783482931614612	0.6246459946668548	1.0	1.0	2.0
800000	0.8302274601939654	0.5210056434659626	1.0	1.0	2.0
810000	1.0649797472669296	0.38599085253978066	1.0	1.0	2.0
820000	0.26258518246390883	1.0082026422473322	1.0	1.0	2.0
830000	0.19052796058445443	0.18309851390232637	1.0	1.0	2.0
840000	1.4173892117608184	0.04432766325085249	1.0	1.0	2.0
850000	2.142680173233034	1.7176532827565327	1.0	1.0	2.0
860000	1.056421858019514	1.060202863237637	1.0	1.0	2.0
870000	0.3103825238482713	0.08964075759300298	1.0	1.0	2.0
880000	0.8217676791705689	1.4881629451773872	1.0	1.0	2.0
890000	0.6191371463809001	0.8079053057672316	1.0	1.0	2.0
900000	2.080330171352954	0.17078276574159854	1.0	1.0	2.0
910000	0.4844551672799491	0.12189249198191582	1.0	1.0	2.0
920000	0.6313575444892545	0.5428571309529907	1.0	1.0	2.0
930000	0.3132239897588505	0.24201055226995222	1.0	1.0	2.0
940000	0.25516612440845304	2.7916743127193553	0.0	1.0	1.0
950000	0.2531925650999921	0.6533560119852384	1.0	1.0	2.0
960000	0.5169442977374513	0.26877250803294395	1.0	1.0	2.0
970000	0.3862375480493242	0.21640673120365972	1.0	1.0	2.0
980000	2.1669879146320783	0.4714006858006222	1.0	1.0	2.0
990000	0.9222032836260214	0.8090501802740061	1.0	1.0	2.0
1000000	0.2642066060912707	0.5963304640396223	1.0	1.0	2.0
1010000	1.8581852882144694	0.34475969846182325	1.0	1.0	2.0
1020000	1.7649953728205678	0.46811171075959	1.0	1.0	2.0
1030000	0.4418753717177005	0.2395961160266311	1.0	1.0	2.0
1040000	0.9913956510401957	0.6655391157449705	1.0	1.0	2.0
1050000	3.5304571172153496	0.976777438932708	1.0	1.0	2.0
1060000	1.364070070116134	0.6478538556051813	1.0	1.0	2.0
1070000	2.9203541766716197	0.03108567565321493	1.0	1.0	2.0
1080000	1.6283189109866143	1.0181404089689392	1.0	1.0	2.0
1090000	2.576306913043326	0.894088860234826	1.0	1.0	2.0
1100000	2.2598896085267928	1.6549208949653147	1.0	1.0	2.0
1110000	1.8802271944857785	0.12830599692695288	1.0	1.0	2.0
1120000	3.8345703242032814	1.2223462050206617	1.0	1.0	2.0
1130000	1.0829543040459169	3.5946632553917945	1.0	1.0	2.0
1140000	2.244827093166681	0.5895529716970784	1.0	1.0	2.0
1150000	3.5882468441842446	2.2214942893887986	1.0	1.0	2.0
1160000	3.0858141804860417	0.16071772407625828	1.0	1.0	2.0
1170000	0.11972813436836345	0.11535579888192322	1.0	1.0	2.0
1180000	1.6391212979387357	0.6274931383466955	1.0	1.0	2.0
1190000	1.9014448556059658	1.6913194122414787	1.0	1.0	2.0
1200000	0.36832256794789503	0.2536832887590342	1.0	1.0	2.0
1210000	2.3055662666579564	0.5975184439066475	1.0	1.0	2.0
1220000	0.4839791240697827	0.7036296270032917	1.0	1.0	2.0
1230000	3.299963990997921	0.19557522436811717	1.0	1.0	2.0
1240000	1.6975096876531313	1.4717680533390471	1.0	1.0	2.0
1250000	1.6227125758358707	0.35511166706018116	1.0	1.0	2.0
1260000	0.6371986654993126	0.3037745870982072	1.0	1.0	2.0
1270000	0.45361628759951467	0.039910210058733755	1.0	1.0	2.0
1280000	1.8967774431864186	0.14992667974817644	1.0	1.0	2.0
1290000	2.063744075466567	1.7458614098652365	1.0	1.0	2.0
1300000	0.3315691642556314	0.0797590871455028	1.0	1.0	2.0
1310000	0.6677787443723159	0.6678970301910249	1.0	1.0	2.0
1320000	3.115953132673673	0.2672474981978443	0.0	1.0	1.0
1330000	0.439151373061146	1.4297632669494178	1.0	1.0	2.0
1340000	0.6843027876573307	0.43645129148713696	1.0	1.0	2.0
1350000	0.23703676003762106	0.057866972574964176	1.0	1.0	2.0
1360000	2.83445029724655	0.8957960000690481	1.0	1.0	2.0
1370000	2.0422326938758895	0.6655466583278307	1.0	1.0	2.0
1380000	0.7264384147130286	0.8391246870549683	1.0	1.0	2.0
1390000	2.996521137804185	0.24443516283066027	1.0	1.0	2.0
1400000	2.733331670029814	0.3285339260444458	1.0	1.0	2.0
1410000	1.967787259020725	0.43552428496133205	1.0	1.0	2.0
1420000	5.527662287716478	0.2726734162912216	1.0	1.0	2.0
1430000	1.9918480694729173	1.5571909559534318	1.0	1.0	2.0
1440000	1.1656959988449282	0.027242050918286295	1.0	1.0	2.0
1450000	1.46021096430096	0.8992668075064731	1.0	1.0	2.0
1460000	2.026747959383488	1.8241103342203417	1.0	1.0	2.0
1470000	0.5926131283749003	0.3154867157618806	0.0	1.0	1.0
1480000	1.293664244311982	0.17565727335194284	1.0	1.0	2.0
1490000	1.1074004846682644	0.9723385934499491	1.0	1.0	2.0
1500000	2.38657337788348	0.02815632219549178	1.0	1.0	2.0
1510000	0.8755326488095789	0.26909501885889725	1.0	1.0	2.0
1520000	1.5072513190994543	0.00481705223927915	1.0	1.0	2.0
1530000	0.8971113716050001	0.14183752190793134	1.0	1.0	2.0
1540000	1.6279236662289542	0.23607978968423213	1.0	1.0	2.0
1550000	0.44475227071369766	0.029098826174284848	1.0	1.0	2.0
1560000	1.895185838946896	0.19855265606606398	1.0	1.0	2.0
1570000	1.1361801548666388	0.27743175339762555	1.0	1.0	2.0
1580000	0.9609651981725705	1.3970004215518468	1.0	1.0	2.0
1590000	0.5474824104328792	0.37664036284595964	1.0	1.0	2.0
1600000	0.20141046602927046	0.42786051073818365	1.0	1.0	2.0
1610000	3.909291849619637	0.4566547718105722	1.0	1.0	2.0
1620000	1.2337288378168243	0.12192153345582628	1.0	1.0	2.0
1630000	1.1134471048313246	0.4693468020628854	1.0	1.0	2.0
1640000	0.1868578508177891	0.04290608769938884	1.0	1.0	2.0
1650000	0.5699522243427195	0.2470111422259498	1.0	1.0	2.0
1660000	0.2411819332854855	0.28124415153615157	1.0	1.0	2.0
1670000	0.42428043563419054	0.34755061042931296	1.0	1.0	2.0
1680000	2.4249395429936857	0.3735653656574845	1.0	1.0	2.0
1690000	0.9154549206621568	0.08210626114441448	1.0	1.0	2.0
1700000	4.3430924830183155	0.884410652138883	1.0	1.0	2.0
1710000	4.63969687206554	0.3815522770117326	1.0	1.0	2.0
1720000	0.28835170350971373	0.09476399839474256	1.0	1.0	2.0
1730000	2.151637938189544	0.2510107806069605	1.0	1.0	2.0
1740000	0.27387549660331173	0.18520436335131252	1.0	1.0	2.0
1750000	0.3943711940450914	0.34423990974067087	1.0	1.0	2.0
1760000	1.1374177964502141	0.5616499424125617	1.0	1.0	2.0
1770000	2.7567363800182894	0.19181036333181287	1.0	1.0	2.0
1780000	2.6690903793291385	0.8996452943821158	1.0	1.0	2.0
1790000	2.359966297082654	0.19082911450456866	1.0	1.0	2.0
1800000	1.2429241734046825	0.22064073567271483	1.0	1.0	2.0
1810000	1.7219755767817928	0.06492587365082217	1.0	1.0	2.0
1820000	1.2260129689770018	0.5465422161910057	1.0	1.0	2.0
1830000	0.7553545771884174	0.36389429584034577	1.0	1.0	2.0
1840000	1.6920288736551528	0.7073958044348947	1.0	1.0	2.0
1850000	0.5914221290592911	0.04355584389370564	1.0	1.0	2.0
1860000	0.26701006978496167	0.12012726152856107	1.0	1.0	2.0
1870000	0.5145087008670625	2.0141010344090735	1.0	1.0	2.0
1880000	0.23363005462876774	0.5178359286654955	1.0	1.0	2.0
1890000	0.6083129828356235	0.3691227435721966	1.0	1.0	2.0
1900000	0.7825998722524731	0.17414152692826573	1.0	1.0	2.0
1910000	0.5811640335602374	0.580905025277149	1.0	1.0	2.0
1920000	0.40691477548523736	0.04017773751384133	1.0	1.0	2.0
1930000	1.048310397504263	1.021044050065298	1.0	1.0	2.0
1940000	0.37414053061093355	0.6843520415998722	1.0	1.0	2.0
1950000	1.0950967644527574	0.2541798976912304	1.0	1.0	2.0
1960000	0.48647987832622686	0.08753323005075894	1.0	1.0	2.0
1970000	0.24025100701737873	0.032994840206208235	1.0	1.0	2.0
1980000	1.613296996808604	0.6803215650347575	1.0	1.0	2.0
1990000	0.8077131093948041	0.36864314864020853	1.0	1.0	2.0
2000000	2.2716283118585787	1.74137796824347	1.0	1.0	2.0
2010000	2.5363896956574727	1.305174028487872	1.0	1.0	2.0
2020000	2.4104960183196473	0.19475784442829983	1.0	1.0	2.0
2030000	0.8979559074970209	0.9604648843821855	1.0	1.0	2.0
2040000	1.7433864571736715	0.06425094526683056	1.0	1.0	2.0
2050000	0.6847015356875805	1.001809278832053	1.0	1.0	2.0
2060000	3.530220696496244	0.9210575254510499	1.0	1.0	2.0
2070000	1.7550123734120289	0.22196661898701875	1.0	1.0	2.0
2080000	1.769777199129521	0.13123327391114778	1.0	1.0	2.0
2090000	1.8736366952967927	1.8923168946436024	1.0	1.0	2.0
2100000	0.5956448101264459	0.7466149644603626	1.0	1.0	2.0
2110000	2.714987885068245	0.9218349691392669	1.0	1.0	2.0
2120000	2.668941849906855	0.18395064660705013	1.0	1.0	2.0
2130000	1.6981923454279044	2.978026678376402	1.0	1.0	2.0
2140000	1.8044301368071476	0.40703410947061236	1.0	1.0	2.0
2150000	1.2525036691927427	0.5732158237466449	1.0	1.0	2.0
2160000	1.2552027967120516	1.4880174103938613	1.0	1.0	2.0
2170000	1.7368559308761666	1.4804487220501523	1.0	1.0	2.0
2180000	0.7223661494017162	0.2879065151004749	1.0	1.0	2.0
2190000	0.7543408318710539	0.6886707150380024	1.0	1.0	2.0
2200000	0.76623402673226	0.3847550006789464	1.0	1.0	2.0
2210000	3.765081263764542	0.23493404331317103	1.0	1.0	2.0
2220000	0.27716821323666424	0.07408533905040572	1.0	1.0	2.0
2230000	2.1406390424868595	0.34900364890450464	1.0	1.0	2.0
2240000	0.9648937982924572	0.02100210805913301	1.0	1.0	2.0
2250000	0.7370198351444281	0.0038265901885679364	1.0	1.0	2.0
2260000	0.8930059733500381	3.718824500155945	1.0	1.0	2.0
2270000	1.7274307061113428	1.1046004152031998	1.0	1.0	2.0
2280000	0.28973710870546615	1.4987681513134896	1.0	1.0	2.0
2290000	3.2167214458751565	2.554674090893634	1.0	1.0	2.0
2300000	0.5275955621991827	0.22818848561199814	1.0	1.0	2.0
2310000	0.39606760927299245	1.331871369760484	1.0	1.0	2.0
2320000	1.384109613847031	0.47706788774402314	1.0	1.0	2.0
2330000	1.06614161993561	2.0317283651609928	1.0	1.0	2.0
2340000	1.6663886924827616	2.42341839778998	1.0	1.0	2.0
2350000	0.06763951783204306	0.08058843145063915	1.0	1.0	2.0
2360000	0.21791817738523328	0.09029232552267129	1.0	1.0	2.0
2370000	2.33513698368783	0.17308509478355424	1.0	1.0	2.0
2380000	0.8117984758550332	0.24305491354812284	1.0	1.0	2.0
2390000	0.37860036718391754	0.4741883294438083	1.0	1.0	2.0
2400000	1.8177743493572058	0.31943933519085793	1.0	1.0	2.0
2410000	1.8084503988253393	0.5249554867284488	1.0	1.0	2.0
2420000	1.4143142922104301	0.1432836464398934	1.0	1.0	2.0
2430000	0.5837484504989546	0.7013728434257064	1.0	1.0	2.0
2440000	0.4363476872718441	0.8032554310863895	1.0	1.0	2.0
2450000	0.24210806193456919	0.10249623638587432	1.0	1.0	2.0
2460000	0.4890163665972651	0.06371029744852733	1.0	1.0	2.0
2470000	0.38516551313066894	0.4036979361274219	1.0	1.0	2.0
2480000	2.333318440662933	0.13964771753621966	1.0	1.0	2.0
2490000	0.6800132741313925	0.43574152850143727	1.0	1.0	2.0
2500000	4.722445270671413	0.2326223570174851	1.0	1.0	2.0
2510000	0.8155757608460036	0.0979433129528651	1.0	1.0	2.0
2520000	1.1512945051563361	0.25366893184665407	1.0	1.0	2.0
2530000	1.478695354570891	0.33365792096809094	1.0	1.0	2.0
2540000	0.15975613738937405	0.042778866514439164	1.0	1.0	2.0
2550000	2.234806940997739	0.3874763068701442	1.0	1.0	2.0
2560000	0.5415479557159211	0.45068760916274825	1.0	1.0	2.0
2570000	0.49247107117556704	0.5646988880427593	1.0	1.0	2.0
2580000	1.1027065903215576	1.2403533105968505	1.0	1.0	2.0
2590000	0.8476846979547839	1.961803427398851	1.0	1.0	2.0
2600000	1.8480606471185062	0.5608444726713844	1.0	1.0	2.0
2610000	3.0416042587771397	0.3947794066171958	1.0	1.0	2.0
2620000	0.7469194150217717	0.00977313467683419	1.0	1.0	2.0
2630000	1.085605756875525	0.28434484358891715	1.0	1.0	2.0
2640000	1.2693362090220113	0.3609066581344755	1.0	1.0	2.0
2650000	0.999797783857124	0.6077455727137763	1.0	1.0	2.0
2660000	0.9368036877896767	0.5371252013553552	1.0	1.0	2.0
2670000	0.38303161034235533	0.027191102506395445	1.0	1.0	2.0
2680000	0.521109150384876	0.4476857078387178	1.0	1.0	2.0
2690000	2.788089919526033	0.43391084658665313	1.0	1.0	2.0
2700000	1.448855927125051	0.24284023439065808	1.0	1.0	2.0
2710000	0.11718793361561991	0.6289487510329915	1.0	1.0	2.0
2720000	0.7199513481513893	0.4782102930015063	1.0	1.0	2.0
2730000	1.0006437608833658	0.7286274857133458	1.0	1.0	2.0
2740000	0.9587511807150189	0.6900372763268876	1.0	1.0	2.0
2750000	0.5232947213524896	0.24052436490707765	1.0	1.0	2.0
2760000	0.5458313026562368	0.16891139140016376	1.0	1.0	2.0
2770000	1.682833476831874	1.3443424168444482	1.0	1.0	2.0
2780000	0.8006608244499034	1.3877969934257701	1.0	1.0	2.0
2790000	0.7718820172772313	1.2561541752254095	1.0	1.0	2.0
2800000	2.181894652715137	0.6064250497567182	1.0	1.0	2.0
2810000	0.9872993015790575	0.5216097370275459	1.0	1.0	2.0
2820000	2.1707565979203998	0.7457589288921389	1.0	1.0	2.0
2830000	1.6240377841192986	4.4568663270973	1.0	1.0	2.0
2840000	3.115037528981134	1.703786689095519	1.0	1.0	2.0
2850000	0.6476451650663176	0.042295220559664726	1.0	1.0	2.0
2860000	1.6801046468830338	0.28616023317886685	1.0	1.0	2.0
2870000	1.7815996580886129	0.924683330730984	1.0	1.0	2.0
2880000	1.7653215038622578	0.12221192504097719	1.0	1.0	2.0
2890000	0.3083332120465748	0.44584238183047353	1.0	1.0	2.0
2900000	0.726789619845422	0.4497688594481693	1.0	1.0	2.0
2910000	0.48486976031516765	0.09914533277097703	1.0	1.0	2.0
2920000	0.3019744458834838	0.9072268478370943	1.0	1.0	2.0
2930000	1.0993772939880637	0.05695142473867938	1.0	1.0	2.0
2940000	0.9346369385247459	4.30169700444121	0.0	1.0	1.0
2950000	0.5318065260825778	0.535028195642959	1.0	1.0	2.0
2960000	0.18029464506654355	0.15860443055614476	1.0	1.0	2.0
2970000	0.8386416102499706	0.06393270620163301	1.0	1.0	2.0
2980000	0.3703038522246551	0.8703121033011769	1.0	1.0	2.0
2990000	0.9880989422652269	0.20099542491753475	1.0	1.0	2.0
3000000	0.2534194012003656	0.09558474060218297	1.0	1.0	2.0
3010000	0.07252652324614228	0.0319959609950311	1.0	1.0	2.0
3020000	2.155736628283125	0.0826709060477891	1.0	1.0	2.0
3030000	1.0117614436253939	1.0448641889920098	1.0	1.0	2.0
3040000	2.7356524805861198	0.13024878285563418	1.0	1.0	2.0
3050000	2.5676749391111597	1.1513941890148476	1.0	1.0	2.0
3060000	0.7162653600481759	0.023680917074838846	1.0	1.0	2.0
3070000	0.7731793409070862	0.08225243423603756	1.0	1.0	2.0
3080000	1.7884049864992337	2.0110363687849273	1.0	1.0	2.0
3090000	0.8063315445614472	0.727547124764523	1.0	1.0	2.0
3100000	1.557681466174027	0.7983127972847515	1.0	1.0	2.0
3110000	4.7480271178930655	0.3477991982135773	1.0	1.0	2.0
3120000	1.0100968947281803	0.04455294347054259	1.0	1.0	2.0
3130000	0.6472625564931591	0.11907033274330993	1.0	1.0	2.0
3140000	1.6963950674027086	0.7497529706870916	1.0	1.0	2.0
3150000	0.5372237749921033	0.45590794896794207	1.0	1.0	2.0
3160000	0.5968978470083522	0.11047580268169303	1.0	1.0	2.0
3170000	1.9410782609185202	0.03257858505901947	1.0	1.0	2.0
3180000	0.613261795124551	0.4324879281153145	1.0	1.0	2.0
3190000	1.3789648415068498	0.6385877306431329	1.0	1.0	2.0
3200000	2.312108723007106	1.41546553581075	1.0	1.0	2.0
3210000	3.5383333777447676	0.011123741764441251	1.0	1.0	2.0
3220000	0.5776160508576399	0.468467937029463	1.0	1.0	2.0
3230000	0.9933765826067525	0.2808617351806583	1.0	1.0	2.0
3240000	1.2491172637414416	0.36927812018538614	1.0	1.0	2.0
3250000	0.23808896245239863	0.03611067079675457	1.0	1.0	2.0
3260000	1.4090932596553911	0.5674754273179593	1.0	1.0	2.0
3270000	0.23806384540799463	0.04195100438199987	1.0	1.0	2.0
3280000	0.5499142262716508	0.1864771858536604	1.0	1.0	2.0
3290000	1.7591485857807225	2.2465415553694648	1.0	1.0	2.0
3300000	1.8124871406898417	0.44713323356845686	1.0	1.0	2.0
3310000	1.0931409766871751	0.7612580420363927	1.0	1.0	2.0
3320000	0.4417635644508709	0.8334330499276024	1.0	1.0	2.0
3330000	0.9218414550552251	0.315617650400729	1.0	1.0	2.0
3340000	1.065238719972531	0.4605324004067878	1.0	1.0	2.0
3350000	0.033155514669486595	0.44504572431405987	1.0	1.0	2.0
3360000	0.4022918070716394	0.11051691415497907	1.0	1.0	2.0
3370000	2.4524693258482784	0.35687437917442605	1.0	1.0	2.0
3380000	0.5025432047957837	0.6775118073297384	1.0	1.0	2.0
3390000	3.344630731730482	0.27086431894985474	1.0	1.0	2.0
3400000	0.06534845920534478	1.7240643440893104	0.0	1.0	1.0
3410000	0.3962206838787494	0.7566383995750401	1.0	1.0	2.0
3420000	1.2814256680294214	1.7642848812531065	1.0	1.0	2.0
3430000	1.7827073647373528	0.12376288918079066	1.0	1.0	2.0
3440000	0.8989267808275359	0.8990462217756765	1.0	1.0	2.0
3450000	1.3841674684273482	0.22131302661935198	1.0	1.0	2.0
3460000	0.26349133197626373	0.04239613241521831	1.0	1.0	2.0
3470000	1.3500137366854295	0.9578727712647788	1.0	1.0	2.0
3480000	0.9888271419478561	0.45323748537536357	1.0	1.0	2.0
3490000	1.8183953003599398	0.2719186535647042	1.0	1.0	2.0
3500000	4.735722586863455	0.044421392936433	1.0	1.0	2.0
3510000	1.1337859356144935	3.615674216829093	1.0	1.0	2.0
3520000	1.3232598179508432	0.3753988206332377	1.0	1.0	2.0
3530000	0.6975784638693605	0.6041217272761095	1.0	1.0	2.0
3540000	0.8112489517502198	3.7087448592976195	1.0	1.0	2.0
3550000	0.6673475743243299	0.11272999391593694	1.0	1.0	2.0
3560000	3.8319679168705556	0.577312608523076	1.0	1.0	2.0
3570000	1.2399853180871714	0.8618693961662358	1.0	1.0	2.0
3580000	4.550285992362849	0.7409539518695365	0.0	1.0	1.0
3590000	1.6008275869262805	0.06297937233995629	1.0	1.0	2.0
3600000	0.19906007983985113	0.4539144531135243	1.0	1.0	2.0
3610000	0.7474585450051552	0.4053013328134193	1.0	1.0	2.0
3620000	0.7757882917937443	0.7516298552985646	1.0	1.0	2.0
3630000	2.614372119637659	0.1639330235546548	1.0	1.0	2.0
3640000	2.2586036913984007	0.5259658649018836	1.0	1.0	2.0
3650000	0.5430640631132574	0.08088016475504957	1.0	1.0	2.0
3660000	0.3093875500206297	0.38514240885187156	1.0	1.0	2.0
3670000	3.5983337810209237	2.6221494540745067	1.0	1.0	2.0
3680000	0.038891383906884035	0.054599664410621265	1.0	1.0	2.0
3690000	0.4097495830562723	4.5860880221761547E-4	1.0	1.0	2.0
3700000	0.6328854269372528	1.2246250204453355	1.0	1.0	2.0
3710000	0.3253943394136628	0.14902031613976324	1.0	1.0	2.0
3720000	0.43734135799546464	0.9689884014259604	1.0	1.0	2.0
3730000	2.124470250188977	0.06719280521670218	1.0	1.0	2.0
3740000	1.1341524722302072	0.5857984726096555	1.0	1.0	2.0
3750000	3.303941937313741	0.20681561014230634	1.0	1.0	2.0
3760000	0.8955056612181987	0.15849451267634407	1.0	1.0	2.0
3770000	1.7590872254774337	2.4080683390963076	1.0	1.0	2.0
3780000	2.4767808603637578	0.06709939682452365	1.0	1.0	2.0
3790000	0.8750807779144527	0.4573832127991956	1.0	1.0	2.0
3800000	0.17748385287063595	0.06419787908155686	1.0	1.0	2.0
3810000	0.549251469694956	0.20172203124966748	1.0	1.0	2.0
3820000	1.4648435465982539	1.1516629351276275	1.0	1.0	2.0
3830000	0.6004264185704111	0.7563631452469377	1.0	1.0	2.0
3840000	0.17629804389026388	0.5072101341428883	1.0	1.0	2.0
3850000	1.1015407287987986	0.07089214434820991	1.0	1.0	2.0
3860000	1.6613488580728537	0.5893814482480201	1.0	1.0	2.0
3870000	0.8037765314121519	3.0358041639614295	1.0	1.0	2.0
3880000	0.3232847414783863	0.3727326444587216	1.0	1.0	2.0
3890000	0.29328189146123884	0.1392726484837496	1.0	1.0	2.0
3900000	1.9537278907408024	0.3096910966555249	1.0	1.0	2.0
3910000	0.684725527903192	0.08871624926710113	1.0	1.0	2.0
3920000	0.6664442283053824	0.4634758468443613	1.0	1.0	2.0
3930000	2.2531166900743007	0.1495167432706395	1.0	1.0	2.0
3940000	6.060048998641815	0.9840205103346241	1.0	1.0	2.0
3950000	0.598815811977528	0.4046171204462509	1.0	1.0	2.0
3960000	0.22172263616328797	0.5678822544777974	1.0	1.0	2.0
3970000	0.1517723741316317	0.09016587281270576	1.0	1.0	2.0
3980000	0.21256753779119092	0.02087171024768678	1.0	1.0	2.0
3990000	0.3860464316439135	0.05903949991508575	1.0	1.0	2.0
4000000	0.24867658010189553	0.7355681546210963	1.0	1.0	2.0
4010000	0.7480370469136347	0.2228269254840491	1.0	1.0	2.0
4020000	0.04534796305308256	0.008038576298660317	1.0	1.0	2.0
4030000	1.3082626012662444	0.2045681362528447	1.0	1.0	2.0
4040000	6.410372100257464	0.1216839702084978	1.0	1.0	2.0
4050000	0.7730860641375324	0.20665385254616353	1.0	1.0	2.0
4060000	1.2487524960297745	0.886815285199926	1.0	1.0	2.0
4070000	0.11171862623608077	0.2636790560555063	1.0	1.0	2.0
4080000	1.164596110782749	0.08349128146853844	1.0	1.0	2.0
4090000	0.559929185969815	0.2606009241063033	1.0	1.0	2.0
4100000	0.4338547507903077	0.24341651966347286	1.0	1.0	2.0
4110000	3.043849433702377	2.5426698673400896	1.0	1.0	2.0
4120000	1.5563570068697299	0.13719492647806827	1.0	1.0	2.0
4130000	0.11776964744982767	0.37545232510892573	1.0	1.0	2.0
4140000	0.9626397683999467	0.21662945096656344	1.0	1.0	2.0
4150000	0.8386104751548012	0.2566219375911478	1.0	1.0	2.0
4160000	1.029080077971685	1.0371360521542625	1.0	1.0	2.0
4170000	0.5528576246112966	0.6071275111897778	1.0	1.0	2.0
4180000	0.29129913398803137	0.18909189701127155	1.0	1.0	2.0
4190000	1.266768681754268	0.9428215159624904	1.0	1.0	2.0
4200000	2.686232335152294	1.0362592207479635	1.0	1.0	2.0
4210000	1.4788988543407409	0.6333309700748626	1.0	1.0	2.0
4220000	1.2960320436784614	1.1424531337724948	1.0	1.0	2.0
4230000	1.1626067152573454	0.9577212003195386	1.0	1.0	2.0
4240000	1.359183563009391	0.06016325464343999	1.0	1.0	2.0
4250000	4.444861826557866	0.7758677362613916	1.0	1.0	2.0
4260000	0.8759673765647826	0.2371349362674745	1.0	1.0	2.0
4270000	4.213954505449023	2.1248815068255276	1.0	1.0	2.0
4280000	1.1927272662590456	0.01175040182745288	1.0	1.0	2.0
4290000	0.5303188539087726	0.01258208443913629	1.0	1.0	2.0
4300000	1.3820467927790143	0.8401584546687939	1.0	1.0	2.0
4310000	2.2147080087016398	1.0327578264526354	1.0	1.0	2.0
4320000	0.3558551521277968	0.10582022573027804	1.0	1.0	2.0
4330000	1.7830097006109102	0.5769692201509655	1.0	1.0	2.0
4340000	0.4414035274399007	0.6044622579158072	1.0	1.0	2.0
4350000	0.7866098041884043	0.4706677009335239	1.0	1.0	2.0
4360000	0.4945809538380678	0.18277719852678265	1.0	1.0	2.0
4370000	0.971263814827955	1.9410984863749394	1.0	1.0	2.0
4380000	1.7863248554001565	0.031264548786642365	1.0	1.0	2.0
4390000	0.92783762097979	0.37442882415674006	1.0	1.0	2.0
4400000	4.876150007463016	0.05787531951777632	1.0	1.0	2.0
4410000	0.8753043625754032	0.3546567789938538	1.0	1.0	2.0
4420000	3.300503723601515	0.8084535533763905	1.0	1.0	2.0
4430000	1.0382364142381102	0.15449365149446503	1.0	1.0	2.0
4440000	0.7163284223986436	0.19745678784399456	1.0	1.0	2.0
4450000	1.4741901572241414	0.21596944008434202	1.0	1.0	2.0
4460000	1.4279827863952603	0.16402982417298226	1.0	1.0	2.0
4470000	3.543509558926263	0.9968164307754546	1.0	1.0	2.0
4480000	2.836659938897265	1.0046134300599805	1.0	1.0	2.0
4490000	1.6959365459047002	0.513046841206854	1.0	1.0	2.0
4500000	1.7736030283362885	0.40095757798451986	1.0	1.0	2.0
4510000	0.8695140178440364	0.2630619634110281	1.0	1.0	2.0
4520000	1.2171780560531495	1.1774451762509177	1.0	1.0	2.0
4530000	1.3339709272072997	0.10013507156367679	1.0	1.0	2.0
4540000	2.1700098922556013	0.014733444165256399	1.0	1.0	2.0
4550000	3.6294368142175375	1.007692475669292	1.0	1.0	2.0
4560000	0.5153760875257669	0.19514654741734166	1.0	1.0	2.0
4570000	0.16807396074269054	0.7862018880913045	1.0	1.0	2.0
4580000	1.7460945991375407	0.35339835688969734	1.0	1.0	2.0
4590000	0.20424485712235654	0.10938206204491316	1.0	1.0	2.0
4600000	0.41064439583420326	0.35527182945594704	1.0	1.0	2.0
4610000	2.2513515401251016	0.2827820634636569	1.0	1.0	2.0
4620000	0.5051543571922082	0.03237527535126574	1.0	1.0	2.0
4630000	0.5303010534878829	0.0534238289341793	1.0	1.0	2.0
4640000	0.6746702149722398	0.9767747691641533	1.0	1.0	2.0
4650000	0.7738653300680911	0.12836036246410545	1.0	1.0	2.0
4660000	0.037955359635889814	0.13761743186453837	1.0	1.0	2.0
4670000	4.406766381054032	0.5452107121962039	1.0	1.0	2.0
4680000	0.2802517438114353	0.48100637985828526	1.0	1.0	2.0
4690000	4.594288369793268	0.6529068376783964	1.0	1.0	2.0
4700000	0.928045179979632	0.4039005363788938	1.0	1.0	2.0
4710000	1.9544342748089254	0.013344556602977358	1.0	1.0	2.0
4720000	0.8689304593490395	0.17299000284427024	1.0	1.0	2.0
4730000	0.7912306539533247	0.28776412939715756	1.0	1.0	2.0
4740000	2.4754525619753256	0.07240053700274976	1.0	1.0	2.0
4750000	0.31999877100992713	0.3160711638063243	1.0	1.0	2.0
4760000	0.40581329926462734	0.27497815212954646	1.0	1.0	2.0
4770000	3.6162470775764803	0.286168964078673	1.0	1.0	2.0
4780000	0.6153264778855675	0.4012005816127619	1.0	1.0	2.0
4790000	1.2582121224837963	0.17743173237195128	1.0	1.0	2.0
4800000	3.887988192824473	0.22255740450218106	1.0	1.0	2.0
4810000	0.5706247342944456	0.1999494744560077	1.0	1.0	2.0
4820000	1.7815100293755697	1.07499451284826	1.0	1.0	2.0
4830000	0.2990446103847083	0.10718697113085239	1.0	1.0	2.0
4840000	0.2462290983262868	0.21675186436114355	1.0	1.0	2.0
4850000	1.120914014419502	0.7693442584025373	1.0	1.0	2.0
4860000	0.327841906592665	0.7158236833931906	1.0	1.0	2.0
4870000	0.31941912168995235	0.4143042593860325	1.0	1.0	2.0
4880000	1.0914565578374702	0.6030254490505086	1.0	1.0	2.0
4890000	1.0805071046741621	0.41344649023077557	1.0	1.0	2.0
4900000	0.46435017740268736	2.2141461170347703	1.0	1.0	2.0
4910000	1.8320374378733124	1.9787997303791918	1.0	1.0	2.0
4920000	1.3765082630186947	0.14577965914072208	1.0	1.0	2.0
4930000	1.2143789993795386	0.0029319259957964095	1.0	1.0	2.0
4940000	0.42760885335025467	0.5360098865615756	1.0	1.0	2.0
4950000	1.6735902367266748	0.17801249757169604	1.0	1.0	2.0
4960000	2.926102865974315	0.23457713937384178	1.0	1.0	2.0
4970000	1.0310248609526502	0.7835130304782562	1.0	1.0	2.0
4980000	5.007253488835114	0.17458124681613138	1.0	1.0	2.0
4990000	2.6355864024495075	0.42563751741746325	1.0	1.0	2.0
5000000	0.4099194907407056	0.2028112116286284	1.0	1.0	2.0
5010000	1.5393497329711554	2.1329934214118103	1.0	1.0	2.0
5020000	2.847535586407798	2.563290163851636	1.0	1.0	2.0
5030000	1.0525675424329268	0.024611789714190507	1.0	1.0	2.0
5040000	4.230864935267599	0.2959649701141038	1.0	1.0	2.0
5050000	0.5266784338964237	0.4131967668423143	1.0	1.0	2.0
5060000	5.469453783294245	1.3237657071034172	1.0	1.0	2.0
5070000	2.3520396827248513	0.24192673427658076	1.0	1.0	2.0
5080000	1.578246206910889	0.6043294534906805	1.0	1.0	2.0
5090000	1.9627310914418203	0.1202010826655346	1.0	1.0	2.0
5100000	0.6295835390799172	0.1475712149584104	1.0	1.0	2.0
5110000	0.6630183506567346	1.7746487471597228	1.0	1.0	2.0
5120000	1.4376919829910617	0.350895627281873	1.0	1.0	2.0
5130000	0.1984253134313562	0.4593055085290519	1.0	1.0	2.0
5140000	1.294332835175214	0.0385865619474869	1.0	1.0	2.0
5150000	0.10391818419503207	1.0135589298195553	1.0	1.0	2.0
5160000	0.2857088445633464	0.02896735890196177	1.0	1.0	2.0
5170000	2.747880117585217	2.027199206554192	1.0	1.0	2.0
5180000	1.5298389457412591	0.9621798180975233	1.0	1.0	2.0
5190000	0.36014317581331456	0.10889669482254441	1.0	1.0	2.0
5200000	0.5626101806921828	0.13442639171302523	1.0	1.0	2.0
5210000	1.2972256713684307	0.9020844059508651	1.0	1.0	2.0
5220000	0.2998952163227211	0.29346672014657565	1.0	1.0	2.0
5230000	1.022731741203329	0.6833955870652353	1.0	1.0	2.0
5240000	0.3748603938529643	0.10773102122650009	1.0	1.0	2.0
5250000	2.3521721450461923	1.050241892557651	1.0	1.0	2.0
5260000	0.8661574898003104	1.5535340175044834	1.0	1.0	2.0
5270000	0.38832585538780545	0.047527130807315486	1.0	1.0	2.0
5280000	0.9251976037395778	0.510924855269742	1.0	1.0	2.0
5290000	0.6607344570249764	0.3122043322996478	1.0	1.0	2.0
5300000	0.10755986150860003	0.20443301814941828	1.0	1.0	2.0
5310000	1.9710017054280742	1.0255894002685901	1.0	1.0	2.0
5320000	0.40259281459267243	0.6770646241425889	1.0	1.0	2.0
5330000	1.3545905571171586	0.09302653907165241	1.0	1.0	2.0
5340000	0.8094469204672697	0.4864087479425827	1.0	1.0	2.0
5350000	0.599189419131731	0.2710272246267288	1.0	1.0	2.0
5360000	0.34021995485105944	0.0721413813746642	1.0	1.0	2.0
5370000	0.950144772413259	0.2830981703197073	1.0	1.0	2.0
5380000	0.639664078833436	0.11594595871152694	1.0	1.0	2.0
5390000	0.5753020333872185	0.2795995374771299	1.0	1.0	2.0
5400000	0.49939229948201747	1.1124824674856109	1.0	1.0	2.0
5410000	1.0245638486396933	1.030399342972034	1.0	1.0	2.0
5420000	0.11056796275570657	0.147987104496642	1.0	1.0	2.0
5430000	1.9288227664457736	0.8348110154677756	1.0	1.0	2.0
5440000	0.1247995862854494	0.017241619630365634	1.0	1.0	2.0
5450000	0.4117449796823706	0.07351481098971849	1.0	1.0	2.0
5460000	0.49208532209924466	0.24033177694011804	1.0	1.0	2.0
5470000	0.8410059973502463	1.2009978205895457	1.0	1.0	2.0
5480000	4.664800508351835	0.4960813538361018	1.0	1.0	2.0
5490000	0.5515655576988532	0.09578361769234545	1.0	1.0	2.0
5500000	1.834337365568534	1.1497682843363524	1.0	1.0	2.0
5510000	2.5441414023078073	0.206015375133538	1.0	1.0	2.0
5520000	0.3959623412345715	0.37591685525029733	1.0	1.0	2.0
5530000	2.3407068343038118	0.8961414715840469	1.0	1.0	2.0
5540000	1.077379880275609	0.01065349424733435	1.0	1.0	2.0
5550000	1.8980929367743555	0.19982812228713712	1.0	1.0	2.0
5560000	0.5663273193356454	0.5565849763576101	1.0	1.0	2.0
5570000	0.5078628245660831	1.1793777625009225	1.0	1.0	2.0
5580000	2.0030985647825092	0.6416495953068533	1.0	1.0	2.0
5590000	0.260273208199361	0.3362102412353539	1.0	1.0	2.0
5600000	2.083116867130272	0.6370137461737925	1.0	1.0	2.0
5610000	1.4187487343120526	1.8194970242687731	1.0	1.0	2.0
5620000	1.2439273707537732	1.2646709178200635	1.0	1.0	2.0
5630000	2.855876470944353	0.263167971407685	1.0	1.0	2.0
5640000	0.30566833194128445	0.05232969922283913	1.0	1.0	2.0
5650000	0.3761157618296366	0.7848701213255009	1.0	1.0	2.0
5660000	2.8583308023639726	0.06214716411028663	1.0	1.0	2.0
5670000	2.314369972649532	0.7264904503316186	1.0	1.0	2.0
5680000	4.157895327106738	1.4655825434973384	1.0	1.0	2.0
5690000	4.1875962204989055	0.592061316044907	1.0	1.0	2.0
5700000	0.614169220241263	0.830262237781065	1.0	1.0	2.0
5710000	0.8322204522254353	1.3677066098398287	1.0	1.0	2.0
5720000	1.2855319449739744	0.22644038064517866	1.0	1.0	2.0
5730000	0.5735511887074518	0.39199040254025475	1.0	1.0	2.0
5740000	0.5062918763003119	0.5312643208458884	1.0	1.0	2.0
5750000	2.6734503975952983	0.594701465111818	1.0	1.0	2.0
5760000	0.10688774743920613	0.09981841519071834	1.0	1.0	2.0
5770000	0.918208186263932	0.029719276642271992	1.0	1.0	2.0
5780000	1.5230974984314518	0.03339493303308439	1.0	1.0	2.0
5790000	0.47279689263073765	0.13405603770086905	1.0	1.0	2.0
5800000	1.279006452710072	0.816614875595103	1.0	1.0	2.0
5810000	0.7162481081960154	0.6037532954420157	1.0	1.0	2.0
5820000	0.437168839211248	0.2995469508495027	1.0	1.0	2.0
5830000	1.51157039554068	0.6621161083609084	1.0	1.0	2.0
5840000	1.3043190376746698	0.35002521545767623	1.0	1.0	2.0
5850000	1.1337196999748507	0.019343595429209635	1.0	1.0	2.0
5860000	1.40823820423772	0.3764611272048462	1.0	1.0	2.0
5870000	0.7794787195226678	0.014059032927924209	1.0	1.0	2.0
5880000	0.889761572127041	0.20065290726896548	1.0	1.0	2.0
5890000	0.6774800807133874	0.0019434323848965362	1.0	1.0	2.0
5900000	0.3506765886728749	0.7223761069652872	1.0	1.0	2.0
5910000	0.3205852176028011	0.0016252611795432022	1.0	1.0	2.0
5920000	2.7412999835897067	0.16790156263159953	1.0	1.0	2.0
5930000	1.1790836543297514	0.3976124075506841	1.0	1.0	2.0
5940000	1.0757148646234382	0.22630106840227684	1.0	1.0	2.0
5950000	5.011378525403443	1.5580154502770165	1.0	1.0	2.0
5960000	0.4563671286807943	0.4479324826656159	1.0	1.0	2.0
5970000	1.1889746181093737	0.4648032550394129	1.0	1.0	2.0
5980000	0.12233449199807059	0.45533213164658126	1.0	1.0	2.0
5990000	0.874685290970929	0.10441292101353651	1.0	1.0	2.0
6000000	2.1074105692685685	0.42619881198090065	1.0	1.0	2.0
6010000	1.1536608699740531	0.49856331447157015	1.0	1.0	2.0
6020000	1.3328043079915028	0.7476259779042349	1.0	1.0	2.0
6030000	1.0007474746751632	0.30250886520762144	1.0	1.0	2.0
6040000	1.6419290521745566	0.2731240714446428	1.0	1.0	2.0
6050000	0.3468100515120258	0.5986107669886281	1.0	1.0	2.0
6060000	1.124966998496246	0.12203487780379262	1.0	1.0	2.0
6070000	2.4336736322798327	0.6291842224724669	1.0	1.0	2.0
6080000	2.4345240849810743	0.2560962231873297	1.0	1.0	2.0
6090000	0.9445067640881539	0.2231399951417383	1.0	1.0	2.0
6100000	0.11439945018351896	0.31926234224543204	1.0	1.0	2.0
6110000	2.635664924310959	0.41545633533187454	1.0	1.0	2.0
6120000	0.6593042064188697	0.44272970360682345	1.0	1.0	2.0
6130000	1.755373851969513	0.22983070645898993	1.0	1.0	2.0
6140000	2.880325403551054	1.040179259274937	1.0	1.0	2.0
6150000	2.9502659477301023	1.7046411557413554	1.0	1.0	2.0
6160000	0.5426763681890173	1.3077796095117509	1.0	1.0	2.0
6170000	0.36780791159367304	0.6569196918701715	1.0	1.0	2.0
6180000	0.5340201663399434	0.19805347791103944	1.0	1.0	2.0
6190000	2.815195069716435	0.6625942610920336	1.0	1.0	2.0
6200000	2.767064397050163	0.024486124359782917	1.0	1.0	2.0
6210000	0.5228065747661527	0.6174713599666892	1.0	1.0	2.0
6220000	1.2990952928829826	1.4793152584748501	1.0	1.0	2.0
6230000	0.17512154809771355	0.04131860443974879	1.0	1.0	2.0
6240000	1.1814837201760586	0.28299888445483634	1.0	1.0	2.0
6250000	1.8994045061479632	0.9039742717240299	1.0	1.0	2.0
6260000	0.6806286335834417	0.1775324331715723	1.0	1.0	2.0
6270000	2.9941742875795145	0.1281244355663172	1.0	1.0	2.0
6280000	1.8613939719978252	0.45166034448302866	1.0	1.0	2.0
6290000	0.5977369224858119	0.14436697702851722	1.0	1.0	2.0
6300000	0.23104868834504855	0.3921386544233489	1.0	1.0	2.0
6310000	1.1172684269007735	0.6295226348824892	1.0	1.0	2.0
6320000	1.258453100794638	0.6188260409953539	1.0	1.0	2.0
6330000	3.7971586305452028	0.43182280132597006	1.0	1.0	2.0
6340000	0.43323726087021247	0.40899151138387774	1.0	1.0	2.0
6350000	7.384662577218255	0.8835625959381818	1.0	1.0	2.0
6360000	1.3620883630584641	0.5885780170464697	1.0	1.0	2.0
6370000	1.3441553515996407	1.048384166722257	1.0	1.0	2.0
6380000	1.9449763202009946	0.46997091636534877	1.0	1.0	2.0
6390000	1.116064097137383	0.5377691887673747	1.0	1.0	2.0
6400000	0.3449332606234894	0.22925347314296968	1.0	1.0	2.0
6410000	0.6809157440652951	0.24096115432065626	1.0	1.0	2.0
6420000	0.3267208520812514	0.44340210384809314	1.0	1.0	2.0
6430000	0.9038187819612379	1.3414521161235191	1.0	1.0	2.0
6440000	2.255915434407565	0.631753485843771	1.0	1.0	2.0
6450000	0.8375594124420964	0.5458503263709658	1.0	1.0	2.0
6460000	0.7350146135777078	1.120395421163351	1.0	1.0	2.0
6470000	1.8930000591962748	3.2206238308791026	1.0	1.0	2.0
6480000	0.25102384136366956	0.04315568014285013	1.0	1.0	2.0
6490000	0.15717276497934968	0.1523613050461962	1.0	1.0	2.0
6500000	3.839869405552458	1.2513951089082687	1.0	1.0	2.0
6510000	4.047490758057186	0.5362856287049406	1.0	1.0	2.0
6520000	1.3737513581736622	0.3392611359165038	1.0	1.0	2.0
6530000	3.2365284425341807	0.5530604438725092	1.0	1.0	2.0
6540000	0.1503670458001278	0.03274716126557255	1.0	1.0	2.0
6550000	1.7138074206390455	1.414264023492532	1.0	1.0	2.0
6560000	0.3739459711016025	1.468362576801741	1.0	1.0	2.0
6570000	0.6019726259638293	0.23928676191338455	1.0	1.0	2.0
6580000	2.6334626811440445	0.28042744978507117	1.0	1.0	2.0
6590000	1.7746091667051325	0.5829900209137502	1.0	1.0	2.0
6600000	0.7994639420415356	0.01780879316122809	1.0	1.0	2.0
6610000	0.28072017465663696	0.5648195280510306	1.0	1.0	2.0
6620000	1.0489033487001949	1.554248872997932	1.0	1.0	2.0
6630000	2.8424265564522346	1.8775457675367238	1.0	1.0	2.0
6640000	1.7628827111024015	1.0749367018864417	1.0	1.0	2.0
6650000	0.247783496603477	0.2819677773856942	1.0	1.0	2.0
6660000	0.8040648472804762	0.005210363089160207	1.0	1.0	2.0
6670000	1.0332761798870331	0.13614827114964384	1.0	1.0	2.0
6680000	0.2071510269287333	0.08626484881823589	1.0	1.0	2.0
6690000	2.859316791475268	1.1968856656599403	1.0	1.0	2.0
6700000	0.744083282892153	0.00658876754487456	1.0	1.0	2.0
6710000	0.8449710482758995	0.04303420244929903	1.0	1.0	2.0
6720000	0.8074735454998633	0.6391716038475972	1.0	1.0	2.0
6730000	0.2885591367411362	0.4083363199276722	1.0	1.0	2.0
6740000	0.9946070723321714	0.2751736350482944	1.0	1.0	2.0
6750000	2.648208053826009	0.1365876743724402	1.0	1.0	2.0
6760000	1.055467104102837	0.4701145937682878	1.0	1.0	2.0
6770000	0.3934314435797731	0.5124294150863447	1.0	1.0	2.0
6780000	1.514950106918471	0.30685843795138357	1.0	1.0	2.0
6790000	0.17751906791563235	0.04728645410256186	1.0	1.0	2.0
6800000	0.6911077619514013	0.3264649174980505	1.0	1.0	2.0
6810000	0.98769112385654	0.13144265357742876	1.0	1.0	2.0
6820000	3.400023615719826	3.0885502355399965	1.0	1.0	2.0
6830000	1.017667846393206	0.004755708499818189	1.0	1.0	2.0
6840000	0.42636455606277307	0.0029075179041378736	1.0	1.0	2.0
6850000	3.1687625591864674	0.19548263026139623	1.0	1.0	2.0
6860000	0.45305455597098254	0.16522062234947663	1.0	1.0	2.0
6870000	0.38982474045963206	0.7100602134962211	1.0	1.0	2.0
6880000	0.4029219323307971	0.15399487921503366	1.0	1.0	2.0
6890000	0.7636726526402562	0.0920502037710367	1.0	1.0	2.0
6900000	2.6681321428632327	0.445644912456455	1.0	1.0	2.0
6910000	1.0393156550724971	0.18400548228468358	1.0	1.0	2.0
6920000	1.0652975484751064	0.41019631090016423	1.0	1.0	2.0
6930000	0.5329404000068912	0.44644656640359126	1.0	1.0	2.0
6940000	1.7851060216832337	0.013472673031529927	1.0	1.0	2.0
6950000	1.083159013572729	0.6143542665960208	1.0	1.0	2.0
6960000	0.8125017133215531	0.3292823834336518	1.0	1.0	2.0
6970000	2.7065019410936566	1.9704322959645435	1.0	1.0	2.0
6980000	0.5073761069107137	0.5044112873459581	1.0	1.0	2.0
6990000	1.3094627577195845	0.48825521870792116	1.0	1.0	2.0
7000000	0.8585363951267571	0.2716366085361042	1.0	1.0	2.0
7010000	0.3714011922010526	0.5557029666396084	1.0	1.0	2.0
7020000	1.9165807637823444	0.16639934240258586	1.0	1.0	2.0
7030000	0.3273272473742158	0.04201189658634573	1.0	1.0	2.0
7040000	3.3995661892691764	0.8375612491999367	1.0	1.0	2.0
7050000	0.2854240700183744	0.12593005134497476	1.0	1.0	2.0
7060000	1.4382985725612882	1.023264312031863	1.0	1.0	2.0
7070000	0.4734357940600542	0.22464621068530952	1.0	1.0	2.0
7080000	1.599341481097542	1.278840944665009	1.0	1.0	2.0
7090000	2.96555644367014	0.4965806942563954	1.0	1.0	2.0
7100000	1.2247860520172282	2.1861958296653294	1.0	1.0	2.0
7110000	1.2098247782425298	0.05140515636913299	1.0	1.0	2.0
7120000	5.90780117585348	0.4579297785757499	1.0	1.0	2.0
7130000	0.59119900524594	0.06570344628577345	1.0	1.0	2.0
7140000	0.09472424960220037	0.18896247907075625	1.0	1.0	2.0
7150000	1.378410718112098	0.18301649930061267	1.0	1.0	2.0
7160000	1.685455301226713	0.5400359666824827	1.0	1.0	2.0
7170000	0.1281757541021633	0.34599667571233783	1.0	1.0	2.0
7180000	1.137338213487526	0.6657770483556529	1.0	1.0	2.0
7190000	0.17849791261257814	0.2581594712875131	1.0	1.0	2.0
7200000	2.059417992115251	0.03776199480363216	1.0	1.0	2.0
7210000	0.759840287643497	0.2226337165213401	1.0	1.0	2.0
7220000	0.3071536722564189	0.337609695147165	1.0	1.0	2.0
7230000	0.34090432968643253	0.8250165242162271	1.0	1.0	2.0
7240000	2.072497301103021	0.20372529301938283	1.0	1.0	2.0
7250000	1.5224239297971371	0.976081425259502	1.0	1.0	2.0
7260000	1.0399889649478395	0.41232741325847705	1.0	1.0	2.0
7270000	0.8823959942049593	0.21189911211189058	1.0	1.0	2.0
7280000	0.655527796730505	0.0791364994263263	1.0	1.0	2.0
7290000	0.215452604320852	0.024244522781199592	1.0	1.0	2.0
7300000	1.9943874183812862	0.08793308180271438	1.0	1.0	2.0
7310000	0.5955698229106747	0.5776474894714239	1.0	1.0	2.0
7320000	0.8879965474801619	2.4919829044286392	1.0	1.0	2.0
7330000	0.8479362430062494	0.39926053846364584	1.0	1.0	2.0
7340000	1.3288053636512098	0.44483502448973306	1.0	1.0	2.0
7350000	1.0985660183250923	0.6427088839921771	1.0	1.0	2.0
7360000	0.6336740034236481	0.1874401726769554	1.0	1.0	2.0
7370000	0.8266272453249811	0.23342096434173937	1.0	1.0	2.0
7380000	2.7312008380783728	0.24818399261942067	1.0	1.0	2.0
7390000	0.8113843513861022	0.21683223185398975	1.0	1.0	2.0
7400000	3.557438519469745	1.626050112059246	1.0	1.0	2.0
7410000	1.904504028873724	3.14145393344714	1.0	1.0	2.0
7420000	0.6514476003226523	0.2686673162441068	1.0	1.0	2.0
7430000	2.7297498250646552	1.1326801082633586	1.0	1.0	2.0
7440000	1.0786201602510197	1.0855979636494875	1.0	1.0	2.0
7450000	1.0234668740962602	0.2083427681018755	1.0	1.0	2.0
7460000	2.2372063950642374	0.26877276264281325	1.0	1.0	2.0
7470000	2.204880616681582	0.7799827708685415	1.0	1.0	2.0
7480000	0.6374511738858162	0.2613940003882428	1.0	1.0	2.0
7490000	0.5475384149143866	0.2545479724785058	1.0	1.0	2.0
7500000	0.6502948611534372	0.09725488915823963	1.0	1.0	2.0
7510000	1.4733602171809148	1.191240714457038	1.0	1.0	2.0
7520000	1.6277011789830416	0.23284653342705858	1.0	1.0	2.0
7530000	0.4854082907615078	0.07016723782498799	1.0	1.0	2.0
7540000	2.353328825335902	0.5741133271453933	1.0	1.0	2.0
7550000	1.5921828156197475	1.1834412049934038	1.0	1.0	2.0
7560000	1.4468749748894318	0.196226966285653	1.0	1.0	2.0
7570000	0.28596745460636336	0.047823582983613014	1.0	1.0	2.0
7580000	0.8563468557078311	0.33765429423489984	1.0	1.0	2.0
7590000	0.844745931183884	0.6808996220277643	1.0	1.0	2.0
7600000	1.756516311580664	0.01067358912010022	1.0	1.0	2.0
7610000	0.7753480848246422	1.1512314652061928	1.0	1.0	2.0
7620000	0.762742054677039	1.5797010146630703	1.0	1.0	2.0
7630000	0.08456405828641063	0.14077559040414173	1.0	1.0	2.0
7640000	0.23006957045503515	0.3905047744363838	1.0	1.0	2.0
7650000	1.8980879974973626	1.1466483428241068	1.0	1.0	2.0
7660000	2.8719068477981726	0.12969417080447102	1.0	1.0	2.0
7670000	1.6059967329668243	0.4412463079523204	1.0	1.0	2.0
7680000	0.9476652338946763	0.15777916480961718	1.0	1.0	2.0
7690000	3.3700273551976045	1.9140086815331905	1.0	1.0	2.0
7700000	0.5283181677303305	0.17538723571036993	1.0	1.0	2.0
7710000	0.9982751299045504	2.080697902825372	1.0	1.0	2.0
7720000	1.0776360759695307	0.06407955828439305	1.0	1.0	2.0
7730000	2.566341122806653	0.7496264175023262	1.0	1.0	2.0
7740000	1.901815421801469	0.687312988181835	1.0	1.0	2.0
7750000	0.26679128125984436	0.5765558882387236	1.0	1.0	2.0
7760000	1.5854731488388567	1.1544014747425013	1.0	1.0	2.0
7770000	1.045652937286502	0.7760956384757788	1.0	1.0	2.0
7780000	1.357852285601333	0.12219975946884579	1.0	1.0	2.0
7790000	0.32570654745332134	1.4625741403367438	1.0	1.0	2.0
7800000	4.6797272277920925	0.7100069069191232	1.0	1.0	2.0
7810000	0.3645684168188944	0.5328005925494249	1.0	1.0	2.0
7820000	1.1568562961575717	1.0157492291023162	1.0	1.0	2.0
7830000	0.43847874194696956	0.20999849660076375	1.0	1.0	2.0
7840000	0.48135300734572406	0.1417272082092167	1.0	1.0	2.0
7850000	4.058047054475147	1.326026241113522	1.0	1.0	2.0
7860000	2.000577328824382	0.40938510078709434	1.0	1.0	2.0
7870000	3.5313840760775084	1.6601069084336662	1.0	1.0	2.0
7880000	2.3116772143296878	0.9255366412068575	1.0	1.0	2.0
7890000	1.0894069068331873	0.4329745973511829	1.0	1.0	2.0
7900000	1.7228088805846786	0.3312939593374184	1.0	1.0	2.0
7910000	0.13306715462579163	0.6327296861160457	1.0	1.0	2.0
7920000	0.6408088176959946	0.5844626977238931	1.0	1.0	2.0
7930000	2.950679226631729	2.5364415695755964	1.0	1.0	2.0
7940000	0.17270741165490017	0.812792747957006	1.0	1.0	2.0
7950000	2.139858878045818	0.9299259641191178	1.0	1.0	2.0
7960000	2.0938642838321493	0.14515333957673343	1.0	1.0	2.0
7970000	0.9173660194249699	0.6311090579982003	1.0	1.0	2.0
7980000	1.6719455920422255	1.1732081682921869	1.0	1.0	2.0
7990000	1.0666876826810017	2.1018807818636875	1.0	1.0	2.0
8000000	1.513626832502466	1.1556821785427414	1.0	1.0	2.0
8010000	4.4395740610812995	0.6621946924602949	1.0	1.0	2.0
8020000	1.1081200419390802	0.15468663431700758	1.0	1.0	2.0
8030000	0.22663884287421887	0.3567291938535524	1.0	1.0	2.0
8040000	2.0754868446682715	0.7488700849039643	1.0	1.0	2.0
8050000	1.6836409058532071	0.3839037518174433	1.0	1.0	2.0
8060000	0.516629086271446	0.20985771690563942	1.0	1.0	2.0
8070000	0.7041048664001659	0.14325940023947892	1.0	1.0	2.0
8080000	0.994913321887047	0.09326231720751278	1.0	1.0	2.0
8090000	1.7040619817111793	0.04018006278397638	1.0	1.0	2.0
8100000	1.9531682905938108	0.2681236550600173	1.0	1.0	2.0
8110000	1.7466232257023335	0.5205918205459975	1.0	1.0	2.0
8120000	0.8868729591646362	0.22935010286402777	1.0	1.0	2.0
8130000	3.317822771646605	1.7044315178010634	1.0	1.0	2.0
8140000	3.207678077021823	0.18459697895709537	1.0	1.0	2.0
8150000	0.9798764836130093	0.29238715023288375	1.0	1.0	2.0
8160000	0.8818985183800829	0.008660200944163936	1.0	1.0	2.0
8170000	1.2871484046074058	0.4548272414658097	1.0	1.0	2.0
8180000	0.8578022597241407	0.06146714840430291	1.0	1.0	2.0
8190000	0.8001241951785188	0.9854351959237923	1.0	1.0	2.0
8200000	1.2620009673496257	0.422139597358879	1.0	1.0	2.0
8210000	1.6361209828176155	1.3562391682427575	1.0	1.0	2.0
8220000	2.5871435552296904	1.5917055912357403	1.0	1.0	2.0
8230000	2.5781245511884405	0.07462764118637527	1.0	1.0	2.0
8240000	0.3195376717374647	0.6612961731709617	1.0	1.0	2.0
8250000	0.11686371943124331	0.09358420881762797	1.0	1.0	2.0
8260000	1.8835738190108509	2.8086938912440957	1.0	1.0	2.0
8270000	1.7365411590421063	0.048352107362591164	1.0	1.0	2.0
8280000	1.1607658326275616	1.5210692217136041	1.0	1.0	2.0
8290000	1.8558823287139432	0.1888317115785933	1.0	1.0	2.0
8300000	0.8198458936795269	0.13415161635765693	1.0	1.0	2.0
8310000	3.4311641149873178	2.183297810779698	1.0	1.0	2.0
8320000	1.9402734953405882	0.984672305673097	1.0	1.0	2.0
8330000	1.1109039736891522	0.7922389981808273	1.0	1.0	2.0
8340000	1.6044540771619813	0.9571370927209781	1.0	1.0	2.0
8350000	0.7332436427617376	0.3803390497953098	1.0	1.0	2.0
8360000	0.9752275011099538	0.7486311612854915	1.0	1.0	2.0
8370000	1.4997101436716773	0.8820583859450597	1.0	1.0	2.0
8380000	3.882433714549194	0.11029798111234877	1.0	1.0	2.0
8390000	0.13942578561650917	0.06144288878384333	1.0	1.0	2.0
8400000	0.49589148591999604	0.03926388458122528	1.0	1.0	2.0
8410000	0.3598036444544754	0.052169218972503824	1.0	1.0	2.0
8420000	2.2833662986447614	0.17389679925443996	1.0	1.0	2.0
8430000	1.3523218837287867	0.07268599903261691	1.0	1.0	2.0
8440000	0.3041910758788857	0.1154641283031022	1.0	1.0	2.0
8450000	0.18286348139333486	0.3807200597049825	1.0	1.0	2.0
8460000	1.3691440065620928	0.4322655318689369	1.0	1.0	2.0
8470000	0.9196221353806063	0.26805532874185434	1.0	1.0	2.0
8480000	1.3235144983086335	0.07118633777303164	1.0	1.0	2.0
8490000	0.4601716157539673	0.45737779142221985	1.0	1.0	2.0
8500000	0.2285845882414494	0.6730685411402029	1.0	1.0	2.0
8510000	0.3476372954341538	0.5650765909763503	1.0	1.0	2.0
8520000	1.5207828852317984	0.1571858085147968	1.0	1.0	2.0
8530000	1.8972682617059902	1.056116932668548	1.0	1.0	2.0
8540000	1.7512996611573657	0.8189724269321873	1.0	1.0	2.0
8550000	6.8431858393196165	1.2087418225464104	1.0	1.0	2.0
8560000	2.911466232802409	0.45149232945456735	1.0	1.0	2.0
8570000	0.19315885115480524	0.3939144168101634	1.0	1.0	2.0
8580000	1.43326672041957	0.6105480146343831	1.0	1.0	2.0
8590000	1.5842231944655343	0.7051187357416844	1.0	1.0	2.0
8600000	0.728936883559187	0.15226302318460622	1.0	1.0	2.0
8610000	1.0906749519131207	0.4267786616164691	1.0	1.0	2.0
8620000	0.6453821174650508	0.1994463866816152	1.0	1.0	2.0
8630000	1.5125899790284338	0.17852182879714187	1.0	1.0	2.0
8640000	2.263313162249327	0.4309235339627081	1.0	1.0	2.0
8650000	0.6957679400451638	0.5521940125374837	1.0	1.0	2.0
8660000	2.2360062167056562	0.10962951373129552	1.0	1.0	2.0
8670000	1.2825893341456003	2.8456982488239775	1.0	1.0	2.0
8680000	0.2129779860698437	0.005829331999117453	1.0	1.0	2.0
8690000	0.4225418185323274	0.1890984413314821	1.0	1.0	2.0
8700000	4.421618896975755	3.2427355423676687	1.0	1.0	2.0
8710000	1.1531983698128854	0.12818767153351945	1.0	1.0	2.0
8720000	0.6734811937188647	0.2582730069060917	1.0	1.0	2.0
8730000	0.3803887547973902	0.28809530578673664	1.0	1.0	2.0
8740000	0.42719567143798776	0.9595430706359368	1.0	1.0	2.0
8750000	0.9755923258369669	0.4812828393643825	1.0	1.0	2.0
8760000	2.5943647457714265	0.4987564195577587	1.0	1.0	2.0
8770000	0.6521495189822488	1.9606406914121535	1.0	1.0	2.0
8780000	0.7929299087975868	0.025843549161645517	1.0	1.0	2.0
8790000	1.6262540523944033	0.5279285350800469	1.0	1.0	2.0
8800000	0.12735564079925793	0.059965934440913755	1.0	1.0	2.0
8810000	0.779253344659824	1.0111924674049428	1.0	1.0	2.0
8820000	0.3436199153691261	0.3484639442941223	1.0	1.0	2.0
8830000	0.6309409711266546	0.3822685668503784	1.0	1.0	2.0
8840000	0.8507007018837963	0.26086767237107694	1.0	1.0	2.0
8850000	1.8302382128500232	0.49050937734364813	1.0	1.0	2.0
8860000	0.42477377816309286	0.0754949435935743	1.0	1.0	2.0
8870000	0.8996171092201598	1.0429567988368085	1.0	1.0	2.0
8880000	0.827407071193056	0.43543593806715647	1.0	1.0	2.0
8890000	0.6397268524907792	0.05252999957854104	1.0	1.0	2.0
8900000	0.7722129715368884	0.23328838943672048	1.0	1.0	2.0
8910000	0.0030783963471355674	0.6284246699186367	1.0	1.0	2.0
8920000	4.411704577583668	0.4510165584602013	1.0	1.0	2.0
8930000	0.07827046243442262	0.7976744680534685	1.0	1.0	2.0
8940000	0.5939295360217274	0.28031405952592475	1.0	1.0	2.0
8950000	0.4019137969119737	0.6131058368821211	0.0	1.0	1.0
8960000	3.530380556591477	0.2530733353239071	1.0	1.0	2.0
8970000	2.0200336410715405	0.3502055096187557	1.0	1.0	2.0
8980000	0.16349006070379762	0.11297578487468872	1.0	1.0	2.0
8990000	2.2627483870789735	0.21951947436467467	1.0	1.0	2.0
9000000	1.646513255410941	0.825220849272225	1.0	1.0	2.0
9010000	1.0129304414170668	0.06231857486227534	1.0	1.0	2.0
9020000	0.5235031839067474	0.036744851455492326	1.0	1.0	2.0
9030000	0.2883221723728844	0.018045288456130675	1.0	1.0	2.0
9040000	0.3385910633148819	0.3598095352094952	1.0	1.0	2.0
9050000	0.7631027894786467	0.02475167166988636	1.0	1.0	2.0
9060000	1.520156692169125	0.5029393166583335	1.0	1.0	2.0
9070000	0.07585687091205684	0.013107598140385174	1.0	1.0	2.0
9080000	0.9613908504183668	0.10420282813014502	1.0	1.0	2.0
9090000	1.1356455655068667	0.06965636947435165	1.0	1.0	2.0
9100000	0.8226488806318246	1.822350319754645	1.0	1.0	2.0
9110000	2.8008755810442305	0.7920027033156714	1.0	1.0	2.0
9120000	0.4032437571847224	0.36654242801189907	1.0	1.0	2.0
9130000	3.64102727842072	0.3843294785335781	1.0	1.0	2.0
9140000	0.31900151733400905	0.6337963974980106	1.0	1.0	2.0
9150000	1.3243987613753456	0.30276510119135547	1.0	1.0	2.0
9160000	0.22582678575771853	0.03424075049515299	1.0	1.0	2.0
9170000	2.001801087089808	0.46119432134197075	1.0	1.0	2.0
9180000	0.9626778377156152	0.11892803950595461	1.0	1.0	2.0
9190000	0.8249626069779857	0.8159898195975651	1.0	1.0	2.0
9200000	0.7455825344590548	0.2565131600097177	1.0	1.0	2.0
9210000	1.6426244177475116	0.010664168298121213	1.0	1.0	2.0
9220000	1.28595341187433	0.16347288416473915	1.0	1.0	2.0
9230000	0.4396829487541088	0.2919094689402715	1.0	1.0	2.0
9240000	1.3769846781509607	0.8913646792866066	1.0	1.0	2.0
9250000	1.1578535410633992	0.16737272682453205	1.0	1.0	2.0
9260000	0.6600448821102205	0.6738625788068254	1.0	1.0	2.0
9270000	3.164038057072882	1.0368230484659169	1.0	1.0	2.0
9280000	0.4955612558777866	0.06798096595947545	1.0	1.0	2.0
9290000	0.3110681187046401	0.11679788137970143	1.0	1.0	2.0
9300000	1.0534279667015154	1.1171378020290494	1.0	1.0	2.0
9310000	1.9160941819534472	0.8182157053540673	1.0	1.0	2.0
9320000	0.8974802881854105	0.13811004580411168	1.0	1.0	2.0
9330000	0.8604628988059622	0.7586978225990548	1.0	1.0	2.0
9340000	0.7423006388506653	0.5348480920407622	1.0	1.0	2.0
9350000	0.9505026852695677	0.42002099854201125	1.0	1.0	2.0
9360000	0.4811682790871102	2.1044031593065524	1.0	1.0	2.0
9370000	1.4496291440246973	0.08237640008766639	1.0	1.0	2.0
9380000	1.1031997936676974	0.6536858455904329	1.0	1.0	2.0
9390000	1.5499832902790358	2.11332818148925	1.0	1.0	2.0
9400000	2.22374637017227	0.3706843008518842	1.0	1.0	2.0
9410000	3.991160304504512	0.06794629278399746	1.0	1.0	2.0
9420000	0.48708892774481477	2.251929274074808	1.0	1.0	2.0
9430000	0.5275959563361715	0.5242294084820215	1.0	1.0	2.0
9440000	1.407473458761232	1.0522539285801027	1.0	1.0	2.0
9450000	2.6919831914393773	0.2844489482929283	1.0	1.0	2.0
9460000	3.476530334882345	0.3749481937105602	1.0	1.0	2.0
9470000	0.31528009847300814	0.1374610350574202	1.0	1.0	2.0
9480000	1.0952186467969007	0.14025300756509498	1.0	1.0	2.0
9490000	0.3189816893841888	0.02053123810962777	1.0	1.0	2.0
9500000	2.5657618512895985	0.3648215283635639	1.0	1.0	2.0
9510000	0.6395645475929282	0.08865460862266002	1.0	1.0	2.0
9520000	2.134467008269599	0.5146248250010126	1.0	1.0	2.0
9530000	2.4734364489786875	0.21475752098309056	1.0	1.0	2.0
9540000	0.8336033141574677	3.038316408008397	1.0	1.0	2.0
9550000	3.81044051440905	0.5515882410625929	1.0	1.0	2.0
9560000	1.8953235348305986	0.22628602229715436	1.0	1.0	2.0
9570000	0.42397580134831975	0.4135259028613563	1.0	1.0	2.0
9580000	1.3852473110366148	0.0377142079791686	1.0	1.0	2.0
9590000	2.9152253678990583	0.6707360129680456	1.0	1.0	2.0
9600000	0.8300622389652226	0.5017982958219893	1.0	1.0	2.0
9610000	1.7942123510458117	0.41858558385632566	1.0	1.0	2.0
9620000	0.07236867537919348	0.18469509772399212	1.0	1.0	2.0
9630000	0.9923492320033296	0.1222973341231258	1.0	1.0	2.0
9640000	2.654365975161572	0.20687341094807854	1.0	1.0	2.0
9650000	0.4167684081961102	0.03263476730613535	1.0	1.0	2.0
9660000	2.415621947658822	0.5924712536422239	1.0	1.0	2.0
9670000	1.7731653575024993	0.41335694623818414	1.0	1.0	2.0
9680000	0.4724773633063023	0.23779502324060803	1.0	1.0	2.0
9690000	3.3311364982509652	1.1827668488592225	1.0	1.0	2.0
9700000	1.5663616938034626	0.36477996233784915	1.0	1.0	2.0
9710000	1.908981694267314	1.550163197735638	1.0	1.0	2.0
9720000	1.1431217037234167	0.9600913851048377	1.0	1.0	2.0
9730000	2.149748047851171	0.058453892496400234	1.0	1.0	2.0
9740000	0.19367244637386402	0.2216171790384477	1.0	1.0	2.0
9750000	2.343517111388372	0.5628377358077623	1.0	1.0	2.0
9760000	0.5242962266676349	0.8355692963912282	1.0	1.0	2.0
9770000	0.5444871650173423	0.31158020765575	1.0	1.0	2.0
9780000	1.1545546805131475	1.3170021620358334	1.0	1.0	2.0
9790000	1.3035904798084648	0.1403403585443249	1.0	1.0	2.0
9800000	0.6215382262042838	0.6186044701460592	1.0	1.0	2.0
9810000	1.0881487680930182	0.9706812016244029	1.0	1.0	2.0
9820000	0.321357255566575	0.15624769308985056	1.0	1.0	2.0
9830000	2.331391319268637	0.6570178188780332	1.0	1.0	2.0
9840000	1.0586064463787173	2.2408857457814317	1.0	1.0	2.0
9850000	4.110976198328507	1.9675170247367109	1.0	1.0	2.0
9860000	0.8940737713613247	1.0875098653189488	1.0	1.0	2.0
9870000	2.6886478872084023	0.9117339459508572	1.0	1.0	2.0
9880000	0.6149825592901256	0.967259153934454	1.0	1.0	2.0
9890000	1.5898984952371522	0.13627547067145507	0.0	1.0	1.0
9900000	0.12042580406278071	0.28052497519742015	1.0	1.0	2.0
9910000	2.5026057049842474	0.050277484493427574	1.0	1.0	2.0
9920000	2.6189242047511696	0.9056208787905452	1.0	1.0	2.0
9930000	0.2956919847177159	0.17254557702239415	1.0	1.0	2.0
9940000	3.3078205470771165	2.4886226718194515	1.0	1.0	2.0
9950000	0.554174577936574	0.3031950624255995	1.0	1.0	2.0
9960000	1.9480597139044673	1.1710193224372227	1.0	1.0	2.0
9970000	1.351605786235161	1.3640624924730391	1.0	1.0	2.0
9980000	1.1839101197884454	0.3111944490246148	1.0	1.0	2.0
9990000	2.187518199078053	0.5497087834576772	1.0	1.0	2.0
10000000	2.9014631640012745	0.1634681428613314	1.0	1.0	2.0
10010000	3.6650981688597017	0.6562098052344325	1.0	1.0	2.0
10020000	2.323237763285299	0.6732397431063156	1.0	1.0	2.0
10030000	0.9802522993896968	0.23783378827166599	1.0	1.0	2.0
10040000	1.932353550118318	0.44333353604711073	1.0	1.0	2.0
10050000	0.4466711914262041	0.2951069456845803	1.0	1.0	2.0
10060000	1.7830059163200593	0.4234538185765409	1.0	1.0	2.0
10070000	2.957513833958824	0.22035236686102327	1.0	1.0	2.0
10080000	0.432834996926686	0.0050075028724360406	1.0	1.0	2.0
10090000	0.26558827570872456	0.03226199704331946	1.0	1.0	2.0
10100000	0.5614215789163439	1.1811641259039782	1.0	1.0	2.0
10110000	1.2065916234715213	1.3486132976170098	1.0	1.0	2.0
10120000	0.8613706572687199	0.02788725569119556	1.0	1.0	2.0
10130000	1.3019446611839056	0.014341721005405109	1.0	1.0	2.0
10140000	0.5848790423410852	0.124783023118316	1.0	1.0	2.0
10150000	0.9273514359309248	0.550677031765728	1.0	1.0	2.0
10160000	0.13535922815096427	0.055212144392605765	1.0	1.0	2.0
10170000	0.6097499826919837	0.06895339923963915	1.0	1.0	2.0
10180000	1.314302192276231	0.446282795056299	1.0	1.0	2.0
10190000	3.9216278150956105	1.434867433707467	1.0	1.0	2.0
10200000	0.7747642039338151	0.02536662898331425	1.0	1.0	2.0
10210000	2.3666201028012064	0.2456149311422505	1.0	1.0	2.0
10220000	1.5982228900002964	0.004636813158649931	1.0	1.0	2.0
10230000	2.500653932355985	0.46174000145836763	1.0	1.0	2.0
10240000	0.7360948405683279	0.40473297572861827	1.0	1.0	2.0
10250000	0.9851890896244091	1.1724619803558467	1.0	1.0	2.0
10260000	1.0451738123542682	0.6299316868479097	1.0	1.0	2.0
10270000	3.072673623170832	1.0409725147285693	1.0	1.0	2.0
10280000	2.564303407791806	1.2985117710744976	1.0	1.0	2.0
10290000	0.6651403127362707	1.3969556116212813	1.0	1.0	2.0
10300000	0.23318966057637908	0.4417021271583944	1.0	1.0	2.0
10310000	1.7834524254659831	1.423880591649871	1.0	1.0	2.0
10320000	0.8289401252881101	0.36892388356123323	1.0	1.0	2.0
10330000	1.3033636142282827	0.40677370870499086	1.0	1.0	2.0
10340000	1.8511591436428663	0.40290713689514956	1.0	1.0	2.0
10350000	0.5701620168306695	0.668485804923848	1.0	1.0	2.0
10360000	0.43071348980533397	0.19921430259213527	1.0	1.0	2.0
10370000	1.5465995078608599	0.3983804145777845	1.0	1.0	2.0
10380000	0.32994215089596374	0.1206732090948008	1.0	1.0	2.0
10390000	0.5295277072069587	0.08822182346016544	1.0	1.0	2.0
10400000	2.548204611960086	0.5132636465687752	1.0	1.0	2.0
10410000	1.415051231966748	0.12955525384675634	1.0	1.0	2.0
10420000	0.7802384586015406	0.2672476652258884	1.0	1.0	2.0
10430000	2.2412007488152335	0.6604477825421222	1.0	1.0	2.0
10440000	0.7185932713954024	0.2571090505084321	1.0	1.0	2.0
10450000	1.5650153135157021	0.8520135096378608	1.0	1.0	2.0
10460000	1.1575984940631143	0.5506374982079484	1.0	1.0	2.0
10470000	1.2327049168845385	1.8061207565715955	1.0	1.0	2.0
10480000	1.853280533642988	0.16991008510631012	1.0	1.0	2.0
10490000	1.6894348515350932	0.32141857414493435	1.0	1.0	2.0
10500000	2.0157978014447884	0.027889825521699916	1.0	1.0	2.0
10510000	0.7457493063115137	0.20166610962502288	1.0	1.0	2.0
10520000	0.5457547410833175	0.3068829281143091	1.0	1.0	2.0
10530000	2.296278779040107	0.2705297431246359	1.0	1.0	2.0
10540000	0.4408152653890559	0.10884605424981172	1.0	1.0	2.0
10550000	1.5176973492629597	0.12268149656615432	1.0	1.0	2.0
10560000	1.3872364800204782	0.1269371244500745	1.0	1.0	2.0
10570000	0.23710129141731429	1.3644980722267477	1.0	1.0	2.0
10580000	1.7367427037562155	0.3110336959053304	1.0	1.0	2.0
10590000	2.009060442039972	0.15230607528603768	1.0	1.0	2.0
10600000	1.3273958177801435	0.14025704680721485	1.0	1.0	2.0
10610000	2.219423254644721	0.045230678540723865	1.0	1.0	2.0
10620000	0.7351723701122879	0.20237844075838243	1.0	1.0	2.0
10630000	0.45286983081438825	0.21102798007484933	1.0	1.0	2.0
10640000	2.180308804312566	0.2033415145706323	1.0	1.0	2.0
10650000	1.2453485573286882	0.11306978320486429	1.0	1.0	2.0
10660000	0.42854033907783395	0.39464346803113487	1.0	1.0	2.0
10670000	0.87863246907802	0.24335581285245195	1.0	1.0	2.0
10680000	1.6669998783920885	0.0061623561188930455	1.0	1.0	2.0
10690000	0.9757750862415798	0.491625205321493	1.0	1.0	2.0
10700000	2.636485691003249	0.0062144199077854255	1.0	1.0	2.0
10710000	0.7789307548388669	0.20004242336757017	1.0	1.0	2.0
10720000	0.49504619692565427	0.12417420262662411	1.0	1.0	2.0
10730000	0.9924050350308623	0.645257770849684	1.0	1.0	2.0
10740000	4.238267134398166	0.44158880264635725	1.0	1.0	2.0
10750000	0.7584425843820859	0.42356910085970867	1.0	1.0	2.0
10760000	2.3511655954869304	1.5876862347872265	1.0	1.0	2.0
10770000	0.2121454330578706	0.5173712379132902	1.0	1.0	2.0
10780000	1.486085527316877	0.10446751535509537	1.0	1.0	2.0
10790000	1.4853490103907319	0.21044892578522426	1.0	1.0	2.0
10800000	0.8860398344749605	0.3878666769557224	1.0	1.0	2.0
10810000	2.0699132865677643	1.0640004922565944	1.0	1.0	2.0
10820000	3.4258714327155197	0.007451953789790255	1.0	1.0	2.0
10830000	0.9789040623157456	1.0204941773160068	1.0	1.0	2.0
10840000	1.229690928679475	0.2980249136172828	1.0	1.0	2.0
10850000	0.011853120750301364	0.07934872414262394	1.0	1.0	2.0
10860000	2.2469525125036682	0.14826290678476964	1.0	1.0	2.0
10870000	0.6863818183474297	0.041258411129041474	1.0	1.0	2.0
10880000	1.0784532204694592	0.4292355181790887	1.0	1.0	2.0
10890000	0.6895375055453767	0.14729837911183402	1.0	1.0	2.0
10900000	0.8344750585857942	0.23679642943591897	1.0	1.0	2.0
10910000	2.1080576620417397	0.14569720574586975	1.0	1.0	2.0
10920000	4.446814070450234	0.7446305497526274	1.0	1.0	2.0
10930000	0.8051078236204661	0.005564994645487596	1.0	1.0	2.0
10940000	0.4420177723109223	0.8138557768154489	1.0	1.0	2.0
10950000	0.18296002853721785	0.056108178617900045	1.0	1.0	2.0
10960000	0.9321499988859128	0.28465111772886315	1.0	1.0	2.0
10970000	4.304976534374466	0.2128972331401611	1.0	1.0	2.0
10980000	1.5841108978106166	0.8821889248323089	1.0	1.0	2.0
10990000	3.0118878921453787	0.10053151346785229	1.0	1.0	2.0
11000000	3.191682788871433	0.03577064448388175	1.0	1.0	2.0
11010000	0.7225710887557018	0.43124615654007975	1.0	1.0	2.0
11020000	2.8171165970367995	0.03255419257880169	1.0	1.0	2.0
11030000	4.529337634326495	0.43529118909163866	1.0	1.0	2.0
11040000	1.647871739945055	2.5393925909790838	1.0	1.0	2.0
11050000	3.710013365904295	1.4340309015252926	1.0	1.0	2.0
11060000	0.8803813968270352	1.2153785927369984	1.0	1.0	2.0
11070000	1.87191634417551	0.0569230273259199	1.0	1.0	2.0
11080000	2.1905503169171157	0.58036801676621	1.0	1.0	2.0
11090000	1.075180043100418	0.44236168907476725	1.0	1.0	2.0
11100000	0.8428888095313258	0.29530058677259685	1.0	1.0	2.0
11110000	0.4947890931680666	0.003283723980609669	1.0	1.0	2.0
11120000	0.6757243471641177	1.3448588149983234	1.0	1.0	2.0
11130000	1.066650572933565	0.019606810790714677	1.0	1.0	2.0
11140000	0.6382056380895063	0.8053894115563559	1.0	1.0	2.0
11150000	0.3621308192429535	0.07667256217222941	1.0	1.0	2.0
11160000	2.012594884844693	0.5927984450270217	1.0	1.0	2.0
11170000	3.080182879983737	0.4505469714207674	1.0	1.0	2.0
11180000	1.071225311310715	0.23427451893402199	1.0	1.0	2.0
11190000	1.5282371870071472	0.7768375523556734	1.0	1.0	2.0
11200000	1.8016011060191424	0.47243243604990753	1.0	1.0	2.0
11210000	1.880866175998134	2.319654494639253	1.0	1.0	2.0
11220000	0.6247681946853819	0.4511604448728928	1.0	1.0	2.0
11230000	1.0814542504658502	0.08827411862974753	1.0	1.0	2.0
11240000	2.73900739726136	0.20216870263321438	1.0	1.0	2.0
11250000	0.7660499546829967	0.11229857448455424	1.0	1.0	2.0
11260000	0.990319684219948	0.3617428698902274	1.0	1.0	2.0
11270000	0.8438492075709083	0.8376745883009181	1.0	1.0	2.0
11280000	0.7567246494864488	0.1621753935822506	1.0	1.0	2.0
11290000	0.7540309003078897	0.6497750428555605	1.0	1.0	2.0
11300000	2.7971694853178937	1.9176126635877848	1.0	1.0	2.0
11310000	2.205113371881491	0.9137385895102167	1.0	1.0	2.0
11320000	1.4773532147903272	0.3221767332180344	1.0	1.0	2.0
11330000	1.6999369585650925	1.0763814071224453	1.0	1.0	2.0
11340000	1.2170335980436555	0.11083800938669784	1.0	1.0	2.0
11350000	0.11335724901786648	0.19637956817890795	1.0	1.0	2.0
11360000	2.0222981916083436	0.22629772240413182	1.0	1.0	2.0
11370000	1.576436446778278	0.6912269203712949	1.0	1.0	2.0
11380000	1.051146799297729	0.7600674914054806	1.0	1.0	2.0
11390000	5.487312362965991	0.014180400747372824	1.0	1.0	2.0
11400000	0.20198340124644718	0.20097973328789573	1.0	1.0	2.0
11410000	1.9673438760815571	2.4694158121999035	1.0	1.0	2.0
11420000	0.25387621796806165	2.917825834682868	1.0	1.0	2.0
11430000	0.562269070615992	0.48543160436918426	1.0	1.0	2.0
11440000	0.6743879755687016	0.12042912743432375	1.0	1.0	2.0
11450000	1.3865667514253799	0.2525713208859091	1.0	1.0	2.0
11460000	1.3071151577319937	0.09883109803907894	1.0	1.0	2.0
11470000	2.2082133777596256	0.9497250729212637	1.0	1.0	2.0
11480000	0.9793659528809298	0.14656107829912707	1.0	1.0	2.0
11490000	0.3926881266285329	0.14397959866505106	1.0	1.0	2.0
11500000	2.0671064094962355	0.12595193698021884	1.0	1.0	2.0
11510000	2.6173293692082686	0.7056196541808935	1.0	1.0	2.0
11520000	0.41632631554575716	0.19461322286321867	1.0	1.0	2.0
11530000	0.7730199524195144	0.3313842575962545	1.0	1.0	2.0
11540000	0.5588842965191672	0.6303660310782445	1.0	1.0	2.0
11550000	0.49925748748066795	0.26179099341843637	1.0	1.0	2.0
11560000	0.4009344666342629	0.26478498224080493	1.0	1.0	2.0
11570000	1.2374520030767284	1.2925517819811916	1.0	1.0	2.0
11580000	1.524183486712717	0.12219642863247754	1.0	1.0	2.0
11590000	2.2921747515860633	1.7773861400560216	1.0	1.0	2.0
11600000	2.305071659860158	0.39661155426403905	1.0	1.0	2.0
11610000	0.6747654266235462	1.869363059018244	1.0	1.0	2.0
11620000	0.7171407017381152	0.2822939845451779	1.0	1.0	2.0
11630000	1.1719390323438104	0.5419281098853597	1.0	1.0	2.0
11640000	3.004872901249113	0.4799907195065162	1.0	1.0	2.0
11650000	0.8625777060874987	0.0454974423388393	1.0	1.0	2.0
11660000	4.257239422044381	0.14392074374235306	1.0	1.0	2.0
11670000	1.4713344018453345	0.728112545246706	1.0	1.0	2.0
11680000	3.534402626764229	0.11889375321921729	1.0	1.0	2.0
11690000	0.3810865732092253	0.07530578917871644	1.0	1.0	2.0
11700000	3.5922249631033836	0.10268939849779661	1.0	1.0	2.0
11710000	3.9172342503698783	1.42633928788241	1.0	1.0	2.0
11720000	0.43455300610237224	1.089882776991965	1.0	1.0	2.0
11730000	2.1647115854251293	0.06910190909441831	1.0	1.0	2.0
11740000	0.5775671166812038	0.6581599966369244	1.0	1.0	2.0
11750000	1.5824994051160592	0.4503186615904832	1.0	1.0	2.0
11760000	2.50277897562026	0.1757637110453605	1.0	1.0	2.0
11770000	0.19485594176625712	0.005443373713077153	1.0	1.0	2.0
11780000	3.074679935944682	0.47572449276550316	1.0	1.0	2.0
11790000	0.9470908030402297	0.6177767865748125	1.0	1.0	2.0
11800000	0.23577501814518675	0.7232774925239258	1.0	1.0	2.0
11810000	3.6117828324283665	0.1230987969340001	1.0	1.0	2.0
11820000	0.41807321237705647	0.36897016229620766	1.0	1.0	2.0
11830000	1.5323904085842406	0.4674207137171521	1.0	1.0	2.0
11840000	0.7330146178780034	1.3846007484292908	1.0	1.0	2.0
11850000	1.2316835821262766	0.6275591965372972	1.0	1.0	2.0
11860000	2.0341234256758653	0.45029680685363005	1.0	1.0	2.0
11870000	1.1496442557668818	0.1304467852300723	1.0	1.0	2.0
11880000	0.8418126289394162	0.3313879733571456	1.0	1.0	2.0
11890000	0.5111614028475129	0.2646941904899529	1.0	1.0	2.0
11900000	1.331315709711149	2.2887820858426284	1.0	1.0	2.0
11910000	0.3505549584189798	0.003910175400619171	1.0	1.0	2.0
11920000	1.6761387952019382	0.1002497824322044	1.0	1.0	2.0
11930000	1.0935529638292647	0.44502660960096246	1.0	1.0	2.0
11940000	1.4009981000960248	0.9320641917189126	1.0	1.0	2.0
11950000	1.8635886161540132	1.838281681785653	1.0	1.0	2.0
11960000	0.7105320728499052	1.8901819554240349	1.0	1.0	2.0
11970000	2.133927801457178	0.9024046661648892	1.0	1.0	2.0
11980000	0.644829817410594	1.0916403659401428	1.0	1.0	2.0
11990000	0.6141468940946084	1.815899338292631	1.0	1.0	2.0
12000000	1.129955634391733	0.8607872593537166	1.0	1.0	2.0
12010000	0.7708633019211233	0.9671351020581962	1.0	1.0	2.0
12020000	0.6899646452350898	0.2779808307578231	1.0	1.0	2.0
12030000	0.8684956818767745	0.15854752405715522	1.0	1.0	2.0
12040000	2.880616859626307	0.30236503319505537	1.0	1.0	2.0
12050000	1.404386418466405	0.37109507336327446	1.0	1.0	2.0
12060000	2.2312135603359824	0.25617100912277757	1.0	1.0	2.0
12070000	1.1259328542750935	0.26317301391649667	1.0	1.0	2.0
12080000	0.5812942569060748	0.445561005931717	1.0	1.0	2.0
12090000	2.696744231620527	2.0125597179662575	1.0	1.0	2.0
12100000	0.09496266869696539	0.057295566982683094	1.0	1.0	2.0
12110000	1.0781905085170067	0.38381849655916556	1.0	1.0	2.0
12120000	1.1047110173583539	0.2625951244980594	1.0	1.0	2.0
12130000	2.1299323851344845	0.8458948875656882	1.0	1.0	2.0
12140000	3.0986842362044276	0.4362046953599288	1.0	1.0	2.0
12150000	0.6206140193002447	0.08046941295933548	1.0	1.0	2.0
12160000	2.360576977283002	0.2899512678849676	1.0	1.0	2.0
12170000	0.6789651975419757	0.15326650247185225	1.0	1.0	2.0
12180000	0.7930507475487112	0.0020467582540653275	1.0	1.0	2.0
12190000	2.349200781874295	1.5513706983381088	1.0	1.0	2.0
12200000	1.0613088562800683	0.7727047342385234	1.0	1.0	2.0
12210000	4.192979783582541	0.26560330639135327	1.0	1.0	2.0
12220000	1.6351777738367868	0.21309653401639647	1.0	1.0	2.0
12230000	0.5508584584776782	0.24481924257371362	1.0	1.0	2.0
12240000	0.4502172897421037	0.6539344458532327	1.0	1.0	2.0
12250000	0.07842564319830471	0.043997899489528945	1.0	1.0	2.0
12260000	1.8168687653613471	0.9710999200804747	1.0	1.0	2.0
12270000	0.6042692509970953	0.053423453422275	1.0	1.0	2.0
12280000	1.3557112108557658	1.2100466527955205	1.0	1.0	2.0
12290000	0.8149552166435474	0.8333960369318167	1.0	1.0	2.0
12300000	0.5067273863942187	0.6068724619617574	1.0	1.0	2.0
12310000	1.4926794471031675	0.7490363504113146	1.0	1.0	2.0
12320000	0.8080789096697266	0.6669042759914393	1.0	1.0	2.0
12330000	0.0866428306860632	0.22249187114347657	1.0	1.0	2.0
12340000	1.8050334674318067	0.4903961711334695	1.0	1.0	2.0
12350000	2.297393525549474	0.11239414105258692	1.0	1.0	2.0
12360000	0.6811827486436426	0.13277850342442774	1.0	1.0	2.0
12370000	3.8946925947966173	0.44678207991903957	1.0	1.0	2.0
12380000	1.0843537995889159	1.3418509901290707	1.0	1.0	2.0
12390000	1.7088014259374795	0.028385237363215812	1.0	1.0	2.0
12400000	0.10244009424675327	1.3063509810825689	1.0	1.0	2.0
12410000	0.5268745236478788	1.0098439461021078	1.0	1.0	2.0
12420000	1.0216919574960384	0.5077605956565632	1.0	1.0	2.0
12430000	3.568699559078676	0.08225934474435202	1.0	1.0	2.0
12440000	1.158065058113349	0.45885569341643334	1.0	1.0	2.0
12450000	2.752628541872525	0.22930197797302787	1.0	1.0	2.0
12460000	0.10942386765324448	0.3990046758237976	1.0	1.0	2.0
12470000	1.1884613039816296	0.4217695509408279	1.0	1.0	2.0
12480000	0.7843878677468009	0.03884485718203609	1.0	1.0	2.0
12490000	0.07481516151309618	0.07127657035071952	1.0	1.0	2.0
12500000	0.15146486485192648	0.14230048567376397	1.0	1.0	2.0
12510000	0.4204263181450155	0.656249126488702	1.0	1.0	2.0
12520000	1.2995134627465523	0.27748700153183115	1.0	1.0	2.0
12530000	2.5748208754759845	2.2353417903956174	1.0	1.0	2.0
12540000	1.6447391891894931	0.6062536550894048	1.0	1.0	2.0
12550000	2.3725240728458696	0.10145278679793655	1.0	1.0	2.0
12560000	0.2986876373210608	0.025397866601865465	1.0	1.0	2.0
12570000	4.113323431065962	0.04510504206763488	1.0	1.0	2.0
12580000	0.38979605874598755	1.201929920313888	1.0	1.0	2.0
12590000	1.0860201464027266	0.009653282756368104	1.0	1.0	2.0
12600000	1.0716263581431398	0.06414779460782685	1.0	1.0	2.0
12610000	1.0461715860913323	0.4381197311862344	1.0	1.0	2.0
12620000	0.4666708486811489	0.5776065569045138	1.0	1.0	2.0
12630000	0.6743887110593905	1.3623582227409408	1.0	1.0	2.0
12640000	2.7913085919228373	1.510285612522109	1.0	1.0	2.0
12650000	0.4653460567998127	0.1779657739419705	1.0	1.0	2.0
12660000	0.04356496263780108	0.0509162728116341	1.0	1.0	2.0
12670000	1.1533365459175724	0.14665630647905958	1.0	1.0	2.0
12680000	1.928156539108801	1.0108699933291705	1.0	1.0	2.0
12690000	1.159903587841155	0.14429039418816456	1.0	1.0	2.0
12700000	0.9353323466476138	0.3657381946643897	1.0	1.0	2.0
12710000	1.638960838853522	0.10930375702640159	1.0	1.0	2.0
12720000	0.02668484931045971	3.1829905024749635E-4	1.0	1.0	2.0
12730000	0.7106014136678238	0.06262009764017505	1.0	1.0	2.0
12740000	0.11605122362170285	0.04568971273152632	1.0	1.0	2.0
12750000	0.5526824462583191	0.443538645373291	1.0	1.0	2.0
12760000	1.944160898038771	0.10648669496264021	1.0	1.0	2.0
12770000	2.006317057874566	0.17391258326349787	1.0	1.0	2.0
12780000	3.048793080117556	0.24461131966267213	1.0	1.0	2.0
12790000	1.0000597062056764	0.5287637021158266	1.0	1.0	2.0
12800000	0.1981193394702176	0.13453984524438073	1.0	1.0	2.0
12810000	2.8773593338336148	1.302275698297827	1.0	1.0	2.0
12820000	0.8430526019094529	0.2711321248547732	1.0	1.0	2.0
12830000	0.3331737893647851	0.5565567661612288	1.0	1.0	2.0
12840000	0.3841191593002931	0.05344451127693313	1.0	1.0	2.0
12850000	0.23505269335247378	0.24460128876774376	1.0	1.0	2.0
12860000	2.1669742338481153	1.2810235328264656	1.0	1.0	2.0
12870000	1.2449033576165063	1.221314982922695	1.0	1.0	2.0
12880000	0.9277779189213792	0.4805444156113218	1.0	1.0	2.0
12890000	0.9372392109810146	0.763677742872604	1.0	1.0	2.0
12900000	3.742780791818881	0.17903612445196976	1.0	1.0	2.0
12910000	0.4024372476618876	0.07573831921935854	1.0	1.0	2.0
12920000	0.45832509690602724	0.6714205517117896	1.0	1.0	2.0
12930000	0.9744814433654635	0.013606313650707958	1.0	1.0	2.0
12940000	1.0499429522735926	0.6943046750243875	1.0	1.0	2.0
12950000	0.11339095863514433	0.028872595331950624	1.0	1.0	2.0
12960000	0.9342598450388141	0.774887086467379	1.0	1.0	2.0
12970000	0.2874582812855979	0.13299653996112681	1.0	1.0	2.0
12980000	0.8237993050359308	0.9841968594689633	1.0	1.0	2.0
12990000	1.7334401515758318	0.4949852204435281	1.0	1.0	2.0
13000000	4.098511116296349	1.0825057077123934	1.0	1.0	2.0
13010000	0.42510526568813173	0.112691232111404	1.0	1.0	2.0
13020000	0.44344380938554157	0.05222236469334967	1.0	1.0	2.0
13030000	0.7000855565046504	0.3347981997665678	1.0	1.0	2.0
13040000	0.17938563864321927	0.14000305615169806	1.0	1.0	2.0
13050000	0.6642640743366686	0.3793867271174782	1.0	1.0	2.0
13060000	2.710308757598393	0.106474499463769	1.0	1.0	2.0
13070000	2.3197145661936287	0.5642194881514327	1.0	1.0	2.0
13080000	0.5215949560278508	0.16107227034796046	1.0	1.0	2.0
13090000	1.177285201936465	1.8640877947442525	1.0	1.0	2.0
13100000	1.6517975495651076	0.7885438641017757	1.0	1.0	2.0
13110000	0.3314008833374987	0.031304971822484935	1.0	1.0	2.0
13120000	0.35728988068992146	0.32954128140670225	1.0	1.0	2.0
13130000	1.1059798897651791	0.06521767924045797	1.0	1.0	2.0
13140000	4.4964666240509885	0.5617109355553569	1.0	1.0	2.0
13150000	0.31991695878173304	0.4189156088777479	1.0	1.0	2.0
13160000	0.5056307699936095	1.4268727954932938	1.0	1.0	2.0
13170000	1.4739796617673575	1.814362712491804	1.0	1.0	2.0
13180000	0.714292630728577	0.6830590612598826	1.0	1.0	2.0
13190000	4.276826372378351	0.5985534090823793	1.0	1.0	2.0
13200000	1.0572059010786652	0.4875454217272627	1.0	1.0	2.0
13210000	1.4013008774769908	0.2822477894625767	1.0	1.0	2.0
13220000	1.7661470039121818	0.13676623863826404	1.0	1.0	2.0
13230000	0.5779664814478965	2.6296875238624504	1.0	1.0	2.0
13240000	0.7674782928881746	0.2670746665695259	1.0	1.0	2.0
13250000	0.07514883705147124	0.018947177682102318	1.0	1.0	2.0
13260000	1.8510427379925218	0.48218897205107697	1.0	1.0	2.0
13270000	2.1175459937998036	0.5344069805432842	1.0	1.0	2.0
13280000	0.7584126332165657	0.3355470407647135	1.0	1.0	2.0
13290000	2.2689640075123214	0.3484205954835758	1.0	1.0	2.0
13300000	1.0215885978239825	0.8352588944818563	1.0	1.0	2.0
13310000	0.7609196629511813	0.1246997512745198	1.0	1.0	2.0
13320000	0.6017771359567553	0.21442524452316222	1.0	1.0	2.0
13330000	1.8524597521967785	0.02904239086054086	1.0	1.0	2.0
13340000	3.0024256305078225	3.0618119381300795	1.0	1.0	2.0
13350000	2.2131153929656775	0.30095136740698764	1.0	1.0	2.0
13360000	1.2951315089118376	0.07679907884723021	1.0	1.0	2.0
13370000	2.0434272274779794	0.9868164894908916	1.0	1.0	2.0
13380000	0.9492039347993267	1.574235095388925	1.0	1.0	2.0
13390000	1.2825340903465243	0.4090212908454835	1.0	1.0	2.0
13400000	0.6646724400998383	0.636380161896923	1.0	1.0	2.0
13410000	0.3912888841804686	0.31054502643798143	1.0	1.0	2.0
13420000	0.7265212201125972	0.1390065874322702	1.0	1.0	2.0
13430000	0.363435264638631	0.558804368335709	1.0	1.0	2.0
13440000	2.09852816137807	0.6702942929196157	1.0	1.0	2.0
13450000	1.2899301901395863	0.3178789008293878	1.0	1.0	2.0
13460000	2.057197416839002	2.847158536874482	1.0	1.0	2.0
13470000	1.9280160333445258	0.0060078423297378605	1.0	1.0	2.0
13480000	2.5377217691862124	1.8149749465796454	1.0	1.0	2.0
13490000	2.3852930361121216	0.19516624250408748	1.0	1.0	2.0
13500000	0.4349087957376645	0.10497394511451161	1.0	1.0	2.0
13510000	0.705746460249774	0.4103745873461818	1.0	1.0	2.0
13520000	1.0950410832582382	0.39008907166078854	1.0	1.0	2.0
13530000	2.150950986286418	0.40734503957908463	1.0	1.0	2.0
13540000	1.890369315564151	0.2602772607857803	1.0	1.0	2.0
13550000	0.23337963057563996	0.15409654493896974	1.0	1.0	2.0
13560000	1.2653555747797174	1.3862669986170402	1.0	1.0	2.0
13570000	2.584506863773057	0.2733899376627758	1.0	1.0	2.0
13580000	0.46036255260793585	0.7880586595044717	1.0	1.0	2.0
13590000	1.2420814689359843	0.07983202937462902	1.0	1.0	2.0
13600000	1.8051231499456724	2.077509007653017	1.0	1.0	2.0
13610000	1.016423228221404	0.0019699482123435507	1.0	1.0	2.0
13620000	0.22306545011102102	0.08586134911021216	1.0	1.0	2.0
13630000	2.2710930053758926	0.07812145645371966	1.0	1.0	2.0
13640000	0.06290720146527412	0.07003008076113712	1.0	1.0	2.0
13650000	3.296803975619745	0.3006903893667593	1.0	1.0	2.0
13660000	1.1888541356753501	0.01878857967694733	1.0	1.0	2.0
13670000	4.420213767903847	0.4903381593911959	1.0	1.0	2.0
13680000	1.168930312049782	0.08764820252711239	1.0	1.0	2.0
13690000	1.8122576256297893	1.1419336308971297	1.0	1.0	2.0
13700000	0.708886255061055	0.028965933837306355	1.0	1.0	2.0
13710000	1.1508183498381257	0.8629098699869422	1.0	1.0	2.0
13720000	3.848676642170752	0.13669949489933667	1.0	1.0	2.0
13730000	1.3542427287133965	0.18199685771811844	1.0	1.0	2.0
13740000	1.1842189378508474	0.6326209667031022	1.0	1.0	2.0
13750000	3.2489736490992205	1.0481591859734831	1.0	1.0	2.0
13760000	1.996985091631542	0.3805382976064552	1.0	1.0	2.0
13770000	1.3702626680044623	0.5188405565437811	1.0	1.0	2.0
13780000	0.33822845974816673	0.6702133554184542	1.0	1.0	2.0
13790000	3.2385572801397533	0.42692637567264496	1.0	1.0	2.0
13800000	0.37390407413118654	0.017901861687897664	1.0	1.0	2.0
13810000	0.21948387382052179	0.3588214519084278	1.0	1.0	2.0
13820000	3.314890684752559	0.3548359834524243	1.0	1.0	2.0
13830000	0.8983081660379613	0.0935514249355583	1.0	1.0	2.0
13840000	1.6396544304469691	0.11705308841733991	1.0	1.0	2.0
13850000	3.3373680503277425	1.5349961745121667	1.0	1.0	2.0
13860000	0.5213314448918648	0.19663214207804217	1.0	1.0	2.0
13870000	0.7648430110968377	0.22613505934149764	1.0	1.0	2.0
13880000	0.8279908610339521	0.10215254217406228	1.0	1.0	2.0
13890000	1.7602049553240406	1.695262369893664	1.0	1.0	2.0
13900000	0.8182832131267588	0.19592855364403788	1.0	1.0	2.0
13910000	0.8425251502159555	0.3447817817537382	1.0	1.0	2.0
13920000	2.2877895476602705	0.09239255553575992	1.0	1.0	2.0
13930000	0.6504400333404142	0.05746792598532314	1.0	1.0	2.0
13940000	0.12311313436233276	0.10616632212392399	1.0	1.0	2.0
13950000	1.16530460666917	0.13139751515160505	1.0	1.0	2.0
13960000	1.201750148674978	0.4690335706877829	1.0	1.0	2.0
13970000	1.8526341426563833	0.22704749177253267	1.0	1.0	2.0
13980000	0.7687632752743875	0.21750940904254046	1.0	1.0	2.0
13990000	6.476617634107675	0.7569028207431845	1.0	1.0	2.0
14000000	2.820831519985325	0.362907716800476	1.0	1.0	2.0
14010000	1.7687105571337765	0.9718546757698271	1.0	1.0	2.0
14020000	0.61129139005203	0.4341302090277875	1.0	1.0	2.0
14030000	1.7747955154984485	0.7388921709550507	1.0	1.0	2.0
14040000	2.658343328974608	0.48077976063280325	1.0	1.0	2.0
14050000	0.5301377713986146	0.4833098175512066	1.0	1.0	2.0
14060000	1.3843101048702047	1.130066544597238	1.0	1.0	2.0
14070000	2.782935207211271	1.9001520796386326	1.0	1.0	2.0
14080000	1.9955817093361683	1.3557403454804633	1.0	1.0	2.0
14090000	0.9954039478647092	3.828771997954152	1.0	1.0	2.0
14100000	0.8775711584312397	0.29622829819397906	1.0	1.0	2.0
14110000	0.8690164590120512	0.6910492592479699	1.0	1.0	2.0
14120000	0.8771386542256291	0.12534914890861784	1.0	1.0	2.0
14130000	1.190893326708645	0.7627139437015816	1.0	1.0	2.0
14140000	2.8538359738320387	0.305949557449788	1.0	1.0	2.0
14150000	2.293965562679685	0.6586312811119345	1.0	1.0	2.0
14160000	0.9710387059057719	0.12553930017270604	1.0	1.0	2.0
14170000	0.3295673677703842	0.18342170220816548	1.0	1.0	2.0
14180000	0.0769450781685203	0.0680683854155582	1.0	1.0	2.0
14190000	0.42985319348305184	0.07222243765465415	1.0	1.0	2.0
14200000	2.061935187286636	1.432741919078801	1.0	1.0	2.0
14210000	0.9266609090566194	0.26815251691241304	1.0	1.0	2.0
14220000	0.4498070558313936	0.8278328024507902	1.0	1.0	2.0
14230000	4.1029805398811705	0.7675575703209003	1.0	1.0	2.0
14240000	0.8383115160631279	0.5674383649975284	1.0	1.0	2.0
14250000	2.4725558734990605	1.7671019074761996	1.0	1.0	2.0
14260000	1.0314791275954633	0.42727036592356427	1.0	1.0	2.0
14270000	1.195699935965256	0.4418632596243773	1.0	1.0	2.0
14280000	1.174125449176086	0.3257077367269228	1.0	1.0	2.0
14290000	6.3926016842849265	1.2490749026243262	1.0	1.0	2.0
14300000	3.716316458267332	0.8835335199774464	1.0	1.0	2.0
14310000	1.3211079048675076	1.4914042654364226	1.0	1.0	2.0
14320000	1.2093710556702884	1.6940568072626536	1.0	1.0	2.0
14330000	1.684389855307312	0.13809968167477882	1.0	1.0	2.0
14340000	1.639928942005129	1.4377647958142004	1.0	1.0	2.0
14350000	0.4645272747535511	1.226578587795542	1.0	1.0	2.0
14360000	1.8653294574538521	0.45234698700295006	1.0	1.0	2.0
14370000	1.2748091710204772	0.1137534492703595	1.0	1.0	2.0
14380000	1.794420857566073	0.2603711383551301	1.0	1.0	2.0
14390000	0.8799485404071714	0.11536433997623835	1.0	1.0	2.0
14400000	1.9254716212338763	0.15721220534720134	1.0	1.0	2.0
14410000	0.5120543490505621	0.17785532266026635	1.0	1.0	2.0
14420000	0.7316119665585985	0.07232099585397449	1.0	1.0	2.0
14430000	1.1227250446307764	2.73108740245191	1.0	1.0	2.0
14440000	1.4647622245425787	0.5521485525862285	1.0	1.0	2.0
14450000	0.21762314744973793	0.0946654604547393	1.0	1.0	2.0
14460000	0.5753604646725481	0.71436329968196	1.0	1.0	2.0
14470000	0.7014178619019268	0.5016916116125093	1.0	1.0	2.0
14480000	3.171636478288899	0.9448216354099462	1.0	1.0	2.0
14490000	0.3486777274253489	0.07642652529693521	1.0	1.0	2.0
14500000	0.3724374608825519	0.4028503852878791	1.0	1.0	2.0
14510000	1.3231313219641185	0.6025459099844815	1.0	1.0	2.0
14520000	0.9218888166873485	0.14386336712107647	1.0	1.0	2.0
14530000	0.7000436681026759	0.4828383677322336	1.0	1.0	2.0
14540000	1.2282719158219124	0.6951200282434515	1.0	1.0	2.0
14550000	1.3017258961418334	0.6322479781459345	1.0	1.0	2.0
14560000	0.9256985453755883	0.3492331802139397	1.0	1.0	2.0
14570000	4.177468251856727	0.0847599875801154	1.0	1.0	2.0
14580000	1.3307627168566023	1.5290056510948644	1.0	1.0	2.0
14590000	2.906060918447935	0.5617974805310739	1.0	1.0	2.0
14600000	0.4103505090844175	0.6422471499156607	1.0	1.0	2.0
14610000	0.6237108106446343	0.08775646945264973	1.0	1.0	2.0
14620000	3.5495330470952124	0.6322676071207934	1.0	1.0	2.0
14630000	0.9037540773026551	0.13908978993419996	1.0	1.0	2.0
14640000	2.718765020030814	0.031438617881290855	1.0	1.0	2.0
14650000	0.13596845011443767	0.17951379260971984	1.0	1.0	2.0
14660000	0.47816193304931537	1.7756769611711845	1.0	1.0	2.0
14670000	1.7115891020920788	1.6531409944726156	1.0	1.0	2.0
14680000	0.8921602441263349	0.11360243096047257	1.0	1.0	2.0
14690000	0.9597641793485041	0.843566915675446	1.0	1.0	2.0
14700000	2.048006393235997	0.12076993136239321	1.0	1.0	2.0
14710000	0.5941561249044246	1.8414524622893271	1.0	1.0	2.0
14720000	3.217693703758036	0.05414123794862973	1.0	1.0	2.0
14730000	0.7059793088168563	0.46716614099282894	1.0	1.0	2.0
14740000	0.7764380877209276	0.28145762368485144	1.0	1.0	2.0
14750000	1.1774274970692968	1.261830119647918	1.0	1.0	2.0
14760000	1.3875546014047444	0.4841976275636506	1.0	1.0	2.0
14770000	2.8200158428688367	0.1324820668355393	1.0	1.0	2.0
14780000	2.1995154998023256	0.9801009617788164	1.0	1.0	2.0
14790000	0.9250012184480556	0.3313235140350608	1.0	1.0	2.0
14800000	0.6332041332063324	0.8833279323087244	1.0	1.0	2.0
14810000	0.9536542243138175	0.3655312262306903	1.0	1.0	2.0
14820000	0.432830950912229	0.5141409962841792	1.0	1.0	2.0
14830000	0.3759137290527042	0.7901307538430563	1.0	1.0	2.0
14840000	0.7877377413624388	0.481452779960916	1.0	1.0	2.0
14850000	1.1161140577530326	2.112786590390564	1.0	1.0	2.0
14860000	1.914801146060903	0.2191460090591454	1.0	1.0	2.0
14870000	4.734569171458096	0.1068486347069007	1.0	1.0	2.0
14880000	2.055811099518405	0.5459934143247899	1.0	1.0	2.0
14890000	4.041605718452084	1.0470801801095453	1.0	1.0	2.0
14900000	1.1920737071669572	0.048885660739958765	1.0	1.0	2.0
14910000	0.19249105928728533	0.14669667864890848	1.0	1.0	2.0
14920000	0.8735505622834348	0.21092843195700717	1.0	1.0	2.0
14930000	1.167727518865867	0.981403319028259	1.0	1.0	2.0
14940000	1.777313387258101	0.49441162967909974	1.0	1.0	2.0
14950000	0.9173943718171093	0.911337422671795	1.0	1.0	2.0
14960000	0.11578145879842276	0.06267828242441527	1.0	1.0	2.0
14970000	3.003371730897937	0.8036599376451105	1.0	1.0	2.0
14980000	1.0035513362444706	0.9594581532119659	1.0	1.0	2.0
14990000	0.7473843173310679	0.627372643269721	1.0	1.0	2.0
15000000	0.8376540724160155	0.16225911523702524	1.0	1.0	2.0
15010000	0.7239346516972629	0.4453955556362505	1.0	1.0	2.0
15020000	3.671149440951695	1.7899153815232476	1.0	1.0	2.0
15030000	0.20026964902643188	0.03132202740278046	1.0	1.0	2.0
15040000	2.5486250043802006	0.3449388034509131	1.0	1.0	2.0
15050000	3.0213860423163563	0.004417176387872236	1.0	1.0	2.0
15060000	0.10603985013652219	0.4102272354843888	1.0	1.0	2.0
15070000	1.6738636947954046	0.14536886336580634	1.0	1.0	2.0
15080000	0.9012461827928747	0.14071012771501334	1.0	1.0	2.0
15090000	0.33791303018645535	0.8030000670752044	1.0	1.0	2.0
15100000	2.693561792541969	0.04077637017054178	1.0	1.0	2.0
15110000	0.6595841736800013	0.369165407557606	1.0	1.0	2.0
15120000	1.6298159545072257	1.2796969026075968	1.0	1.0	2.0
15130000	1.410744739595134	0.2669102145462193	1.0	1.0	2.0
15140000	1.074153491934438	0.297241919690345	1.0	1.0	2.0
15150000	3.035508426707272	0.9375443222463904	1.0	1.0	2.0
15160000	0.4828527790558031	2.337764050411961	1.0	1.0	2.0
15170000	3.1971206279316906	0.02022852369589391	1.0	1.0	2.0
15180000	1.0572169425963425	0.10867961576383521	1.0	1.0	2.0
15190000	1.8516972293278022	0.20000556944635467	1.0	1.0	2.0
15200000	0.624762486626927	0.09526490842813955	1.0	1.0	2.0
15210000	2.1563342521493833	0.1307696484711553	1.0	1.0	2.0
15220000	1.5359479594820558	0.5735141962089582	1.0	1.0	2.0
15230000	1.942330938793906	0.009519017349710288	1.0	1.0	2.0
15240000	0.30714971762522963	0.6612361937539626	1.0	1.0	2.0
15250000	1.187938542043689	0.3682275188016228	1.0	1.0	2.0
15260000	3.0058726975244063	0.13015012023922204	1.0	1.0	2.0
15270000	0.20713478920050793	1.3508087985507808	1.0	1.0	2.0
15280000	4.96129712921917	0.8564367591393125	1.0	1.0	2.0
15290000	1.356851957504331	1.7435111965751597	1.0	1.0	2.0
15300000	0.6007586602442918	0.06646895753388968	1.0	1.0	2.0
15310000	0.8612820120336878	0.030189115637829583	1.0	1.0	2.0
15320000	0.3755815346040098	0.2599500590395069	1.0	1.0	2.0
15330000	1.7627389375337514	0.549814376405274	1.0	1.0	2.0
15340000	0.9844828579338902	0.09368833158501724	1.0	1.0	2.0
15350000	2.7630742146232397	0.1587664871692026	1.0	1.0	2.0
15360000	1.4174497373656694	0.8906825240911515	1.0	1.0	2.0
15370000	0.4954877508334908	0.04619474804011451	1.0	1.0	2.0
15380000	1.0222843458064539	0.6825724703204503	1.0	1.0	2.0
15390000	2.429697033777535	0.06948745243551209	1.0	1.0	2.0
15400000	0.7299529974734935	0.4566551165573374	1.0	1.0	2.0
15410000	0.3808189716681144	0.6665073213201842	1.0	1.0	2.0
15420000	0.13574942343843638	0.05451648049450478	1.0	1.0	2.0
15430000	1.4806663333259684	1.3334890561997748	1.0	1.0	2.0
15440000	0.6546511020784849	0.1546887651287258	1.0	1.0	2.0
15450000	1.3789731351694547	0.0818043196093375	1.0	1.0	2.0
15460000	3.137909828123378	1.9214272472490646	1.0	1.0	2.0
15470000	1.0241373343725668	0.21902377586715877	1.0	1.0	2.0
15480000	0.5731426656089821	0.49993155576533327	1.0	1.0	2.0
15490000	1.39695311023538	2.9076726779712296	1.0	1.0	2.0
15500000	0.6603886740695424	1.4402568669735532	1.0	1.0	2.0
15510000	2.6513023805871336	0.4524193321831175	1.0	1.0	2.0
15520000	1.380857050055899	0.20096868016384858	1.0	1.0	2.0
15530000	0.47711609080534667	0.6170606321967802	1.0	1.0	2.0
15540000	1.4579971561398624	0.49177918213626887	1.0	1.0	2.0
15550000	2.2820545117737994	0.5405729729787869	1.0	1.0	2.0
15560000	0.8174593952436249	0.05445123802849764	1.0	1.0	2.0
15570000	0.36172341348114534	0.5157620221210311	1.0	1.0	2.0
15580000	3.0752124044838336	2.9370767519470555	1.0	1.0	2.0
15590000	0.3658194479591301	0.15347421063241892	1.0	1.0	2.0
15600000	0.8863538387107177	0.3627844255721541	1.0	1.0	2.0
15610000	3.279415353786469	1.113252506866166	1.0	1.0	2.0
15620000	0.4013708148986284	0.05817000506454997	1.0	1.0	2.0
15630000	1.0061129742439567	0.022376792185066652	1.0	1.0	2.0
15640000	4.859325811934732	0.8127046428636591	1.0	1.0	2.0
15650000	2.328036487779839	0.9430646735065238	1.0	1.0	2.0
15660000	2.7192277940911285	0.5213062159171623	1.0	1.0	2.0
15670000	0.26409520877615295	1.5737013489442722	1.0	1.0	2.0
15680000	2.5848043204338778	0.7659491079970281	1.0	1.0	2.0
15690000	2.667258425952238	0.2856915172666067	1.0	1.0	2.0
15700000	0.6902831517419501	0.5947553338635297	1.0	1.0	2.0
15710000	0.7656875119375108	0.8976041599846114	1.0	1.0	2.0
15720000	0.3621476812952576	0.27901072550743855	1.0	1.0	2.0
15730000	0.6917717884461148	0.0698915177202189	1.0	1.0	2.0
15740000	0.2917955917730197	0.22618779285681537	1.0	1.0	2.0
15750000	0.7813515154595388	0.3332765472689393	1.0	1.0	2.0
15760000	1.235552665686683	0.3849017308162755	1.0	1.0	2.0
15770000	0.730820924878837	0.6139826047493546	1.0	1.0	2.0
15780000	1.095864737417724	0.5358359544275307	1.0	1.0	2.0
15790000	1.9639498396393889	0.0935848549222547	1.0	1.0	2.0
15800000	2.75961313813965	0.5434208307756142	1.0	1.0	2.0
15810000	1.2163912888965684	0.8107509183892903	1.0	1.0	2.0
15820000	1.7991390590098015	1.8852193071464285	1.0	1.0	2.0
15830000	0.4574902914702372	0.8142347836697316	1.0	1.0	2.0
15840000	0.5487625018615145	0.17750418447238872	1.0	1.0	2.0
15850000	0.6593992213467169	0.36563510634118523	1.0	1.0	2.0
15860000	1.1079310247755154	2.9664448979361118	1.0	1.0	2.0
15870000	2.2542171289061987	1.3404775705774672	1.0	1.0	2.0
15880000	3.6834233978316515	0.6476055124610228	1.0	1.0	2.0
15890000	0.3955773247334194	0.0783304628012346	1.0	1.0	2.0
15900000	1.5179102826242687	0.09378943045852282	1.0	1.0	2.0
15910000	5.682952326030701	0.30553409405731224	1.0	1.0	2.0
15920000	0.4687478952308592	0.11790865963487428	1.0	1.0	2.0
15930000	0.6373861353384787	1.0287150636388698	1.0	1.0	2.0
15940000	0.8936024367032783	0.6123682353971309	1.0	1.0	2.0
15950000	0.9457041656569294	0.0014599053903449272	1.0	1.0	2.0
15960000	1.3410926618675083	1.5321108901655314	1.0	1.0	2.0
15970000	0.3324521172925669	0.1913492104267937	1.0	1.0	2.0
15980000	0.3621801410930768	0.20526625898472325	1.0	1.0	2.0
15990000	0.23041541131728432	0.33149062444759975	1.0	1.0	2.0
16000000	0.4491639679078483	0.0993306997375	1.0	1.0	2.0
16010000	0.6334648735902474	0.5996043710582302	1.0	1.0	2.0
16020000	0.828477839137888	0.44624265640838917	1.0	1.0	2.0
16030000	0.3717825297659632	0.22571823798405277	1.0	1.0	2.0
16040000	1.1088186527960369	3.0671651108844316	1.0	1.0	2.0
16050000	0.9392527183508681	0.5131795126059302	1.0	1.0	2.0
16060000	0.5074936218817306	0.392418129359944	1.0	1.0	2.0
16070000	2.25196508525855	0.7830831150411635	1.0	1.0	2.0
16080000	1.5996199049651645	0.20850304360169372	1.0	1.0	2.0
16090000	0.5206307415348914	0.1345771392326915	1.0	1.0	2.0
16100000	0.08457066666121019	0.26822967144307086	1.0	1.0	2.0
16110000	1.60548792057577	0.04710275737614395	1.0	1.0	2.0
16120000	2.4206038112873145	0.14722527770915725	1.0	1.0	2.0
16130000	1.806157891816439	0.17981463794916375	1.0	1.0	2.0
16140000	0.31620082306185127	0.30353460639565233	1.0	1.0	2.0
16150000	0.6913873483143693	0.42420676202461655	1.0	1.0	2.0
16160000	0.9724684856510065	0.05069448842493362	1.0	1.0	2.0
16170000	1.9649673832375019	0.5387581497337984	1.0	1.0	2.0
16180000	1.6957382892240895	0.02301459174218379	1.0	1.0	2.0
16190000	0.8769428136885029	0.29052567214718383	1.0	1.0	2.0
16200000	0.30635599351708415	3.3504173845023933E-4	1.0	1.0	2.0
16210000	0.1367403355719992	0.15240976049068808	1.0	1.0	2.0
16220000	0.2447430747363299	1.1867679982861066	1.0	1.0	2.0
16230000	0.8397537668966226	0.5113747275291716	1.0	1.0	2.0
16240000	0.3191036049327226	0.26353552697850785	1.0	1.0	2.0
16250000	0.8197063314042695	0.4741070920002342	1.0	1.0	2.0
16260000	1.555384377989407	0.0161418149585746	1.0	1.0	2.0
16270000	0.5962258789672483	0.6021825546187248	1.0	1.0	2.0
16280000	0.3998623508708796	0.07188217838740553	1.0	1.0	2.0
16290000	0.1778018334799302	0.3576235070731399	1.0	1.0	2.0
16300000	2.1694783938176414	0.021446127235409396	1.0	1.0	2.0
16310000	0.4361590870000939	0.41139215674923457	1.0	1.0	2.0
16320000	0.6983960368536642	0.07962552153479115	1.0	1.0	2.0
16330000	0.8275206024538843	1.5167013611489721	1.0	1.0	2.0
16340000	1.4434101127650099	0.022776661897128705	1.0	1.0	2.0
16350000	0.214279633056784	0.006695641081070357	1.0	1.0	2.0
16360000	1.3398274392827088	0.44418610718249796	1.0	1.0	2.0
16370000	0.41634283758420343	0.0378785145241879	1.0	1.0	2.0
16380000	1.2452200074986237	2.1577471837338327	1.0	1.0	2.0
16390000	1.7844456144029326	0.005273730173433959	1.0	1.0	2.0
16400000	0.20343268259913475	1.118648649465877	1.0	1.0	2.0
16410000	3.481794885107011	1.2089474322725293	1.0	1.0	2.0
16420000	1.4238956753934482	0.3957885566976637	1.0	1.0	2.0
16430000	1.9797690039063414	0.5543728358446053	1.0	1.0	2.0
16440000	3.1640179637496404	0.8892355497890099	1.0	1.0	2.0
16450000	0.9683502316854128	1.52738341343002	1.0	1.0	2.0
16460000	0.41898307007852426	0.3770478404537691	1.0	1.0	2.0
16470000	0.2592779823406259	0.012845301363709243	1.0	1.0	2.0
16480000	0.3658656419883916	0.03473382343296147	1.0	1.0	2.0
16490000	0.2585262325389875	0.24083340176136522	1.0	1.0	2.0
16500000	2.010887315807887	0.24952074679831238	1.0	1.0	2.0
16510000	1.469519155784336	0.3173139713714917	1.0	1.0	2.0
16520000	0.7291707698232893	0.17220688856868183	1.0	1.0	2.0
16530000	1.9403013918728869	2.857613554539444	1.0	1.0	2.0
16540000	0.4205098222990333	0.3009476736915699	1.0	1.0	2.0
16550000	1.0435790664009492	0.05438994321265025	1.0	1.0	2.0
16560000	0.9100465480140496	0.03919209979702851	1.0	1.0	2.0
16570000	0.7553325984587532	1.0463518909828649	1.0	1.0	2.0
16580000	1.67972597231589	0.06541510142927093	1.0	1.0	2.0
16590000	0.6024978730332647	0.9119326483007354	1.0	1.0	2.0
16600000	1.2154137409955013	1.2376806598689083	1.0	1.0	2.0
16610000	2.964158746758714	0.8753108352474478	0.0	1.0	1.0
16620000	0.37552540882611435	2.3269571086991365	1.0	1.0	2.0
16630000	0.7276905743796744	1.1291158871415	1.0	1.0	2.0
16640000	0.6955749560751702	0.09125821889256709	1.0	1.0	2.0
16650000	3.3518483394825087	0.481474551193877	1.0	1.0	2.0
16660000	0.2787314799021511	0.708394060753122	1.0	1.0	2.0
16670000	1.6160255387587381	0.31606054236529796	1.0	1.0	2.0
16680000	2.0838698828388025	2.7508708234484898	1.0	1.0	2.0
16690000	0.8913704831555536	0.22751643301156946	1.0	1.0	2.0
16700000	1.0667853460555823	0.41059287595725347	1.0	1.0	2.0
16710000	0.555852484019071	1.3517842867511325	1.0	1.0	2.0
16720000	1.6697048909872776	0.6111811690203932	1.0	1.0	2.0
16730000	1.0707378904893774	0.07187354880154515	1.0	1.0	2.0
16740000	0.6622056940771331	0.10630292901386129	1.0	1.0	2.0
16750000	0.8951028175320453	0.14846987839926595	1.0	1.0	2.0
16760000	1.6336627997999111	0.013676630212823414	1.0	1.0	2.0
16770000	3.3610887255260735	0.9720916344679907	1.0	1.0	2.0
16780000	3.063281213538353	0.1270887487859321	1.0	1.0	2.0
16790000	0.6187139864404031	0.49931938270757065	1.0	1.0	2.0
16800000	0.600344840023601	0.9765186076254723	1.0	1.0	2.0
16810000	2.2383762772782476	0.8513554513010674	1.0	1.0	2.0
16820000	1.827941773106706	0.22039561672661107	1.0	1.0	2.0
16830000	0.28059977482659343	0.2556040076178217	1.0	1.0	2.0
16840000	2.6343403211177736	0.1033417717589993	1.0	1.0	2.0
16850000	2.851928333202583	0.07995101212800723	1.0	1.0	2.0
16860000	1.1214476074268924	0.016972187572614133	1.0	1.0	2.0
16870000	2.243786910077061	0.03902963612530211	1.0	1.0	2.0
16880000	0.3559050295346031	0.454160073837641	1.0	1.0	2.0
16890000	5.193921633151177	0.18425385137807435	1.0	1.0	2.0
16900000	1.3553886823332748	1.0188173059870798	1.0	1.0	2.0
16910000	0.18438719854667662	0.09002845048864624	1.0	1.0	2.0
16920000	0.39532036238002555	0.34597026441001283	1.0	1.0	2.0
16930000	2.8388720076267706	0.3351309857173558	1.0	1.0	2.0
16940000	0.6991156969330695	0.307978878790802	1.0	1.0	2.0
16950000	0.7304527788340905	0.016970049800233526	1.0	1.0	2.0
16960000	2.613790055085795	3.257071367066556	1.0	1.0	2.0
16970000	0.18950009536005094	0.1661373084539687	1.0	1.0	2.0
16980000	3.17016076425977	0.8884775257065524	1.0	1.0	2.0
16990000	1.634140246936674	0.2829105086982269	1.0	1.0	2.0
17000000	1.0183683783643578	0.6984879992922869	1.0	1.0	2.0
17010000	0.7478960505177427	0.21420290095878805	1.0	1.0	2.0
17020000	0.8499500436845143	0.41832481132150046	0.0	1.0	1.0
17030000	0.8241156164311233	0.06342129326603983	1.0	1.0	2.0
17040000	0.21520292029600244	0.12289943368581059	1.0	1.0	2.0
17050000	0.6246799510875479	0.02303319968628275	1.0	1.0	2.0
17060000	0.4129275354201748	0.3293887684601297	1.0	1.0	2.0
17070000	0.7583241855314182	0.1418653139662382	1.0	1.0	2.0
17080000	1.2811220970557617	0.5183849319709201	1.0	1.0	2.0
17090000	1.7670385204906973	0.5632299305392066	1.0	1.0	2.0
17100000	1.2410455243312954	0.15109051554764713	1.0	1.0	2.0
17110000	0.8097076206151285	0.3422775305336527	1.0	1.0	2.0
17120000	1.401316033459396	0.8063827215531031	1.0	1.0	2.0
17130000	0.9944371710158919	0.24771282356451643	1.0	1.0	2.0
17140000	1.4099368172093856	0.7448321511568426	1.0	1.0	2.0
17150000	0.7063055816784095	0.09921723953705658	1.0	1.0	2.0
17160000	1.1327837840206807	0.28649577469243637	1.0	1.0	2.0
17170000	1.6612919591491608	2.4598340213047787	1.0	1.0	2.0
17180000	0.608372975369684	0.22718527311244974	1.0	1.0	2.0
17190000	0.44107739833748405	0.2890183732477362	1.0	1.0	2.0
17200000	1.3222289430192125	1.3568099882987583	1.0	1.0	2.0
17210000	0.9284727851227408	0.8076050028526954	1.0	1.0	2.0
17220000	0.5686426921398889	1.2206316657264955	1.0	1.0	2.0
17230000	1.821833256736353	0.5264330156890351	1.0	1.0	2.0
17240000	0.5460538118895182	0.6197934272282833	1.0	1.0	2.0
17250000	0.13750237471295604	0.36547986929896725	1.0	1.0	2.0
17260000	0.04279650516109574	0.09591069744515923	1.0	1.0	2.0
17270000	2.56743677767285	0.3280744508924281	1.0	1.0	2.0
17280000	2.923800639851339	0.04734614150653933	1.0	1.0	2.0
17290000	1.7013814001807805	0.044476915721209424	1.0	1.0	2.0
17300000	1.7863616875901525	0.20826149458309187	1.0	1.0	2.0
17310000	1.9685046274221367	0.8591204313983638	1.0	1.0	2.0
17320000	1.8676100261340758	0.17922553272486275	1.0	1.0	2.0
17330000	3.6682971617217004	0.19099599558312141	1.0	1.0	2.0
17340000	0.7845679849855621	1.0098097497749232	1.0	1.0	2.0
17350000	1.006594548906401	0.39734102451415043	1.0	1.0	2.0
17360000	3.963583674799719	0.14172157917046446	1.0	1.0	2.0
17370000	1.775087429314116	0.0023562883693049757	1.0	1.0	2.0
17380000	0.9897630866312562	0.12114760789692265	1.0	1.0	2.0
17390000	0.6074664429511957	1.2791482138624375	1.0	1.0	2.0
17400000	1.4122408204696393	0.2426661552961461	1.0	1.0	2.0
17410000	0.4650367932236278	0.949834724606141	1.0	1.0	2.0
17420000	0.7470117493798837	0.12412498625908967	1.0	1.0	2.0
17430000	0.8230740108755045	0.9205188675069211	1.0	1.0	2.0
17440000	4.5438645851411685	1.5218235536151856	1.0	1.0	2.0
17450000	0.5207294660777777	0.37001762577702163	1.0	1.0	2.0
17460000	0.9178634045007708	0.05731345110951989	1.0	1.0	2.0
17470000	2.016418759358734	0.6449393501780224	1.0	1.0	2.0
17480000	0.9006295397833658	2.354586623160742	1.0	1.0	2.0
17490000	1.6154393142249976	0.0674884751450239	1.0	1.0	2.0
17500000	0.8797963472311562	0.10775952471936537	1.0	1.0	2.0
17510000	0.3009505003935783	0.4641443423923367	1.0	1.0	2.0
17520000	1.0592994660387196	1.102175708714498	1.0	1.0	2.0
17530000	1.681183784545426	0.16282887333621687	1.0	1.0	2.0
17540000	0.3745472645030832	0.0675044258476843	1.0	1.0	2.0
17550000	1.129007564095502	0.7595513467272048	1.0	1.0	2.0
17560000	1.02352316390015	0.325301043520114	1.0	1.0	2.0
17570000	1.9152504649687356	1.8288283371553238	1.0	1.0	2.0
17580000	2.661545575646548	0.49229483507143357	1.0	1.0	2.0
17590000	0.8805017853224104	1.7717734124938556	1.0	1.0	2.0
17600000	0.7381087029762661	1.911171649304805	1.0	1.0	2.0
17610000	0.8143013577054123	0.6324459566161129	1.0	1.0	2.0
17620000	1.575651592956334	0.12629840777336093	1.0	1.0	2.0
17630000	0.10537745267442354	0.02791957832627427	1.0	1.0	2.0
17640000	1.6463924537423145	0.6026015653553576	1.0	1.0	2.0
17650000	3.102160919988639	1.0289995797120737	1.0	1.0	2.0
17660000	0.5190550452805767	0.08158998560061083	1.0	1.0	2.0
17670000	1.4957880289796137	0.6395773424870129	1.0	1.0	2.0
17680000	2.843310942656365	0.1523425165535591	1.0	1.0	2.0
17690000	1.05394133741712	0.35472404498127974	1.0	1.0	2.0
17700000	1.0994923366202825	1.355469207147916	1.0	1.0	2.0
17710000	0.9771490898334114	1.091488787827478	1.0	1.0	2.0
17720000	0.7588781403097254	0.8138985861455789	1.0	1.0	2.0
17730000	0.9546787866385261	0.06028454640853901	1.0	1.0	2.0
17740000	2.4587047353644422	0.677656972729483	1.0	1.0	2.0
17750000	0.25997538122952824	0.5126297282717992	1.0	1.0	2.0
17760000	0.551266928906361	0.27681632633933745	1.0	1.0	2.0
17770000	2.2074582205349698	0.8082547713722	1.0	1.0	2.0
17780000	0.8072443175411449	1.4754170968754599	1.0	1.0	2.0
17790000	1.1997991735481697	0.2133324904983786	1.0	1.0	2.0
17800000	0.8247264536649253	0.5626474652186212	1.0	1.0	2.0
17810000	1.007414752380595	1.5963812121203054	1.0	1.0	2.0
17820000	0.275339520345375	0.3950271921409699	1.0	1.0	2.0
17830000	1.200604633354194	0.21608973656410627	1.0	1.0	2.0
17840000	2.112501375348703	0.603289441382937	1.0	1.0	2.0
17850000	2.6476638790083435	0.21579698681310505	1.0	1.0	2.0
17860000	0.30194033256222413	0.022649941698136427	1.0	1.0	2.0
17870000	2.789834822630604	2.1593986702865626	1.0	1.0	2.0
17880000	2.4421182553909495	0.02538793076106719	1.0	1.0	2.0
17890000	2.878656070273207	0.3080972442719551	1.0	1.0	2.0
17900000	1.157470221732526	0.29224025602715675	1.0	1.0	2.0
17910000	1.1852253277772662	0.05635349315447447	1.0	1.0	2.0
17920000	1.226517210789728	1.5283118663037638	1.0	1.0	2.0
17930000	1.264838215778022	1.2441426139626008	1.0	1.0	2.0
17940000	0.6369285902112792	0.6245439530339606	1.0	1.0	2.0
17950000	1.960809723034296	0.4057459396079785	1.0	1.0	2.0
17960000	1.1260071970681573	0.4435490320541064	1.0	1.0	2.0
17970000	0.3310848740551615	0.006510006344700103	1.0	1.0	2.0
17980000	0.7415073017883976	0.47098348962353676	1.0	1.0	2.0
17990000	1.9618131486324344	0.11437703467602922	1.0	1.0	2.0
18000000	0.8504912562607891	0.31842065604162484	1.0	1.0	2.0
18010000	0.4903916131730679	0.22715079709447566	1.0	1.0	2.0
18020000	1.3633740476930734	0.3255327039343096	1.0	1.0	2.0
18030000	5.0682565660260135	0.7852142990234716	1.0	1.0	2.0
18040000	1.781294877085658	0.9677916039400954	1.0	1.0	2.0
18050000	0.26476162045017965	0.2509514454345846	1.0	1.0	2.0
18060000	0.35313274504168846	0.2549413482797588	1.0	1.0	2.0
18070000	0.7609159086594158	0.9127032551231602	1.0	1.0	2.0
18080000	0.9558645626619635	0.29598291304685537	1.0	1.0	2.0
18090000	0.28604829685140015	0.48090667045788543	1.0	1.0	2.0
18100000	1.5696828087759607	0.5560698493511784	1.0	1.0	2.0
18110000	2.60604901715605	0.5218491092181541	1.0	1.0	2.0
18120000	1.3887887694130476	2.4855548154057914	1.0	1.0	2.0
18130000	2.2519142254384583	0.3613945149046544	1.0	1.0	2.0
18140000	0.6040844633584802	0.01662024188519566	1.0	1.0	2.0
18150000	2.7036034346028566	0.8404248560260597	1.0	1.0	2.0
18160000	3.021388647774043	0.575751088770866	1.0	1.0	2.0
18170000	0.8525475927705556	0.6505290222097911	1.0	1.0	2.0
18180000	2.3626198088715373	0.7577864545477845	1.0	1.0	2.0
18190000	0.111933720123833	0.04096047719851829	1.0	1.0	2.0
18200000	4.132585628161472	0.03372067421283102	1.0	1.0	2.0
18210000	0.29361285727341235	0.18444007110762323	1.0	1.0	2.0
18220000	4.577414838841916	0.0017231332896803194	1.0	1.0	2.0
18230000	3.446356113529061	0.21178449497743798	1.0	1.0	2.0
18240000	1.0824302467155187	0.06981632903370599	1.0	1.0	2.0
18250000	0.9734693044044516	1.642773149759682	1.0	1.0	2.0
18260000	1.3526121287122772	0.014400929984614473	1.0	1.0	2.0
18270000	2.513097414679127	1.1294419991426516	1.0	1.0	2.0
18280000	2.517104811444562	1.4794579146398115	1.0	1.0	2.0
18290000	0.6858172102917068	0.6893642111947749	1.0	1.0	2.0
18300000	0.7785943079505702	0.05824527417177674	1.0	1.0	2.0
18310000	1.2120183489093024	0.08453785486474549	1.0	1.0	2.0
18320000	2.111368350421763	0.27598471148381776	1.0	1.0	2.0
18330000	2.4824825644904376	0.6306954630956062	1.0	1.0	2.0
18340000	0.5139465691808113	1.6164872638523107	1.0	1.0	2.0
18350000	4.385891477747781	0.3973985936375873	1.0	1.0	2.0
18360000	0.1313542526203809	0.12719408902313475	1.0	1.0	2.0
18370000	1.3698244035270155	0.3192157354070144	1.0	1.0	2.0
18380000	1.6394209345743889	1.1673396960361857	1.0	1.0	2.0
18390000	0.8897210260224584	1.634496710019544	1.0	1.0	2.0
18400000	1.1219477312014305	0.3723570819325438	1.0	1.0	2.0
18410000	0.4456589536029194	0.12137672582095103	1.0	1.0	2.0
18420000	0.9151372673387603	1.4067512583602189	1.0	1.0	2.0
18430000	0.5373013564465114	0.22833616582353933	1.0	1.0	2.0
18440000	0.7791365182354835	0.043627457413229286	1.0	1.0	2.0
18450000	0.7665766949724363	0.7340562398353301	1.0	1.0	2.0
18460000	3.506140165947375	0.5892131743551333	1.0	1.0	2.0
18470000	2.1266027484977323	1.3471548549047343	1.0	1.0	2.0
18480000	1.879434729513322	0.9448834551213284	1.0	1.0	2.0
18490000	0.9271114024562008	0.18727829182011477	1.0	1.0	2.0
18500000	2.6090891005348205	1.4836830393273033	1.0	1.0	2.0
18510000	0.137256868518286	0.13327423951467307	1.0	1.0	2.0
18520000	0.9777365382279527	1.7100193024795067	1.0	1.0	2.0
18530000	1.7409365517789646	0.13780933534920117	1.0	1.0	2.0
18540000	0.6545504818292391	0.3810389425544834	1.0	1.0	2.0
18550000	2.0440011631789528	1.8376305242937707	1.0	1.0	2.0
18560000	2.9074616788008805	0.7929267486595434	1.0	1.0	2.0
18570000	0.47162068427863507	0.014798340698814146	1.0	1.0	2.0
18580000	1.0775116645530256	0.5331178488903571	1.0	1.0	2.0
18590000	0.8867680033888904	0.20121606926556784	1.0	1.0	2.0
18600000	1.9454998679221682	0.7222699151150879	1.0	1.0	2.0
18610000	0.7441472144876131	0.02606822703493167	1.0	1.0	2.0
18620000	3.5440601123231326	0.2461815034346381	1.0	1.0	2.0
18630000	2.846485736957977	1.0658537250791706	1.0	1.0	2.0
18640000	2.651594818173121	0.029975727928462658	1.0	1.0	2.0
18650000	0.7326338653296302	0.9124461683914368	1.0	1.0	2.0
18660000	0.6920669690687312	0.02293024826149169	1.0	1.0	2.0
18670000	1.1175525083416948	0.28642604770555036	1.0	1.0	2.0
18680000	1.94671002798714	0.0663439332865101	1.0	1.0	2.0
18690000	0.23047840069385508	0.15905408999645093	1.0	1.0	2.0
18700000	0.48523525089549163	0.422490854426829	1.0	1.0	2.0
18710000	0.34946834870928406	0.06879512708174892	1.0	1.0	2.0
18720000	2.1927662673565687	0.28764332897529565	1.0	1.0	2.0
18730000	1.247685011950182	0.40184948704185564	1.0	1.0	2.0
18740000	0.20259049425802197	0.01479804527776454	1.0	1.0	2.0
18750000	0.21741935493110578	0.2482835012797914	1.0	1.0	2.0
18760000	1.2059727920453291	0.0015530965910199282	1.0	1.0	2.0
18770000	0.8121834992275763	0.014895885106085414	1.0	1.0	2.0
18780000	2.007745853181483	0.8050907788071752	1.0	1.0	2.0
18790000	1.1527987943935087	0.11189542082373874	1.0	1.0	2.0
18800000	1.3377901504715453	0.8743652596318924	1.0	1.0	2.0
18810000	1.6592217789622472	0.22510013761131167	1.0	1.0	2.0
18820000	0.960505903953226	0.24271023278791543	1.0	1.0	2.0
18830000	0.2866302912445575	0.01871593416014191	1.0	1.0	2.0
18840000	1.9379654175492258	0.5380419759562812	1.0	1.0	2.0
18850000	1.005689858102876	0.8072208536128503	1.0	1.0	2.0
18860000	4.639960152009318	0.8172198767125142	1.0	1.0	2.0
18870000	0.6865625540500909	0.0372657448735344	1.0	1.0	2.0
18880000	1.2430947976340117	1.482288993373449	1.0	1.0	2.0
18890000	0.5656755133160247	0.13105178537689563	1.0	1.0	2.0
18900000	1.193990859171101	0.13661619734321137	1.0	1.0	2.0
18910000	0.7324073048838396	0.03764377291927223	1.0	1.0	2.0
18920000	0.9267276667638932	0.0439643963032602	1.0	1.0	2.0
18930000	1.4256280540306938	0.22192544998262068	1.0	1.0	2.0
18940000	0.2058161763509998	0.04972868862912567	1.0	1.0	2.0
18950000	0.2754117807315771	0.03738029761884261	1.0	1.0	2.0
18960000	0.7526501320907747	0.4952099050951342	1.0	1.0	2.0
18970000	0.9528684606567995	0.8344186988688156	1.0	1.0	2.0
18980000	0.5148791031320983	0.792464033729404	1.0	1.0	2.0
18990000	0.5330641854921345	0.40420033244319475	1.0	1.0	2.0
19000000	0.3899245515531999	0.25032041840805114	1.0	1.0	2.0
19010000	0.6144858312297375	0.07010753891629555	1.0	1.0	2.0
19020000	0.5250028439475318	0.30228864970340485	1.0	1.0	2.0
19030000	1.1053876424409896	0.4864650070279706	1.0	1.0	2.0
19040000	2.8239557144638194	2.7284956970929417	1.0	1.0	2.0
19050000	2.54054630288302	0.05296299497702155	1.0	1.0	2.0
19060000	3.032246995145532	1.0465185628286602	1.0	1.0	2.0
19070000	0.9303871429023831	0.19404991292487572	1.0	1.0	2.0
19080000	0.394169514713098	0.37355857440690166	1.0	1.0	2.0
19090000	1.3960064727570505	3.077347712225607	1.0	1.0	2.0
19100000	2.447242839253216	0.10790799558839795	1.0	1.0	2.0
19110000	1.9328277927398603	0.6096466693385048	1.0	1.0	2.0
19120000	1.5289130618050322	0.2533480181974804	1.0	1.0	2.0
19130000	2.2844039173268844	0.2656890575766245	1.0	1.0	2.0
19140000	1.491209821073557	0.21297196330068663	1.0	1.0	2.0
19150000	0.44674503843784236	0.013877353536718194	1.0	1.0	2.0
19160000	1.6341853262141126	0.9416707124362798	1.0	1.0	2.0
19170000	4.712626777312805	1.3896670913250466	1.0	1.0	2.0
19180000	1.247592743294808	0.6738328835350494	1.0	1.0	2.0
19190000	1.3594703475342205	0.6358373159608399	1.0	1.0	2.0
19200000	1.0437950516663788	0.7189964388816272	1.0	1.0	2.0
19210000	1.006172361487702	0.7235408184979961	1.0	1.0	2.0
19220000	1.2829981837368323	0.049833853073646156	1.0	1.0	2.0
19230000	2.1632804624984194	0.7484333436164383	1.0	1.0	2.0
19240000	1.9214631881108795	0.9153015989351593	1.0	1.0	2.0
19250000	1.5343330978924667	1.0987773638862575	1.0	1.0	2.0
19260000	0.14420598363859344	0.1657067260570405	1.0	1.0	2.0
19270000	0.9764298418930544	0.9688034035519615	1.0	1.0	2.0
19280000	1.034242677936931	0.4631000554789006	1.0	1.0	2.0
19290000	1.673509674505468	1.1305191527897078	1.0	1.0	2.0
19300000	2.258823873480494	0.4888682102233958	1.0	1.0	2.0
19310000	0.2840351896296287	0.34119239128425216	1.0	1.0	2.0
19320000	1.8438516198822263	2.0877822895504057	1.0	1.0	2.0
19330000	0.11817644612055393	0.04796661542242633	1.0	1.0	2.0
19340000	0.4612367953992774	0.17540016074069317	1.0	1.0	2.0
19350000	0.902858019207291	0.995913520371171	1.0	1.0	2.0
19360000	1.7935176781993318	1.1303597097839466	1.0	1.0	2.0
19370000	1.5125186806774968	0.06292586591420311	1.0	1.0	2.0
19380000	1.4426415434813202	0.17002674416262986	1.0	1.0	2.0
19390000	1.7113786433377165	2.395410010946841	1.0	1.0	2.0
19400000	0.8897774501656375	0.188328054372236	1.0	1.0	2.0
19410000	0.25640461821573235	0.47379890777963457	1.0	1.0	2.0
19420000	1.714807280152171	0.30992345526667026	1.0	1.0	2.0
19430000	0.16684114814752768	0.07966524924154958	1.0	1.0	2.0
19440000	0.4901020432944359	0.2303338955785779	1.0	1.0	2.0
19450000	3.1234931964967	1.5476187001727846	1.0	1.0	2.0
19460000	0.8717853374157692	0.35854667045624283	1.0	1.0	2.0
19470000	0.3092752443903619	0.27492536682982893	1.0	1.0	2.0
19480000	0.21702932233831443	0.4725655990368579	1.0	1.0	2.0
19490000	0.5420521986922775	0.5017948056943378	1.0	1.0	2.0
19500000	0.4031148875451376	0.837567855204884	1.0	1.0	2.0
19510000	1.5865474869787657	3.0248093895916757	1.0	1.0	2.0
19520000	1.6986664638802698	0.9539868992956981	1.0	1.0	2.0
19530000	0.7738705125870534	0.3965972384485053	1.0	1.0	2.0
19540000	0.22227273456540153	0.017166888458110454	1.0	1.0	2.0
19550000	0.7659711486936066	1.448748786431275	1.0	1.0	2.0
19560000	0.34049458270597655	0.2562284413399144	1.0	1.0	2.0
19570000	0.9211500629636865	1.151167263600079	1.0	1.0	2.0
19580000	0.9522688781183254	0.36915470519527666	1.0	1.0	2.0
19590000	1.000754433412818	0.30358746114390334	1.0	1.0	2.0
19600000	0.4304270921577441	0.039367705490743095	1.0	1.0	2.0
19610000	0.7441303314681146	0.791358308021067	1.0	1.0	2.0
19620000	5.491282162877451	0.0945947681436632	1.0	1.0	2.0
19630000	1.2533048718856328	0.42456903291345527	1.0	1.0	2.0
19640000	1.1784597371284207	0.9904793870935736	1.0	1.0	2.0
19650000	3.1023881937061515	0.01001457584253596	1.0	1.0	2.0
19660000	2.9488817129864557	0.12624798008494578	1.0	1.0	2.0
19670000	0.1819962355268808	0.43213356185631946	1.0	1.0	2.0
19680000	2.1371896978537266	0.5071796593405736	1.0	1.0	2.0
19690000	1.2788424657020063	0.8207743813589178	1.0	1.0	2.0
19700000	1.3930913318124964	2.433147942711565	1.0	1.0	2.0
19710000	0.5752118542852469	0.11840915304469245	1.0	1.0	2.0
19720000	0.16550835590402266	0.08479690996263615	1.0	1.0	2.0
19730000	1.7176169221901596	0.8616481204589446	1.0	1.0	2.0
19740000	1.6199501381218757	1.3499927301055343	1.0	1.0	2.0
19750000	8.190350058214424	0.1435975080942225	1.0	1.0	2.0
19760000	0.32818838180237286	0.0386437898179992	1.0	1.0	2.0
19770000	0.3380850198643758	0.9573509687580208	1.0	1.0	2.0
19780000	1.204113029965514	0.4914823745426044	1.0	1.0	2.0
19790000	1.2834933306093925	0.3206110008978485	1.0	1.0	2.0
19800000	2.1948140988696854	0.5462004615501446	1.0	1.0	2.0
19810000	0.40591184212478787	0.3045869691970898	1.0	1.0	2.0
19820000	2.2936736204341983	0.7342481883532112	1.0	1.0	2.0
19830000	4.062856535410357	1.33612018653054	1.0	1.0	2.0
19840000	2.0987923124687335	0.1233555425700513	1.0	1.0	2.0
19850000	0.5693926434581423	0.3474665643277225	1.0	1.0	2.0
19860000	1.380703191908322	0.9507910459128998	1.0	1.0	2.0
19870000	2.4845843651555612	0.006388772629194432	1.0	1.0	2.0
19880000	1.2288178265529979	0.2814783086023918	1.0	1.0	2.0
19890000	3.5022343669222877	0.19674066358270018	1.0	1.0	2.0
19900000	1.848945097680866	0.07017869932865509	1.0	1.0	2.0
19910000	0.573134679753474	0.5801718115602965	1.0	1.0	2.0
19920000	3.1303068569866497	0.7546288264723283	1.0	1.0	2.0
19930000	2.143599512087289	0.22713013887459477	1.0	1.0	2.0
19940000	1.275183887520947	1.1922105203098656	1.0	1.0	2.0
19950000	2.988008863075321	0.23604634871422797	1.0	1.0	2.0
19960000	1.4514834979461486	0.12346440305864372	1.0	1.0	2.0
19970000	1.0539438911191463	0.07907028436485342	1.0	1.0	2.0
19980000	2.2794428528563353	1.1063647285298528	1.0	1.0	2.0
19990000	0.18504648632644413	0.06910610116879838	1.0	1.0	2.0
20000000	2.622982190642686	0.8056844158849882	1.0	1.0	2.0
20010000	0.2624013647173247	0.07985357414103628	1.0	1.0	2.0
20020000	2.1108543891233866	0.15204843959778241	1.0	1.0	2.0
20030000	2.8227733561680597	0.3686050575716627	1.0	1.0	2.0
20040000	1.0202989562326612	0.5522191571862779	1.0	1.0	2.0
20050000	1.8915295307779492	0.46529053834612083	1.0	1.0	2.0
20060000	2.5208641002314023	0.800291267640732	1.0	1.0	2.0
20070000	1.4314755378164752	0.9217745729557665	1.0	1.0	2.0
20080000	0.9776184321580084	0.32302784908504306	1.0	1.0	2.0
20090000	1.5719687130967674	1.1497932253235963	1.0	1.0	2.0
20100000	0.767039324630113	0.12638833871777275	1.0	1.0	2.0
20110000	2.459210066336894	1.2036655516842152	1.0	1.0	2.0
20120000	4.189803109950687	2.3876072679746554	1.0	1.0	2.0
20130000	0.3116325264858286	0.4587411218410455	1.0	1.0	2.0
20140000	0.10987667044862137	0.06452442827196815	1.0	1.0	2.0
20150000	0.6360632958931095	0.004482823050951342	1.0	1.0	2.0
20160000	0.9472640752492405	2.8965112687904373	1.0	1.0	2.0
20170000	2.1215527178609186	1.3549590704009584	1.0	1.0	2.0
20180000	0.24917623639372852	0.05926597593719741	1.0	1.0	2.0
20190000	1.4966668629525772	1.4705378030044889	1.0	1.0	2.0
20200000	0.8204968530245167	0.2586455748812399	1.0	1.0	2.0
20210000	1.2831989407070747	0.0388678124803115	1.0	1.0	2.0
20220000	1.3831243618197608	0.672974036695111	1.0	1.0	2.0
20230000	0.058499440055147005	0.0660927365752664	1.0	1.0	2.0
20240000	1.6580369300799576	0.11066861639263172	1.0	1.0	2.0
20250000	2.116267341950471	1.0505408100559528	1.0	1.0	2.0
20260000	4.972666791183655	1.4662378626937878	1.0	1.0	2.0
20270000	1.0314022463598727	0.5456457517294535	1.0	1.0	2.0
20280000	0.7446194237598831	8.007054660801366E-4	1.0	1.0	2.0
20290000	0.4286862998983744	0.8218660214730942	1.0	1.0	2.0
20300000	0.9772393473209565	0.7555606673794242	1.0	1.0	2.0
20310000	1.5334866951005837	0.24307680211922583	1.0	1.0	2.0
20320000	0.39448220065067796	0.20212402052847359	1.0	1.0	2.0
20330000	1.2393368292710059	0.3164878549060167	1.0	1.0	2.0
20340000	2.1326358920479116	0.38555143253775287	1.0	1.0	2.0
20350000	0.1176142171131274	0.051515353238930424	1.0	1.0	2.0
20360000	1.174783032765367	2.1121215651046596	1.0	1.0	2.0
20370000	1.151796435825259	0.14150335566532418	1.0	1.0	2.0
20380000	0.984177211131653	0.05193084350106534	1.0	1.0	2.0
20390000	1.9632540922064765	2.2337526985373075	1.0	1.0	2.0
20400000	0.06517810615702327	0.007298144401936084	1.0	1.0	2.0
20410000	1.1098982875036452	0.27307725171575437	1.0	1.0	2.0
20420000	1.3335630828831837	0.4199222315524911	1.0	1.0	2.0
20430000	1.3825956479911503	0.12512943211387711	1.0	1.0	2.0
20440000	1.7917195616568722	0.0778448786293308	1.0	1.0	2.0
20450000	2.9182539826372578	1.4153754776417284	1.0	1.0	2.0
20460000	0.21335593805181935	0.07014173648443885	1.0	1.0	2.0
20470000	0.47031106029594755	0.6698302993105733	1.0	1.0	2.0
20480000	1.321680688498389	0.8523075545843168	1.0	1.0	2.0
20490000	4.688074563075279	0.7528829679721699	1.0	1.0	2.0
20500000	2.4586840038939406	1.768315429995396	1.0	1.0	2.0
20510000	0.23277701682363067	0.6780478435014937	1.0	1.0	2.0
20520000	1.3013839719957059	0.223563193627962	1.0	1.0	2.0
20530000	1.1133961738888092	0.7278208183951863	1.0	1.0	2.0
20540000	0.11282052896240441	0.1166217210671622	1.0	1.0	2.0
20550000	3.9063951035638973	2.0576251670883643	1.0	1.0	2.0
20560000	1.248743465223045	0.9084506383232377	1.0	1.0	2.0
20570000	2.267456789031698	0.09061662173782165	1.0	1.0	2.0
20580000	1.0688680808301705	0.4261744784378628	1.0	1.0	2.0
20590000	1.2146721068523763	1.4454649835863154	1.0	1.0	2.0
20600000	0.4067749422166409	0.13696840055762988	1.0	1.0	2.0
20610000	0.2141998541342482	0.36729252163836507	1.0	1.0	2.0
20620000	1.0662296101578017	0.02603144368109971	1.0	1.0	2.0
20630000	2.7174852457385232	0.21813594269804154	1.0	1.0	2.0
20640000	1.0493934962288427	1.330544596405821	1.0	1.0	2.0
20650000	0.3486779022508742	0.28121089202783434	1.0	1.0	2.0
20660000	0.9726872937886869	1.7489180220114795	1.0	1.0	2.0
20670000	1.1199715457359372	0.46960975508371133	1.0	1.0	2.0
20680000	2.917323177892422	1.8443173320205308	1.0	1.0	2.0
20690000	0.2591055908700657	0.14565585574550607	1.0	1.0	2.0
20700000	1.5175039372170387	0.2459620594340118	1.0	1.0	2.0
20710000	0.21052385314497618	0.09840705175524392	1.0	1.0	2.0
20720000	0.6656868486386073	0.468296414123789	1.0	1.0	2.0
20730000	0.7106257934857266	0.7287176347830836	1.0	1.0	2.0
20740000	0.29897648354977774	0.02837126678533142	1.0	1.0	2.0
20750000	1.8114654569366426	3.3559259386194094	1.0	1.0	2.0
20760000	1.6598103146283278	0.12831535829626078	1.0	1.0	2.0
20770000	0.7038115762766136	0.029247715245702223	1.0	1.0	2.0
20780000	0.3891140715981955	0.007248026360131524	1.0	1.0	2.0
20790000	1.9554660726321438	0.027583938981800962	1.0	1.0	2.0
20800000	4.188459723764176	0.3737961474297113	1.0	1.0	2.0
20810000	1.0785846514400588	0.2717624707268643	1.0	1.0	2.0
20820000	0.3534759401378506	0.0881255084783527	1.0	1.0	2.0
20830000	0.0513239142262472	0.006994078686730967	1.0	1.0	2.0
20840000	0.36863245277619366	0.028191587151274976	1.0	1.0	2.0
20850000	0.16026856027475486	0.2117918341148324	1.0	1.0	2.0
20860000	0.2977687572571957	1.093449864615837	1.0	1.0	2.0
20870000	0.45573050054633507	0.3153957717909429	1.0	1.0	2.0
20880000	0.2619032595606254	0.3252978910644481	1.0	1.0	2.0
20890000	0.9243506652848579	0.7115752205977692	1.0	1.0	2.0
20900000	1.1432424972281239	2.3489371488901116	1.0	1.0	2.0
20910000	4.73095555888394	0.014758236973067421	1.0	1.0	2.0
20920000	0.40439389333863307	0.015132138266725605	1.0	1.0	2.0
20930000	0.17043663745450335	0.02816594667250126	1.0	1.0	2.0
20940000	0.01355223273167356	0.3606870949815514	0.0	1.0	1.0
20950000	1.65907489506526	0.5597727763952612	1.0	1.0	2.0
20960000	3.1619353389818543	0.1799981523009731	1.0	1.0	2.0
20970000	1.2581047144574333	0.23208665112654342	1.0	1.0	2.0
20980000	2.1711800786031255	0.537806937160853	1.0	1.0	2.0
20990000	0.525847989361998	0.002448934240159461	1.0	1.0	2.0
21000000	0.49437801722577207	0.6026973270816346	1.0	1.0	2.0
21010000	0.5723141510068872	0.8474428394287923	1.0	1.0	2.0
21020000	0.25166249639152005	0.5197663537719147	1.0	1.0	2.0
21030000	0.11528339004836108	0.06639641800055827	1.0	1.0	2.0
21040000	1.4447076592370702	0.4273944319071338	1.0	1.0	2.0
21050000	0.5447611834581836	0.11090441064008333	1.0	1.0	2.0
21060000	1.0307653660848481	0.09373990394931515	1.0	1.0	2.0
21070000	3.517439017145888	0.23597796832258755	1.0	1.0	2.0
21080000	0.6441276261383975	0.15200518828003498	1.0	1.0	2.0
21090000	0.31013430946429493	0.15947703588458584	1.0	1.0	2.0
21100000	2.2105884607976805	0.25596570121981244	1.0	1.0	2.0
21110000	0.43904913717025573	0.25789612039681364	1.0	1.0	2.0
21120000	1.6518458586724167	0.02177987383475058	1.0	1.0	2.0
21130000	3.2259994472914166	0.5835247546690928	1.0	1.0	2.0
21140000	0.4730624537961114	0.36572523650037564	1.0	1.0	2.0
21150000	0.7781721113167821	0.5120797539317302	1.0	1.0	2.0
21160000	1.5107486802568717	0.30280612475877705	1.0	1.0	2.0
21170000	1.6749161251905984	0.5455558179903878	1.0	1.0	2.0
21180000	1.0219810237765738	0.13859263319603088	1.0	1.0	2.0
21190000	1.4294301833347867	0.01421271204628447	1.0	1.0	2.0
21200000	0.6320016849271566	0.07273092047315542	1.0	1.0	2.0
21210000	0.190168358540313	0.04996120785766212	1.0	1.0	2.0
21220000	1.4333007351637628	1.143111772886663	1.0	1.0	2.0
21230000	0.7794936415445554	1.5746385305495334	1.0	1.0	2.0
21240000	0.2147241381478829	0.21734308736098626	1.0	1.0	2.0
21250000	0.8030960474484459	0.1780092373583105	1.0	1.0	2.0
21260000	0.07870729689078172	0.11057191563214269	1.0	1.0	2.0
21270000	2.2274094725686653	0.5463254725076908	1.0	1.0	2.0
21280000	2.0559956327893527	0.6359364911418601	1.0	1.0	2.0
21290000	0.6992063388945896	0.5998538937287621	1.0	1.0	2.0
21300000	1.774791327040641	0.6151042033174319	1.0	1.0	2.0
21310000	0.7468135992022183	0.4232185283055386	1.0	1.0	2.0
21320000	0.6204694936055576	0.4677125660108677	1.0	1.0	2.0
21330000	0.9002597707325799	0.028301543963827846	1.0	1.0	2.0
21340000	2.633560058994993	0.7545708662614508	1.0	1.0	2.0
21350000	0.9304611025146685	0.9257236352958691	1.0	1.0	2.0
21360000	0.30167875347421313	0.36560503536214245	1.0	1.0	2.0
21370000	0.7315804945234816	0.9916500718746387	1.0	1.0	2.0
21380000	0.5059293218202199	0.3387786694528349	1.0	1.0	2.0
21390000	1.7446291259108915	0.029051992006659196	1.0	1.0	2.0
21400000	0.6828466567741135	0.5384286761640447	1.0	1.0	2.0
21410000	0.9713287908663844	1.141056008047617	1.0	1.0	2.0
21420000	1.2487852019757664	0.27003582627034306	1.0	1.0	2.0
21430000	1.9824292896646005	0.45921082787503564	1.0	1.0	2.0
21440000	0.9506669762752521	0.15961631679832564	1.0	1.0	2.0
21450000	2.713068054806766	3.3497333434362506	1.0	1.0	2.0
21460000	3.6494785894538193	2.480478200049003	1.0	1.0	2.0
21470000	2.0535054188844346	0.16332437237018776	1.0	1.0	2.0
21480000	1.9482282524858923	0.7328393663808549	1.0	1.0	2.0
21490000	1.5345594521786277	0.12935208360200695	1.0	1.0	2.0
21500000	1.8577716629214238	0.11408363364200633	1.0	1.0	2.0
21510000	1.2916813214088665	0.07148796132512274	1.0	1.0	2.0
21520000	0.7759211407136101	0.08779287808165341	1.0	1.0	2.0
21530000	1.3090733911181707	0.5049888820913869	1.0	1.0	2.0
21540000	1.1159429340099742	0.26938378055840084	1.0	1.0	2.0
21550000	1.8983510573929576	1.8605638258787796	1.0	1.0	2.0
21560000	1.82394010316669	0.45693595702515	1.0	1.0	2.0
21570000	0.7131732174397946	0.03743394027625274	1.0	1.0	2.0
21580000	0.4579468116850246	0.02944956803774689	1.0	1.0	2.0
21590000	2.727046174211772	1.1678066927933595	1.0	1.0	2.0
21600000	1.1681867736452451	0.372967711301859	1.0	1.0	2.0
21610000	5.319618239368178	0.46986582411233746	1.0	1.0	2.0
21620000	1.8675910410135457	0.02137048194077242	1.0	1.0	2.0
21630000	2.656323517571358	1.3514090773976826	1.0	1.0	2.0
21640000	0.19698013077602597	0.06292736085050492	1.0	1.0	2.0
21650000	1.3650918759126267	0.004534550852688711	1.0	1.0	2.0
21660000	0.3991148160224596	0.17813244746814968	1.0	1.0	2.0
21670000	0.917943994251537	0.062091722849822874	1.0	1.0	2.0
21680000	0.35520468207486666	0.06255233973817821	1.0	1.0	2.0
21690000	3.047768960548136	0.37890573063089367	1.0	1.0	2.0
21700000	2.4758794482537345	0.597248950091925	1.0	1.0	2.0
21710000	1.7386345763638373	0.24340312572330713	1.0	1.0	2.0
21720000	0.03861349342356026	0.013152225388983061	1.0	1.0	2.0
21730000	3.0945385384828796	0.8215701528173561	1.0	1.0	2.0
21740000	0.295763779667386	0.3531463103312884	1.0	1.0	2.0
21750000	0.08251514940835972	0.004178629352196381	1.0	1.0	2.0
21760000	0.395977911869777	0.823592402334183	1.0	1.0	2.0
21770000	0.6483204825999683	0.006353566201376587	1.0	1.0	2.0
21780000	1.1746956802154154	3.2105958898709672	1.0	1.0	2.0
21790000	1.3680246457646221	0.5667273214453029	1.0	1.0	2.0
21800000	1.386178139184594	1.4530580393613177	1.0	1.0	2.0
21810000	0.9343516911108326	0.5796390607073183	1.0	1.0	2.0
21820000	1.5865636728187904	0.354004719549234	1.0	1.0	2.0
21830000	1.9353331181995765	6.041981085185016E-4	1.0	1.0	2.0
21840000	0.6915051426525816	0.5853544206520617	1.0	1.0	2.0
21850000	0.8693910432820616	0.12119788754063186	1.0	1.0	2.0
21860000	1.265963966413709	1.5590094841261486	1.0	1.0	2.0
21870000	1.6149590703555703	0.5693731616475989	1.0	1.0	2.0
21880000	1.8007460036298466	2.6244655093135534	1.0	1.0	2.0
21890000	1.1815781067818445	0.32411310164483975	1.0	1.0	2.0
21900000	0.32392161867674374	0.5058400003601117	1.0	1.0	2.0
21910000	0.1788610651467504	0.3652956979519543	1.0	1.0	2.0
21920000	1.4552880847597383	0.7949221853759502	1.0	1.0	2.0
21930000	0.9166921754435865	0.13648948695330945	0.0	1.0	1.0
21940000	0.6733877950163618	0.07519920644354171	1.0	1.0	2.0
21950000	0.720869292096824	0.804763223459177	1.0	1.0	2.0
21960000	1.322568565477826	0.9593841536304288	1.0	1.0	2.0
21970000	0.1295867101264618	0.16740573249185853	1.0	1.0	2.0
21980000	0.9632133136674709	0.23121084232150257	1.0	1.0	2.0
21990000	1.312136627242457	0.0647893659486065	1.0	1.0	2.0
22000000	1.0625111123427597	0.13994952174898173	1.0	1.0	2.0
22010000	1.038191906178754	1.6668299517414955	1.0	1.0	2.0
22020000	1.7229621684234322	0.015660576906514144	1.0	1.0	2.0
22030000	1.1591604092678385	0.0059118218310780435	1.0	1.0	2.0
22040000	1.258452201710925	0.8263934071274389	1.0	1.0	2.0
22050000	1.2686439987882403	1.038241397184526	1.0	1.0	2.0
22060000	4.159031835102569	1.1715642291339778	1.0	1.0	2.0
22070000	0.6559552341477243	0.3211044368638124	1.0	1.0	2.0
22080000	0.843980620766167	1.2189382963644357	1.0	1.0	2.0
22090000	1.2006979900469232	0.5802710606376582	1.0	1.0	2.0
22100000	1.7090318502656794	0.43671593975447265	1.0	1.0	2.0
22110000	1.5640308435477162	0.05501321195999521	1.0	1.0	2.0
22120000	0.17991190010711958	0.6021427141811316	1.0	1.0	2.0
22130000	2.316805629623444	0.48078020706383773	1.0	1.0	2.0
22140000	1.30673393349393	0.591008430560257	1.0	1.0	2.0
22150000	1.3731959800644755	0.3383572985489182	1.0	1.0	2.0
22160000	2.203336354813105	1.0609134784506022	1.0	1.0	2.0
22170000	0.6970558820189064	0.1515928609496217	1.0	1.0	2.0
22180000	1.116485610440543	0.8039802684097974	1.0	1.0	2.0
22190000	1.1272917268894105	0.4653989446446078	1.0	1.0	2.0
22200000	5.3954693904792155	1.530783424890737	1.0	1.0	2.0
22210000	1.5425453204018928	0.07955644880212755	1.0	1.0	2.0
22220000	5.596783485574924	1.548068359140141	1.0	1.0	2.0
22230000	1.4126146347769672	0.47532254693313036	1.0	1.0	2.0
22240000	0.6875721512624098	0.015584682698391401	1.0	1.0	2.0
22250000	0.9090214806688606	0.32839595158660906	1.0	1.0	2.0
22260000	0.22542938380837232	0.15453073878382753	1.0	1.0	2.0
22270000	0.5738845925420387	0.002216873281668353	1.0	1.0	2.0
22280000	0.5079013550773483	0.028886658380751242	1.0	1.0	2.0
22290000	0.6597817361247756	1.4082613084441051	1.0	1.0	2.0
22300000	0.3838986703341373	0.48168114770962817	1.0	1.0	2.0
22310000	0.8427837668045746	0.05946028629808466	1.0	1.0	2.0
22320000	1.7169299172237473	1.5392423101228254	1.0	1.0	2.0
22330000	0.5840073926574263	0.6150784672741393	1.0	1.0	2.0
22340000	0.10069920556790649	0.1848253487790156	1.0	1.0	2.0
22350000	1.9262493816114055	0.9566966515438668	1.0	1.0	2.0
22360000	0.29243814435420185	0.17267307347212907	1.0	1.0	2.0
22370000	0.06053676418714056	0.03670451863530888	1.0	1.0	2.0
22380000	1.0095754083772415	0.6190542916279024	1.0	1.0	2.0
22390000	0.9434471236827219	0.8905495562659188	1.0	1.0	2.0
22400000	0.6639534400668965	0.5939794865993536	1.0	1.0	2.0
22410000	2.7479371903074625	0.050914458364499406	1.0	1.0	2.0
22420000	0.25968065956694786	0.019576871915452414	1.0	1.0	2.0
22430000	0.15123173417530772	0.1752662214887268	1.0	1.0	2.0
22440000	1.427180541005255	0.07374550108512352	1.0	1.0	2.0
22450000	1.1555128401778323	0.27551610083554273	1.0	1.0	2.0
22460000	0.8722766109835247	1.1371917122968054	1.0	1.0	2.0
22470000	1.5808435920795234	0.31411546546973557	1.0	1.0	2.0
22480000	0.3771478346743143	1.242222838142503	1.0	1.0	2.0
22490000	0.6476022252205222	0.16285374462397476	1.0	1.0	2.0
22500000	0.7113637505070621	0.09343914005032511	1.0	1.0	2.0
22510000	4.191284140912354	0.025995310490915184	1.0	1.0	2.0
22520000	5.828199092782126	2.8712291018725393	1.0	1.0	2.0
22530000	2.2856847756611813	0.8667143188823013	1.0	1.0	2.0
22540000	0.06625776101159984	4.62445227371589E-4	1.0	1.0	2.0
22550000	1.2730278842535714	0.26474397623968493	1.0	1.0	2.0
22560000	0.28538415997092376	0.13217757490321216	1.0	1.0	2.0
22570000	0.3922879651522083	0.07856976414278413	1.0	1.0	2.0
22580000	0.22000488346086594	0.2697710647930355	1.0	1.0	2.0
22590000	1.2477404427665926	0.6353723613106307	1.0	1.0	2.0
22600000	2.138358649889893	0.27795909625259013	1.0	1.0	2.0
22610000	1.653084649715608	0.10907783985363431	1.0	1.0	2.0
22620000	0.4727331850596399	0.5717593850824261	1.0	1.0	2.0
22630000	1.453438578222951	1.2066388639000316	1.0	1.0	2.0
22640000	1.2978862309024175	0.4592243249015093	1.0	1.0	2.0
22650000	0.66445760107251	0.2914725936457625	1.0	1.0	2.0
22660000	0.48136938281669955	0.6362334733312218	1.0	1.0	2.0
22670000	2.4989345335137747	0.11721529071831742	1.0	1.0	2.0
22680000	2.462797880936168	0.10501199495097824	1.0	1.0	2.0
22690000	2.2182143334865527	2.6133742049559467	1.0	1.0	2.0
22700000	0.689365070992719	0.3639090859760818	1.0	1.0	2.0
22710000	1.8164380562203928	2.2244573300678625	1.0	1.0	2.0
22720000	5.366924768799046	3.6588312251230026	1.0	1.0	2.0
22730000	1.324153316906607	0.8107018820743307	1.0	1.0	2.0
22740000	0.2786147051786293	0.7238126362696945	1.0	1.0	2.0
22750000	1.6260178884292211	0.14323357292478583	1.0	1.0	2.0
22760000	0.7609592434957565	0.9330849498197515	1.0	1.0	2.0
22770000	0.8257634300659145	0.2723466955910872	1.0	1.0	2.0
22780000	1.2226655092004182	1.3732182119561198	1.0	1.0	2.0
22790000	0.8503121108138373	0.4085909606881638	1.0	1.0	2.0
22800000	1.3216565703077048	0.03348732156178181	1.0	1.0	2.0
22810000	1.1746806653026647	1.7960373471430497	1.0	1.0	2.0
22820000	0.24056174029623884	0.12930003797329698	1.0	1.0	2.0
22830000	1.610550232203554	0.46819010727985183	1.0	1.0	2.0
22840000	0.7388564443543453	0.3726928790572778	1.0	1.0	2.0
22850000	0.8004670410007932	0.03218659496798404	1.0	1.0	2.0
22860000	0.9137614648643906	0.46868853542953215	1.0	1.0	2.0
22870000	1.0199248032203292	0.7277342867980362	1.0	1.0	2.0
22880000	0.2541924517829203	0.21950316419859975	1.0	1.0	2.0
22890000	0.7660141892642157	0.07184740349939121	1.0	1.0	2.0
22900000	0.09056831406400107	0.2912283528754223	1.0	1.0	2.0
22910000	1.7143855619791701	0.588767244444726	1.0	1.0	2.0
22920000	0.9413476879476026	0.22510917475880018	1.0	1.0	2.0
22930000	0.7028120869066908	0.2528525136642306	1.0	1.0	2.0
22940000	0.31107828862612724	0.06560329656320585	1.0	1.0	2.0
22950000	0.47106709453676066	0.6206654965813587	1.0	1.0	2.0
22960000	0.7582920360116593	0.71643948918071	1.0	1.0	2.0
22970000	1.6471708456527179	0.010996064142347762	1.0	1.0	2.0
22980000	1.5365712184164346	0.07777873473906664	1.0	1.0	2.0
22990000	0.6404746698734692	0.21736203413453015	1.0	1.0	2.0
23000000	5.385418734084005	0.73820854134211	1.0	1.0	2.0
23010000	0.9089096554672306	0.21582603203278186	1.0	1.0	2.0
23020000	2.5271227496010407	0.1432521971300645	1.0	1.0	2.0
23030000	2.560806142171506	2.2516908766536248	1.0	1.0	2.0
23040000	0.35849440098421825	0.00882465567042435	1.0	1.0	2.0
23050000	0.8015424963945665	0.45246944535812383	1.0	1.0	2.0
23060000	1.6823924492193116	0.07916932055964661	1.0	1.0	2.0
23070000	0.6731278162496074	0.48020465815297136	1.0	1.0	2.0
23080000	3.0667391456753728	1.3905848524882412	1.0	1.0	2.0
23090000	0.8965123593544908	0.1526448630566048	1.0	1.0	2.0
23100000	2.1034297493449947	0.46551334355139307	1.0	1.0	2.0
23110000	0.5570203516848409	0.3875426936153891	1.0	1.0	2.0
23120000	4.260760307987704	0.1826382163163856	1.0	1.0	2.0
23130000	0.7449183214193031	0.5083705549967502	1.0	1.0	2.0
23140000	0.6792527191182828	0.4394209305768075	1.0	1.0	2.0
23150000	0.43351619576182604	0.18287570245642895	1.0	1.0	2.0
23160000	1.0317654884819436	0.7658705943849184	1.0	1.0	2.0
23170000	1.7347291791140762	0.5044337498720849	1.0	1.0	2.0
23180000	0.9307801854118619	0.7928990334448544	1.0	1.0	2.0
23190000	4.310783561688048	1.97543557269656	1.0	1.0	2.0
23200000	0.32808748605354576	0.2344072385360972	1.0	1.0	2.0
23210000	1.989383210464711	1.9384558332835733	1.0	1.0	2.0
23220000	0.24272257059983812	0.18512933554658462	1.0	1.0	2.0
23230000	0.7541036871104493	0.8191192127722239	1.0	1.0	2.0
23240000	0.6921181130303936	0.1542878578991218	1.0	1.0	2.0
23250000	0.21778863763727593	0.29577372962784504	1.0	1.0	2.0
23260000	0.7290646254609285	1.2308430183158081	1.0	1.0	2.0
23270000	1.185604715874633	1.065161938014263	1.0	1.0	2.0
23280000	1.233352433373824	0.20325264271002513	1.0	1.0	2.0
23290000	1.2598388854145581	0.15269039281184124	1.0	1.0	2.0
23300000	1.0944399941430198	0.7575508381388157	1.0	1.0	2.0
23310000	0.3696772328059612	0.21566024068743253	1.0	1.0	2.0
23320000	0.10192413964754679	0.0013138030556744753	1.0	1.0	2.0
23330000	1.6228615488517488	0.11118678009414064	1.0	1.0	2.0
23340000	0.7193479432157923	0.10356914450848159	1.0	1.0	2.0
23350000	1.7157172651985113	0.15958003106850274	1.0	1.0	2.0
23360000	1.1881473372650977	0.5074446444058912	1.0	1.0	2.0
23370000	0.12329982940482438	0.6208649984794797	1.0	1.0	2.0
23380000	0.8681798634798172	0.37536452064561393	1.0	1.0	2.0
23390000	2.4304239420180105	1.28892830188812	1.0	1.0	2.0
23400000	2.163955893682571	0.8132760006728539	1.0	1.0	2.0
23410000	1.334680096797678	0.556026197878488	1.0	1.0	2.0
23420000	1.2042091055422621	4.179492952486814	1.0	1.0	2.0
23430000	1.4840447903252885	0.15029984987577297	1.0	1.0	2.0
23440000	0.887103320613948	0.10577418618726905	1.0	1.0	2.0
23450000	1.967955343054852	0.13399399674639126	1.0	1.0	2.0
23460000	0.46228801898933913	0.24642988337736027	1.0	1.0	2.0
23470000	0.3887093685350674	0.6285692210701987	1.0	1.0	2.0
23480000	0.7163604810100208	0.008383587283878181	1.0	1.0	2.0
23490000	0.7591523978331509	0.5303228121002411	1.0	1.0	2.0
23500000	0.8094852973090495	0.03153135078881822	1.0	1.0	2.0
23510000	0.9347969958378031	0.08735194311767112	1.0	1.0	2.0
23520000	1.4416859022667197	0.4441899149487685	1.0	1.0	2.0
23530000	0.9401050541019035	0.4024110966528354	1.0	1.0	2.0
23540000	0.3849836323928956	0.8982794942621968	1.0	1.0	2.0
23550000	1.0937267408092337	0.4542317085658138	1.0	1.0	2.0
23560000	1.3549355432632346	1.573581057785422	1.0	1.0	2.0
23570000	1.0399709904203962	0.24467998400250907	1.0	1.0	2.0
23580000	1.9670016227226428	0.5881245875840259	1.0	1.0	2.0
23590000	0.4921461915241926	0.3802799649143916	1.0	1.0	2.0
23600000	1.1890634130714575	0.35505059795999105	1.0	1.0	2.0
23610000	0.6630590274309777	0.8419550180269479	1.0	1.0	2.0
23620000	0.41231774640944135	0.46562291923808125	1.0	1.0	2.0
23630000	1.0993657840378117	0.6905657897660389	1.0	1.0	2.0
23640000	2.524289270763784	0.10550067350272929	1.0	1.0	2.0
23650000	2.7801538154632026	0.08475855784115012	1.0	1.0	2.0
23660000	0.7597073839295412	0.6362490652268163	1.0	1.0	2.0
23670000	0.5329159310328526	0.10436722673351756	1.0	1.0	2.0
23680000	0.7770102841940081	0.1506543264093901	1.0	1.0	2.0
23690000	0.33459515402822215	0.20082797976364242	1.0	1.0	2.0
23700000	2.6049899241419068	1.4980322765866825	1.0	1.0	2.0
23710000	2.918235707659355	0.3850661780064076	1.0	1.0	2.0
23720000	0.6628778938789547	1.2682486190155626	1.0	1.0	2.0
23730000	0.4087160976521789	1.1248473747484002	1.0	1.0	2.0
23740000	1.8215046008891418	0.1833130900865599	1.0	1.0	2.0
23750000	0.1798248819532931	0.20310331069196383	1.0	1.0	2.0
23760000	0.8429392935910944	0.7104646142905996	1.0	1.0	2.0
23770000	1.3462538193745834	0.02531473231749061	1.0	1.0	2.0
23780000	1.9119357481575339	0.5823887692299337	1.0	1.0	2.0
23790000	1.2277838470040299	0.2674212907036518	1.0	1.0	2.0
23800000	0.20448482300448173	0.038095579391676175	1.0	1.0	2.0
23810000	1.2983269283716985	0.22883620988008144	1.0	1.0	2.0
23820000	1.932499256129403	0.8122210705560874	1.0	1.0	2.0
23830000	3.7058160438374026	0.1267435346674011	1.0	1.0	2.0
23840000	1.1600464445076033	0.5624412819036607	1.0	1.0	2.0
23850000	0.1484544985889477	0.36774421725596335	1.0	1.0	2.0
23860000	3.321993021438042	2.083329605158396	1.0	1.0	2.0
23870000	5.452425421058591	0.9932435943949065	1.0	1.0	2.0
23880000	1.0683438899717184	2.0562328401317997	1.0	1.0	2.0
23890000	0.9977724958358773	0.6372009081395558	1.0	1.0	2.0
23900000	0.9853619488296845	0.021134795633957006	1.0	1.0	2.0
23910000	2.750356952443645	0.08402808785775913	1.0	1.0	2.0
23920000	0.7394021314699443	1.6374541659390465	1.0	1.0	2.0
23930000	0.3253585072509658	1.5981124748727205	1.0	1.0	2.0
23940000	1.0649813811145663	0.32303837505490446	1.0	1.0	2.0
23950000	2.521558828047308	0.5033932474447139	1.0	1.0	2.0
23960000	0.9236175439239755	1.3804929715607515	1.0	1.0	2.0
23970000	0.7009108621851202	0.5624276171530858	1.0	1.0	2.0
23980000	1.8112305588824749	0.6930045342325577	1.0	1.0	2.0
23990000	0.40970555569447115	0.48744162153632115	1.0	1.0	2.0
24000000	0.7225747851315312	0.9342927263642089	1.0	1.0	2.0
24010000	0.8408512467610364	0.5086684130781226	1.0	1.0	2.0
24020000	2.5479261498813943	0.08980240649597716	1.0	1.0	2.0
24030000	0.35274372344942795	0.34770187233704586	1.0	1.0	2.0
24040000	0.3102497462373557	0.012381457361771845	1.0	1.0	2.0
24050000	1.4760526712828648	0.6588626616977868	1.0	1.0	2.0
24060000	1.639936881609544	0.7879781759382832	1.0	1.0	2.0
24070000	1.4876070295702168	0.18486535111120025	1.0	1.0	2.0
24080000	2.12750687097928	0.8836452297013525	1.0	1.0	2.0
24090000	0.18481229615963835	0.030336263120464144	1.0	1.0	2.0
24100000	0.10172523024936532	0.007763113873065446	1.0	1.0	2.0
24110000	1.643219611748406	0.7882683884155711	1.0	1.0	2.0
24120000	0.39474102599130656	0.02123889297548703	1.0	1.0	2.0
24130000	0.5064968403633132	0.34529470033401183	1.0	1.0	2.0
24140000	0.9504551973638267	0.03179827874781827	1.0	1.0	2.0
24150000	0.6711239299325484	1.2858864594445134	1.0	1.0	2.0
24160000	0.6986215259297274	0.8268161964697823	1.0	1.0	2.0
24170000	1.501374407914021	3.1257814504730694	1.0	1.0	2.0
24180000	0.6686980433226202	0.00833358328470755	1.0	1.0	2.0
24190000	1.4309048790378895	1.4863639237858244	1.0	1.0	2.0
24200000	0.5086731782153427	0.0010685834111834975	1.0	1.0	2.0
24210000	5.248589523752915	1.3223337704700933	1.0	1.0	2.0
24220000	0.5551442070705597	0.39035737199988946	1.0	1.0	2.0
24230000	1.0223536601866705	0.7930340491879827	1.0	1.0	2.0
24240000	0.7061273990341274	1.0943270540772174	1.0	1.0	2.0
24250000	0.5276592927511835	0.3549388223187941	1.0	1.0	2.0
24260000	0.9089473770915248	0.057518435888780084	1.0	1.0	2.0
24270000	0.9442628631021247	1.0423639442189232	1.0	1.0	2.0
24280000	1.2778028970853335	0.2119084707906543	1.0	1.0	2.0
24290000	0.7168819285074794	0.11596440361857822	1.0	1.0	2.0
24300000	0.9633841533942639	3.915813537631898	1.0	1.0	2.0
24310000	1.362234213850328	0.14647025131459296	1.0	1.0	2.0
24320000	0.37198905314764663	0.2730301339794238	1.0	1.0	2.0
24330000	0.3936978286762226	0.2717029940592454	1.0	1.0	2.0
24340000	0.8925467081776706	1.486581981658796	1.0	1.0	2.0
24350000	0.9140456736519142	0.22821857439996154	1.0	1.0	2.0
24360000	0.18113614403201056	0.8581686915055956	1.0	1.0	2.0
24370000	0.45633834903677245	0.6623979853062374	1.0	1.0	2.0
24380000	1.25248173142646	0.06095944268216839	1.0	1.0	2.0
24390000	0.6589926540401878	0.31980604512577837	1.0	1.0	2.0
24400000	0.354478873459377	0.013471860801229064	1.0	1.0	2.0
24410000	3.7226003286476383	0.3005853870923096	1.0	1.0	2.0
24420000	0.4871842961881219	0.44713643633057265	1.0	1.0	2.0
24430000	1.2921182357308187	0.6470353958318728	1.0	1.0	2.0
24440000	1.8083974394460673	0.8243085950132969	1.0	1.0	2.0
24450000	0.5222802114486143	0.07006444471627384	1.0	1.0	2.0
24460000	0.9018252433582881	0.16936218958727495	1.0	1.0	2.0
24470000	3.252994533008393	0.6628392970643036	1.0	1.0	2.0
24480000	1.133626569349098	0.5432785041639187	1.0	1.0	2.0
24490000	1.1073944467196057	0.45082601287585833	1.0	1.0	2.0
24500000	0.8333697563332465	0.32147009126295445	1.0	1.0	2.0
24510000	1.4020828244026946	0.12196887612533718	1.0	1.0	2.0
24520000	0.9255950741956772	0.4675264745511475	1.0	1.0	2.0
24530000	0.24207379124849127	0.25763091643975855	1.0	1.0	2.0
24540000	2.7449330498494655	0.561769303761324	1.0	1.0	2.0
24550000	0.2336489188026726	0.031490775250660824	1.0	1.0	2.0
24560000	0.6487172229498551	0.3443642783799987	1.0	1.0	2.0
24570000	4.21243605235256	2.0428965911153885	1.0	1.0	2.0
24580000	1.093522042324381	0.4006269580093122	1.0	1.0	2.0
24590000	1.6695611191057684	0.028894649896817892	1.0	1.0	2.0
24600000	2.127572186523876	0.028704604296450168	1.0	1.0	2.0
24610000	2.0149803597835945	0.49554600408000954	1.0	1.0	2.0
24620000	0.5548488547760235	0.26991356292555235	1.0	1.0	2.0
24630000	0.09601753186648876	0.5839803146736449	1.0	1.0	2.0
24640000	2.0527246423623815	0.8932976378048539	1.0	1.0	2.0
24650000	0.4685155942510618	0.3151599532626486	1.0	1.0	2.0
24660000	1.5140191845754185	0.25694466734422333	1.0	1.0	2.0
24670000	0.8069070391563385	0.7996774145500242	1.0	1.0	2.0
24680000	0.87846961543128	1.7077255939559624	1.0	1.0	2.0
24690000	1.8511916807704643	0.9529979434521675	1.0	1.0	2.0
24700000	0.5889435529369815	0.09890422200825802	1.0	1.0	2.0
24710000	1.9907808016071118	0.5725903328822302	1.0	1.0	2.0
24720000	0.9174937600713173	1.5525680840911626	0.0	1.0	1.0
24730000	0.6028375101705008	0.0826801021092545	1.0	1.0	2.0
24740000	0.969055061780323	0.38831779698285374	1.0	1.0	2.0
24750000	3.363541505804537	0.3956732854204818	1.0	1.0	2.0
24760000	0.632737892606087	0.2548553161742134	1.0	1.0	2.0
24770000	2.0378030875514903	0.6263078685050533	1.0	1.0	2.0
24780000	1.401638727212705	0.695673897532765	1.0	1.0	2.0
24790000	1.4547279371830473	1.1530925833709513	1.0	1.0	2.0
24800000	5.597998465490692	1.9030691270155369	1.0	1.0	2.0
24810000	2.7653174751557277	0.5120639596474093	1.0	1.0	2.0
24820000	1.460795081735197	1.2303615170563895	1.0	1.0	2.0
24830000	1.4434491157427236	0.04464592218615174	1.0	1.0	2.0
24840000	2.4198359435012957	0.24922084834800082	1.0	1.0	2.0
24850000	1.1215863279194807	0.21181264090097865	1.0	1.0	2.0
24860000	1.3935223571175313	0.8083898293611219	1.0	1.0	2.0
24870000	2.2697215501183616	0.014621136334075841	1.0	1.0	2.0
24880000	0.2813988272985258	0.35521147009549264	1.0	1.0	2.0
24890000	2.347793926275922	0.18814262266476023	1.0	1.0	2.0
24900000	1.864363792542593	0.02476410336605579	1.0	1.0	2.0
24910000	1.046753127568688	0.41084046907958105	1.0	1.0	2.0
24920000	2.022520070245368	0.21950938091820602	1.0	1.0	2.0
24930000	0.3731407159882835	0.7076289591537087	1.0	1.0	2.0
24940000	0.3410456935619155	0.10666037640104958	1.0	1.0	2.0
24950000	1.4206062020656394	0.46220070254527357	1.0	1.0	2.0
24960000	1.2397142639284868	1.6884187657292717	1.0	1.0	2.0
24970000	1.426663794253575	0.24185731306207947	1.0	1.0	2.0
24980000	0.9496258465097891	1.5642966934059586	1.0	1.0	2.0
24990000	0.16513773033124865	0.27364153893918297	1.0	1.0	2.0
25000000	3.6722017666795805	1.2074255108675913	1.0	1.0	2.0
25010000	0.10011866980743177	0.1491792554042121	1.0	1.0	2.0
25020000	0.7143594625663533	0.50998821314462	1.0	1.0	2.0
25030000	0.6072295660536435	0.0964855708707223	1.0	1.0	2.0
25040000	3.1586481429903097	1.9630049581307487	1.0	1.0	2.0
25050000	1.0763763465041936	0.4310521533999183	1.0	1.0	2.0
25060000	2.205538599277687	1.7660668860212723	1.0	1.0	2.0
25070000	0.7375060201613822	0.06931644281690084	1.0	1.0	2.0
25080000	2.5122696150560975	6.020995152548995E-5	1.0	1.0	2.0
25090000	1.9343538570718826	1.0610676079647712	1.0	1.0	2.0
25100000	1.1178783417331	0.544093031262612	1.0	1.0	2.0
25110000	0.5902843758396236	0.7069871395422429	1.0	1.0	2.0
25120000	1.1251839414281615	1.415682594876965	1.0	1.0	2.0
25130000	1.050312186360684	0.2895989492952559	1.0	1.0	2.0
25140000	0.2635155857778992	0.30587222555194776	1.0	1.0	2.0
25150000	0.37100822584192955	0.11999406698026856	1.0	1.0	2.0
25160000	1.8787723735163377	0.9590367630387391	1.0	1.0	2.0
25170000	1.541004815214636	0.33083947713469003	1.0	1.0	2.0
25180000	1.511240688996385	0.22422792582477868	1.0	1.0	2.0
25190000	0.7791431764858536	0.053435664739837616	1.0	1.0	2.0
25200000	2.018252550185979	0.6298909733062176	1.0	1.0	2.0
25210000	1.1237429500648972	0.2966479060733649	1.0	1.0	2.0
25220000	1.8483426576423323	2.1053199443312973	1.0	1.0	2.0
25230000	1.812702491119238	0.5108441190322357	1.0	1.0	2.0
25240000	2.7094849096186926	0.03531338822015772	1.0	1.0	2.0
25250000	0.2021269262723892	0.017373781510552976	1.0	1.0	2.0
25260000	2.817256413861561	0.3383420716668335	1.0	1.0	2.0
25270000	0.6068686506116108	0.8477497893648516	1.0	1.0	2.0
25280000	0.9076390069007059	0.02064895188707332	1.0	1.0	2.0
25290000	0.058205973103740115	0.32232125218886853	1.0	1.0	2.0
25300000	1.062450475880782	0.562557293360836	1.0	1.0	2.0
25310000	2.1173667739928796	0.6020150881695663	1.0	1.0	2.0
25320000	1.7955956475541994	0.29427415477080154	1.0	1.0	2.0
25330000	1.3524754571793312	0.5098352733872704	1.0	1.0	2.0
25340000	0.1101719208728786	0.06930873980517703	1.0	1.0	2.0
25350000	3.29405902416234	1.1274417060277548	1.0	1.0	2.0
25360000	1.6586117213447336	0.04377737636881551	1.0	1.0	2.0
25370000	0.311176738662527	0.20123217110641983	1.0	1.0	2.0
25380000	0.9424283513869475	0.26918670120118854	1.0	1.0	2.0
25390000	0.6415197082138693	2.8346843801931552E-5	0.0	1.0	1.0
25400000	0.2319129313232669	0.003417179513164135	1.0	1.0	2.0
25410000	0.3513367599587102	0.8821320891489627	1.0	1.0	2.0
25420000	1.900192006339625	3.612991952593937	1.0	1.0	2.0
25430000	0.15095562062144618	0.08240400487446484	1.0	1.0	2.0
25440000	0.9307709515273852	0.2764507079959267	1.0	1.0	2.0
25450000	1.0367045619166049	0.01175847715294783	1.0	1.0	2.0
25460000	1.5527106155062542	0.06591204564312893	1.0	1.0	2.0
25470000	1.2019764927534402	1.8413318841082833	1.0	1.0	2.0
25480000	2.472401951866504	2.1583073083375965	1.0	1.0	2.0
25490000	1.4273264157434993	1.8422237096290959	1.0	1.0	2.0
25500000	1.0859346163258057	0.037938257855815255	1.0	1.0	2.0
25510000	1.1009938941713293	0.40718730485920923	1.0	1.0	2.0
25520000	4.803075191246231	0.8554566258898902	1.0	1.0	2.0
25530000	4.8073561909173765	0.04556309013759908	1.0	1.0	2.0
25540000	0.6303710897743572	7.901404428676718E-4	1.0	1.0	2.0
25550000	0.7837752867903731	0.19465956262591086	1.0	1.0	2.0
25560000	0.8796374586393654	0.06539359800280034	1.0	1.0	2.0
25570000	0.048969921763760776	0.0025168445063949206	1.0	1.0	2.0
25580000	0.8088034772023283	0.16251073592620155	1.0	1.0	2.0
25590000	0.8787536243049084	0.18459750312605086	1.0	1.0	2.0
25600000	0.5798739773904794	1.585856695448294	1.0	1.0	2.0
25610000	0.41199991792066354	1.1254968532584952	1.0	1.0	2.0
25620000	0.6896228653376991	0.10785920650648799	1.0	1.0	2.0
25630000	0.95456018150422	2.5154631942255703	1.0	1.0	2.0
25640000	0.9249785286827498	0.25648171793060315	1.0	1.0	2.0
25650000	0.17590386161467078	0.08803921084516732	1.0	1.0	2.0
25660000	1.138822176229094	0.44000992286457413	1.0	1.0	2.0
25670000	1.0021954099379282	0.7474990284236144	1.0	1.0	2.0
25680000	8.240147126398481	0.41297285094992	1.0	1.0	2.0
25690000	0.5605093787658119	1.4896898346126188	1.0	1.0	2.0
25700000	0.6357111712779856	0.06923584238743677	1.0	1.0	2.0
25710000	1.1707040440275294	0.7487931480774398	0.0	1.0	1.0
25720000	0.775218614209426	0.14248422929812699	1.0	1.0	2.0
25730000	4.297003317998836	0.6015182680187863	1.0	1.0	2.0
25740000	1.0864063186896755	0.8975411862942985	1.0	1.0	2.0
25750000	1.0783227692359214	0.008169694706043163	1.0	1.0	2.0
25760000	0.5117548822144387	0.1940623191748486	1.0	1.0	2.0
25770000	0.9044113170994516	0.07619784218829911	1.0	1.0	2.0
25780000	0.25105459131542074	0.31543618956061364	1.0	1.0	2.0
25790000	0.9937409408582557	0.09462294554698016	1.0	1.0	2.0
25800000	1.6942536858529693	0.9682248191652061	1.0	1.0	2.0
25810000	0.4091973795812103	0.3576028922433704	1.0	1.0	2.0
25820000	1.946086179544767	0.45838967729153335	1.0	1.0	2.0
25830000	0.9442013795611693	0.03815186710544749	1.0	1.0	2.0
25840000	0.6070836597146131	0.46213381673000115	1.0	1.0	2.0
25850000	2.0968556831278153	0.864339195613868	1.0	1.0	2.0
25860000	1.0572718032384278	0.28635517145989164	1.0	1.0	2.0
25870000	1.081058589056338	0.5422224999545399	1.0	1.0	2.0
25880000	3.2642137428890057	1.6656984238327401	1.0	1.0	2.0
25890000	0.2805883107840302	0.009848555150228214	1.0	1.0	2.0
25900000	2.8386949391198617	0.08416184431535444	1.0	1.0	2.0
25910000	1.569866728410258	0.39013093366509716	1.0	1.0	2.0
25920000	0.48962601015188956	0.36543417586575055	1.0	1.0	2.0
25930000	0.771579480660487	1.0987577636373145	1.0	1.0	2.0
25940000	1.9264841912958501	0.01897607269482648	1.0	1.0	2.0
25950000	5.356254336292711	0.4195497507347323	1.0	1.0	2.0
25960000	1.6317947076844679	0.33247787208179724	1.0	1.0	2.0
25970000	0.5995699346909374	0.27766881622919876	1.0	1.0	2.0
25980000	0.0730039950979659	0.27536804239339496	1.0	1.0	2.0
25990000	1.4933063617116669	0.10521313864309632	1.0	1.0	2.0
26000000	0.2756287150236652	0.7313311873295908	1.0	1.0	2.0
26010000	2.291674785960763	0.5430019584531653	1.0	1.0	2.0
26020000	2.892302648310324	0.2162248875388098	1.0	1.0	2.0
26030000	0.7288865960030148	0.783751838235738	1.0	1.0	2.0
26040000	3.8823809257776642	0.24681863181606226	1.0	1.0	2.0
26050000	0.8010095888522686	0.7284748942491334	1.0	1.0	2.0
26060000	0.4987605635549501	0.028451849627243998	1.0	1.0	2.0
26070000	0.9003729894853081	0.35648256000355133	1.0	1.0	2.0
26080000	1.9192249734832867	0.7905133919686208	0.0	1.0	1.0
26090000	2.698379141220391	0.22276208169071052	1.0	1.0	2.0
26100000	0.2855116005366388	0.08995851636103626	1.0	1.0	2.0
26110000	1.2666394260237355	1.5387171016989807	1.0	1.0	2.0
26120000	1.438787922510511	0.21924019870238634	1.0	1.0	2.0
26130000	0.5659703559060584	0.10696460099121281	1.0	1.0	2.0
26140000	3.5148831458274437	1.0403076067838344	1.0	1.0	2.0
26150000	0.12686988367715393	0.05029496995577093	1.0	1.0	2.0
26160000	0.70173848773108	0.062451581564729346	1.0	1.0	2.0
26170000	1.3276025997752772	0.3753585724944677	1.0	1.0	2.0
26180000	0.5238114296801867	1.098695274588858	1.0	1.0	2.0
26190000	3.906388443768412	1.7088616658412052	1.0	1.0	2.0
26200000	1.1014793656961557	0.5347611983085938	1.0	1.0	2.0
26210000	0.9823986530037441	2.09409246392941	1.0	1.0	2.0
26220000	2.0511611664054086	1.3865177488698273	1.0	1.0	2.0
26230000	0.41496607432883503	0.16931916491268403	1.0	1.0	2.0
26240000	0.223358779331406	0.0598314208059935	1.0	1.0	2.0
26250000	3.3744481807258424	0.7430250929422397	1.0	1.0	2.0
26260000	1.5096753454783	0.26858704422994206	1.0	1.0	2.0
26270000	1.2019906906661906	0.9588920451884825	1.0	1.0	2.0
26280000	0.5240269731620449	0.006914653362547007	1.0	1.0	2.0
26290000	2.5581151184767523	4.583972534880793	1.0	1.0	2.0
26300000	0.4786226611383924	0.03492097525769156	1.0	1.0	2.0
26310000	0.9569572843967883	0.017069750219813128	1.0	1.0	2.0
26320000	2.251637705632241	0.21493990763248996	1.0	1.0	2.0
26330000	1.574914394552638	1.177059725776587	1.0	1.0	2.0
26340000	0.12225862549103725	0.21912945377877685	1.0	1.0	2.0
26350000	1.2246590355659799	0.9428866344284506	1.0	1.0	2.0
26360000	0.8163855627021126	0.7290899911591924	1.0	1.0	2.0
26370000	0.4540584626854776	0.06199330520709516	1.0	1.0	2.0
26380000	0.8745379992882787	0.35697015717561786	1.0	1.0	2.0
26390000	0.9525113244019481	0.15123204470450488	1.0	1.0	2.0
26400000	0.34751584296734456	0.08333915333329356	1.0	1.0	2.0
26410000	0.9594695433277102	0.5115773803742312	1.0	1.0	2.0
26420000	0.8831432857144029	0.3146756361972857	1.0	1.0	2.0
26430000	1.6994492972619686	0.05251140814866093	1.0	1.0	2.0
26440000	0.9719336004919563	0.3236851760334747	1.0	1.0	2.0
26450000	1.7624496222298989	0.3201984875059518	1.0	1.0	2.0
26460000	2.1194266873138767	0.07714681292936525	1.0	1.0	2.0
26470000	1.1391918499736033	0.05781959436185867	1.0	1.0	2.0
26480000	3.4092352792742506	3.4456149936267475	1.0	1.0	2.0
26490000	0.6687277018965216	0.08300061848036375	1.0	1.0	2.0
26500000	2.82794096664555	0.5270830565695769	1.0	1.0	2.0
26510000	2.3677499341300643	0.28516656253616446	1.0	1.0	2.0
26520000	0.5094973105624899	0.9403323232335409	1.0	1.0	2.0
26530000	1.8523925397464454	0.2970057810796076	1.0	1.0	2.0
26540000	3.6930336918303723	1.2704269985017531	1.0	1.0	2.0
26550000	2.145127180316216	0.14548539656222678	1.0	1.0	2.0
26560000	0.8594433007568837	0.8863804014393829	1.0	1.0	2.0
26570000	0.02664898375464279	0.03982672635279124	1.0	1.0	2.0
26580000	1.0143164901245996	0.11730679249742187	1.0	1.0	2.0
26590000	1.5188013728005434	0.5954388690676653	1.0	1.0	2.0
26600000	2.5735996115398687	0.2549807045358451	1.0	1.0	2.0
26610000	0.10371994364294766	0.05596728103587984	1.0	1.0	2.0
26620000	1.9695929422201626	1.8690184841829711	1.0	1.0	2.0
26630000	1.241492739742466	0.10347516372315911	1.0	1.0	2.0
26640000	1.8520656486476552	4.653748391888633	1.0	1.0	2.0
26650000	0.2876177045750945	0.28228313303766706	1.0	1.0	2.0
26660000	0.9403999522476755	1.2564727607818391	1.0	1.0	2.0
26670000	0.7904669413106301	0.03314200645671366	1.0	1.0	2.0
26680000	0.2902455562826165	0.19499663118887306	1.0	1.0	2.0
26690000	0.2737707045888754	0.23075978479239093	1.0	1.0	2.0
26700000	1.1227641896233356	0.0130642102469768	1.0	1.0	2.0
26710000	1.1127823594421749	0.19388619933134443	1.0	1.0	2.0
26720000	1.1063308150157616	0.6673249282363618	1.0	1.0	2.0
26730000	0.510948779102875	0.1222964959569647	1.0	1.0	2.0
26740000	0.8632709718096588	0.04678306054082656	1.0	1.0	2.0
26750000	0.9118177031621658	0.11396331728650089	1.0	1.0	2.0
26760000	0.15779053407253316	0.0019520238501399792	1.0	1.0	2.0
26770000	0.8420724816496028	1.5828188170293698	1.0	1.0	2.0
26780000	2.256009516918828	0.450879405473074	1.0	1.0	2.0
26790000	2.423679246442041	1.6306709079980828	1.0	1.0	2.0
26800000	1.3477364426400378	0.433656728072047	1.0	1.0	2.0
26810000	2.7689186695346173	0.011455612519083022	1.0	1.0	2.0
26820000	1.9186512259130604	1.0750589916251538	1.0	1.0	2.0
26830000	0.5306372586399682	0.36887812833718525	1.0	1.0	2.0
26840000	1.4930398080713307	1.2019633493981179	1.0	1.0	2.0
26850000	0.44914215424116866	0.011373028247140751	1.0	1.0	2.0
26860000	0.5580365895203585	1.0331425208330065	1.0	1.0	2.0
26870000	0.3265189933133385	0.024943918148815695	1.0	1.0	2.0
26880000	0.956301769992031	1.4032461336735018	1.0	1.0	2.0
26890000	3.328719737928307	1.8439569249364587	1.0	1.0	2.0
26900000	1.1669941147303358	1.2453527594425666	1.0	1.0	2.0
26910000	3.7490284697631395	0.9541072016082803	1.0	1.0	2.0
26920000	3.0495129491865884	2.451476105233196	1.0	1.0	2.0
26930000	0.11818376064540484	0.04537766441574922	1.0	1.0	2.0
26940000	0.5578651061118387	0.5382007945825769	1.0	1.0	2.0
26950000	0.42251176810332863	0.2458160430816447	1.0	1.0	2.0
26960000	0.4892749429184361	0.1686644230682846	1.0	1.0	2.0
26970000	1.5245136706582916	0.5774631797580785	1.0	1.0	2.0
26980000	0.902618400183089	1.2905073376744114	1.0	1.0	2.0
26990000	0.3311696380984026	0.15939822822834263	1.0	1.0	2.0
27000000	0.2728993299540396	0.09447331798550643	1.0	1.0	2.0
27010000	0.8776825934193078	1.0574902604114382	1.0	1.0	2.0
27020000	0.3631602816518938	0.14443436619464156	1.0	1.0	2.0
27030000	2.839410670021482	0.219594175752214	1.0	1.0	2.0
27040000	1.365559072254357	0.1356594936629314	1.0	1.0	2.0
27050000	0.9378548046095537	0.15294580340917985	1.0	1.0	2.0
27060000	1.5401962866613983	0.09366914872654916	1.0	1.0	2.0
27070000	1.9721087787436749	0.5611944821295429	1.0	1.0	2.0
27080000	0.2553558919764447	0.7883137026096428	1.0	1.0	2.0
27090000	0.4530999938938859	0.41576876643472244	1.0	1.0	2.0
27100000	1.0996734421468666	0.48133553230132725	1.0	1.0	2.0
27110000	1.04960493214704	0.41192243997628525	1.0	1.0	2.0
27120000	2.0016858833395266	0.6596285881467002	1.0	1.0	2.0
27130000	1.0529774092141282	0.8838140079176439	1.0	1.0	2.0
27140000	0.07035842211598932	0.0324472843156191	1.0	1.0	2.0
27150000	1.7112815898588876	0.5933659273307191	1.0	1.0	2.0
27160000	0.5088728040411228	0.4895120203064468	1.0	1.0	2.0
27170000	1.7380836938827304	2.0728006862955164	1.0	1.0	2.0
27180000	0.8365842386063118	0.0015885830178077496	1.0	1.0	2.0
27190000	0.4761298179785375	0.047302765520930976	1.0	1.0	2.0
27200000	1.875066764167299	1.619371865572293	1.0	1.0	2.0
27210000	1.3599849004057212	0.21942366005181455	1.0	1.0	2.0
27220000	0.8605875070801351	0.6114072538719252	1.0	1.0	2.0
27230000	0.14771316642815327	0.11951919905412214	1.0	1.0	2.0
27240000	3.9171725901347245	3.521676978366401	1.0	1.0	2.0
27250000	0.9710314540772509	0.08173260797433547	1.0	1.0	2.0
27260000	0.5706073839619377	0.43539316486280694	1.0	1.0	2.0
27270000	1.6458379701020618	0.13636330956597692	1.0	1.0	2.0
27280000	0.9558544762733566	1.3475672285143487	1.0	1.0	2.0
27290000	2.323419977831567	0.23525308026874597	1.0	1.0	2.0
27300000	1.470484390734827	3.034159983683935	1.0	1.0	2.0
27310000	0.5653264171184897	0.15409034254684098	1.0	1.0	2.0
27320000	1.5266788003196896	0.5493162724724795	1.0	1.0	2.0
27330000	2.8603123234340253	2.5935098461535966	1.0	1.0	2.0
27340000	0.9148670979540872	2.208549571371894	1.0	1.0	2.0
27350000	0.7768429704330585	0.5792309015803412	1.0	1.0	2.0
27360000	0.25268589389067925	0.14549020313609873	1.0	1.0	2.0
27370000	0.9232517130703504	0.44768679732954647	1.0	1.0	2.0
27380000	0.42115225225208297	0.3527490991547116	0.0	1.0	1.0
27390000	0.6807403999618657	0.8312257059014814	1.0	1.0	2.0
27400000	1.0384557265816925	0.14044250026730293	1.0	1.0	2.0
27410000	0.17453902123222098	0.0972395931923196	1.0	1.0	2.0
27420000	0.9342950768650784	0.6090626398642618	1.0	1.0	2.0
27430000	5.330986307382562	1.4967321603438233	1.0	1.0	2.0
27440000	1.7737308154369358	0.6725579563158598	1.0	1.0	2.0
27450000	0.1690727909762726	0.003291042402854216	1.0	1.0	2.0
27460000	2.0980507538837982	0.1333089764029153	1.0	1.0	2.0
27470000	0.9606715377523766	0.29931032898851906	1.0	1.0	2.0
27480000	0.4401264792139148	0.031064577245249567	1.0	1.0	2.0
27490000	1.443667311674651	0.2714266511223788	1.0	1.0	2.0
27500000	0.3004330121461083	0.02876404019787186	1.0	1.0	2.0
27510000	1.5592259675986244	0.27409014628632217	1.0	1.0	2.0
27520000	2.014081526116557	0.6285262987736253	1.0	1.0	2.0
27530000	1.1425775629699013	0.07382377486391893	1.0	1.0	2.0
27540000	1.591873109049856	0.6228478943718305	1.0	1.0	2.0
27550000	0.6226820456827671	0.3508453039232031	1.0	1.0	2.0
27560000	1.62870477567059	0.054346017096263896	1.0	1.0	2.0
27570000	0.25746473758488986	0.15824953798665706	1.0	1.0	2.0
27580000	2.639916240605022	0.14703609220610545	1.0	1.0	2.0
27590000	3.1365241595597477	0.4734547404156158	1.0	1.0	2.0
27600000	2.1146532720747	0.19793932798279415	1.0	1.0	2.0
27610000	0.28832551634823267	0.5529580912114502	1.0	1.0	2.0
27620000	1.9700467411981917	1.0502214643256	1.0	1.0	2.0
27630000	0.17295845679566615	0.13979024196963272	1.0	1.0	2.0
27640000	5.628572426189739	0.056804482673307934	1.0	1.0	2.0
27650000	1.6008931362173797	3.5766294393974345	1.0	1.0	2.0
27660000	0.8353597364905713	0.5326905838857966	1.0	1.0	2.0
27670000	0.33062122117900444	0.5563412166098487	1.0	1.0	2.0
27680000	1.0597516878638202	0.6155194933834873	1.0	1.0	2.0
27690000	0.6737552670932075	0.8265945295416413	1.0	1.0	2.0
27700000	0.8810478309491067	0.19171955840246083	1.0	1.0	2.0
27710000	1.2509581515622679	1.8950403631114423	1.0	1.0	2.0
27720000	2.085584604122445	1.2711434451198516	1.0	1.0	2.0
27730000	1.9430746980534057	1.5407363214523653	1.0	1.0	2.0
27740000	0.27492706863551936	0.3801005962009775	1.0	1.0	2.0
27750000	4.35776380338196	0.6108704845727767	1.0	1.0	2.0
27760000	0.4831492677879792	0.8200310629449999	1.0	1.0	2.0
27770000	0.8167080550882206	0.5714107952276339	1.0	1.0	2.0
27780000	0.6569308843109436	0.4650054904379662	1.0	1.0	2.0
27790000	2.2275960833392263	0.5090252200844996	1.0	1.0	2.0
27800000	1.233990898832416	0.21486501488674228	1.0	1.0	2.0
27810000	0.6126348721298448	1.1668571572139539	1.0	1.0	2.0
27820000	3.1977289832619147	1.0421994555835126	1.0	1.0	2.0
27830000	1.0800833163132204	0.26286017117333216	1.0	1.0	2.0
27840000	1.7868406067187173	1.1867852618897234	1.0	1.0	2.0
27850000	1.6849635183704976	0.71077005757735	1.0	1.0	2.0
27860000	1.930506893630659	1.8663461344060002	1.0	1.0	2.0
27870000	5.136952802043595	0.38637866506364	1.0	1.0	2.0
27880000	2.237524232958898	0.0942284575606949	1.0	1.0	2.0
27890000	2.9625640425440527	0.12108367412625831	1.0	1.0	2.0
27900000	0.7564473358982357	0.15702853098739158	1.0	1.0	2.0
27910000	0.930530696311355	0.8057277661598478	1.0	1.0	2.0
27920000	1.2002794043905574	0.1478741980574506	1.0	1.0	2.0
27930000	0.8866959593564673	0.10522980933920141	1.0	1.0	2.0
27940000	0.7547633092714072	0.8787854191890854	1.0	1.0	2.0
27950000	0.8486481361540835	0.5094887388355316	1.0	1.0	2.0
27960000	1.401119134675451	1.793100729928978	1.0	1.0	2.0
27970000	0.528332963666947	0.0191444594563275	1.0	1.0	2.0
27980000	1.0946836130374957	1.0290283883149616	1.0	1.0	2.0
27990000	0.7930271693815822	1.1473493119337803	1.0	1.0	2.0
28000000	0.3155696266612337	0.17031060902745151	1.0	1.0	2.0
28010000	0.6672301129336973	0.5255830225018876	1.0	1.0	2.0
28020000	3.254889324232672	0.34443520152748447	1.0	1.0	2.0
28030000	1.8486168545404142	0.22525095095713626	1.0	1.0	2.0
28040000	0.33819269798853097	0.15888014987888568	1.0	1.0	2.0
28050000	0.15195991231058137	0.11735733555947489	1.0	1.0	2.0
28060000	1.617910636806904	0.07847791639783527	1.0	1.0	2.0
28070000	0.13293575514432263	0.03284868554708838	1.0	1.0	2.0
28080000	0.7413122372536051	0.21252523212450333	1.0	1.0	2.0
28090000	0.9105764248536998	0.17272960164467144	1.0	1.0	2.0
28100000	1.3242049129637699	0.09635447829774407	1.0	1.0	2.0
28110000	2.0800929554883125	0.26653542001961844	1.0	1.0	2.0
28120000	1.7390652145599808	0.83663120958041	1.0	1.0	2.0
28130000	3.7130584271311737	1.6443487418723575	1.0	1.0	2.0
28140000	0.6425774256918021	0.1070901241661801	1.0	1.0	2.0
28150000	1.257727695892638	0.013496882140744933	1.0	1.0	2.0
28160000	0.8567217609179442	0.4113959886073444	1.0	1.0	2.0
28170000	0.9973770258685313	1.7750166019757447	1.0	1.0	2.0
28180000	0.49652236460426596	1.1236488877991786	1.0	1.0	2.0
28190000	0.3634078487369764	0.38075965187224303	1.0	1.0	2.0
28200000	0.15896883897622036	0.025490380167425254	1.0	1.0	2.0
28210000	1.2779736410268316	2.0076406483400016	1.0	1.0	2.0
28220000	1.0499338459207044	0.5935173615876432	1.0	1.0	2.0
28230000	0.9377140920844768	0.6828287676582779	1.0	1.0	2.0
28240000	0.910667469876486	0.38106235361268437	1.0	1.0	2.0
28250000	0.14953275345075442	0.006061918298531354	1.0	1.0	2.0
28260000	0.650124241007547	0.023373180253826967	1.0	1.0	2.0
28270000	0.5454807254897219	0.38045126710223587	1.0	1.0	2.0
28280000	0.5153858416582453	1.3107157863356997	1.0	1.0	2.0
28290000	2.177676532652677	0.07082911171427228	1.0	1.0	2.0
28300000	0.03970442835898363	0.04461864445654188	1.0	1.0	2.0
28310000	2.3198549572797256	1.6564196349097682	1.0	1.0	2.0
28320000	1.4897136192224585	0.21554117340444814	1.0	1.0	2.0
28330000	0.944892952642146	0.14468250218210404	1.0	1.0	2.0
28340000	4.497416015763321	0.6781777684028875	1.0	1.0	2.0
28350000	2.870717902254238	0.1431119410131957	1.0	1.0	2.0
28360000	1.607861891539399	2.374771415414517	1.0	1.0	2.0
28370000	2.34247051503316	0.28166896489234305	1.0	1.0	2.0
28380000	1.6826161794735621	0.18074241547776654	1.0	1.0	2.0
28390000	1.1975663248800494	0.09832566578970954	1.0	1.0	2.0
28400000	3.140347107527698	1.0221546063878733	1.0	1.0	2.0
28410000	2.006015726686714	1.1851157587105041	1.0	1.0	2.0
28420000	2.043004517720309	1.4843325710926774	1.0	1.0	2.0
28430000	1.5058483299167165	0.2057504580323221	1.0	1.0	2.0
28440000	0.26623211280225156	0.6330012291841544	1.0	1.0	2.0
28450000	1.6381181519363004	0.1619694607753996	1.0	1.0	2.0
28460000	1.6732305836955814	2.6597994237985123	1.0	1.0	2.0
28470000	0.3816954052639694	0.5467438806714892	1.0	1.0	2.0
28480000	3.9335263522407793	0.24277082064919753	1.0	1.0	2.0
28490000	1.9673258304000318	2.8769361260729593	1.0	1.0	2.0
28500000	0.6895348148124442	1.3737516712334716	1.0	1.0	2.0
28510000	0.5588463613633002	0.654393564631185	1.0	1.0	2.0
28520000	1.5391285473932157	0.4949230608825321	1.0	1.0	2.0
28530000	0.37676543184190964	0.31275263652950636	1.0	1.0	2.0
28540000	4.375399310307526	0.5406499656238313	1.0	1.0	2.0
28550000	0.36063556854311735	0.5001228447029077	1.0	1.0	2.0
28560000	0.3501655925295464	0.5934006637347328	1.0	1.0	2.0
28570000	1.8202137376507062	1.1426634117404162	1.0	1.0	2.0
28580000	3.598694096701058	1.4965442362454469	1.0	1.0	2.0
28590000	1.334221988610523	1.0678766312702217	1.0	1.0	2.0
28600000	0.8405460171643411	1.8346628330172503	1.0	1.0	2.0
28610000	1.0513069605635013	1.4961534600008966	1.0	1.0	2.0
28620000	0.2782676448736496	0.07538173759448635	1.0	1.0	2.0
28630000	2.3186286110830285	0.7900331618517928	1.0	1.0	2.0
28640000	2.392950971153159	0.8821229943492499	1.0	1.0	2.0
28650000	0.7782170891856642	0.015801663223445908	1.0	1.0	2.0
28660000	1.2610789313423887	1.246003921546534	1.0	1.0	2.0
28670000	1.6607766721770083	0.050891076765176686	1.0	1.0	2.0
28680000	3.1287925257867233	0.8868733106263114	1.0	1.0	2.0
28690000	0.28583111331732364	0.23693175904896016	1.0	1.0	2.0
28700000	1.732232019723052	1.4166925047108336	1.0	1.0	2.0
28710000	0.35060583896511693	0.48255944054504385	1.0	1.0	2.0
28720000	0.8439673920009864	1.2090363510090152	1.0	1.0	2.0
28730000	0.7410868428266979	0.3846296398854694	1.0	1.0	2.0
28740000	0.7617346081697612	0.044469146671008694	1.0	1.0	2.0
28750000	1.2182251979422039	1.2428089414589685	1.0	1.0	2.0
28760000	2.3192316296430673	1.2465459130143854	1.0	1.0	2.0
28770000	1.33273796826873	0.7208404423905317	1.0	1.0	2.0
28780000	1.7818174890654728	0.861118738243416	1.0	1.0	2.0
28790000	0.3138273528804739	0.3293779831167647	1.0	1.0	2.0
28800000	3.0263937690814875	0.49646008784083834	1.0	1.0	2.0
28810000	1.031073280896098	0.31010250833730346	1.0	1.0	2.0
28820000	1.5118778362995586	1.7094335893162436	1.0	1.0	2.0
28830000	2.1841506274927127	0.43656600826288694	1.0	1.0	2.0
28840000	0.3436929051475134	0.506245738745193	1.0	1.0	2.0
28850000	0.2621500676070861	0.11255168922227693	1.0	1.0	2.0
28860000	1.5831344229899678	0.6347169774838418	1.0	1.0	2.0
28870000	0.8633187096388536	0.08082110943958272	1.0	1.0	2.0
28880000	1.4352529946569001	1.5002624901980361	1.0	1.0	2.0
28890000	0.9775992589332805	1.219750415827858	1.0	1.0	2.0
28900000	0.8955143066494448	0.28214892687350007	1.0	1.0	2.0
28910000	0.678322315302686	0.05062317522858306	1.0	1.0	2.0
28920000	0.6579811800512713	4.392050952167266	1.0	1.0	2.0
28930000	1.0818634081837473	0.23784490419498405	1.0	1.0	2.0
28940000	0.483124785772328	0.06930494267823382	1.0	1.0	2.0
28950000	0.32774181642884304	0.6271303781720377	1.0	1.0	2.0
28960000	0.12622112155220622	0.19899746146624028	1.0	1.0	2.0
28970000	3.499119413258424	0.33852000478603894	1.0	1.0	2.0
28980000	0.8782338017441975	0.4216580140769174	1.0	1.0	2.0
28990000	3.6579574854187045	0.17404158683534496	1.0	1.0	2.0
29000000	1.5893180145987615	1.5953918559529	1.0	1.0	2.0
29010000	0.5522909156850915	0.18352678408637055	1.0	1.0	2.0
29020000	1.024498908700555	0.16572423538090172	1.0	1.0	2.0
29030000	0.2026612346846499	0.23655218689104957	1.0	1.0	2.0
29040000	1.1011415876107213	0.28211146343223054	1.0	1.0	2.0
29050000	3.5686936891146672	0.575283978808895	1.0	1.0	2.0
29060000	1.8206245117838242	0.2949674565897014	1.0	1.0	2.0
29070000	0.4051233339648911	0.8176383843336842	1.0	1.0	2.0
29080000	0.22877278900489564	0.0448033060649937	1.0	1.0	2.0
29090000	0.4902561742926019	0.4460876119635258	1.0	1.0	2.0
29100000	0.2562374924428106	0.33714986914990136	1.0	1.0	2.0
29110000	1.7159486798184922	1.047695614950905	1.0	1.0	2.0
29120000	0.6812902131833215	0.008039052088056598	1.0	1.0	2.0
29130000	2.607788602455177	0.21431671621877632	1.0	1.0	2.0
29140000	1.1400189208180054	0.21641198479638848	1.0	1.0	2.0
29150000	2.6346194574809614	0.3137497537038081	1.0	1.0	2.0
29160000	1.3013040428371743	0.13284985342295164	1.0	1.0	2.0
29170000	0.141416739870176	0.01722713174422054	1.0	1.0	2.0
29180000	0.2496076221283965	0.10363600397158096	1.0	1.0	2.0
29190000	3.1475448984410357	0.7763416906978222	1.0	1.0	2.0
29200000	3.3784843148998056	0.27489361499907433	1.0	1.0	2.0
29210000	1.529058027209365	0.5522092907104552	1.0	1.0	2.0
29220000	1.0663390789354543	0.026222892877498735	1.0	1.0	2.0
29230000	0.34367586177587756	0.054416036414986	1.0	1.0	2.0
29240000	0.08593731669293234	0.7160823087583313	1.0	1.0	2.0
29250000	0.21006618419442394	0.1746301682972938	1.0	1.0	2.0
29260000	2.4804399992255406	0.46265568789188655	1.0	1.0	2.0
29270000	1.0690643732987104	1.272486371638414	1.0	1.0	2.0
29280000	2.0809285120512855	0.21179111207256396	1.0	1.0	2.0
29290000	1.146629603282028	0.7851078837546518	1.0	1.0	2.0
29300000	1.4054141535495366	0.2436775545923167	1.0	1.0	2.0
29310000	0.9621041255456073	0.3935102883871694	1.0	1.0	2.0
29320000	2.5708513603090513	0.1901484063309952	1.0	1.0	2.0
29330000	1.2810949843271409	0.8604986941616044	1.0	1.0	2.0
29340000	1.8571073962432116	0.5148242763223005	1.0	1.0	2.0
29350000	0.728425769252152	0.1400026964866017	1.0	1.0	2.0
29360000	0.4183318830004354	0.3633763863937715	1.0	1.0	2.0
29370000	0.4486470386061278	0.47571276399762874	1.0	1.0	2.0
29380000	1.136541760758964	0.07325007442335223	1.0	1.0	2.0
29390000	3.9363435588035163	0.8931445226558334	1.0	1.0	2.0
29400000	0.24136303295409475	0.7120517884012276	1.0	1.0	2.0
29410000	1.220449354248473	1.1921055472264879	1.0	1.0	2.0
29420000	0.1812275883696134	2.8403012859618655E-4	1.0	1.0	2.0
29430000	0.6509911590895804	0.2863654949394277	1.0	1.0	2.0
29440000	3.2223576235725417	0.048688994793196966	1.0	1.0	2.0
29450000	0.723555770381267	0.988257871683065	1.0	1.0	2.0
29460000	2.9558023622443725	0.4113529567195395	1.0	1.0	2.0
29470000	0.17873441843011473	0.2184478833496821	1.0	1.0	2.0
29480000	0.8953841861477292	0.9091951750418387	1.0	1.0	2.0
29490000	2.5093512158330284	0.2113085238638337	1.0	1.0	2.0
29500000	0.07802898979337092	0.04436786226962632	1.0	1.0	2.0
29510000	0.34247415581219054	0.22423815242234307	1.0	1.0	2.0
29520000	1.7059069463226888	0.18017866623352252	1.0	1.0	2.0
29530000	1.6320949049227862	0.5340091133674164	1.0	1.0	2.0
29540000	0.8684151094365471	0.08390594761024146	1.0	1.0	2.0
29550000	1.3805472157224694	0.5606719057826779	1.0	1.0	2.0
29560000	1.516032718186277	0.34156169659656954	1.0	1.0	2.0
29570000	1.1613577667265564	1.716137878231335	1.0	1.0	2.0
29580000	0.16081806873257157	0.942559127460318	1.0	1.0	2.0
29590000	2.845041718581962	0.14955590319584747	1.0	1.0	2.0
29600000	0.2927018637736104	0.4769515652506553	1.0	1.0	2.0
29610000	0.6074034452924552	0.2215496928636957	1.0	1.0	2.0
29620000	0.6177273756899169	0.3267388621323117	1.0	1.0	2.0
29630000	0.8462391396756205	0.652803614625096	1.0	1.0	2.0
29640000	0.5222528112535513	0.6693484768814784	1.0	1.0	2.0
29650000	1.6074544267458337	0.8321851885926972	1.0	1.0	2.0
29660000	0.623468380144442	0.05232011333919811	1.0	1.0	2.0
29670000	0.3149796181027568	0.041262306308662566	1.0	1.0	2.0
29680000	0.5064296480196259	0.06773720811769306	1.0	1.0	2.0
29690000	0.5497211785684143	0.20897090685794195	1.0	1.0	2.0
29700000	0.33181922960465476	0.414239181474162	1.0	1.0	2.0
29710000	1.3243750299307204	0.6106580429121513	1.0	1.0	2.0
29720000	0.8351153824501629	0.15631026434841372	1.0	1.0	2.0
29730000	1.7307612987938807	0.591141039166797	1.0	1.0	2.0
29740000	0.40132753372596686	0.18305163710181063	1.0	1.0	2.0
29750000	0.7926915780920529	0.8478004191144588	1.0	1.0	2.0
29760000	0.6180682977060119	1.2761965555249544	1.0	1.0	2.0
29770000	1.4539873987889649	0.33878685102954653	1.0	1.0	2.0
29780000	1.286186433932761	3.0175416140459674	1.0	1.0	2.0
29790000	0.8191566473799408	0.062047563177917174	1.0	1.0	2.0
29800000	1.2822089539959176	0.25148768210750727	1.0	1.0	2.0
29810000	1.021646039678199	0.12298880420922444	1.0	1.0	2.0
29820000	0.2815971882236633	0.11540303762557008	1.0	1.0	2.0
29830000	1.2143279718924491	0.12008450777542126	1.0	1.0	2.0
29840000	2.7094862441448457	2.5923682193622097	1.0	1.0	2.0
29850000	1.1559589833859276	0.35730354428157746	1.0	1.0	2.0
29860000	2.7601345871164944	0.8748245307572834	1.0	1.0	2.0
29870000	0.16106826074103628	0.08874066155213332	1.0	1.0	2.0
29880000	0.03513063573392217	0.015088613274759277	1.0	1.0	2.0
29890000	0.6360461718085949	0.9211839094788642	1.0	1.0	2.0
29900000	1.6957141755880711	0.7794339632748188	1.0	1.0	2.0
29910000	0.3245732097160212	1.3705444004797336	1.0	1.0	2.0
29920000	0.9032174636826159	1.1024423969379966	1.0	1.0	2.0
29930000	3.6151226831994214	0.7680895899235699	1.0	1.0	2.0
29940000	3.3659458196370706	0.6400352356149321	1.0	1.0	2.0
29950000	2.233243402844668	1.8590172370436362	1.0	1.0	2.0
29960000	2.369090472575532	1.1237421435932613	1.0	1.0	2.0
29970000	1.8740416045783834	0.08433657260027072	1.0	1.0	2.0
29980000	0.3606068687313142	0.30541522548317046	1.0	1.0	2.0
29990000	0.1040354348336231	0.495938024043538	1.0	1.0	2.0
30000000	0.1335791796536414	0.14241624367379263	1.0	1.0	2.0
30010000	1.3678351483163895	0.10146510142526177	1.0	1.0	2.0
30020000	1.472678184903334	0.682609140190901	1.0	1.0	2.0
30030000	0.44028686200193456	0.2509566092418206	1.0	1.0	2.0
30040000	0.7476243257916988	1.221073743623464	1.0	1.0	2.0
30050000	1.022796142769791	0.312032603578135	1.0	1.0	2.0
30060000	0.5486941187949989	0.09291141847887485	1.0	1.0	2.0
30070000	1.02868860936151	0.7704014522506742	1.0	1.0	2.0
30080000	1.289678465711475	2.0371914496231103	1.0	1.0	2.0
30090000	0.04211372129406639	0.03628943230424398	1.0	1.0	2.0
30100000	1.7380134902906956	0.31311716193799494	1.0	1.0	2.0
30110000	0.8640471096315385	0.14527115204214996	1.0	1.0	2.0
30120000	0.2790403728122056	0.34799707187031814	1.0	1.0	2.0
30130000	1.17031584759722	0.013515143524053544	1.0	1.0	2.0
30140000	2.328351001231269	1.515113737442887	1.0	1.0	2.0
30150000	1.966488663076931	0.1464368358925324	1.0	1.0	2.0
30160000	4.826107269558833	1.3417825540891182	1.0	1.0	2.0
30170000	1.9825119240384812	1.5970869131148353	1.0	1.0	2.0
30180000	0.27699288056531807	0.07674513556303734	1.0	1.0	2.0
30190000	0.7655288311915976	0.14541372714301498	1.0	1.0	2.0
30200000	0.625728446840813	0.8389467073072033	1.0	1.0	2.0
30210000	1.3723838180058279	0.6264594398371234	1.0	1.0	2.0
30220000	2.1056186690317413	0.7159207647940729	1.0	1.0	2.0
30230000	0.16306772824787852	0.17990047091783704	1.0	1.0	2.0
30240000	1.5504563240182225	0.42711184314508804	1.0	1.0	2.0
30250000	1.1486943468151753	0.7038540049809134	1.0	1.0	2.0
30260000	1.3707038664559132	6.525291239919868E-5	1.0	1.0	2.0
30270000	0.11846795743521188	0.16767065759117392	1.0	1.0	2.0
30280000	1.8038114200807152	0.509880012929088	1.0	1.0	2.0
30290000	0.24187206166799985	0.2387320072138109	1.0	1.0	2.0
30300000	2.8870370838814594	0.3366264103121511	1.0	1.0	2.0
30310000	0.4977105353961614	0.983502381700045	1.0	1.0	2.0
30320000	1.4070970843254609	0.18119372231189113	1.0	1.0	2.0
30330000	2.2995319460274066	0.06126215225055297	1.0	1.0	2.0
30340000	0.489222756074253	1.3372702254892115	1.0	1.0	2.0
30350000	2.7101638579562364	2.122919762744218	1.0	1.0	2.0
30360000	1.8391728304286175	1.0987583449016236	1.0	1.0	2.0
30370000	2.4843073254494277	0.4260697213542641	1.0	1.0	2.0
30380000	1.4694785432163673	0.5108942526633907	1.0	1.0	2.0
30390000	1.4120094380612631	0.37978720292969875	1.0	1.0	2.0
30400000	1.9307528653433208	0.5637448201495904	1.0	1.0	2.0
30410000	0.724529651064676	0.1759586962855048	1.0	1.0	2.0
30420000	0.5027424340618952	0.05585496705433256	1.0	1.0	2.0
30430000	0.583831000373	0.8496269859008465	1.0	1.0	2.0
30440000	0.8809657527410353	0.2529868922785209	1.0	1.0	2.0
30450000	0.4575474506501942	0.4173342164279074	1.0	1.0	2.0
30460000	0.13358374540449122	0.07107040384875012	1.0	1.0	2.0
30470000	1.0948166152079355	2.4964254304318527	1.0	1.0	2.0
30480000	2.1472321370057323	1.0588243903325196	1.0	1.0	2.0
30490000	0.7558848585409318	0.38955621751481806	1.0	1.0	2.0
30500000	0.11614511291579759	0.0016375139647383395	1.0	1.0	2.0
30510000	0.6470547930613385	0.18640506353703504	1.0	1.0	2.0
30520000	0.8747051787998691	0.49915641151791984	1.0	1.0	2.0
30530000	0.8249513311631748	0.30163944385839225	1.0	1.0	2.0
30540000	0.773894115533353	0.3129728738852031	1.0	1.0	2.0
30550000	1.040661957175126	0.3399987785113541	1.0	1.0	2.0
30560000	3.7743202087388124	0.7327783972194836	1.0	1.0	2.0
30570000	0.7569972151208595	0.26498389962985947	1.0	1.0	2.0
30580000	0.2788017167334506	0.007932851296736756	1.0	1.0	2.0
30590000	1.5253498975490247	0.4024152435174121	1.0	1.0	2.0
30600000	0.13873630503597303	0.02811654150300479	1.0	1.0	2.0
30610000	1.7431951926271023	0.8678350814161658	1.0	1.0	2.0
30620000	0.6036985887220503	0.00544971523718044	1.0	1.0	2.0
30630000	0.40734166778852277	0.41593853750708487	1.0	1.0	2.0
30640000	1.2176182166373168	1.3061868715096638	1.0	1.0	2.0
30650000	0.3210790491631008	0.2593224562856064	1.0	1.0	2.0
30660000	1.5993186928711418	0.0962151563530584	1.0	1.0	2.0
30670000	3.166200878210291	1.1774747792319704	1.0	1.0	2.0
30680000	2.0359179727319203	0.20099528539319783	1.0	1.0	2.0
30690000	0.5131051754994779	0.05722909377680301	1.0	1.0	2.0
30700000	1.0104741149875245	0.24999531895564076	1.0	1.0	2.0
30710000	0.534900022657604	0.871423967791126	1.0	1.0	2.0
30720000	1.9588141301161268	0.0641700487957739	1.0	1.0	2.0
30730000	1.3476388476320313	0.1492583287388236	1.0	1.0	2.0
30740000	1.6944534824310848	0.8888782106266124	1.0	1.0	2.0
30750000	0.3490689416159453	0.504217776591948	1.0	1.0	2.0
30760000	2.321702407081645	0.5319336900412472	1.0	1.0	2.0
30770000	4.119526404759498	0.47387771637728615	1.0	1.0	2.0
30780000	1.8386575179915923	0.536749364464952	1.0	1.0	2.0
30790000	0.8316665161389365	0.752923087276504	1.0	1.0	2.0
30800000	3.0546145080573255	0.9316501570302358	1.0	1.0	2.0
30810000	2.542715102234041	2.181245314392193	1.0	1.0	2.0
30820000	0.1853974025226416	0.5117264138352402	1.0	1.0	2.0
30830000	0.599288142482953	0.10713364760538278	1.0	1.0	2.0
30840000	3.792361968907683	0.8031299881134669	1.0	1.0	2.0
30850000	0.2508939995927185	0.1881265803738817	1.0	1.0	2.0
30860000	1.4581987949549553	0.8774304414838088	1.0	1.0	2.0
30870000	0.4375660665242848	0.07876403091865387	1.0	1.0	2.0
30880000	1.9922727232439699	1.3793563574137115	1.0	1.0	2.0
30890000	0.2315907727387101	0.30490665468068306	1.0	1.0	2.0
30900000	1.3416378332125078	0.8478352069867098	1.0	1.0	2.0
30910000	1.5968712609217728	0.7235332496227772	1.0	1.0	2.0
30920000	0.2941709070024889	0.0702577292842557	1.0	1.0	2.0
30930000	0.09334127539912682	0.16892957678243303	1.0	1.0	2.0
30940000	0.7969987038222592	0.04426141978499815	1.0	1.0	2.0
30950000	1.0873884130909097	0.10218488246682615	1.0	1.0	2.0
30960000	2.3002449316081504	0.10567403168256287	1.0	1.0	2.0
30970000	0.8978803295397337	0.06380846432478494	1.0	1.0	2.0
30980000	1.8374069408333151	2.0506015496786025	1.0	1.0	2.0
30990000	1.363555296653514	1.2778479325071097	1.0	1.0	2.0
31000000	0.7692317602126295	0.12040656754978193	1.0	1.0	2.0
31010000	0.6753983109901281	3.5050659796061487	1.0	1.0	2.0
31020000	3.3257080791931353	1.2087285267139385	1.0	1.0	2.0
31030000	0.22028723714581694	0.030551398163290708	1.0	1.0	2.0
31040000	1.390308488703137	1.2450880425317665	1.0	1.0	2.0
31050000	1.8335761020627623	0.030443632893777783	1.0	1.0	2.0
31060000	0.6148191669943022	0.4791996517842031	1.0	1.0	2.0
31070000	1.6918858191145332	0.22055164758312054	1.0	1.0	2.0
31080000	1.619524275511698	0.24516715243711854	1.0	1.0	2.0
31090000	1.1979599931128968	0.3159773250913538	1.0	1.0	2.0
31100000	2.3198873614056796	0.5720849811664666	1.0	1.0	2.0
31110000	1.4613748720542572	1.5228210204857453	1.0	1.0	2.0
31120000	1.562994102486435	0.47314381374353687	1.0	1.0	2.0
31130000	0.792743454974621	0.3575701652879093	1.0	1.0	2.0
31140000	0.10693266276562233	0.014013465858745008	1.0	1.0	2.0
31150000	0.6362803914818822	1.1233263530188924	1.0	1.0	2.0
31160000	1.2568607422340017	0.4322510358226687	1.0	1.0	2.0
31170000	0.9277749758992817	0.9189003631902707	1.0	1.0	2.0
31180000	0.48612314731224143	0.10761452837085599	1.0	1.0	2.0
31190000	0.07428308950538028	0.12027756891156462	1.0	1.0	2.0
31200000	3.3932015793197636	0.159115565677487	1.0	1.0	2.0
31210000	1.1150387620366828	1.496395740383027	1.0	1.0	2.0
31220000	1.334634043815503	0.3607647935429238	1.0	1.0	2.0
31230000	0.750052872324363	0.06605257451073197	1.0	1.0	2.0
31240000	0.8905849058092236	0.004733201479041466	1.0	1.0	2.0
31250000	0.43060064621361444	0.15299042822615827	1.0	1.0	2.0
31260000	1.370911355095898	0.2646849393473732	1.0	1.0	2.0
31270000	0.34823993064773157	3.548412389831491	0.0	1.0	1.0
31280000	0.8199525272616569	0.17260414517016343	1.0	1.0	2.0
31290000	0.6063650401480295	0.4957964866844157	1.0	1.0	2.0
31300000	2.3604554156886097	0.9368032192750896	1.0	1.0	2.0
31310000	1.3717842551294959	0.4776562069926119	1.0	1.0	2.0
31320000	1.1702022677798716	1.008202483550594	1.0	1.0	2.0
31330000	0.7947087901437386	3.408040359553795	1.0	1.0	2.0
31340000	0.2571473013226388	0.8611134711749601	1.0	1.0	2.0
31350000	0.34343059503601536	0.7984896760324895	1.0	1.0	2.0
31360000	3.364565412034657	0.009503751684203438	1.0	1.0	2.0
31370000	0.8841106674141695	0.0334359189685372	1.0	1.0	2.0
31380000	1.5399167694091358	0.149489321231502	1.0	1.0	2.0
31390000	1.0495941350771418	0.5366977819470726	1.0	1.0	2.0
31400000	0.8417678596453351	0.1408630774488616	1.0	1.0	2.0
31410000	2.3940449736444256	0.9981431855967219	1.0	1.0	2.0
31420000	0.7149249326717815	0.2377251421901471	1.0	1.0	2.0
31430000	1.297725807305907	1.4639225329115042	1.0	1.0	2.0
31440000	0.5521827484431316	0.37363755217586714	1.0	1.0	2.0
31450000	1.5745671495338451	0.11371203275239729	1.0	1.0	2.0
31460000	2.1581238786185235	0.06126867694361899	1.0	1.0	2.0
31470000	2.0915425392138265	0.13685194336807774	1.0	1.0	2.0
31480000	1.3733569201575888	0.04770721972525619	1.0	1.0	2.0
31490000	0.8476295159202616	0.7728607176532857	1.0	1.0	2.0
31500000	0.3632837320764763	0.07013315896100288	1.0	1.0	2.0
31510000	0.854750636869397	0.6328068770311367	1.0	1.0	2.0
31520000	0.578039222793839	0.17329902112059978	1.0	1.0	2.0
31530000	0.7816603459389178	0.037970040775627524	1.0	1.0	2.0
31540000	1.5902697479080143	2.3233662743764096	1.0	1.0	2.0
31550000	0.8850749183264535	0.06266845483004599	1.0	1.0	2.0
31560000	0.3798293267470946	0.2051483728608328	1.0	1.0	2.0
31570000	3.2632390902200448	5.642569451020663	1.0	1.0	2.0
31580000	0.5314534328406474	0.634023523314029	1.0	1.0	2.0
31590000	4.0188098372533725	0.5217051229154888	1.0	1.0	2.0
31600000	0.5456452525150082	0.3144000222924236	1.0	1.0	2.0
31610000	1.3791984534881985	1.1356102176623015	1.0	1.0	2.0
31620000	1.0322549105633754	0.1529821756383469	1.0	1.0	2.0
31630000	2.7113411867824193	0.6243522170701298	1.0	1.0	2.0
31640000	0.6436192666993114	0.4733110242748928	1.0	1.0	2.0
31650000	2.3001973674412475	0.11709807098802237	1.0	1.0	2.0
31660000	0.8923658522282193	0.8329600984834237	1.0	1.0	2.0
31670000	0.44977648222040867	0.08213200640156615	1.0	1.0	2.0
31680000	1.2727675254330642	0.37204583668101726	1.0	1.0	2.0
31690000	3.119701891429452	1.0019371061472135	1.0	1.0	2.0
31700000	0.5065670911349501	0.14406084122560855	1.0	1.0	2.0
31710000	4.124931778076244	2.332805600672982	1.0	1.0	2.0
31720000	0.4301833153666883	0.4755178951693633	1.0	1.0	2.0
31730000	2.2908461613842883	0.19616776186829454	1.0	1.0	2.0
31740000	0.7889661187523263	0.4004029636575103	1.0	1.0	2.0
31750000	1.0191260090446843	0.9626372105925969	1.0	1.0	2.0
31760000	1.6253576808398458	0.15086323855195127	1.0	1.0	2.0
31770000	0.3930623144935794	0.2762306436172475	1.0	1.0	2.0
31780000	1.3543715236200253	1.248236295770593	1.0	1.0	2.0
31790000	1.8899127781339302	0.43012243459747973	1.0	1.0	2.0
31800000	0.8932609745973196	2.2637847280059913	1.0	1.0	2.0
31810000	0.8136839264048321	0.7736677765100979	1.0	1.0	2.0
31820000	1.0436574046907567	0.7642165337256339	1.0	1.0	2.0
31830000	0.775320469985575	0.08060721282198212	1.0	1.0	2.0
31840000	2.589821617896768	0.2148458027108955	1.0	1.0	2.0
31850000	0.6043295387416895	0.5457372670336412	1.0	1.0	2.0
31860000	1.189412366287056	0.19894392281089393	1.0	1.0	2.0
31870000	4.586591285530687	0.6945485755612094	1.0	1.0	2.0
31880000	2.1257246041776505	3.8046329480859207	1.0	1.0	2.0
31890000	0.8310952338284232	1.3317952278353467	1.0	1.0	2.0
31900000	0.4112725205310435	0.8001511239638609	1.0	1.0	2.0
31910000	2.2874226361945413	0.26544657392336923	1.0	1.0	2.0
31920000	1.0636245479946167	1.187693642479609	1.0	1.0	2.0
31930000	1.8256849055911666	0.08128141115712502	1.0	1.0	2.0
31940000	0.23377159269601588	0.07446021468042298	1.0	1.0	2.0
31950000	0.4052370455423363	0.08014942473978838	1.0	1.0	2.0
31960000	0.753040261867016	1.8684449772354317	1.0	1.0	2.0
31970000	0.29717784493231203	0.19108826555132313	1.0	1.0	2.0
31980000	2.1034270783478437	1.3760716883734692	1.0	1.0	2.0
31990000	3.906779056463136	2.232264328217788	1.0	1.0	2.0
32000000	2.310582906200022	0.6001430663029896	1.0	1.0	2.0
32010000	0.5665857568570026	0.07978818100040731	1.0	1.0	2.0
32020000	0.09847940315446342	0.07289352567052781	1.0	1.0	2.0
32030000	2.103474647870817	0.33273676204844327	1.0	1.0	2.0
32040000	1.4637077454878935	0.017236993187377668	1.0	1.0	2.0
32050000	1.1239823926976322	0.6184876262315725	1.0	1.0	2.0
32060000	0.773287698831247	0.0407607302187446	1.0	1.0	2.0
32070000	1.1883500380452678	0.2780959893756278	1.0	1.0	2.0
32080000	0.5204851073093495	1.2852999858985676	1.0	1.0	2.0
32090000	1.5127473424513513	2.303328401207707	1.0	1.0	2.0
32100000	1.0294289276754096	0.3937940180943264	1.0	1.0	2.0
32110000	0.964003834358931	0.18603565928740373	1.0	1.0	2.0
32120000	0.24434067892685993	0.1324008298520211	1.0	1.0	2.0
32130000	0.37646226141780953	0.10613787414714992	1.0	1.0	2.0
32140000	0.6113968410381705	0.45931796581039547	1.0	1.0	2.0
32150000	2.2461590842973305	0.33736490537743563	1.0	1.0	2.0
32160000	1.114716466250829	0.19187715719037163	1.0	1.0	2.0
32170000	2.362659388309344	1.1045088209143619	1.0	1.0	2.0
32180000	0.6040912700186134	0.4524443821905249	1.0	1.0	2.0
32190000	0.9723008597128479	0.13869493569670993	1.0	1.0	2.0
32200000	0.7682061023814465	0.31153303808901417	1.0	1.0	2.0
32210000	2.041336766749888	0.7758128454045973	1.0	1.0	2.0
32220000	1.72157340245314	0.4320910316673424	1.0	1.0	2.0
32230000	1.2958195557037222	0.5506085119311784	1.0	1.0	2.0
32240000	2.2213268255856105	0.10104963924126265	1.0	1.0	2.0
32250000	0.995327142671168	1.5138998675169735	1.0	1.0	2.0
32260000	1.2205285175624365	0.16981347551113884	1.0	1.0	2.0
32270000	1.4385009905869297	0.2546668455986595	1.0	1.0	2.0
32280000	1.8393508841114594	0.6692633188341203	1.0	1.0	2.0
32290000	2.327378822120364	0.6848000375477613	1.0	1.0	2.0
32300000	1.0863417673547981	0.37340127669207956	1.0	1.0	2.0
32310000	2.6610048113654483	0.4731476909644847	1.0	1.0	2.0
32320000	2.090044640694627	0.2642617203854919	1.0	1.0	2.0
32330000	3.012838663794242	0.20229076854786668	1.0	1.0	2.0
32340000	0.32840425450091937	0.07430694871066225	1.0	1.0	2.0
32350000	0.30157373870097165	0.041053343714457964	1.0	1.0	2.0
32360000	0.7163573360107599	0.6010599305863681	1.0	1.0	2.0
32370000	0.9614008474648048	0.3333310509002075	1.0	1.0	2.0
32380000	0.8889140419364365	1.3612467337385543	1.0	1.0	2.0
32390000	3.24358092482825	2.967531523215149	1.0	1.0	2.0
32400000	0.3378898695145234	0.3426915963857127	1.0	1.0	2.0
32410000	0.8797503268252082	0.6010249765964019	1.0	1.0	2.0
32420000	1.2577681107280105	0.2322548424168911	1.0	1.0	2.0
32430000	0.5589064395833705	0.03132336735140968	1.0	1.0	2.0
32440000	0.49738034453647706	0.3277980294925261	1.0	1.0	2.0
32450000	0.6832602706206747	1.8260566564816496	1.0	1.0	2.0
32460000	1.0641505060426455	0.033876588041848676	1.0	1.0	2.0
32470000	0.218678771147408	0.28054450203166786	1.0	1.0	2.0
32480000	1.8066659149592137	1.1511098300953615	1.0	1.0	2.0
32490000	2.2663657947280127	0.6621797145743323	1.0	1.0	2.0
32500000	0.4817956753025989	0.09396647912134345	1.0	1.0	2.0
32510000	0.6716552128759147	0.06612492327112182	1.0	1.0	2.0
32520000	0.8660309792402054	0.1616686383800751	1.0	1.0	2.0
32530000	0.5082437010171982	0.1512212213160564	1.0	1.0	2.0
32540000	2.7696503400323484	0.08586038300489611	1.0	1.0	2.0
32550000	1.8835970339721022	0.20846420378184796	1.0	1.0	2.0
32560000	1.138414923849381	0.13021471493562567	1.0	1.0	2.0
32570000	1.0230523653128443	0.22100997174470785	1.0	1.0	2.0
32580000	0.8716404658125269	0.3316578391862198	1.0	1.0	2.0
32590000	1.2664705244202197	0.39197811764428575	1.0	1.0	2.0
32600000	0.4751262042369182	1.0012371162026512	1.0	1.0	2.0
32610000	1.6741124844161208	0.016415736191623776	1.0	1.0	2.0
32620000	0.8667899007439531	0.12133441580314124	1.0	1.0	2.0
32630000	0.5618488660523759	0.0667740477550104	1.0	1.0	2.0
32640000	3.2499219017558008	2.4671550615973876	1.0	1.0	2.0
32650000	0.35925471553245936	0.060542311111689326	1.0	1.0	2.0
32660000	0.8922827368557952	0.04333671991911079	1.0	1.0	2.0
32670000	0.29474668022201667	0.0026854636258297985	1.0	1.0	2.0
32680000	0.6059511195852741	2.47064738896284	1.0	1.0	2.0
32690000	0.5351155942157052	0.08171408717677636	1.0	1.0	2.0
32700000	1.1896997652220367	1.8425287518519031	1.0	1.0	2.0
32710000	3.473792905101147	0.5644200094056187	1.0	1.0	2.0
32720000	2.7532717184329516	0.7911073589558485	1.0	1.0	2.0
32730000	2.3818336901486568	0.6558532683942763	1.0	1.0	2.0
32740000	0.8079175871320766	0.15287172368044985	1.0	1.0	2.0
32750000	0.1649814788902651	0.10879747547414065	1.0	1.0	2.0
32760000	1.4405221475872962	0.3157549448756821	1.0	1.0	2.0
32770000	1.5483309138476655	0.8886320553692444	1.0	1.0	2.0
32780000	3.8515978448994845	1.4359524133381085	1.0	1.0	2.0
32790000	3.6720271131825606	0.11901218445158987	1.0	1.0	2.0
32800000	1.3124348897016198	0.6261358693012605	1.0	1.0	2.0
32810000	1.7444684856346162	0.2879028694842427	1.0	1.0	2.0
32820000	0.5660068467475047	0.574985307289045	1.0	1.0	2.0
32830000	3.6905686368259127	1.0614512613850817	1.0	1.0	2.0
32840000	0.8471688176022442	1.0013641781232667	1.0	1.0	2.0
32850000	2.2892396517894347	1.9164542634813437	1.0	1.0	2.0
32860000	1.5734981597804072	0.12140938486718279	1.0	1.0	2.0
32870000	1.5333804654878467	0.1823950673818233	1.0	1.0	2.0
32880000	1.5058212740355605	0.6760761363810863	1.0	1.0	2.0
32890000	2.593610410132824	0.9404889592525246	1.0	1.0	2.0
32900000	1.9193986957106954	0.21898049408677053	1.0	1.0	2.0
32910000	3.4302609958706314	0.015095475497470303	1.0	1.0	2.0
32920000	3.5907827744352665	0.4013569142721495	1.0	1.0	2.0
32930000	0.772771609762739	0.4223740497177912	1.0	1.0	2.0
32940000	1.0637224844512627	1.2020105418227782	1.0	1.0	2.0
32950000	0.731776164073335	0.31886143263623695	1.0	1.0	2.0
32960000	1.538996133577471	1.1871372370000874	1.0	1.0	2.0
32970000	0.14937819394248666	0.14038031125955885	1.0	1.0	2.0
32980000	2.5328335561507886	1.1951714813200327	1.0	1.0	2.0
32990000	0.4535041392616778	0.019207118336672373	1.0	1.0	2.0
33000000	0.6912644879956771	0.07428316436590633	1.0	1.0	2.0
33010000	0.9868306205473625	0.03848303272434194	1.0	1.0	2.0
33020000	2.9087106010543406	0.11403669963543589	1.0	1.0	2.0
33030000	1.1298237364453956	0.8997401841149893	1.0	1.0	2.0
33040000	1.4598785054245518	0.25638560794234816	1.0	1.0	2.0
33050000	1.6001177075007036	0.5103123898162285	1.0	1.0	2.0
33060000	0.5359295406194065	0.6556530968042801	1.0	1.0	2.0
33070000	0.5689111198025227	0.5363062013156782	1.0	1.0	2.0
33080000	0.8107271089830768	0.6394210140848631	1.0	1.0	2.0
33090000	1.4011783181115616	0.04853625513292621	1.0	1.0	2.0
33100000	1.8965937002056426	0.005957420295697863	1.0	1.0	2.0
33110000	0.8300078016340892	0.8484276393865853	1.0	1.0	2.0
33120000	0.5584042521292714	0.8205034942000928	1.0	1.0	2.0
33130000	0.9695856623946572	0.47025768638650484	1.0	1.0	2.0
33140000	4.50857637352372	0.07795173979939238	1.0	1.0	2.0
33150000	0.5428290386226816	0.10493203962190789	1.0	1.0	2.0
33160000	0.4122629563748872	0.5557705214448126	1.0	1.0	2.0
33170000	1.6437146056175234	1.659688202930319	1.0	1.0	2.0
33180000	1.2887334258795373	0.11389055039579027	1.0	1.0	2.0
33190000	0.9737046730736769	0.10143426637803749	1.0	1.0	2.0
33200000	1.3194406462266592	0.10469795083579662	1.0	1.0	2.0
33210000	0.44618696459527407	0.13306532166735005	1.0	1.0	2.0
33220000	0.6955482842174099	0.5522781935738552	1.0	1.0	2.0
33230000	1.432407751921805	0.40740266799589453	1.0	1.0	2.0
33240000	1.6315680479838863	0.882293067683989	1.0	1.0	2.0
33250000	0.4959495713793882	0.26148636821087967	1.0	1.0	2.0
33260000	0.5427529396836669	0.7536303474868903	1.0	1.0	2.0
33270000	0.4511145845666005	0.06138139298434109	1.0	1.0	2.0
33280000	0.6115978665210026	0.011146108889900199	1.0	1.0	2.0
33290000	0.16969529910748057	0.5233860525605822	1.0	1.0	2.0
33300000	2.5366927749314305	0.8113821334219045	1.0	1.0	2.0
33310000	7.062179926370252	0.900098343153112	1.0	1.0	2.0
33320000	2.0569321741240483	1.0754050517422966	1.0	1.0	2.0
33330000	1.1275070300211183	0.3464974061220251	1.0	1.0	2.0
33340000	1.0943384783117036	0.19659913500002899	1.0	1.0	2.0
33350000	2.582318127148438	1.681297962410272	1.0	1.0	2.0
33360000	0.20138353235786757	0.05692525096561743	1.0	1.0	2.0
33370000	0.87180987479721	0.5974895943531289	1.0	1.0	2.0
33380000	0.972569532540155	0.4186209746519077	1.0	1.0	2.0
33390000	2.6179837295855926	0.08913412327146046	1.0	1.0	2.0
33400000	0.18694901068312939	0.6379139309716209	1.0	1.0	2.0
33410000	1.0673959079884876	0.3656815854358793	1.0	1.0	2.0
33420000	0.5763240750641757	0.34434474465971326	1.0	1.0	2.0
33430000	0.7949036206701322	1.9082108570045537	1.0	1.0	2.0
33440000	2.3562629289622956	0.18516047113348644	1.0	1.0	2.0
33450000	1.821833630701724	0.08204235931092445	1.0	1.0	2.0
33460000	1.1614807134079053	0.09899256239006497	1.0	1.0	2.0
33470000	1.6916442025883136	1.2105211850972653	1.0	1.0	2.0
33480000	0.5815007534686965	0.9665947740249969	1.0	1.0	2.0
33490000	0.5050623715398587	0.22327396336118369	1.0	1.0	2.0
33500000	0.7310667187517392	0.26001630448743684	1.0	1.0	2.0
33510000	0.8196715736681109	0.25733996772475465	1.0	1.0	2.0
33520000	1.6348108595974395	0.6531544004513582	1.0	1.0	2.0
33530000	0.3697644651107981	0.36088561901133803	1.0	1.0	2.0
33540000	4.827801203709782	0.6286368884424449	1.0	1.0	2.0
33550000	0.19680068887480287	1.3353488320600655	1.0	1.0	2.0
33560000	1.23558603923174	0.2790051599116623	1.0	1.0	2.0
33570000	4.310559979342251	1.546042238800336	1.0	1.0	2.0
33580000	2.0296485907639923	1.7066227063320103	1.0	1.0	2.0
33590000	3.1422296132058096	0.001944978915465698	1.0	1.0	2.0
33600000	0.19067536592579992	1.0161419906545126	1.0	1.0	2.0
33610000	1.395855096589664	0.27161498325137146	1.0	1.0	2.0
33620000	1.1472531492446825	1.1954070312390648	1.0	1.0	2.0
33630000	1.0271676229491793	0.07635898698354292	1.0	1.0	2.0
33640000	1.2657157060911566	0.4456231200349601	1.0	1.0	2.0
33650000	0.8428916589840363	0.7869606345228681	1.0	1.0	2.0
33660000	0.5152150900652795	0.43146733756460925	1.0	1.0	2.0
33670000	0.5016241502585276	2.798732237410181	1.0	1.0	2.0
33680000	2.092495217465985	1.1730398431265807	1.0	1.0	2.0
33690000	0.8240207386085651	0.13807724242781358	1.0	1.0	2.0
33700000	0.7716869677765229	0.054463313316292866	1.0	1.0	2.0
33710000	1.8397260703145235	0.9368474508184721	1.0	1.0	2.0
33720000	2.2097634376154023	0.28294614733336154	1.0	1.0	2.0
33730000	0.3244663853282088	1.3027033145718092	1.0	1.0	2.0
33740000	0.9492557571018149	2.481801592300881	1.0	1.0	2.0
33750000	2.975324406321197	0.06128684251968601	1.0	1.0	2.0
33760000	0.4689479489611756	0.23983537852343556	1.0	1.0	2.0
33770000	0.9561867504749129	1.8337203289111235	1.0	1.0	2.0
33780000	0.6538535566523564	0.2885662814424331	1.0	1.0	2.0
33790000	0.7362994880272098	1.059709576011287	1.0	1.0	2.0
33800000	1.5787645120155847	0.6087955694447426	1.0	1.0	2.0
33810000	1.3591228782037748	1.8385697746642375	1.0	1.0	2.0
33820000	3.4135160999527874	0.252230601692752	1.0	1.0	2.0
33830000	2.248036992819976	0.43033307894317707	1.0	1.0	2.0
33840000	0.3305902062983403	0.041661436226650694	1.0	1.0	2.0
33850000	0.6789223386366052	0.4108274720430216	1.0	1.0	2.0
33860000	0.2927317546753022	1.5405030704779183	1.0	1.0	2.0
33870000	4.198180064600219	1.039488960421776	1.0	1.0	2.0
33880000	0.18681339355551652	0.029366604085531066	1.0	1.0	2.0
33890000	1.4422554942729753	0.1663996622847022	1.0	1.0	2.0
33900000	0.17762487075807257	0.330448980981168	1.0	1.0	2.0
33910000	1.6480484575316805	2.4344209351096167	1.0	1.0	2.0
33920000	0.9264197836700347	0.041961042302041604	1.0	1.0	2.0
33930000	1.0277356017846155	0.009119155638573403	1.0	1.0	2.0
33940000	0.7198073067514179	0.3180390263017485	1.0	1.0	2.0
33950000	0.049431293571429495	0.18858545915218103	1.0	1.0	2.0
33960000	0.8020127627538496	0.6114155958586815	1.0	1.0	2.0
33970000	1.4131417733313207	1.108839507839597	1.0	1.0	2.0
33980000	4.166417093378321	0.2043366704544861	1.0	1.0	2.0
33990000	1.2489588893934909	0.2985820451956934	1.0	1.0	2.0
34000000	0.2717486000898528	5.96294600392633E-4	1.0	1.0	2.0
34010000	2.4275949329466506	2.8649652525420843	1.0	1.0	2.0
34020000	0.47905066396425794	0.003865802531404036	1.0	1.0	2.0
34030000	1.1877055167259671	1.2064544811268292	1.0	1.0	2.0
34040000	1.2875816131660585	0.255558218538023	1.0	1.0	2.0
34050000	0.670306976963775	0.13851936821170296	1.0	1.0	2.0
34060000	1.5070223350993668	0.2991562956710596	1.0	1.0	2.0
34070000	0.5380206728175804	0.09427807808145834	1.0	1.0	2.0
34080000	0.539945577641717	0.1808339550618143	1.0	1.0	2.0
34090000	0.16767698172722817	0.6095161886926861	1.0	1.0	2.0
34100000	0.41303830267529296	0.010656200218836188	1.0	1.0	2.0
34110000	0.22321161160581926	1.4595135025174353	1.0	1.0	2.0
34120000	1.4251806245192618	0.25738179920229276	1.0	1.0	2.0
34130000	0.46198682700122645	0.7304305880097433	1.0	1.0	2.0
34140000	2.4921154938009247	0.8908360418856455	1.0	1.0	2.0
34150000	1.542615339811682	0.11933792526886318	1.0	1.0	2.0
34160000	1.4233740530047123	0.6689150835429951	1.0	1.0	2.0
34170000	1.3602686434246123	0.1848304715555297	1.0	1.0	2.0
34180000	0.546538296181149	0.44555351433746965	1.0	1.0	2.0
34190000	0.2890269647667943	0.04565901421877673	1.0	1.0	2.0
34200000	1.8994033069231968	0.1940213928067287	1.0	1.0	2.0
34210000	1.137324360193787	0.8374760883422335	1.0	1.0	2.0
34220000	2.1165539638680637	0.34211918809604924	1.0	1.0	2.0
34230000	1.1193271535304774	0.4705019869767103	1.0	1.0	2.0
34240000	3.4665782807012233	0.9555391232731778	1.0	1.0	2.0
34250000	0.3873487797612282	0.02986103594385605	1.0	1.0	2.0
34260000	1.735565194824421	0.14678839776694996	1.0	1.0	2.0
34270000	3.403617825556236	1.1329437751720695	1.0	1.0	2.0
34280000	1.2230622030749174	0.1042846004288915	1.0	1.0	2.0
34290000	2.0366231556876326	0.47915286411931746	1.0	1.0	2.0
34300000	0.33356736541140247	0.057655519054386976	1.0	1.0	2.0
34310000	0.9383330654599428	0.050338801963669556	1.0	1.0	2.0
34320000	1.4625630344540899	0.6556425075277463	1.0	1.0	2.0
34330000	1.6816743153881124	0.8199169174214632	1.0	1.0	2.0
34340000	1.8190455479828083	0.27129594456408845	1.0	1.0	2.0
34350000	1.0840779978566266	1.405518891857382	1.0	1.0	2.0
34360000	1.6378819840579728	0.42868031755208863	1.0	1.0	2.0
34370000	0.03091206983610717	0.036901778788797815	1.0	1.0	2.0
34380000	0.6751346572569406	1.0005413725616281	1.0	1.0	2.0
34390000	0.3560211972433222	0.07773893037616524	1.0	1.0	2.0
34400000	1.3166205911614548	0.9298924371587535	1.0	1.0	2.0
34410000	0.5688167683860784	0.2920120305063499	1.0	1.0	2.0
34420000	1.1432978243253018	2.560113791512456	1.0	1.0	2.0
34430000	0.562149600413041	0.4629046208727346	1.0	1.0	2.0
34440000	0.6715421888525555	0.4846230874370372	1.0	1.0	2.0
34450000	0.1830400205219117	0.03516592929241594	1.0	1.0	2.0
34460000	0.02585681663490794	0.016615915298400764	1.0	1.0	2.0
34470000	2.7910836301602835	0.5114888693482755	1.0	1.0	2.0
34480000	0.11676895721677982	0.3968105889040974	1.0	1.0	2.0
34490000	1.748077572076004	1.0880695758927628	1.0	1.0	2.0
34500000	0.9678153603538098	0.009308458755990335	1.0	1.0	2.0
34510000	0.9887718596357955	0.130884869788364	1.0	1.0	2.0
34520000	1.2310336580204715	0.5234008665460276	1.0	1.0	2.0
34530000	0.3392280083902479	0.07861228788997932	1.0	1.0	2.0
34540000	3.5555762224637557	0.2270596358270539	1.0	1.0	2.0
34550000	1.952696092272312	0.36120902920066994	1.0	1.0	2.0
34560000	1.565602439845721	0.3815906722873711	1.0	1.0	2.0
34570000	0.5332153055313369	0.391649863794239	1.0	1.0	2.0
34580000	0.744676650011939	0.7298645081507419	1.0	1.0	2.0
34590000	0.6297654081430405	0.06578350902987226	1.0	1.0	2.0
34600000	0.6171523984906494	0.19521039000308424	1.0	1.0	2.0
34610000	0.04945542838054561	0.03622464982429075	1.0	1.0	2.0
34620000	0.5265915590342124	0.5728475325378981	1.0	1.0	2.0
34630000	2.259030068896388	0.05674331190241627	1.0	1.0	2.0
34640000	2.9047292493687076	0.012619558071341084	1.0	1.0	2.0
34650000	0.14003247634864294	0.0702585910351294	1.0	1.0	2.0
34660000	1.1435476665796873	0.15676082908299804	1.0	1.0	2.0
34670000	0.7363428925631651	0.047184731005294384	1.0	1.0	2.0
34680000	0.9959048233403486	0.6714540639888527	1.0	1.0	2.0
34690000	0.2426274834750202	1.1227777101739405	1.0	1.0	2.0
34700000	0.6779297358373213	1.9139003730363413	1.0	1.0	2.0
34710000	0.5567594055874476	0.494787213511637	1.0	1.0	2.0
34720000	1.6176797853035294	1.2331809741255266	1.0	1.0	2.0
34730000	2.364479170192412	1.1463551199198307	1.0	1.0	2.0
34740000	2.0104882701764457	0.11038112522715754	1.0	1.0	2.0
34750000	0.47126492882706905	0.7284108261407338	1.0	1.0	2.0
34760000	0.12455795152083704	0.308918926736734	1.0	1.0	2.0
34770000	1.6742580624611327	0.3954874011334564	1.0	1.0	2.0
34780000	2.069609684640493	0.7630809888777459	1.0	1.0	2.0
34790000	1.5452595514609022	1.3339330254338273	1.0	1.0	2.0
34800000	0.45498074985578735	0.5133178179997226	1.0	1.0	2.0
34810000	3.3916272437487605	0.21131623752000456	1.0	1.0	2.0
34820000	0.9991153898666925	0.05737650335557851	1.0	1.0	2.0
34830000	0.9736921784251001	0.322145463452284	1.0	1.0	2.0
34840000	0.4233000073122444	1.480925627932725	1.0	1.0	2.0
34850000	1.4502333933548226	0.6278356719927576	1.0	1.0	2.0
34860000	0.1444013554935483	0.032180762405579	1.0	1.0	2.0
34870000	1.1802899542233398	0.8585875647660236	1.0	1.0	2.0
34880000	1.4174353146139687	4.280236952338292	1.0	1.0	2.0
34890000	0.7835678978433982	0.5064639846640303	1.0	1.0	2.0
34900000	0.15381572537153074	0.07885075439463038	1.0	1.0	2.0
34910000	1.6762974142544935	1.2858982931836112	1.0	1.0	2.0
34920000	0.6308848748041553	0.9686538642245353	1.0	1.0	2.0
34930000	0.8857566442755198	0.6040978332812484	1.0	1.0	2.0
34940000	0.8406032356519636	2.02833539115315	1.0	1.0	2.0
34950000	0.9152769271587488	1.223926240519953	1.0	1.0	2.0
34960000	1.8258678706058598	0.21897756020915649	1.0	1.0	2.0
34970000	1.3371084402323512	0.07486009201984645	1.0	1.0	2.0
34980000	1.7830474733995216	0.6921907975394576	1.0	1.0	2.0
34990000	0.4784881603223799	0.11897530964452882	1.0	1.0	2.0
35000000	0.37925911223676567	0.4463263702429335	1.0	1.0	2.0
35010000	0.5661849798826986	0.06128040196643215	1.0	1.0	2.0
35020000	0.6592642722698686	0.4025480907628704	1.0	1.0	2.0
35030000	0.3400556820591266	0.09606374062254189	1.0	1.0	2.0
35040000	3.205049656626639	0.34192918623172336	1.0	1.0	2.0
35050000	0.8009932763888079	0.1557648759122364	1.0	1.0	2.0
35060000	0.27247888837095086	0.5657055663054579	1.0	1.0	2.0
35070000	3.1024193916077327	0.999344027561951	1.0	1.0	2.0
35080000	0.056415870697347235	0.006462301483472314	1.0	1.0	2.0
35090000	1.1099294745356298	1.396903910309227	1.0	1.0	2.0
35100000	3.6964441578279534	2.14660123876235	1.0	1.0	2.0
35110000	1.2228127741850359	0.6643407223277025	1.0	1.0	2.0
35120000	0.6892305908439182	0.006331354430093059	1.0	1.0	2.0
35130000	1.1998112602115205	0.5042246757597604	1.0	1.0	2.0
35140000	0.7127007064042299	0.12401764225024116	1.0	1.0	2.0
35150000	0.9476288365968342	0.4468148699719738	1.0	1.0	2.0
35160000	0.7090259548419686	0.26597239529716254	1.0	1.0	2.0
35170000	3.2559944188562238	0.08592548067901423	1.0	1.0	2.0
35180000	3.7434219940057805	2.4608255322833026	1.0	1.0	2.0
35190000	1.6466078357681428	2.4055881534589663	1.0	1.0	2.0
35200000	0.7214179839798062	0.03402096865477655	1.0	1.0	2.0
35210000	0.26741593637526684	0.38535419040351904	1.0	1.0	2.0
35220000	0.8428905697326742	0.3098999442291407	1.0	1.0	2.0
35230000	2.1080745812420325	0.2413691963022089	1.0	1.0	2.0
35240000	3.1711846424585057	0.2547681206915763	1.0	1.0	2.0
35250000	0.6484559272647411	0.48693405603661427	1.0	1.0	2.0
35260000	0.6785486175551193	1.143595460757563	1.0	1.0	2.0
35270000	0.37668118244530935	0.33209669980955137	1.0	1.0	2.0
35280000	1.4368780342284433	0.69998937036045	1.0	1.0	2.0
35290000	0.0449965401687458	0.007332846605935397	1.0	1.0	2.0
35300000	0.31566261240101035	0.7070103807541666	1.0	1.0	2.0
35310000	1.852807208597721	0.31020325405312127	1.0	1.0	2.0
35320000	0.1300051796558266	0.2957954048763643	1.0	1.0	2.0
35330000	1.3385253731016917	0.8157184411403533	1.0	1.0	2.0
35340000	0.26896137618131477	0.05056086832713027	1.0	1.0	2.0
35350000	0.1835612538456439	0.2744247423042842	1.0	1.0	2.0
35360000	0.3687908816328149	0.008444576440815367	1.0	1.0	2.0
35370000	0.28815826146040363	0.06057339468006703	1.0	1.0	2.0
35380000	1.2047713422436979	1.6277217605057805	1.0	1.0	2.0
35390000	1.0074968083346956	0.26112713944078214	1.0	1.0	2.0
35400000	2.750099925314048	1.1523480512232276	1.0	1.0	2.0
35410000	0.5957418159204679	0.14833619385985644	1.0	1.0	2.0
35420000	1.1754481565617831	0.1311089882866942	1.0	1.0	2.0
35430000	2.918739857477922	0.3998917217557106	1.0	1.0	2.0
35440000	1.1929330610359887	0.27717997521564997	1.0	1.0	2.0
35450000	1.2487734398982242	0.35663130094305706	1.0	1.0	2.0
35460000	0.5742045879805395	1.0089607566681653	1.0	1.0	2.0
35470000	0.6760490525313801	0.4392413818876347	1.0	1.0	2.0
35480000	0.18770048410123125	0.13529550507133753	1.0	1.0	2.0
35490000	1.0739991604966912	0.7038873390501336	1.0	1.0	2.0
35500000	1.1580844311715899	0.8309192106374275	1.0	1.0	2.0
35510000	1.6451197548528729	0.6189444549806934	1.0	1.0	2.0
35520000	1.5714852075464176	0.46666963947711376	1.0	1.0	2.0
35530000	2.7815715613351717	0.9318326295736167	1.0	1.0	2.0
35540000	0.17183215512834307	0.33979815961621523	1.0	1.0	2.0
35550000	1.181944315464759	0.42099970334879394	0.0	1.0	1.0
35560000	0.19382666348497446	0.007047024853475331	1.0	1.0	2.0
35570000	1.4444026371432939	0.18325700157078736	1.0	1.0	2.0
35580000	0.6414402824617312	0.5331027409318836	1.0	1.0	2.0
35590000	3.331674638218617	1.8713697233803102	1.0	1.0	2.0
35600000	2.04856507233365	0.05378685329135379	1.0	1.0	2.0
35610000	0.7907205493445844	0.18083022200894597	1.0	1.0	2.0
35620000	0.5193328774730992	0.062450288340465364	1.0	1.0	2.0
35630000	2.382610678955195	2.045417640636796	1.0	1.0	2.0
35640000	4.211347228635287	0.3662084647476715	1.0	1.0	2.0
35650000	0.4148999890956596	0.5782445254122293	1.0	1.0	2.0
35660000	0.7322953256269558	0.7865817537360064	1.0	1.0	2.0
35670000	3.782798785236386	0.07395325923150897	1.0	1.0	2.0
35680000	1.2919291535032909	0.023164537206398394	1.0	1.0	2.0
35690000	0.8930289593242746	0.4995595310154578	1.0	1.0	2.0
35700000	0.44816938017674823	0.1404940586191678	1.0	1.0	2.0
35710000	0.8729651582084662	0.6312365711238237	1.0	1.0	2.0
35720000	1.1431083424826272	0.6584559995353012	1.0	1.0	2.0
35730000	0.5440814591191433	0.9428677250425703	1.0	1.0	2.0
35740000	2.4159865215085152	1.1819230045545135	1.0	1.0	2.0
35750000	0.2021446927835291	0.27560555525906544	1.0	1.0	2.0
35760000	2.305540764939249	0.4049952859930835	1.0	1.0	2.0
35770000	1.1925636220340268	0.44349430547819974	1.0	1.0	2.0
35780000	0.7651915021975547	0.846649791305125	1.0	1.0	2.0
35790000	0.7250748208681197	0.07090016566127878	1.0	1.0	2.0
35800000	0.4921328084146903	0.1471325242932121	1.0	1.0	2.0
35810000	0.08508900153534202	0.10155597078859394	1.0	1.0	2.0
35820000	1.0239279565565178	0.7960493403190184	1.0	1.0	2.0
35830000	1.6331229110907879	0.4348204410559998	1.0	1.0	2.0
35840000	2.117806064558902	1.0703841837263548	1.0	1.0	2.0
35850000	0.6923065008384323	1.141918026416921	1.0	1.0	2.0
35860000	1.8185606323100942	0.704284199840244	1.0	1.0	2.0
35870000	1.189575843669794	1.821784331579499	1.0	1.0	2.0
35880000	1.5819124900441297	0.34298092219219517	1.0	1.0	2.0
35890000	2.167747163483425	0.22584444784770258	1.0	1.0	2.0
35900000	1.5542422260557358	1.9633412131999517	1.0	1.0	2.0
35910000	2.7110466803737334	0.0896770059013484	1.0	1.0	2.0
35920000	0.340675156227111	0.08887284467340006	0.0	1.0	1.0
35930000	0.5541609391931441	0.5539155322923728	1.0	1.0	2.0
35940000	3.33784397643343	0.3052761252149995	1.0	1.0	2.0
35950000	0.9621779527675545	0.661200394055925	1.0	1.0	2.0
35960000	0.18848657970328975	0.1222855473385544	1.0	1.0	2.0
35970000	0.5959052951373058	2.4456651398510543	1.0	1.0	2.0
35980000	1.6190401074452807	3.119882098800261	1.0	1.0	2.0
35990000	0.06626328546231358	0.0683852704518874	1.0	1.0	2.0
36000000	0.25760101982721006	0.5328346177136417	1.0	1.0	2.0
36010000	2.7287916269306702	0.03644178460013849	1.0	1.0	2.0
36020000	0.33521879547748135	0.1033591365956725	1.0	1.0	2.0
36030000	4.111969340903778	0.0702620118802351	1.0	1.0	2.0
36040000	2.3824461896191544	1.4435321777415864	1.0	1.0	2.0
36050000	4.269562640933148	0.05221153391269771	1.0	1.0	2.0
36060000	1.3352630432372443	0.5761174390029979	1.0	1.0	2.0
36070000	0.4542299187188787	0.5369610445221866	1.0	1.0	2.0
36080000	0.8286848208007566	0.4762771425454858	1.0	1.0	2.0
36090000	0.9648863282368192	0.5103704854392788	1.0	1.0	2.0
36100000	1.5026129007177502	0.15534823001835793	1.0	1.0	2.0
36110000	1.2739816258853873	0.8979625504021532	1.0	1.0	2.0
36120000	4.378832535391034	0.19335287466773177	1.0	1.0	2.0
36130000	1.825934254988839	2.2456008027336902	1.0	1.0	2.0
36140000	1.9477487311910293	0.18910911746505973	1.0	1.0	2.0
36150000	2.1588360885093834	0.673498467511377	1.0	1.0	2.0
36160000	4.0466875704896905	0.8173059545830291	1.0	1.0	2.0
36170000	4.037809493948634	2.6997464536199782	1.0	1.0	2.0
36180000	0.48692347077828785	0.4191502577904185	1.0	1.0	2.0
36190000	1.3336790879473743	0.0866889997143763	1.0	1.0	2.0
36200000	1.0773823396362223	0.265457608051122	1.0	1.0	2.0
36210000	1.4610384402717824	0.5532485294811218	1.0	1.0	2.0
36220000	2.120101550482168	1.5959362397529313	1.0	1.0	2.0
36230000	0.43877050605753504	0.4879764684969609	1.0	1.0	2.0
36240000	2.9982348370130807	1.400241948430878	1.0	1.0	2.0
36250000	1.9488134784321007	4.075366742516416	1.0	1.0	2.0
36260000	2.6403394968649185	2.163327333278973	1.0	1.0	2.0
36270000	1.3958747666565974	0.9155264824282761	1.0	1.0	2.0
36280000	1.3730021565626105	0.9072849283591113	1.0	1.0	2.0
36290000	1.64195558771548	1.2261885191774773	1.0	1.0	2.0
36300000	2.4000374654465317	0.21170506130414185	1.0	1.0	2.0
36310000	4.818684690593782	0.6701972027204567	1.0	1.0	2.0
36320000	1.2052389806413686	0.006409615189282719	1.0	1.0	2.0
36330000	0.2976150487027563	0.37646507609866436	1.0	1.0	2.0
36340000	1.5738824745990416	0.33200463937180374	1.0	1.0	2.0
36350000	1.6224376453903844	0.41518898101576096	1.0	1.0	2.0
36360000	2.779542761640347	1.2974897139336836	1.0	1.0	2.0
36370000	0.8376767768016011	0.5961676173185156	1.0	1.0	2.0
36380000	1.1547905722592664	0.060946551092369766	1.0	1.0	2.0
36390000	0.4987373603614197	0.03724603238043119	1.0	1.0	2.0
36400000	1.6170740270999049	0.2916173149105647	1.0	1.0	2.0
36410000	1.003573533429183	0.6448272843144477	1.0	1.0	2.0
36420000	0.31474460609316424	0.06575744094746276	1.0	1.0	2.0
36430000	0.36010035193726164	0.27463768112895953	1.0	1.0	2.0
36440000	0.7150906825466132	0.02784929423375669	1.0	1.0	2.0
36450000	2.0742009782241144	0.4807357677180862	1.0	1.0	2.0
36460000	0.8447391369147371	0.862168876336222	1.0	1.0	2.0
36470000	2.000572182918224	1.071233161510452	1.0	1.0	2.0
36480000	4.419285291988927	0.7779461136052555	1.0	1.0	2.0
36490000	2.6626737653075776	1.5139859553480062	1.0	1.0	2.0
36500000	1.3043149783113037	0.3458259906371733	1.0	1.0	2.0
36510000	1.6790265092839105	1.189050625936954	1.0	1.0	2.0
36520000	0.3037998399349902	0.18280784359732877	1.0	1.0	2.0
36530000	3.140659878458724	1.8277264497547303	1.0	1.0	2.0
36540000	1.5253858765852029	1.084724885542977	1.0	1.0	2.0
36550000	3.5272460938537105	2.60668389650217	1.0	1.0	2.0
36560000	1.5438500852905992	0.193392829629965	1.0	1.0	2.0
36570000	3.8807665995275276	0.019064921175567587	1.0	1.0	2.0
36580000	0.3382457299059132	0.02036219324925451	1.0	1.0	2.0
36590000	1.3818734116880047	0.08289018700825178	1.0	1.0	2.0
36600000	1.98170267850977	0.5568036286337233	1.0	1.0	2.0
36610000	1.0065427172586325	1.7699688664263784	1.0	1.0	2.0
36620000	1.1592539317913035	0.17481506365363075	1.0	1.0	2.0
36630000	1.1765529414891192	0.8016235301649778	1.0	1.0	2.0
36640000	2.4630130771347303	0.6895841476545148	1.0	1.0	2.0
36650000	1.3174002024242015	1.2602641838563848	1.0	1.0	2.0
36660000	3.970099784679976	0.3783024482657899	1.0	1.0	2.0
36670000	0.23970300496016755	0.15383570894582294	1.0	1.0	2.0
36680000	0.5660990056107748	0.547030736956586	1.0	1.0	2.0
36690000	1.118643091472804	0.6153428330774059	1.0	1.0	2.0
36700000	1.916531476640983	0.009563700568083538	1.0	1.0	2.0
36710000	1.400835028635214	0.37385837573598735	1.0	1.0	2.0
36720000	0.6141173730517101	0.26432438008167136	1.0	1.0	2.0
36730000	1.894689867366142	0.5390997973139439	1.0	1.0	2.0
36740000	0.1338858003537825	0.3851931153447846	1.0	1.0	2.0
36750000	0.031981494678541805	0.0036024542389586174	1.0	1.0	2.0
36760000	0.17306052827372836	0.27810411146863606	1.0	1.0	2.0
36770000	1.4228968248631189	0.47882060413672756	1.0	1.0	2.0
36780000	0.24877303718629518	0.008445287396360338	1.0	1.0	2.0
36790000	3.2733584639522073	1.2682528625280627	1.0	1.0	2.0
36800000	0.441788313742236	0.24261889090055258	1.0	1.0	2.0
36810000	2.5736396370121106	0.7016248072995817	1.0	1.0	2.0
36820000	1.5909459832578166	0.6850803836395947	1.0	1.0	2.0
36830000	0.3128785848834998	0.03205276163438723	1.0	1.0	2.0
36840000	1.6220231940581626	1.1815588590316743	1.0	1.0	2.0
36850000	0.992511956523893	1.5758767754027418	1.0	1.0	2.0
36860000	0.8511068865833814	0.2963573456097925	1.0	1.0	2.0
36870000	2.310014395617254	0.07396637160042648	1.0	1.0	2.0
36880000	0.5185477998305086	0.643598698021913	1.0	1.0	2.0
36890000	0.9492240690685452	0.7766152484200478	1.0	1.0	2.0
36900000	2.076763703037557	0.004307798103370076	1.0	1.0	2.0
36910000	2.1260326414291066	0.45697648229144827	1.0	1.0	2.0
36920000	1.8201159339633703	0.029769889314541033	1.0	1.0	2.0
36930000	1.675002068944248	0.14785733069025042	1.0	1.0	2.0
36940000	3.2865890510610067	0.21649395534009877	1.0	1.0	2.0
36950000	1.104378285076108	4.023030130260983	1.0	1.0	2.0
36960000	1.712183390552534	0.42484997110122535	1.0	1.0	2.0
36970000	0.6100582348092843	0.8386490136246252	1.0	1.0	2.0
36980000	1.261748009458526	0.6242565356510891	1.0	1.0	2.0
36990000	1.012536542572761	0.35479196510855676	1.0	1.0	2.0
37000000	0.9193492240801019	0.4582860663488251	1.0	1.0	2.0
37010000	0.8519724900228905	0.6966584118819458	1.0	1.0	2.0
37020000	1.3706194490764505	0.27725201234001956	1.0	1.0	2.0
37030000	1.898799884690213	0.8591870679435595	1.0	1.0	2.0
37040000	1.9400870156038197	2.176271249216092	1.0	1.0	2.0
37050000	1.7067491038269973	0.9424526134259446	1.0	1.0	2.0
37060000	2.918599279239724	0.0786309654789529	1.0	1.0	2.0
37070000	1.9330995120877736	0.9400196598343381	1.0	1.0	2.0
37080000	0.7512509084581313	0.07417585930214092	1.0	1.0	2.0
37090000	1.1265094740887553	0.21291260721010888	1.0	1.0	2.0
37100000	0.8967438176447815	0.24591482297001824	1.0	1.0	2.0
37110000	0.7657989237165639	0.6614891146428962	1.0	1.0	2.0
37120000	1.794755699652217	1.486342936782174	1.0	1.0	2.0
37130000	0.12138028934779103	0.12114843539452642	1.0	1.0	2.0
37140000	3.7177944942508523	1.2794510839679332	1.0	1.0	2.0
37150000	0.8004493701981086	0.22717311033094534	1.0	1.0	2.0
37160000	2.430338943537757	0.6276075473083085	1.0	1.0	2.0
37170000	0.8085564078128444	0.6366799785840563	1.0	1.0	2.0
37180000	2.407928170135578	0.43909985613589453	1.0	1.0	2.0
37190000	0.5493244132761677	0.18322025454207153	1.0	1.0	2.0
37200000	0.4139851287181253	0.04128593447822366	1.0	1.0	2.0
37210000	1.5671398958130367	0.7663430202836866	1.0	1.0	2.0
37220000	4.724767415449307	0.9370189469144216	1.0	1.0	2.0
37230000	0.8661158640243959	0.1278209835271958	1.0	1.0	2.0
37240000	1.4228317951850404	0.27610874030262433	1.0	1.0	2.0
37250000	1.0854003119254965	0.13358516689595684	1.0	1.0	2.0
37260000	1.0340918144570905	1.1034462813578099	1.0	1.0	2.0
37270000	0.39268713811604905	0.03985579317186249	1.0	1.0	2.0
37280000	0.6860886964542456	0.9499738960204389	1.0	1.0	2.0
37290000	0.922456887939491	0.4913855937601028	1.0	1.0	2.0
37300000	0.9685791282488673	0.5891032772927912	1.0	1.0	2.0
37310000	3.5442176607586737	0.7709886641197295	1.0	1.0	2.0
37320000	0.22933462530944307	0.41243037817815464	1.0	1.0	2.0
37330000	0.34343207386370267	0.05728261436176163	1.0	1.0	2.0
37340000	0.4875149879089863	0.5348875629219021	1.0	1.0	2.0
37350000	3.9819834758503077	0.4664102695135451	1.0	1.0	2.0
37360000	0.7102088559342794	0.1682424235806313	1.0	1.0	2.0
37370000	2.5057142706376925	0.039774294423757135	1.0	1.0	2.0
37380000	2.468755005531687	0.501395189498883	1.0	1.0	2.0
37390000	0.48580305659769185	0.9078442270814052	1.0	1.0	2.0
37400000	1.0886498464550374	1.579278027418947	1.0	1.0	2.0
37410000	2.2564164627705665	0.6162767749989659	1.0	1.0	2.0
37420000	2.1563398709658834	0.01289974447562746	1.0	1.0	2.0
37430000	0.49040132309865875	0.08365820048335085	1.0	1.0	2.0
37440000	0.6878298758518989	0.023890601967701246	1.0	1.0	2.0
37450000	0.7287999432575559	0.2222478256378766	1.0	1.0	2.0
37460000	1.1301812421208437	0.14548010654305146	1.0	1.0	2.0
37470000	3.4478417387133207	0.27602200780392866	1.0	1.0	2.0
37480000	0.29037475309867505	0.11107710983077057	1.0	1.0	2.0
37490000	1.6738578010089962	0.6283370593905814	1.0	1.0	2.0
37500000	0.5306299503535772	0.03879016662423456	1.0	1.0	2.0
37510000	1.1811160839819805	0.3930806153611181	1.0	1.0	2.0
37520000	0.5143771670472284	0.20152894653840991	1.0	1.0	2.0
37530000	2.1973643396943183	0.22743522398770982	1.0	1.0	2.0
37540000	4.191500528735936	0.09376942576483487	1.0	1.0	2.0
37550000	0.4269949192899127	1.456392374443423	1.0	1.0	2.0
37560000	0.5583979073372103	0.1945885257904886	1.0	1.0	2.0
37570000	1.1081862091878212	0.22412898630224076	1.0	1.0	2.0
37580000	2.072321203285125	0.9111488223905362	1.0	1.0	2.0
37590000	2.5355198541632418	1.5525094571663862	1.0	1.0	2.0
37600000	1.7760102781867309	0.007625190018788457	1.0	1.0	2.0
37610000	0.1329789144587491	0.087775146096275	1.0	1.0	2.0
37620000	0.8313133167315108	2.111843244500905	1.0	1.0	2.0
37630000	0.858537220810708	1.359527562417001	1.0	1.0	2.0
37640000	0.8114515190067404	0.25229102138102477	1.0	1.0	2.0
37650000	0.539769422457241	2.240463869662508	1.0	1.0	2.0
37660000	0.38130563567062675	0.18000995532340738	1.0	1.0	2.0
37670000	1.6770418138296062	0.1015599032406904	1.0	1.0	2.0
37680000	0.20999970147125718	1.7894283150440977	1.0	1.0	2.0
37690000	0.4050961319355873	0.703181637791632	1.0	1.0	2.0
37700000	2.3297744457510032	0.8945494062145906	1.0	1.0	2.0
37710000	2.2191618374563733	0.8069400805659409	1.0	1.0	2.0
37720000	0.24733537302624176	0.3948029754218017	1.0	1.0	2.0
37730000	0.9527389519949588	0.07347105059434735	1.0	1.0	2.0
37740000	0.4540051207207231	0.9566686667325557	1.0	1.0	2.0
37750000	0.0905298970371476	0.8998219045328169	1.0	1.0	2.0
37760000	1.0324403038053285	0.282505681999407	1.0	1.0	2.0
37770000	1.6844529977712315	0.02704839609218213	1.0	1.0	2.0
37780000	0.5332302241660895	1.3084177448999987	1.0	1.0	2.0
37790000	0.4200980110976852	0.12409846002504943	1.0	1.0	2.0
37800000	1.0302715136024247	1.5484472856241525	1.0	1.0	2.0
37810000	2.1336578015257617	1.252061852330195	1.0	1.0	2.0
37820000	0.6260549483072471	0.6576449193259972	1.0	1.0	2.0
37830000	2.1080236442452582	0.16998987052425002	1.0	1.0	2.0
37840000	0.8329252812966146	0.4051167269509549	1.0	1.0	2.0
37850000	0.19920957693796207	0.08199162677784015	1.0	1.0	2.0
37860000	0.9844963224959822	0.23018411309539097	1.0	1.0	2.0
37870000	0.6353309953930752	0.7011316536288147	1.0	1.0	2.0
37880000	2.098542814790624	1.5773888810633774	1.0	1.0	2.0
37890000	0.34283578439476153	0.6914003046444255	1.0	1.0	2.0
37900000	1.6425771442922252	0.033440634324666714	1.0	1.0	2.0
37910000	0.4483268249974595	0.1441430126348253	1.0	1.0	2.0
37920000	1.339603362122565	0.7139922308535802	1.0	1.0	2.0
37930000	3.357772518449666	0.597157495691774	1.0	1.0	2.0
37940000	2.2861507538159165	0.5655546869741654	1.0	1.0	2.0
37950000	0.2115200120732124	0.05167691359265849	1.0	1.0	2.0
37960000	4.692606563608796	0.7602143716390993	1.0	1.0	2.0
37970000	2.4672002241069677	0.2584460357534603	1.0	1.0	2.0
37980000	1.021199648203456	0.5488856724190324	1.0	1.0	2.0
37990000	1.0813483225379918	0.043527711595572435	1.0	1.0	2.0
38000000	1.195707358158866	0.6780816659236613	1.0	1.0	2.0
38010000	0.9933980149525434	0.07843753370325574	1.0	1.0	2.0
38020000	3.489589858627585	6.338749500911311E-5	1.0	1.0	2.0
38030000	0.795031214336312	1.0194971151011616	1.0	1.0	2.0
38040000	0.4546062998910397	0.19177510107644288	1.0	1.0	2.0
38050000	0.8695640491493271	0.15091768971970923	1.0	1.0	2.0
38060000	0.9321483552466507	1.046417091846553	1.0	1.0	2.0
38070000	0.30120013348490854	0.3635558862457337	1.0	1.0	2.0
38080000	0.4420046718804856	0.1568972680258978	1.0	1.0	2.0
38090000	1.67220375398802	0.768012365144479	1.0	1.0	2.0
38100000	1.0607478545590363	0.24946857104082165	1.0	1.0	2.0
38110000	1.1178453636183054	0.6553334482787382	1.0	1.0	2.0
38120000	2.200595637025114	1.031530852909491	1.0	1.0	2.0
38130000	1.5205681535922781	1.5666333032951307	1.0	1.0	2.0
38140000	2.654812053070581	0.3739836657482394	1.0	1.0	2.0
38150000	0.872730931383298	0.4228099084705012	1.0	1.0	2.0
38160000	0.8461980784492632	0.9876730926835293	1.0	1.0	2.0
38170000	0.5636244558750024	1.88104290789301	1.0	1.0	2.0
38180000	1.2801885407503182	0.46875660050242307	1.0	1.0	2.0
38190000	3.8453895906999502	0.1988148864767894	1.0	1.0	2.0
38200000	0.9311714800658627	0.06444050184059966	1.0	1.0	2.0
38210000	0.4066275819644118	0.07853151512197228	1.0	1.0	2.0
38220000	1.1094875481943454	0.17464651434094508	1.0	1.0	2.0
38230000	1.174063074843675	0.07157686804201013	1.0	1.0	2.0
38240000	1.9550639041233644	1.4406457295826993	1.0	1.0	2.0
38250000	2.09960598091097	0.5247172597865288	1.0	1.0	2.0
38260000	1.248549080303558	0.49262055046459835	1.0	1.0	2.0
38270000	4.869263468155412	0.5719431705169754	1.0	1.0	2.0
38280000	0.09918064046572644	0.022906693205504237	1.0	1.0	2.0
38290000	1.7419158088718503	0.048067317509177046	1.0	1.0	2.0
38300000	0.9540619767108832	0.030171884518545505	1.0	1.0	2.0
38310000	2.252656418338175	1.2215638028184614	1.0	1.0	2.0
38320000	1.5944946066372983	0.26415993332270005	1.0	1.0	2.0
38330000	1.3681621151114791	1.0047986041776493	1.0	1.0	2.0
38340000	0.4805897378626059	0.018710432911583374	1.0	1.0	2.0
38350000	4.652321464663317	0.412075397618912	1.0	1.0	2.0
38360000	1.127604870843377	0.06357963745199945	1.0	1.0	2.0
38370000	1.4495937293133017	0.9984253632647315	1.0	1.0	2.0
38380000	0.1764537766975241	0.0828962173962334	1.0	1.0	2.0
38390000	0.5403200964089382	0.9205101087692017	1.0	1.0	2.0
38400000	0.43188420530370597	0.011464326820407978	1.0	1.0	2.0
38410000	0.3029530502787446	0.45882896734045603	1.0	1.0	2.0
38420000	0.3065417700993589	0.0026634130779852327	1.0	1.0	2.0
38430000	0.5560922945781474	0.14982918228188907	1.0	1.0	2.0
38440000	0.4586245232972575	0.3535079553851466	1.0	1.0	2.0
38450000	2.24828356606801	0.0553505479151702	1.0	1.0	2.0
38460000	0.8446174430025731	0.2558293171799227	1.0	1.0	2.0
38470000	1.766396272969448	0.7273128379637261	1.0	1.0	2.0
38480000	1.2057036311881435	0.027035950529326287	1.0	1.0	2.0
38490000	1.7344152047913757	0.019460429395088356	1.0	1.0	2.0
38500000	1.9599707072141928	0.6360130166189585	1.0	1.0	2.0
38510000	1.3708852409470151	0.5696181580179146	1.0	1.0	2.0
38520000	1.6201434511735813	0.1203165022879286	1.0	1.0	2.0
38530000	0.49278584256983987	0.28200970467859476	1.0	1.0	2.0
38540000	0.9107715289768203	0.5155581044968406	1.0	1.0	2.0
38550000	1.0963106627365324	1.089127764246562	1.0	1.0	2.0
38560000	0.7493573273716195	0.19252492974590937	1.0	1.0	2.0
38570000	1.2578326174108165	1.1976217480571507	1.0	1.0	2.0
38580000	0.8095636512059461	0.7556474859029171	1.0	1.0	2.0
38590000	0.3373100234282718	0.09586622539277749	1.0	1.0	2.0
38600000	1.9628690709520225	0.7049021990329564	1.0	1.0	2.0
38610000	0.4798779063487111	0.9064116726034772	1.0	1.0	2.0
38620000	0.5941530613248723	0.23728982366814563	1.0	1.0	2.0
38630000	0.45727719114251353	0.17793044017284576	1.0	1.0	2.0
38640000	1.403617645280781	0.23854340795450296	1.0	1.0	2.0
38650000	0.7024611247617576	0.4010919288939183	1.0	1.0	2.0
38660000	1.3744210241352361	1.0444439525460163	1.0	1.0	2.0
38670000	0.2321116970890822	0.0582863961769375	1.0	1.0	2.0
38680000	1.4788800294748694	0.7948276232255924	1.0	1.0	2.0
38690000	0.24296946739457528	0.9697475030284702	1.0	1.0	2.0
38700000	0.5754338926292668	0.4749840364569995	1.0	1.0	2.0
38710000	2.2726441718963266	0.8548295564927991	1.0	1.0	2.0
38720000	2.809203965023796	0.5294529270228663	1.0	1.0	2.0
38730000	0.5706812443934811	0.6720917422256477	1.0	1.0	2.0
38740000	0.43653089987552035	0.001576829174361631	1.0	1.0	2.0
38750000	3.583099194718901	1.6907978794139127	1.0	1.0	2.0
38760000	0.44652480301991404	0.36344747513113895	1.0	1.0	2.0
38770000	0.39253362691148636	0.36750431225982144	1.0	1.0	2.0
38780000	1.201376337667639	0.16400983088066978	1.0	1.0	2.0
38790000	2.3225051854235335	1.4782295718035545	1.0	1.0	2.0
38800000	0.4712877483122859	0.46762640978718223	1.0	1.0	2.0
38810000	1.4883267008974987	1.5762953064863614	1.0	1.0	2.0
38820000	1.2910297232578545	1.4591830957096372	1.0	1.0	2.0
38830000	0.8285920086118329	0.15216814699413633	1.0	1.0	2.0
38840000	0.6889871966204238	0.1233716161336514	1.0	1.0	2.0
38850000	2.31035832746428	0.3350126027338401	1.0	1.0	2.0
38860000	2.0367096257859294	0.018759376455459952	1.0	1.0	2.0
38870000	2.809043248845149	0.35119042202477796	1.0	1.0	2.0
38880000	1.3430531742517682	0.28020283215917885	1.0	1.0	2.0
38890000	2.4284398010134955	1.8739562135940018	1.0	1.0	2.0
38900000	0.5997143508328733	0.6581046898039858	1.0	1.0	2.0
38910000	0.2630176375969706	0.6015876446316749	1.0	1.0	2.0
38920000	3.5726658146897328	0.24060422031049836	1.0	1.0	2.0
38930000	0.4249585446773716	0.38431266994869273	1.0	1.0	2.0
38940000	0.2323671264394402	0.3300060369147667	1.0	1.0	2.0
38950000	0.2994835546452633	0.5319700017061922	1.0	1.0	2.0
38960000	0.8569124452978525	1.2362227291084038	1.0	1.0	2.0
38970000	0.5843134512306803	0.4242349870278481	1.0	1.0	2.0
38980000	1.6522561191327994	0.6436027037631888	1.0	1.0	2.0
38990000	1.5173025975188743	0.008118112843211699	1.0	1.0	2.0
39000000	0.75368218785403	0.16979755858163953	1.0	1.0	2.0
39010000	4.409064920435212	2.623776239035107	1.0	1.0	2.0
39020000	0.764964724513459	0.21340847649504294	1.0	1.0	2.0
39030000	0.7886880528854622	0.268934365489398	1.0	1.0	2.0
39040000	1.909747892143031	0.18198455044407394	1.0	1.0	2.0
39050000	0.5539450413870809	0.14671582483321433	1.0	1.0	2.0
39060000	0.8211126412242736	0.07027812874908047	1.0	1.0	2.0
39070000	2.9133866804202095	0.39925857314849345	1.0	1.0	2.0
39080000	0.8346781735786154	1.6591302056193875	1.0	1.0	2.0
39090000	1.2857255351761954	0.06981494801745106	1.0	1.0	2.0
39100000	0.7822546066891755	0.4637741420754976	1.0	1.0	2.0
39110000	0.8821214649011856	0.19564582606049083	1.0	1.0	2.0
39120000	0.5782089490086006	2.0683572709695395	1.0	1.0	2.0
39130000	2.647731188290948	0.23070618623645311	1.0	1.0	2.0
39140000	1.4610446578492668	0.23845121706956846	1.0	1.0	2.0
39150000	0.8659646959541808	0.23705584157701798	1.0	1.0	2.0
39160000	1.5260932356204728	0.6718073487914733	1.0	1.0	2.0
39170000	0.26298582364591694	0.046134579219488485	1.0	1.0	2.0
39180000	1.180007266272381	0.511351263863928	1.0	1.0	2.0
39190000	1.1980133956823174	1.0253808938777145	1.0	1.0	2.0
39200000	0.9133578438721239	0.11366703757483818	1.0	1.0	2.0
39210000	1.2474822663473157	0.18343523133059692	1.0	1.0	2.0
39220000	2.268994921318675	1.9951197330905586	1.0	1.0	2.0
39230000	1.117606969158921	0.4395282849233495	1.0	1.0	2.0
39240000	3.9952838055039805	0.5016214342784696	1.0	1.0	2.0
39250000	0.7591434603315576	0.003733429821682957	1.0	1.0	2.0
39260000	0.37227033183011843	0.8336083917298771	1.0	1.0	2.0
39270000	1.4827524277294764	1.561977565302989	1.0	1.0	2.0
39280000	6.017855793953289	0.8889919527175822	1.0	1.0	2.0
39290000	1.7316718385651324	0.3435986361172569	1.0	1.0	2.0
39300000	0.671015546872613	0.1927653198093428	1.0	1.0	2.0
39310000	2.648544886288351	0.8656919380036021	1.0	1.0	2.0
39320000	2.0033570904462286	0.10481840421038938	1.0	1.0	2.0
39330000	2.685677606335824	0.1844873937921483	1.0	1.0	2.0
39340000	0.6881759282217766	0.8373010110733036	1.0	1.0	2.0
39350000	0.8201242430469697	2.8067480553674318	1.0	1.0	2.0
39360000	0.32276822925497284	0.14356105710255357	1.0	1.0	2.0
39370000	0.1361776514584525	0.24981243010601037	1.0	1.0	2.0
39380000	2.193621973986118	0.8345123799489819	1.0	1.0	2.0
39390000	0.7350914883056451	1.9539210093039256	1.0	1.0	2.0
39400000	1.4530447714781507	0.04412940797787652	1.0	1.0	2.0
39410000	2.2005827837195158	0.8824799295644429	1.0	1.0	2.0
39420000	0.4799423726968045	0.578959239953282	1.0	1.0	2.0
39430000	0.6503113756356762	0.7683417281274825	1.0	1.0	2.0
39440000	0.4319587772374798	0.9725609286901625	1.0	1.0	2.0
39450000	2.42847663240744	0.8030164290274927	1.0	1.0	2.0
39460000	2.246588854647362	0.0415635908870408	1.0	1.0	2.0
39470000	1.9617587046602414	1.5084138086056211	1.0	1.0	2.0
39480000	1.2509315970718329	0.16849906809619242	1.0	1.0	2.0
39490000	3.5999998376048525	0.13950081301771894	1.0	1.0	2.0
39500000	1.4478184607859337	0.13988348520445054	1.0	1.0	2.0
39510000	2.123412880292793	0.363580282837558	1.0	1.0	2.0
39520000	1.6582897710614601	0.9191940821142373	1.0	1.0	2.0
39530000	0.6597566860065073	1.0123503556191367	1.0	1.0	2.0
39540000	1.0911507958284106	0.748906531810366	1.0	1.0	2.0
39550000	1.8220632878861145	0.38473564791610443	1.0	1.0	2.0
39560000	3.886123948218667	3.2231670438483566	1.0	1.0	2.0
39570000	2.4370318413938037	0.03963755239536514	1.0	1.0	2.0
39580000	0.3385365701523618	0.9299357858739206	1.0	1.0	2.0
39590000	0.8361106424918959	1.1552413815985714	1.0	1.0	2.0
39600000	2.3713447069134608	2.682179693187513	1.0	1.0	2.0
39610000	0.2803362685314496	0.15787043222157063	1.0	1.0	2.0
39620000	4.260874280898439	1.0902170742378021	1.0	1.0	2.0
39630000	0.37534028339801495	0.162058914226813	1.0	1.0	2.0
39640000	4.1503078878278234	0.3798927167863511	1.0	1.0	2.0
39650000	0.4506260148280286	0.6161372784474982	1.0	1.0	2.0
39660000	0.6880594445221693	0.056674241298900654	1.0	1.0	2.0
39670000	2.034969952918892	1.8554072666457195	1.0	1.0	2.0
39680000	0.7771209006110311	0.03728645218700476	1.0	1.0	2.0
39690000	1.3061142910674954	0.2385807925483771	1.0	1.0	2.0
39700000	0.5212917353151538	0.30457083344218333	1.0	1.0	2.0
39710000	1.2904058555100295	1.1993634563397644	1.0	1.0	2.0
39720000	2.936881352312025	0.9790893143547384	1.0	1.0	2.0
39730000	1.9741010556425866	0.38710783552791184	1.0	1.0	2.0
39740000	0.1622534196249543	0.013541627470354436	1.0	1.0	2.0
39750000	1.3499989973173991	0.21970678225082796	1.0	1.0	2.0
39760000	3.100380156717866	1.7990661566517558	1.0	1.0	2.0
39770000	5.98802610912418	0.6670537600395426	1.0	1.0	2.0
39780000	1.5272557962392423	0.2049023577380775	1.0	1.0	2.0
39790000	2.9244245201010584	1.611745285401295	1.0	1.0	2.0
39800000	0.1552348368614633	0.12217188966731773	1.0	1.0	2.0
39810000	1.494141706020417	0.04012242615690145	1.0	1.0	2.0
39820000	0.19785761272551666	0.19576726959993088	1.0	1.0	2.0
39830000	0.9273574766611969	0.7157217670925893	1.0	1.0	2.0
39840000	1.2591795505545078	0.08830065662133962	1.0	1.0	2.0
39850000	0.19614498543730818	0.12498157001850932	1.0	1.0	2.0
39860000	0.513133989767366	0.06152483243476966	1.0	1.0	2.0
39870000	3.227235908334899	3.8199270853143608	1.0	1.0	2.0
39880000	2.0119868216051526	0.5160241344697443	1.0	1.0	2.0
39890000	0.7038080769380041	0.3003763295536915	1.0	1.0	2.0
39900000	3.429494979720537	0.12125320128839719	1.0	1.0	2.0
39910000	2.885165737121561	0.3267576213949846	1.0	1.0	2.0
39920000	0.7733752424976938	0.416257074296934	1.0	1.0	2.0
39930000	3.038734500554461	1.4620126894518712	1.0	1.0	2.0
39940000	0.5111788927370379	1.1165994064807838	1.0	1.0	2.0
39950000	0.47346105594533316	1.6369512969818478	1.0	1.0	2.0
39960000	2.0429382975393926	1.4873846813545868	1.0	1.0	2.0
39970000	0.6530493018258267	0.20124862463747406	1.0	1.0	2.0
39980000	2.0274825238951952	0.7853647375064609	1.0	1.0	2.0
39990000	0.866605342316734	0.17812602984323503	1.0	1.0	2.0
40000000	2.3263634005172875	1.3636935050505437	1.0	1.0	2.0
40010000	0.7548358809231911	1.1910675273135642	1.0	1.0	2.0
40020000	1.8675077193262766	0.5490779648311342	1.0	1.0	2.0
40030000	1.7101859070607275	2.0691840889932207	1.0	1.0	2.0
40040000	0.17606775933051505	0.1535732748806994	1.0	1.0	2.0
40050000	0.46400786027573476	0.08735079694039354	1.0	1.0	2.0
40060000	0.5611958240358184	0.20384281071547067	1.0	1.0	2.0
40070000	2.616228035268724	1.846187729994547	1.0	1.0	2.0
40080000	3.2309068756681723	2.1577390092645174	1.0	1.0	2.0
40090000	3.842871806269134	0.3273889259500941	1.0	1.0	2.0
40100000	1.5524346458273306	1.8535960402944776	1.0	1.0	2.0
40110000	0.11293993344363785	0.03914159844386801	1.0	1.0	2.0
40120000	0.21071303574394298	0.3600020563953345	1.0	1.0	2.0
40130000	0.6123112614506401	0.20226816105187262	1.0	1.0	2.0
40140000	0.8956922027532372	0.8129030186062992	1.0	1.0	2.0
40150000	0.5872277496291478	1.337206412712403	1.0	1.0	2.0
40160000	0.9965979420334335	0.10935221980892117	1.0	1.0	2.0
40170000	2.6193744843755997	2.890731336277338	1.0	1.0	2.0
40180000	1.466552915091867	0.2689559048641716	1.0	1.0	2.0
40190000	0.553175039033214	0.1966643905647806	1.0	1.0	2.0
40200000	1.026044828110612	0.05116928072212606	1.0	1.0	2.0
40210000	3.321178017839154	0.35007030621484014	1.0	1.0	2.0
40220000	2.1309152468866706	0.08902022916341562	1.0	1.0	2.0
40230000	0.3329583599163847	0.36658425504322945	1.0	1.0	2.0
40240000	0.22733991353435007	0.011106865825794102	1.0	1.0	2.0
40250000	0.290424330997745	0.0773344498255803	1.0	1.0	2.0
40260000	2.6826155465520047	1.0074631316357674	1.0	1.0	2.0
40270000	0.4355060858495439	0.19638463818585078	1.0	1.0	2.0
40280000	0.9118593418614368	0.1460422695885287	1.0	1.0	2.0
40290000	1.79526147018415	0.14629967262496588	1.0	1.0	2.0
40300000	2.378203805014143	1.2995747437864291	1.0	1.0	2.0
40310000	2.29383080760816	0.9546151897912263	1.0	1.0	2.0
40320000	1.1013824145558275	0.37979398737808645	1.0	1.0	2.0
40330000	1.2872827828952844	0.3269229831921295	1.0	1.0	2.0
40340000	1.7972852107414168	0.08878312771773186	1.0	1.0	2.0
40350000	0.8228870272883664	2.095089536677059	1.0	1.0	2.0
40360000	1.4986856103568351	1.9403408761533643	1.0	1.0	2.0
40370000	1.6123695056065304	0.8927128156276064	1.0	1.0	2.0
40380000	5.906648338170131	1.0704924624391785	1.0	1.0	2.0
40390000	1.32005322281331	2.4327690906923833	1.0	1.0	2.0
40400000	1.8147495372873732	1.531108945018152	1.0	1.0	2.0
40410000	1.664464840830746	0.4462871263572038	1.0	1.0	2.0
40420000	4.000478858924457	0.9290727766516703	1.0	1.0	2.0
40430000	0.4178225723072688	1.2530758588294095	1.0	1.0	2.0
40440000	0.07393648084750135	0.09472054157050361	1.0	1.0	2.0
40450000	3.134356308177494	0.8890839644256724	1.0	1.0	2.0
40460000	0.3503130709792571	0.1257612237843015	1.0	1.0	2.0
40470000	1.4155237634657565	1.2750955750495918	1.0	1.0	2.0
40480000	1.0727416434235177	0.12762163038046864	1.0	1.0	2.0
40490000	2.247439033689873	0.25273590079697983	1.0	1.0	2.0
40500000	2.1849504675434765	0.007376391606005034	1.0	1.0	2.0
40510000	0.1709411105469646	0.27433947970121053	1.0	1.0	2.0
40520000	0.6085355633027438	0.054128575513376166	1.0	1.0	2.0
40530000	1.9169498562085048	0.6819275338896139	1.0	1.0	2.0
40540000	0.016110099922865776	0.008205899912813166	1.0	1.0	2.0
40550000	0.30148730332326873	0.016388334348432093	1.0	1.0	2.0
40560000	5.22360330901554	1.1479510641441568	1.0	1.0	2.0
40570000	3.1419155907428507	0.2707100944316703	1.0	1.0	2.0
40580000	0.6294153296665109	0.042465043394474516	1.0	1.0	2.0
40590000	0.8577525227312163	1.9672496754337534	1.0	1.0	2.0
40600000	0.688299751222465	0.2970091364139568	1.0	1.0	2.0
40610000	0.6209854351150751	0.3679499092463053	1.0	1.0	2.0
40620000	0.12888606795945562	0.021362220654767936	1.0	1.0	2.0
40630000	2.2437725289314656	0.5395337461970955	1.0	1.0	2.0
40640000	1.015297078432507	0.2497562082340702	1.0	1.0	2.0
40650000	0.9476217159219822	1.7562177132020789	1.0	1.0	2.0
40660000	0.5502144710005584	0.8043768010673606	1.0	1.0	2.0
40670000	2.241050995305603	0.2129337522955282	1.0	1.0	2.0
40680000	2.4217195704227747	0.3306237572071014	1.0	1.0	2.0
40690000	3.3966607141425746	2.036873708462663	1.0	1.0	2.0
40700000	0.46103880287924903	1.160890204949056	1.0	1.0	2.0
40710000	0.8683104337132928	0.13472564819715538	1.0	1.0	2.0
40720000	1.45230820399475	1.3617979430568141	1.0	1.0	2.0
40730000	3.684549565774877	0.016902682935029764	1.0	1.0	2.0
40740000	1.163444084949849	0.3226153628243538	1.0	1.0	2.0
40750000	3.7358147377839326	0.9703620901132801	1.0	1.0	2.0
40760000	0.5795555532084291	0.31305615569801754	1.0	1.0	2.0
40770000	1.109869745883147	1.3423520580555082	1.0	1.0	2.0
40780000	0.8756218057754116	0.10092596732819384	1.0	1.0	2.0
40790000	1.3104561164239878	0.31857403532123213	1.0	1.0	2.0
40800000	2.08866429093445	3.3676388458309185	1.0	1.0	2.0
40810000	1.6291018252495248	0.13704017072199762	1.0	1.0	2.0
40820000	0.5204502396797241	0.520171415609566	1.0	1.0	2.0
40830000	0.5112795249196652	0.059415713573828174	1.0	1.0	2.0
40840000	0.9470011721093743	0.2615757622291542	1.0	1.0	2.0
40850000	0.6468754547019819	0.5282459292264656	1.0	1.0	2.0
40860000	1.431734976156318	0.6728182300350999	1.0	1.0	2.0
40870000	0.8412535039368874	0.2956436805489991	1.0	1.0	2.0
40880000	2.5078350436063874	0.04570538956727089	1.0	1.0	2.0
40890000	2.1731119290694267	1.5215822596613078	1.0	1.0	2.0
40900000	0.113903829077168	0.15132576747709697	1.0	1.0	2.0
40910000	1.004863696391727	0.6184008452302702	1.0	1.0	2.0
40920000	1.060217258559376	0.3167760385276197	1.0	1.0	2.0
40930000	0.5340043781785334	0.2228762135598076	1.0	1.0	2.0
40940000	0.25805400891220437	0.2873009539087797	1.0	1.0	2.0
40950000	0.45448621137028095	0.20309119157232586	1.0	1.0	2.0
40960000	1.710902264327824	0.45180346737830834	1.0	1.0	2.0
40970000	0.04050192250668087	0.03722302575108937	1.0	1.0	2.0
40980000	0.30782969557403206	0.0669108010936623	1.0	1.0	2.0
40990000	0.35461431024853257	0.12838579391063057	1.0	1.0	2.0
41000000	0.3542891952329608	0.5772661803596816	1.0	1.0	2.0
41010000	1.4013824319329815	0.07849646045121092	1.0	1.0	2.0
41020000	0.055184189743381136	0.013914199408340011	1.0	1.0	2.0
41030000	1.0966379097393724	0.9489869132432437	1.0	1.0	2.0
41040000	0.06829902256900376	0.0831068772642841	1.0	1.0	2.0
41050000	2.337788094930737	1.1586227035924666	1.0	1.0	2.0
41060000	0.9338513458067574	0.6271163621592817	1.0	1.0	2.0
41070000	1.0948134481249416	0.9636376460695465	1.0	1.0	2.0
41080000	1.1097432208797235	3.1843927896528528	1.0	1.0	2.0
41090000	0.48547458017588746	0.6247216322795566	1.0	1.0	2.0
41100000	1.1441853552418868	1.035566130136817	1.0	1.0	2.0
41110000	0.5463660212512641	0.8347984848521832	1.0	1.0	2.0
41120000	0.5343647307671407	0.4923268181796717	1.0	1.0	2.0
41130000	1.1619251370529118	0.376205611759257	1.0	1.0	2.0
41140000	3.811618381563108	0.1850026650697326	1.0	1.0	2.0
41150000	1.2179594357311705	0.7266388647832495	1.0	1.0	2.0
41160000	1.1826170656803259	0.016571167148478585	1.0	1.0	2.0
41170000	0.7797732990962524	0.07293430168575876	1.0	1.0	2.0
41180000	0.6912702228436411	0.7735035429849411	1.0	1.0	2.0
41190000	5.221539838741134	0.5600706390555625	1.0	1.0	2.0
41200000	0.42373465331643284	0.16517811485976483	1.0	1.0	2.0
41210000	1.327128708866966	0.10981657301195746	1.0	1.0	2.0
41220000	0.8910396771787754	0.25731745190917255	1.0	1.0	2.0
41230000	2.63453294599362	1.135991250158431	1.0	1.0	2.0
41240000	3.8503512550982566	0.29216938353462774	1.0	1.0	2.0
41250000	1.5122119288223945	2.003067590258336	1.0	1.0	2.0
41260000	0.9196252837658406	1.688558015453481	1.0	1.0	2.0
41270000	1.0196870855272664	0.2569749331601366	1.0	1.0	2.0
41280000	0.6796587167916726	0.5621503004011402	1.0	1.0	2.0
41290000	0.6269346862752743	2.8930669635918873	1.0	1.0	2.0
41300000	2.0204571537681004	1.0259486104763262	1.0	1.0	2.0
41310000	1.8234243533964936	0.10652240170485505	1.0	1.0	2.0
41320000	0.7548081418228039	0.6241060585543993	1.0	1.0	2.0
41330000	0.9038031096880618	0.17425017441664448	1.0	1.0	2.0
41340000	3.4504254480809635	0.09391306837900519	1.0	1.0	2.0
41350000	0.5926212054845571	0.8427139937681443	1.0	1.0	2.0
41360000	0.3113168539233225	0.5128806175590496	1.0	1.0	2.0
41370000	2.630966668007711	2.2485628370932043	1.0	1.0	2.0
41380000	0.846031503653885	1.087784931120998	1.0	1.0	2.0
41390000	1.9632034319797358	0.3261592061406626	1.0	1.0	2.0
41400000	0.6750278617950737	0.29718644452077136	1.0	1.0	2.0
41410000	1.1393809275987685	0.06876322525228025	1.0	1.0	2.0
41420000	2.023188477122201	1.7810935871504459	1.0	1.0	2.0
41430000	0.3596314075580023	0.20077989193701845	1.0	1.0	2.0
41440000	1.130483815705826	0.1134640900765248	1.0	1.0	2.0
41450000	0.38969935867997113	0.38794295927875266	1.0	1.0	2.0
41460000	1.3126803892884387	0.0704042153552268	1.0	1.0	2.0
41470000	0.874423369708713	0.04364835800522701	1.0	1.0	2.0
41480000	1.7935777042993746	0.9289819206328555	1.0	1.0	2.0
41490000	1.0691038099705894	0.47379731550952403	1.0	1.0	2.0
41500000	2.3666577772168984	0.33088036446463615	1.0	1.0	2.0
41510000	0.31401290441204693	0.3711527976598509	1.0	1.0	2.0
41520000	0.6601686090758905	0.4411220039502261	1.0	1.0	2.0
41530000	0.6580762890657279	0.31707119872398565	1.0	1.0	2.0
41540000	0.6656190530115371	0.03215621465416099	1.0	1.0	2.0
41550000	1.8014058549706053	0.19162172510737235	1.0	1.0	2.0
41560000	0.3846677802459624	0.207873025201572	1.0	1.0	2.0
41570000	1.031645349537645	0.6077073361268268	1.0	1.0	2.0
41580000	2.061202992229896	0.580549468765018	1.0	1.0	2.0
41590000	0.6928532402551235	0.019721179216074313	1.0	1.0	2.0
41600000	2.3801766112778173	0.3700345127894869	1.0	1.0	2.0
41610000	1.2144469562752536	0.4486951961604551	1.0	1.0	2.0
41620000	1.0734453368768966	0.051012211981732725	1.0	1.0	2.0
41630000	3.347485545858905	0.7582314375826792	1.0	1.0	2.0
41640000	0.14924536865281876	0.10401473453129545	1.0	1.0	2.0
41650000	0.1882469311415252	0.013494789249184862	1.0	1.0	2.0
41660000	0.9916386524595913	0.2450695839447739	1.0	1.0	2.0
41670000	1.2966509411446028	1.5331946723832854	1.0	1.0	2.0
41680000	0.2699086856203203	0.5161161253314138	1.0	1.0	2.0
41690000	0.7246397570411167	1.9303256154147017	1.0	1.0	2.0
41700000	0.3222537940870052	0.07038394314119355	1.0	1.0	2.0
41710000	1.9287026628945374	0.5719436762365355	1.0	1.0	2.0
41720000	0.3720336822799016	0.3897562488428171	1.0	1.0	2.0
41730000	1.2356291790380554	0.0217292479730552	1.0	1.0	2.0
41740000	2.8790442734640393	1.885520003082482	1.0	1.0	2.0
41750000	2.2571517602245708	0.019992223790439804	1.0	1.0	2.0
41760000	1.7050048120282253	1.0566528712342627	1.0	1.0	2.0
41770000	1.1566877742320971	0.3658541274301867	1.0	1.0	2.0
41780000	2.0027606322672553	0.35725140390672444	1.0	1.0	2.0
41790000	1.1627823688734364	2.0934071847375497	1.0	1.0	2.0
41800000	1.2113799449613807	0.049919839733460133	1.0	1.0	2.0
41810000	0.6369827118539361	0.22633447849256563	1.0	1.0	2.0
41820000	2.1163255655198974	0.053385993785507756	1.0	1.0	2.0
41830000	3.3746403994470144	1.246763006548406	1.0	1.0	2.0
41840000	1.603872818876703	0.02836848204837248	1.0	1.0	2.0
41850000	1.485255791905589	0.3420779847592279	1.0	1.0	2.0
41860000	1.1725594230416772	0.9244050780108986	1.0	1.0	2.0
41870000	1.0028400378288653	0.9940398092772674	1.0	1.0	2.0
41880000	1.865089492654843	0.2356583833065184	1.0	1.0	2.0
41890000	2.025974005671663	1.0369689154956065	1.0	1.0	2.0
41900000	0.389868515837369	0.3258226633832764	1.0	1.0	2.0
41910000	3.850044567741847	0.536165207724917	1.0	1.0	2.0
41920000	1.5498416260427692	1.154736417355682	1.0	1.0	2.0
41930000	0.691969106772019	0.25334283117959705	1.0	1.0	2.0
41940000	1.1311787212003637	1.2897192258913317	1.0	1.0	2.0
41950000	1.7127638525374105	2.3172139670622247	1.0	1.0	2.0
41960000	0.31712528744279966	0.16901578730946587	1.0	1.0	2.0
41970000	0.9015558507908324	0.42806337830824304	1.0	1.0	2.0
41980000	0.9376359971153579	0.0350630588804704	1.0	1.0	2.0
41990000	1.2314120183374033	0.031511307791679086	1.0	1.0	2.0
42000000	1.3026999724103248	0.039891471751966244	1.0	1.0	2.0
42010000	3.258809226749667	0.21510487618636534	1.0	1.0	2.0
42020000	0.24265662477390146	0.09456084701765292	1.0	1.0	2.0
42030000	0.7123376245968432	0.6190305962006197	1.0	1.0	2.0
42040000	1.065172131327024	1.083324399154137	1.0	1.0	2.0
42050000	1.3070668765870628	0.7077667508016844	1.0	1.0	2.0
42060000	3.278421356905465	0.3098038274878823	1.0	1.0	2.0
42070000	0.3721690847120413	1.1792555609083195	1.0	1.0	2.0
42080000	0.3084440520653804	0.2501391818013265	1.0	1.0	2.0
42090000	1.3344313005360313	1.9122284713794024	1.0	1.0	2.0
42100000	3.949696584302053	0.4592647397272222	1.0	1.0	2.0
42110000	1.637516423201445	0.5546231266164037	1.0	1.0	2.0
42120000	0.6271527824470282	0.5894508730736951	1.0	1.0	2.0
42130000	0.2347536277028792	0.048205340452424826	1.0	1.0	2.0
42140000	2.4114345878768577	0.8592837276150501	1.0	1.0	2.0
42150000	0.45166366598692204	0.08543134697353379	1.0	1.0	2.0
42160000	0.529627967023817	1.526673408683968	1.0	1.0	2.0
42170000	1.9425146357369278	0.21086710997884794	1.0	1.0	2.0
42180000	1.4405698627407875	0.8024751848847874	1.0	1.0	2.0
42190000	0.08061428428916012	0.019225035715401483	1.0	1.0	2.0
42200000	0.25274420667964337	0.3480434511261499	1.0	1.0	2.0
42210000	2.637979333784367	0.7311129075664714	1.0	1.0	2.0
42220000	2.1786372476585583	0.08277457306441295	1.0	1.0	2.0
42230000	0.14591097746448564	0.005057724065887174	1.0	1.0	2.0
42240000	2.2377161543367077	0.16139942981330607	1.0	1.0	2.0
42250000	0.5770312867722449	0.5676281096022171	1.0	1.0	2.0
42260000	0.6415731000473803	0.4005473486619421	1.0	1.0	2.0
42270000	3.652123490009636	0.11496211015765817	1.0	1.0	2.0
42280000	2.13655465850619	0.8898363461219291	1.0	1.0	2.0
42290000	0.3048047000292554	0.43372181526913833	1.0	1.0	2.0
42300000	1.0799690398545438	0.10065183021621552	1.0	1.0	2.0
42310000	0.7734929527995477	0.61234948850568	1.0	1.0	2.0
42320000	0.3313690836089679	0.0685920996234611	1.0	1.0	2.0
42330000	0.5492732619264299	0.05600456400625271	1.0	1.0	2.0
42340000	0.645210110123907	0.2538894013236466	1.0	1.0	2.0
42350000	0.6459238793194841	0.36763762118935556	1.0	1.0	2.0
42360000	1.1873762352796848	3.4673842191290105	1.0	1.0	2.0
42370000	0.4358060797345598	0.3952380269347834	1.0	1.0	2.0
42380000	1.2284579853793096	0.8851950133870994	1.0	1.0	2.0
42390000	0.6418700326297371	0.30670820917633607	1.0	1.0	2.0
42400000	7.5172332709802	0.3795065443028134	1.0	1.0	2.0
42410000	1.4610261828635642	0.5170349548347825	1.0	1.0	2.0
42420000	0.6960715769701443	0.04003638238176071	1.0	1.0	2.0
42430000	0.40273118139580794	0.11719825014719391	1.0	1.0	2.0
42440000	1.754019935244309	0.17455766326053712	1.0	1.0	2.0
42450000	1.0377178166928447	0.03685765450964381	1.0	1.0	2.0
42460000	0.7569187210585723	0.04954167088220996	1.0	1.0	2.0
42470000	0.8101323231940805	0.04820899697362868	1.0	1.0	2.0
42480000	2.7266369714586025	0.615660612760956	1.0	1.0	2.0
42490000	0.3349945067594682	1.6436813406315471	1.0	1.0	2.0
42500000	0.5664391546423773	1.351507116323302	1.0	1.0	2.0
42510000	0.2271985839372892	0.05440684199014284	1.0	1.0	2.0
42520000	0.3199435549150197	0.3147372379067281	1.0	1.0	2.0
42530000	0.40413721901705285	0.32545711600844246	1.0	1.0	2.0
42540000	1.8861358702654176	0.7224589810930521	1.0	1.0	2.0
42550000	0.8055215967583362	1.4816929559152305	1.0	1.0	2.0
42560000	0.06442493168723772	0.008413771907619952	1.0	1.0	2.0
42570000	0.6336313235027334	1.6343730176996678	1.0	1.0	2.0
42580000	0.054445653976369926	0.02283165527417822	1.0	1.0	2.0
42590000	0.8121056528379113	0.7672410052660016	1.0	1.0	2.0
42600000	0.08294332386009158	0.010525299680077328	1.0	1.0	2.0
42610000	0.6729605061248637	0.050948667749016754	1.0	1.0	2.0
42620000	1.9648636643600614	0.042838990257468575	1.0	1.0	2.0
42630000	1.1090045514902154	0.5428410350483971	1.0	1.0	2.0
42640000	1.2443725118085889	3.064616891116447	1.0	1.0	2.0
42650000	1.1062042164460195	1.2281839015365146	1.0	1.0	2.0
42660000	1.5764457609140508	0.16425928948997107	1.0	1.0	2.0
42670000	0.7821929753215037	0.6832828887554105	1.0	1.0	2.0
42680000	5.404765013165682	0.12679816440239186	1.0	1.0	2.0
42690000	0.7016971111035094	1.3933428949595612	1.0	1.0	2.0
42700000	5.354602208477032	0.2873943491325754	1.0	1.0	2.0
42710000	0.8252028530314368	0.5061412099756931	1.0	1.0	2.0
42720000	1.8772959007409247	1.1492604902107102	1.0	1.0	2.0
42730000	0.34212203115588463	0.3887600461581789	1.0	1.0	2.0
42740000	1.57060887645646	1.4928725664200961	1.0	1.0	2.0
42750000	0.4789449737691315	0.09358889786449802	1.0	1.0	2.0
42760000	0.5169014739800429	0.5990524702908756	1.0	1.0	2.0
42770000	4.495342272412775	0.015795899283005344	1.0	1.0	2.0
42780000	0.5704380227185468	0.2751587795764246	1.0	1.0	2.0
42790000	0.5627279835231686	0.039311262634057396	1.0	1.0	2.0
42800000	1.2662504197721105	0.2676017556390797	1.0	1.0	2.0
42810000	1.1178506661944054	0.047510585464272524	1.0	1.0	2.0
42820000	1.1800206922460776	0.034842017157710826	1.0	1.0	2.0
42830000	6.012152804008506	2.4242319886257584	1.0	1.0	2.0
42840000	0.9461582505074317	0.9517706909698539	1.0	1.0	2.0
42850000	1.8845676123265798	0.09517008482222532	1.0	1.0	2.0
42860000	0.1612283908887684	0.16375946119363696	1.0	1.0	2.0
42870000	0.437385264361044	0.47307478824033616	1.0	1.0	2.0
42880000	1.6792776760453525	0.7775527449197434	1.0	1.0	2.0
42890000	1.3688761859905607	1.0342420557459553	1.0	1.0	2.0
42900000	2.054544147786799	0.183701387605641	1.0	1.0	2.0
42910000	1.5600712433031605	2.029579742451549	1.0	1.0	2.0
42920000	0.5701341119236726	1.2448224343419216	1.0	1.0	2.0
42930000	0.4940080819732468	0.49478402821981293	1.0	1.0	2.0
42940000	1.2535170241994542	0.08334302780032567	1.0	1.0	2.0
42950000	1.5911188263669656	0.21106344287894352	1.0	1.0	2.0
42960000	0.8958525098564962	0.35957975615896676	1.0	1.0	2.0
42970000	0.378794479826148	0.3585689788793338	1.0	1.0	2.0
42980000	1.5705733508787407	0.5944042471985463	1.0	1.0	2.0
42990000	1.666400470861115	0.31822352843840523	1.0	1.0	2.0
43000000	0.0747176825701351	0.07182985577093579	1.0	1.0	2.0
43010000	1.72369950484162	0.1749889102208013	1.0	1.0	2.0
43020000	3.011036516371936	0.8226571086717333	1.0	1.0	2.0
43030000	0.40408548820465684	0.1640028557352275	1.0	1.0	2.0
43040000	0.9132752903348964	0.1205310492656189	1.0	1.0	2.0
43050000	2.892922888150971	3.0538854787775853	1.0	1.0	2.0
43060000	0.3085513882554322	0.10414090197184406	1.0	1.0	2.0
43070000	1.755769512316331	0.21849608117801236	1.0	1.0	2.0
43080000	0.32320805803528735	0.4693517248851208	1.0	1.0	2.0
43090000	1.429169842426796	0.2214434787372762	1.0	1.0	2.0
43100000	0.9648295485441359	1.0363669658289119	1.0	1.0	2.0
43110000	2.1954808804153747	0.7527001672726445	1.0	1.0	2.0
43120000	1.6661606114981027	0.6755951733429303	1.0	1.0	2.0
43130000	0.6943714446779901	0.2947756071846036	1.0	1.0	2.0
43140000	0.04136268257830518	0.012249151315817856	1.0	1.0	2.0
43150000	1.2091520778414557	0.9056474540296169	1.0	1.0	2.0
43160000	1.8112328224548977	0.3238848357837979	1.0	1.0	2.0
43170000	0.5348307814722393	0.027139453854916354	1.0	1.0	2.0
43180000	0.7266819740566021	0.002181291640821313	1.0	1.0	2.0
43190000	0.6701713876196018	0.170379050555226	1.0	1.0	2.0
43200000	0.1337985211218526	0.0010049722953702814	1.0	1.0	2.0
43210000	1.7022592005478547	0.14071993031205007	1.0	1.0	2.0
43220000	0.5620769904423966	0.7233935059188206	1.0	1.0	2.0
43230000	0.4160253595979616	0.05520119069838963	1.0	1.0	2.0
43240000	1.0323395081533149	0.3878368253435645	1.0	1.0	2.0
43250000	0.19918002832769757	0.1251326995567773	1.0	1.0	2.0
43260000	1.4153106065998777	0.09426276615883002	1.0	1.0	2.0
43270000	0.2764897713635043	2.8001028278724545	1.0	1.0	2.0
43280000	0.21746890403487132	0.5575678476595244	1.0	1.0	2.0
43290000	0.6886196088717215	0.017798532003310122	1.0	1.0	2.0
43300000	1.8610629120023667	0.17807311327416311	1.0	1.0	2.0
43310000	1.6511685718440914	0.08637462799736907	1.0	1.0	2.0
43320000	1.5288441125472878	0.06941436035457385	1.0	1.0	2.0
43330000	2.3214916759489563	0.9071907023488086	1.0	1.0	2.0
43340000	0.9753529510151095	0.04482044338691837	1.0	1.0	2.0
43350000	3.2326147142811994	0.2132075749030964	1.0	1.0	2.0
43360000	0.6803699684358877	0.25382253416979544	1.0	1.0	2.0
43370000	2.507659180290029	3.5823025980222	1.0	1.0	2.0
43380000	2.846406631837234	0.807558064408348	1.0	1.0	2.0
43390000	0.2794807687412007	0.027880702131421096	1.0	1.0	2.0
43400000	0.7056964489011024	1.0478678330675284	1.0	1.0	2.0
43410000	0.9465250615564345	0.5663564178578785	1.0	1.0	2.0
43420000	1.9832134466906544	2.2981016697886862	1.0	1.0	2.0
43430000	7.324849649924866	0.4887946111381639	1.0	1.0	2.0
43440000	1.7162228084490063	0.43573109544198224	1.0	1.0	2.0
43450000	1.0445756499240872	0.2526846479332403	1.0	1.0	2.0
43460000	2.9561313937385023	0.4717511260249783	1.0	1.0	2.0
43470000	2.3505411179555935	0.26582502976848343	1.0	1.0	2.0
43480000	2.45110159758753	0.9970694339325237	1.0	1.0	2.0
43490000	0.529498348041719	0.11267222532221538	1.0	1.0	2.0
43500000	0.49778448992464575	0.5185428835756589	1.0	1.0	2.0
43510000	2.5334304198374804	0.4658065381188011	1.0	1.0	2.0
43520000	1.2271931817461084	0.02791429612937695	1.0	1.0	2.0
43530000	0.5409274141276039	0.6205136644506067	1.0	1.0	2.0
43540000	2.5235706525019883	1.664681290111062	1.0	1.0	2.0
43550000	0.19636675189786312	0.2031591204257581	1.0	1.0	2.0
43560000	0.8131014684468655	0.2797628309473869	1.0	1.0	2.0
43570000	0.7969028050709391	0.16956081097688666	1.0	1.0	2.0
43580000	2.8653815112761714	1.93714589824111	1.0	1.0	2.0
43590000	3.5489720240096783	0.43950140626544265	1.0	1.0	2.0
43600000	1.3004824499685486	0.2434023588537009	1.0	1.0	2.0
43610000	1.6282434986697214	0.5985799595245184	1.0	1.0	2.0
43620000	2.907134707309218	0.3571121327403159	1.0	1.0	2.0
43630000	1.1365982787142201	1.078804226273224	1.0	1.0	2.0
43640000	1.2247066397656967	0.04296195869478991	1.0	1.0	2.0
43650000	3.7059192691263556	6.126175883086503E-4	0.0	1.0	1.0
43660000	3.872258728904896	2.4907137622639923	1.0	1.0	2.0
43670000	1.6111877723521622	0.1481037941294194	1.0	1.0	2.0
43680000	0.689563863739567	0.854494221029288	1.0	1.0	2.0
43690000	0.7803858085602007	0.3809553928139623	1.0	1.0	2.0
43700000	0.5560927147513801	0.36657193522025183	1.0	1.0	2.0
43710000	1.4271509702762142	0.37125817274195616	1.0	1.0	2.0
43720000	0.7786645462689286	0.13678658138157782	1.0	1.0	2.0
43730000	0.35723897468484284	0.13386904833938928	1.0	1.0	2.0
43740000	1.0789276477935386	0.28704119510982173	1.0	1.0	2.0
43750000	4.947692200732639	1.6033439365275741	1.0	1.0	2.0
43760000	1.1496454539185346	0.11591399903513985	1.0	1.0	2.0
43770000	0.9332679585623231	0.21127168718935257	1.0	1.0	2.0
43780000	0.6436869541887207	0.7146814877413938	1.0	1.0	2.0
43790000	2.070263747836637	2.1018701496174255	1.0	1.0	2.0
43800000	0.7342298453678007	0.09441528996961165	1.0	1.0	2.0
43810000	1.6180322974629882	0.1627049923739441	1.0	1.0	2.0
43820000	0.6921170016645223	0.7931984424168905	1.0	1.0	2.0
43830000	1.0730296371721122	0.43424150273636813	1.0	1.0	2.0
43840000	0.1676291229662059	1.9246379779738068	1.0	1.0	2.0
43850000	0.8020972321384386	0.09835054019314642	1.0	1.0	2.0
43860000	0.0996497280894913	0.08571461532922021	1.0	1.0	2.0
43870000	1.6641377224897886	0.0019131768864201109	1.0	1.0	2.0
43880000	0.7304188327148562	0.19255696105766212	1.0	1.0	2.0
43890000	0.5431961980694703	0.02483394919450255	1.0	1.0	2.0
43900000	2.5809593225200036	0.10388414601776805	1.0	1.0	2.0
43910000	4.468402236653666	0.7403402880871819	1.0	1.0	2.0
43920000	0.8276354416424451	0.06642189278690545	1.0	1.0	2.0
43930000	0.9112355944254736	0.48778535889580604	1.0	1.0	2.0
43940000	0.5129030549020408	0.44929396553533546	1.0	1.0	2.0
43950000	3.9362160779386715	0.9497954167332378	1.0	1.0	2.0
43960000	0.5045563438558236	0.18687025281258635	1.0	1.0	2.0
43970000	0.8033698599398522	0.7780089310839233	1.0	1.0	2.0
43980000	0.3713273859796479	0.284003610320428	1.0	1.0	2.0
43990000	1.1191744545903966	0.3124731539992395	1.0	1.0	2.0
44000000	1.1505528451095324	0.7772607022385492	1.0	1.0	2.0
44010000	3.2766353151888974	1.8442391952896118	1.0	1.0	2.0
44020000	2.244917969074845	0.4747122597007013	1.0	1.0	2.0
44030000	1.0321680100962447	0.7972031346916644	1.0	1.0	2.0
44040000	2.652263884704587	0.8615204409687754	1.0	1.0	2.0
44050000	1.6618513655639306	0.19758458667539402	1.0	1.0	2.0
44060000	0.4705277597067189	0.060321325906208104	1.0	1.0	2.0
44070000	1.9146808912021163	0.7292976681186815	1.0	1.0	2.0
44080000	0.9691268889817187	0.19379462010187723	1.0	1.0	2.0
44090000	0.5209050028946013	0.36511425438092654	1.0	1.0	2.0
44100000	0.8721814355209258	0.7098597370787711	1.0	1.0	2.0
44110000	0.2064502655456338	2.0783135037723937	1.0	1.0	2.0
44120000	0.7481322669168022	0.30363750230883996	1.0	1.0	2.0
44130000	2.5292305094525944	0.12073957290000827	1.0	1.0	2.0
44140000	1.1447476011257474	0.5642953175791389	1.0	1.0	2.0
44150000	0.8177136693465669	4.280690139699298	1.0	1.0	2.0
44160000	2.1502707870857614	0.7748465808113568	1.0	1.0	2.0
44170000	3.902092326317429	0.43649661461358935	1.0	1.0	2.0
44180000	0.7703548474842383	0.07014557715506266	1.0	1.0	2.0
44190000	2.566592582591259	2.398945905537178	1.0	1.0	2.0
44200000	1.8508071794861645	0.11175433452288992	1.0	1.0	2.0
44210000	0.9517976560817677	0.024249273725882908	1.0	1.0	2.0
44220000	1.639266036366157	0.28089266441180766	1.0	1.0	2.0
44230000	0.2557097144485235	0.013597659414719835	1.0	1.0	2.0
44240000	3.423433726621761	0.4289889592925897	1.0	1.0	2.0
44250000	0.6176099292060476	0.3420113841861815	1.0	1.0	2.0
44260000	1.0385263602695871	0.8842913680486331	1.0	1.0	2.0
44270000	2.9277663634215307	0.38776389359286706	1.0	1.0	2.0
44280000	0.7015985044234347	0.49240840412890347	1.0	1.0	2.0
44290000	0.46948346579772454	1.1514972658142764	1.0	1.0	2.0
44300000	2.2103828059288464	1.06698638405147	1.0	1.0	2.0
44310000	0.22052074726395113	0.3318408081531164	1.0	1.0	2.0
44320000	0.15144365193548096	0.3314503647949098	1.0	1.0	2.0
44330000	1.8678892230010165	1.0072984971117178	1.0	1.0	2.0
44340000	0.8825504445308636	0.2648826249444058	1.0	1.0	2.0
44350000	1.1032529709446666	1.7719168275580714	1.0	1.0	2.0
44360000	1.3375613880197554	0.22421847299512165	1.0	1.0	2.0
44370000	3.275646644833057	1.0077540214922691	1.0	1.0	2.0
44380000	0.7010049772907935	0.044534404623394905	1.0	1.0	2.0
44390000	0.9801750396738472	0.7939296413666151	1.0	1.0	2.0
44400000	0.27362251509470603	0.4057600358557588	1.0	1.0	2.0
44410000	0.990848406266929	0.15381612647147994	1.0	1.0	2.0
44420000	0.4598287102230073	0.13899075037718636	1.0	1.0	2.0
44430000	0.14370206477421035	0.5445129620854082	1.0	1.0	2.0
44440000	2.1490329096345175	0.25601204196514205	1.0	1.0	2.0
44450000	1.0831912604370022	0.09505367776396446	1.0	1.0	2.0
44460000	0.3666421425110146	0.32718988420627043	1.0	1.0	2.0
44470000	1.791469002783691	2.413959578458995	1.0	1.0	2.0
44480000	0.47174862190718625	0.35454637682432977	1.0	1.0	2.0
44490000	1.0971973996754403	2.573099360498586	1.0	1.0	2.0
44500000	1.9348819357342855	1.0941021783762048	1.0	1.0	2.0
44510000	2.1921373761100065	0.04555177704049147	1.0	1.0	2.0
44520000	1.2836951685009124	0.5090484362145828	1.0	1.0	2.0
44530000	3.0022379246588207	0.43157279359179157	1.0	1.0	2.0
44540000	0.1473728861570949	0.001058157195525735	1.0	1.0	2.0
44550000	0.9779418700620863	0.3191053889562334	1.0	1.0	2.0
44560000	1.0788869448099507	0.16736683948594105	1.0	1.0	2.0
44570000	0.413485445280775	0.8572293941751942	1.0	1.0	2.0
44580000	0.6527661669672766	1.0237789329324882	1.0	1.0	2.0
44590000	0.14598578400682016	0.046891164563150546	1.0	1.0	2.0
44600000	0.33075678741918	1.0028696769085923	1.0	1.0	2.0
44610000	1.521852016326171	0.34328438531898475	1.0	1.0	2.0
44620000	1.4721552750018165	0.5575276506485153	1.0	1.0	2.0
44630000	1.5923533617654637	0.04040151864501869	1.0	1.0	2.0
44640000	0.8266249809975098	0.06500348905656501	1.0	1.0	2.0
44650000	0.48634260645239497	0.1627714808489508	1.0	1.0	2.0
44660000	1.0095058886353643	1.8772593018772177	1.0	1.0	2.0
44670000	0.9651551188239461	0.43434166867995433	1.0	1.0	2.0
44680000	2.2332174094401736	1.3160329196425227	1.0	1.0	2.0
44690000	0.4219625810786032	0.38971026016971255	1.0	1.0	2.0
44700000	0.2838733476445998	0.29630467626562446	1.0	1.0	2.0
44710000	2.7483558993855532	0.3372446181988741	1.0	1.0	2.0
44720000	2.8242795181754974	0.2674278422193434	1.0	1.0	2.0
44730000	1.4068364762566419	0.6958806752014798	1.0	1.0	2.0
44740000	0.5581750355904466	0.6528239997047224	1.0	1.0	2.0
44750000	0.7757652985082283	1.1880560054788523	1.0	1.0	2.0
44760000	2.1041624702346615	0.4950401799987987	1.0	1.0	2.0
44770000	0.3458152310382718	0.12941770740760442	1.0	1.0	2.0
44780000	1.9666270871424307	1.0367691911623047	1.0	1.0	2.0
44790000	2.129121313355449	1.1869462434479334	1.0	1.0	2.0
44800000	0.2938949447359617	0.10375179086224964	1.0	1.0	2.0
44810000	1.5110816246174665	0.2820528157880559	1.0	1.0	2.0
44820000	0.6907941768596442	0.5544575910890497	1.0	1.0	2.0
44830000	1.912917352118184	1.5118242657235594	1.0	1.0	2.0
44840000	0.9737893412013363	0.06003822271158758	1.0	1.0	2.0
44850000	4.07425292169531	0.11369933271061043	1.0	1.0	2.0
44860000	2.7489834712204972	4.373548170286664	1.0	1.0	2.0
44870000	0.9589176571751892	1.4288550038083516	1.0	1.0	2.0
44880000	0.41946662470891194	0.008105952962145266	1.0	1.0	2.0
44890000	2.1244779303170525	0.17465827311797025	1.0	1.0	2.0
44900000	0.8820143817324138	0.04064305744185625	1.0	1.0	2.0
44910000	1.1294282927657402	0.521351750843648	1.0	1.0	2.0
44920000	1.5160933669845964	0.15342726601453763	1.0	1.0	2.0
44930000	0.4262964363461473	0.157100075797721	1.0	1.0	2.0
44940000	0.939017619805605	0.6491648681234636	1.0	1.0	2.0
44950000	0.9007231975503293	0.6699232461063332	1.0	1.0	2.0
44960000	2.6754745104013495	1.8460457574771956	1.0	1.0	2.0
44970000	2.2699924036163597	0.5209023251126056	1.0	1.0	2.0
44980000	1.8053527337676156	0.5067480934662757	1.0	1.0	2.0
44990000	0.9992780722005279	0.3920467541020782	1.0	1.0	2.0
45000000	1.07311810302903	0.24285195060476072	1.0	1.0	2.0
45010000	0.3343434974250616	0.8889260199097089	1.0	1.0	2.0
45020000	0.8493426124093485	0.37737449749222113	1.0	1.0	2.0
45030000	1.06357015783226	0.26488299482420685	1.0	1.0	2.0
45040000	0.19542299597282167	0.31275589072141885	1.0	1.0	2.0
45050000	0.669963004831108	0.5899679972108484	1.0	1.0	2.0
45060000	3.6161156810951067	0.678723270675786	1.0	1.0	2.0
45070000	0.5811810750126851	0.11796003061050271	1.0	1.0	2.0
45080000	4.77609987812431	0.0036383899686182023	1.0	1.0	2.0
45090000	1.228538942790674	1.82562170486865	1.0	1.0	2.0
45100000	0.3207016061998065	0.016597779577579817	1.0	1.0	2.0
45110000	1.3996973139394213	0.06205565805714164	1.0	1.0	2.0
45120000	2.7230922614359594	0.22857047294979999	1.0	1.0	2.0
45130000	0.4394577375315297	0.06376806656459119	1.0	1.0	2.0
45140000	3.8381418030851733	0.9656181300228287	1.0	1.0	2.0
45150000	0.9683888962918173	0.8826508585458595	1.0	1.0	2.0
45160000	0.5869606720317063	1.199403187010993	1.0	1.0	2.0
45170000	2.4063176473714294	0.6529747368779578	1.0	1.0	2.0
45180000	0.8488643705316726	0.284578251214051	1.0	1.0	2.0
45190000	2.680081902602279	2.2972646327669874	1.0	1.0	2.0
45200000	1.6981118227374135	0.9174615448345387	1.0	1.0	2.0
45210000	2.5397691842754533	2.859194699251653	1.0	1.0	2.0
45220000	0.6952676669032649	0.935305692911638	1.0	1.0	2.0
45230000	0.13166882146161146	0.7783871788053104	1.0	1.0	2.0
45240000	0.26821629265961927	0.5218312719552228	1.0	1.0	2.0
45250000	0.4820313264061422	1.6648980574047219	1.0	1.0	2.0
45260000	0.6016334345689867	0.5822984412231268	1.0	1.0	2.0
45270000	0.8269722017998677	0.27534898367185584	1.0	1.0	2.0
45280000	1.4877372173138963	0.0856282720839456	1.0	1.0	2.0
45290000	2.262329827546745	0.836703427176183	1.0	1.0	2.0
45300000	1.7574956677680214	0.2005418234592873	1.0	1.0	2.0
45310000	1.7904787282834596	0.29601831519830607	1.0	1.0	2.0
45320000	0.9240440325053396	0.575382814893411	1.0	1.0	2.0
45330000	1.574803075857569	1.6115114523402347	1.0	1.0	2.0
45340000	0.6933124867034405	0.5813828609562602	1.0	1.0	2.0
45350000	1.3245319311692316	0.7524012352516426	1.0	1.0	2.0
45360000	1.37132800060459	0.05249753835411263	1.0	1.0	2.0
45370000	0.9034613217032191	1.5494070831029514	1.0	1.0	2.0
45380000	1.1719111971331748	0.10974438882724781	1.0	1.0	2.0
45390000	1.1647047581231866	0.2880046797723043	1.0	1.0	2.0
45400000	0.0825235699388616	0.5217639750145573	1.0	1.0	2.0
45410000	0.47960354345603723	0.5585428474663912	1.0	1.0	2.0
45420000	3.241528866599606	0.2461842414747679	1.0	1.0	2.0
45430000	0.31658369669609554	0.004244827512316156	1.0	1.0	2.0
45440000	0.6732734124144764	0.2400570141852648	1.0	1.0	2.0
45450000	1.3335833044749466	0.10711469236903626	1.0	1.0	2.0
45460000	0.19747177700858096	0.04507349281931436	1.0	1.0	2.0
45470000	3.186272194919298	2.6104808571106726	1.0	1.0	2.0
45480000	0.4458730684668074	0.044438201676566015	1.0	1.0	2.0
45490000	0.14580377750012896	0.08558701745383429	1.0	1.0	2.0
45500000	0.7393304278181616	0.7128767435716981	1.0	1.0	2.0
45510000	4.573395577170477	4.090408296199842	1.0	1.0	2.0
45520000	0.4134316201181067	0.7604272237941861	1.0	1.0	2.0
45530000	0.5183150185132123	1.2410461782096114	1.0	1.0	2.0
45540000	1.364440095827402	0.20890683936543458	1.0	1.0	2.0
45550000	0.15569111806662678	0.07916505884458758	1.0	1.0	2.0
45560000	0.9361426405823763	0.7273757828713885	1.0	1.0	2.0
45570000	0.943955899498912	0.5315481741541502	1.0	1.0	2.0
45580000	3.2731366544645577	0.3264476836465677	1.0	1.0	2.0
45590000	4.159645917764795	0.011043517136560538	1.0	1.0	2.0
45600000	0.6116816223467589	0.06785089865648859	1.0	1.0	2.0
45610000	1.9737131070286202	0.37392084110408386	1.0	1.0	2.0
45620000	3.0208178525443907	1.2363935426166786	1.0	1.0	2.0
45630000	0.6059585857977374	0.5243324889176708	1.0	1.0	2.0
45640000	0.22244128288363327	0.15904973180420914	1.0	1.0	2.0
45650000	1.9796144766314203	1.7612329596971488	1.0	1.0	2.0
45660000	0.3795948251089433	0.3889607390688877	1.0	1.0	2.0
45670000	0.461794939799732	0.07637829006312705	1.0	1.0	2.0
45680000	0.19096228008903518	0.14744546111657453	1.0	1.0	2.0
45690000	0.3722319256827045	0.06301390599195647	1.0	1.0	2.0
45700000	2.8683081984972922	1.4866567714303087	1.0	1.0	2.0
45710000	1.8120186499202575	0.1611210422267183	1.0	1.0	2.0
45720000	1.3194831052089941	0.18821682920839816	1.0	1.0	2.0
45730000	2.0791384052108897	0.0964455457213403	1.0	1.0	2.0
45740000	0.051307184530993935	2.7113224623569487	1.0	1.0	2.0
45750000	0.7701951219038131	1.0262175505863933	1.0	1.0	2.0
45760000	0.5179073311110365	0.5167353953159181	1.0	1.0	2.0
45770000	0.1649635986520953	0.030293545676371287	1.0	1.0	2.0
45780000	1.1754329029636723	0.9094267190278872	1.0	1.0	2.0
45790000	0.5538749671127663	0.7041548952017928	1.0	1.0	2.0
45800000	1.0571892043635949	0.012144309226956952	1.0	1.0	2.0
45810000	1.575940850709703	0.9594612285238894	1.0	1.0	2.0
45820000	2.1294711225224696	0.35801479828052846	1.0	1.0	2.0
45830000	0.1553687736556185	0.055669223682302885	1.0	1.0	2.0
45840000	1.715743514596993	0.501897398335803	1.0	1.0	2.0
45850000	1.0145362222327614	0.9726822803518685	1.0	1.0	2.0
45860000	1.715757195019268	0.033559691351461134	1.0	1.0	2.0
45870000	0.13484905579983822	0.19396648863917865	1.0	1.0	2.0
45880000	4.595834591414351	0.5127039057329722	1.0	1.0	2.0
45890000	2.4941841456467273	0.34959687007972673	1.0	1.0	2.0
45900000	3.0635476578816165	0.9826696627247282	1.0	1.0	2.0
45910000	0.37836983674750446	0.5031019460568615	1.0	1.0	2.0
45920000	1.2645553305125812	0.08130812009609442	1.0	1.0	2.0
45930000	0.04236346040525538	0.04539345881694171	1.0	1.0	2.0
45940000	2.857800167791159	1.1149613429738976	1.0	1.0	2.0
45950000	0.7673054788038135	1.0386791248101799	1.0	1.0	2.0
45960000	0.5581763752491737	0.7541685865590113	1.0	1.0	2.0
45970000	1.8118450074541739	0.15820380486439392	1.0	1.0	2.0
45980000	1.4455847542023053	0.8857546064497924	1.0	1.0	2.0
45990000	3.726648652749551	0.2857437516410983	1.0	1.0	2.0
46000000	1.2709273313386986	0.07544235238547546	1.0	1.0	2.0
46010000	1.0852305425401108	0.2969324279976538	1.0	1.0	2.0
46020000	0.5889284777963859	0.3759264244054996	1.0	1.0	2.0
46030000	0.8602966514729251	0.20405276343832918	1.0	1.0	2.0
46040000	1.765056524698113	1.255645536785262	1.0	1.0	2.0
46050000	1.027807962176249	0.6285930226958967	1.0	1.0	2.0
46060000	1.126557783962672	0.39052460206136447	1.0	1.0	2.0
46070000	0.9526405757531872	0.2350179020521423	1.0	1.0	2.0
46080000	1.3356330412320823	0.3498786530882077	1.0	1.0	2.0
46090000	1.4059073977793255	0.24494772066346795	1.0	1.0	2.0
46100000	0.5692856441070959	0.4596400558126552	1.0	1.0	2.0
46110000	1.1546310354382325	0.3171944900645173	1.0	1.0	2.0
46120000	0.5989630217526509	0.7656914779228907	1.0	1.0	2.0
46130000	5.151706945696075	0.3156494549261208	1.0	1.0	2.0
46140000	0.18550709893061604	0.2051001197771201	1.0	1.0	2.0
46150000	0.28588803015744524	0.06349204144715134	1.0	1.0	2.0
46160000	4.2780212633831605	0.05998888934715636	1.0	1.0	2.0
46170000	0.969171157333676	0.0017118676709834669	1.0	1.0	2.0
46180000	3.3754255406155154	0.8017931132389032	1.0	1.0	2.0
46190000	1.0517903558381256	0.03825792269527765	1.0	1.0	2.0
46200000	3.80628978365212	2.646938390158065	1.0	1.0	2.0
46210000	1.8969265283429326	1.2962260966121542	1.0	1.0	2.0
46220000	1.9981613702690955	1.2062648561021778	1.0	1.0	2.0
46230000	3.09264463585556	1.8587519628658853	1.0	1.0	2.0
46240000	1.4610041517887795	2.051371291109005	1.0	1.0	2.0
46250000	0.18935837230072156	0.316947245667547	1.0	1.0	2.0
46260000	2.611766414273913	0.05553170719141109	1.0	1.0	2.0
46270000	2.302860826153895	2.286377104948999	1.0	1.0	2.0
46280000	3.5805584017018015	1.5934922715090643	1.0	1.0	2.0
46290000	0.3907789927964664	1.1768800074867256	1.0	1.0	2.0
46300000	0.19002046617434373	0.17950915365348757	1.0	1.0	2.0
46310000	2.8759628920343228	0.7553458980145418	1.0	1.0	2.0
46320000	2.1142484917638087	0.44930555384322696	1.0	1.0	2.0
46330000	0.5188700239978287	0.18193323412358656	1.0	1.0	2.0
46340000	0.40298853624208436	0.5113942213419981	1.0	1.0	2.0
46350000	3.1062470128850412	2.3778384631267704	1.0	1.0	2.0
46360000	0.740599399120182	0.891853584332273	1.0	1.0	2.0
46370000	1.86095191197692	0.4009977579740334	1.0	1.0	2.0
46380000	0.10062773397832006	0.09143372037872725	1.0	1.0	2.0
46390000	1.2127035945609366	0.16188136151335328	1.0	1.0	2.0
46400000	0.2782074716187052	0.4105033208313646	1.0	1.0	2.0
46410000	1.975452624845942	0.22670026158015244	1.0	1.0	2.0
46420000	0.5011924414233148	1.1935685525196962	1.0	1.0	2.0
46430000	0.371434406513194	0.008480321429905327	1.0	1.0	2.0
46440000	1.2370090158916225	0.06795078578996895	1.0	1.0	2.0
46450000	0.7240691890058156	0.09990849674212351	1.0	1.0	2.0
46460000	0.2898158764184425	0.04993290799343166	1.0	1.0	2.0
46470000	0.6555203186647428	1.478978613626115	1.0	1.0	2.0
46480000	0.5775289591413661	0.06582323409626671	1.0	1.0	2.0
46490000	2.745342380498673	2.56151623363903	1.0	1.0	2.0
46500000	0.45942451483483915	0.7985144224973992	1.0	1.0	2.0
46510000	0.8912715775224221	0.7473228494074124	1.0	1.0	2.0
46520000	0.61993189194448	0.2988767257034697	1.0	1.0	2.0
46530000	1.076354199402841	0.44774769792573	1.0	1.0	2.0
46540000	1.2357597562417424	0.987999427184274	1.0	1.0	2.0
46550000	2.1177588931528657	2.5679820457286815	1.0	1.0	2.0
46560000	2.2097787828925846	0.3622611867699013	1.0	1.0	2.0
46570000	1.5886693167356656	0.3256094969269299	1.0	1.0	2.0
46580000	0.41856903477248053	0.04713134820225865	1.0	1.0	2.0
46590000	1.675685774666546	0.21907318965201683	1.0	1.0	2.0
46600000	1.1177886586141226	1.4363351978388177	1.0	1.0	2.0
46610000	3.939599715068238	0.4872332795389094	1.0	1.0	2.0
46620000	1.73244441870001	0.6516826715516434	1.0	1.0	2.0
46630000	0.6226137970886999	1.056003219195676	1.0	1.0	2.0
46640000	1.794130460500646	0.09005682955998522	1.0	1.0	2.0
46650000	2.1544144592961074	0.11696858643651792	1.0	1.0	2.0
46660000	0.15732165973893558	0.0631144440721787	1.0	1.0	2.0
46670000	0.6608024271321229	0.7974542430902353	1.0	1.0	2.0
46680000	0.8513979449170198	2.2911011206255227	1.0	1.0	2.0
46690000	1.1564109352944065	0.12974209364762745	1.0	1.0	2.0
46700000	0.15221029615096837	0.3221259750006366	1.0	1.0	2.0
46710000	0.34343783656658083	0.19806249158439787	1.0	1.0	2.0
46720000	2.648767852324061	0.406355576468144	1.0	1.0	2.0
46730000	0.8204000723324187	0.0389404221824259	1.0	1.0	2.0
46740000	1.1990145948084487	1.2232061048215819	1.0	1.0	2.0
46750000	1.7226436943221644	0.617227151369781	1.0	1.0	2.0
46760000	0.5596654398686572	0.6606538328877744	1.0	1.0	2.0
46770000	1.10333063404839	0.578782821985238	1.0	1.0	2.0
46780000	2.27781347366489	0.4034160667472422	1.0	1.0	2.0
46790000	1.674446936099169	2.677356670872572	1.0	1.0	2.0
46800000	0.9201033697600582	0.43061419607210855	1.0	1.0	2.0
46810000	0.6146443243529488	0.24431729063938892	1.0	1.0	2.0
46820000	0.5234651589295781	2.948820402378407	1.0	1.0	2.0
46830000	0.11308395740020469	0.29667180616217953	1.0	1.0	2.0
46840000	1.1235525621981846	0.0877102022471702	1.0	1.0	2.0
46850000	1.8401599850507528	3.395004185545356	1.0	1.0	2.0
46860000	0.2615453483026241	0.544616128703667	1.0	1.0	2.0
46870000	6.696129747692302	0.3666051306040544	1.0	1.0	2.0
46880000	1.1989275461142388	0.14241299490878545	1.0	1.0	2.0
46890000	2.168754887958308	0.9739374244566132	1.0	1.0	2.0
46900000	1.0130809659014495	0.04154862155005152	1.0	1.0	2.0
46910000	1.0947079004179623	0.4342914795310371	1.0	1.0	2.0
46920000	0.38806097222045627	0.0012264033567943265	1.0	1.0	2.0
46930000	0.5141202959738597	0.5317494536800955	1.0	1.0	2.0
46940000	0.3171636414475067	0.021419338687671572	1.0	1.0	2.0
46950000	0.417613988641523	0.13132597878805743	1.0	1.0	2.0
46960000	1.1199047685368209	0.6975824576085399	1.0	1.0	2.0
46970000	1.398081041794681	0.35052012560523427	1.0	1.0	2.0
46980000	1.935466322651895	2.9684753027154906	1.0	1.0	2.0
46990000	2.415127038231311	0.7973682057701037	1.0	1.0	2.0
47000000	0.329951160764469	0.22898825428644914	1.0	1.0	2.0
47010000	3.9226400203124516	0.06983098409878472	1.0	1.0	2.0
47020000	0.5049420721348074	0.06119928027040506	1.0	1.0	2.0
47030000	1.3510941398080292	1.0072030947814268	1.0	1.0	2.0
47040000	0.272687756901065	0.27312641973653035	1.0	1.0	2.0
47050000	1.8769489777623478	0.2425542423185557	1.0	1.0	2.0
47060000	0.3365876718620284	0.6039196514459539	1.0	1.0	2.0
47070000	1.9694072886216425	3.910227925202284	1.0	1.0	2.0
47080000	3.5503954063693395	0.07993090172232388	1.0	1.0	2.0
47090000	1.4912553345174717	0.31211816013828125	1.0	1.0	2.0
47100000	2.1338839248494916	1.1134080445571195	1.0	1.0	2.0
47110000	3.027591640223472	1.4667172694843398	1.0	1.0	2.0
47120000	1.9870463983612547	0.8458719466815589	1.0	1.0	2.0
47130000	2.5793557002042	0.45667212139500396	1.0	1.0	2.0
47140000	0.2650952536647831	0.012446390390131562	1.0	1.0	2.0
47150000	2.361409791396766	3.3785167118818302	1.0	1.0	2.0
47160000	2.305678165119266	0.3001997770174885	1.0	1.0	2.0
47170000	0.5609302231420522	0.11554246290932818	1.0	1.0	2.0
47180000	0.6668128078188587	0.3391512564684771	1.0	1.0	2.0
47190000	0.4917855789424947	0.09138383802371194	1.0	1.0	2.0
47200000	0.47729033305533836	0.34914755893162286	1.0	1.0	2.0
47210000	0.6205824443836769	0.28573322527369016	1.0	1.0	2.0
47220000	0.495401295766979	0.12626320464716395	1.0	1.0	2.0
47230000	0.5184729178751557	0.13574016422657245	1.0	1.0	2.0
47240000	1.2912433159291508	1.0711331282714789	1.0	1.0	2.0
47250000	2.3774350829321973	0.5664694621389953	1.0	1.0	2.0
47260000	0.5168479453450558	0.005772118186856736	1.0	1.0	2.0
47270000	0.8877357596808091	0.7029213682486122	1.0	1.0	2.0
47280000	1.349531513265062	1.7991170095250895	1.0	1.0	2.0
47290000	0.8594867646998936	0.06321150016471044	1.0	1.0	2.0
47300000	0.20573931089059078	0.40230999980221444	1.0	1.0	2.0
47310000	0.7703362541323685	0.14597044709236226	1.0	1.0	2.0
47320000	0.42231699722628424	0.1894838521385408	1.0	1.0	2.0
47330000	0.6167754364351568	1.1170280961304508	1.0	1.0	2.0
47340000	0.6461236145958288	0.07946415835815177	1.0	1.0	2.0
47350000	1.296212106293259	0.1837119986722801	1.0	1.0	2.0
47360000	1.89645296869011	0.5009402618740072	1.0	1.0	2.0
47370000	1.668576349307265	0.8596873758176824	1.0	1.0	2.0
47380000	0.9665112956999538	0.5960889898446246	1.0	1.0	2.0
47390000	2.7545764039568006	1.2860603924258303	1.0	1.0	2.0
47400000	1.92692950722627	0.6455389776737787	1.0	1.0	2.0
47410000	1.3710373693929574	1.1275481419134112	1.0	1.0	2.0
47420000	0.43592600862407516	0.5973845017766586	1.0	1.0	2.0
47430000	1.015271715495495	0.500661070608693	1.0	1.0	2.0
47440000	1.441213043082588	0.05850004005739487	1.0	1.0	2.0
47450000	2.9501189699003514	0.8478755456655077	1.0	1.0	2.0
47460000	1.948719932448809	0.5015223278330012	1.0	1.0	2.0
47470000	3.426485403877441	1.5240287257416343	1.0	1.0	2.0
47480000	0.8379255646239286	0.19098088901398214	1.0	1.0	2.0
47490000	1.486920877042017	0.06121685983004662	1.0	1.0	2.0
47500000	1.488104130271457	3.159300800877244	1.0	1.0	2.0
47510000	5.940850318671991	1.5469485749791905	1.0	1.0	2.0
47520000	0.9814298667801222	1.3057788653643805	0.0	1.0	1.0
47530000	2.4158553647174275	0.9945547520156928	1.0	1.0	2.0
47540000	2.1415171937196207	0.010837066906491683	1.0	1.0	2.0
47550000	0.37914885612043064	1.0666086001536754	1.0	1.0	2.0
47560000	0.5486849353770409	0.13650694119168794	1.0	1.0	2.0
47570000	0.6269105195560789	0.568009220022402	1.0	1.0	2.0
47580000	0.51769173042367	0.033963026035889854	1.0	1.0	2.0
47590000	0.48860838041139315	0.6210717027672961	1.0	1.0	2.0
47600000	0.14546488029343732	0.10893758455735385	1.0	1.0	2.0
47610000	1.6438575598539378	0.015507163061543426	1.0	1.0	2.0
47620000	1.454484625542967	0.587194059241839	1.0	1.0	2.0
47630000	0.6365782986737709	0.1832480880945028	1.0	1.0	2.0
47640000	1.5956200364806141	0.7587887665222381	1.0	1.0	2.0
47650000	1.9487772595153552	0.9932052685363009	1.0	1.0	2.0
47660000	1.4251244901414801	3.1252790262420755	1.0	1.0	2.0
47670000	1.497256226645462	0.5234428649892714	1.0	1.0	2.0
47680000	0.15714698307508634	0.36302592856382826	1.0	1.0	2.0
47690000	0.28112554590350436	0.08805148615532489	1.0	1.0	2.0
47700000	1.5600565651750855	0.5805943994190845	1.0	1.0	2.0
47710000	3.5924973410580203	0.20970889265327466	1.0	1.0	2.0
47720000	2.90815223571893	0.18656866538370756	1.0	1.0	2.0
47730000	0.5444416463420994	0.07505131795585696	1.0	1.0	2.0
47740000	0.2614914213033856	0.48979515006436053	1.0	1.0	2.0
47750000	0.9971012576517645	0.12549554927293705	1.0	1.0	2.0
47760000	0.4500940457449777	0.25145584454300096	1.0	1.0	2.0
47770000	1.6319876389067922	0.6104301712130259	1.0	1.0	2.0
47780000	0.2383801580351156	0.839902216057451	1.0	1.0	2.0
47790000	0.581613696447188	0.4728997948726168	1.0	1.0	2.0
47800000	2.0409299028372505	1.834960331344886	1.0	1.0	2.0
47810000	1.5320829832215033	0.6317304473954863	1.0	1.0	2.0
47820000	0.7865791370305423	0.016748211446876337	1.0	1.0	2.0
47830000	1.24724266673366	0.3577268241259106	1.0	1.0	2.0
47840000	1.677594389995463	0.3799944200806205	1.0	1.0	2.0
47850000	0.30200888952321725	0.15648478857653209	1.0	1.0	2.0
47860000	1.195758112707097	0.45038977719180523	1.0	1.0	2.0
47870000	1.6943808470900783	0.632058633608274	0.0	1.0	1.0
47880000	0.7856615616399925	0.8194150335228683	1.0	1.0	2.0
47890000	0.6621275983589525	0.33143439688072757	1.0	1.0	2.0
47900000	1.6905612135507921	0.25188446028619604	1.0	1.0	2.0
47910000	0.10149807049133512	0.2595225297283194	1.0	1.0	2.0
47920000	1.9961915612433905	0.21536150905160262	1.0	1.0	2.0
47930000	0.7518195190881368	0.6495058807356721	1.0	1.0	2.0
47940000	0.36277849145021684	0.6996234283784912	1.0	1.0	2.0
47950000	0.24304215781598862	0.3647760833674189	1.0	1.0	2.0
47960000	0.5646080701692515	0.5722707560289602	1.0	1.0	2.0
47970000	1.063997514901537	0.3176891802805199	1.0	1.0	2.0
47980000	3.4832183510190236	1.3908266546491124	1.0	1.0	2.0
47990000	0.35933965138165813	0.015169381942789675	1.0	1.0	2.0
48000000	0.6442212197775824	0.14679049884088533	1.0	1.0	2.0
48010000	1.4553550324679267	0.2176752504484502	1.0	1.0	2.0
48020000	0.38493361274318777	0.15641367821144023	1.0	1.0	2.0
48030000	0.5242209839471493	0.1650291573864603	1.0	1.0	2.0
48040000	0.1998306378652483	0.4774614089881574	1.0	1.0	2.0
48050000	0.24786567861211897	0.9216814457287568	1.0	1.0	2.0
48060000	2.021812874377	0.6408611593623146	1.0	1.0	2.0
48070000	0.596322381582808	1.5425362114952366	1.0	1.0	2.0
48080000	0.38654821106621334	0.15194504470634937	1.0	1.0	2.0
48090000	1.2321199451047478	0.018234281550984888	1.0	1.0	2.0
48100000	3.4520612367455548	0.26267912666556137	1.0	1.0	2.0
48110000	3.621462460551578	0.033924419754411045	1.0	1.0	2.0
48120000	0.44603020911024693	0.16171614304757642	1.0	1.0	2.0
48130000	0.7390143305464631	0.47350223235814337	1.0	1.0	2.0
48140000	1.2734723655847213	0.06345924830069109	1.0	1.0	2.0
48150000	0.3138596829231704	0.06740172508762497	1.0	1.0	2.0
48160000	1.2973741909943	0.6206099719321566	1.0	1.0	2.0
48170000	1.6250995263237813	0.4799671142999985	1.0	1.0	2.0
48180000	0.8232707903410347	0.7174994329839909	1.0	1.0	2.0
48190000	0.4099183254829561	0.9144573786597336	0.0	1.0	1.0
48200000	1.5870433135932465	0.4790976729342352	1.0	1.0	2.0
48210000	1.1335124114827755	0.46123485932827235	1.0	1.0	2.0
48220000	0.9600394143699876	0.18873796121071088	1.0	1.0	2.0
48230000	1.507153110667902	0.06868680582205343	1.0	1.0	2.0
48240000	2.2995039225406275	0.8160081951869719	1.0	1.0	2.0
48250000	0.9471050021930265	0.023867158105860414	1.0	1.0	2.0
48260000	1.2855199076972041	0.29214120999327947	1.0	1.0	2.0
48270000	0.12658774452527272	0.732553687256173	1.0	1.0	2.0
48280000	0.06921272642003559	0.04557574539368199	1.0	1.0	2.0
48290000	1.5987430347401208	0.6511403700729889	1.0	1.0	2.0
48300000	2.0173061605753353	0.05897823733883986	1.0	1.0	2.0
48310000	2.4909295925606845	0.004450607255374755	1.0	1.0	2.0
48320000	0.4784337313801197	2.6586214082450477	1.0	1.0	2.0
48330000	2.522631034072963	0.9388603846236157	1.0	1.0	2.0
48340000	0.6225205661345916	0.22173725510761608	1.0	1.0	2.0
48350000	1.2551373918960647	0.9938911455315528	1.0	1.0	2.0
48360000	0.3637675260402417	0.06985694873846969	1.0	1.0	2.0
48370000	2.587048278454415	5.240326253393637	1.0	1.0	2.0
48380000	3.9954707152728655	1.4822401955801328	1.0	1.0	2.0
48390000	1.058495696447878	0.08579291645821187	1.0	1.0	2.0
48400000	0.3899137288107853	0.057483111106460004	1.0	1.0	2.0
48410000	2.2275102442519605	0.29768924947064934	1.0	1.0	2.0
48420000	0.6106679063627469	0.09720181099733757	1.0	1.0	2.0
48430000	0.9328051285951312	0.42837417821793977	1.0	1.0	2.0
48440000	1.7644941481153964	0.11197094892461631	1.0	1.0	2.0
48450000	0.23544052282261724	0.018121069487029354	0.0	1.0	1.0
48460000	1.2953787103913943	0.6216051864017982	1.0	1.0	2.0
48470000	0.9431079434804089	0.4414270340919938	1.0	1.0	2.0
48480000	0.9072380076319189	1.3127105021677814	1.0	1.0	2.0
48490000	2.6936471274737466	4.639915188696478	1.0	1.0	2.0
48500000	0.8471179070649336	0.9483974221283128	1.0	1.0	2.0
48510000	0.3632354709460283	0.45883642776220684	1.0	1.0	2.0
48520000	0.19564243897083217	0.22647564727772276	1.0	1.0	2.0
48530000	1.4536629665940732	0.050952417403945516	1.0	1.0	2.0
48540000	2.000029131867711	0.006797197350897262	1.0	1.0	2.0
48550000	2.023991779392342	3.8660402327519336	1.0	1.0	2.0
48560000	1.0225434538544278	0.07366443120987606	1.0	1.0	2.0
48570000	0.118316187128796	0.4982999501852949	1.0	1.0	2.0
48580000	0.3742701845995042	0.03454308989762777	1.0	1.0	2.0
48590000	0.6739343431574352	0.23251139786124464	1.0	1.0	2.0
48600000	1.6694812911239478	0.6025193802516858	1.0	1.0	2.0
48610000	0.4648591435665217	0.1707824436161471	1.0	1.0	2.0
48620000	2.1921599703267676	0.38850563087405354	1.0	1.0	2.0
48630000	1.3795343062820555	0.888343267216281	1.0	1.0	2.0
48640000	0.14933150137285156	0.05968827760035464	1.0	1.0	2.0
48650000	0.550649039488239	1.3532454583718183	1.0	1.0	2.0
48660000	1.0164948203805453	0.10024398428567487	1.0	1.0	2.0
48670000	0.24295345159248843	0.36614533477055394	1.0	1.0	2.0
48680000	1.5827624286933768	0.11226541515180903	1.0	1.0	2.0
48690000	6.192627917744134	0.16727301932146743	1.0	1.0	2.0
48700000	0.4833373939097056	0.09856810930205444	1.0	1.0	2.0
48710000	3.843865023947692	0.23740893637081076	1.0	1.0	2.0
48720000	0.6583181958000632	0.5639752486259065	1.0	1.0	2.0
48730000	1.9447559248538953	0.5628112029309124	1.0	1.0	2.0
48740000	2.0825803817877615	0.1256883073469837	1.0	1.0	2.0
48750000	1.1046972669949606	0.1867375648918125	1.0	1.0	2.0
48760000	1.4087016909487482	0.2508371342717514	1.0	1.0	2.0
48770000	2.0900380301046657	0.04513121531393858	1.0	1.0	2.0
48780000	0.4318493307347943	0.1871748820186618	1.0	1.0	2.0
48790000	0.16325188548239994	1.2194240514711134	1.0	1.0	2.0
48800000	1.019195406038275	0.3251047224619779	1.0	1.0	2.0
48810000	1.1607271285342493	0.19011425529092219	1.0	1.0	2.0
48820000	1.5039272756263413	0.43332593776270134	1.0	1.0	2.0
48830000	0.24181119730509393	0.19602664621777258	1.0	1.0	2.0
48840000	0.05420137711924817	0.005715439323511123	1.0	1.0	2.0
48850000	0.8345760943716267	0.008949375964353811	1.0	1.0	2.0
48860000	0.9862875769267818	0.5464269084652118	1.0	1.0	2.0
48870000	0.9051163985062008	0.812261370133448	1.0	1.0	2.0
48880000	1.3252113305950923	1.3846928257605726	1.0	1.0	2.0
48890000	0.7996244741544777	0.04404708550873869	1.0	1.0	2.0
48900000	0.5956482763511988	0.1020052758589117	1.0	1.0	2.0
48910000	2.768871107415628	0.5114644927425319	1.0	1.0	2.0
48920000	3.2015785050277015	0.27599250959318755	1.0	1.0	2.0
48930000	3.500632064398411	0.29810472020978523	1.0	1.0	2.0
48940000	0.5711298973224241	0.07606078475276314	1.0	1.0	2.0
48950000	1.8540077343284238	0.30906174842710826	1.0	1.0	2.0
48960000	0.7975140571949362	0.2582839977827668	1.0	1.0	2.0
48970000	0.202670197391139	0.45484784816962825	1.0	1.0	2.0
48980000	2.3791416577460605	0.3717117647435114	1.0	1.0	2.0
48990000	0.5460755365303368	0.057333488360918866	1.0	1.0	2.0
49000000	1.0825599351600674	0.2401347931928013	1.0	1.0	2.0
49010000	0.4746057460305125	0.108797518702449	1.0	1.0	2.0
49020000	0.39440030128871545	0.09218519742304655	1.0	1.0	2.0
49030000	0.22111371599518184	0.18710369089255063	1.0	1.0	2.0
49040000	0.42984946852374695	0.0030717484420122775	1.0	1.0	2.0
49050000	0.5139621613174538	1.1623222498842458	1.0	1.0	2.0
49060000	0.15375836361102332	0.15026223512650425	1.0	1.0	2.0
49070000	3.0883692558598135	0.8009968175313587	1.0	1.0	2.0
49080000	2.8640820982013357	1.9319013051741776	1.0	1.0	2.0
49090000	0.46647208957780856	0.049700352308532834	1.0	1.0	2.0
49100000	2.832963628771735	0.5952299968695998	1.0	1.0	2.0
49110000	0.4403086781150691	0.27679906068181725	1.0	1.0	2.0
49120000	0.5048181141516958	0.03285317958776199	1.0	1.0	2.0
49130000	0.2605280257752149	0.8943930237225537	1.0	1.0	2.0
49140000	3.4848228128540675	0.4199660569315333	1.0	1.0	2.0
49150000	0.4972367721853633	0.16567857046814227	1.0	1.0	2.0
49160000	0.8235970409120401	0.10939592144308909	1.0	1.0	2.0
49170000	2.2508745811987194	1.7311318275991372	1.0	1.0	2.0
49180000	0.9707765605267025	0.5832070931360512	1.0	1.0	2.0
49190000	0.6442558255001997	0.05798753037956173	1.0	1.0	2.0
49200000	1.0279369163392114	0.7983190712765764	1.0	1.0	2.0
49210000	1.4220763911690237	0.4028431885018521	1.0	1.0	2.0
49220000	0.4474791863131368	0.19150354161300692	1.0	1.0	2.0
49230000	8.363236720554488	1.1865839451092302	1.0	1.0	2.0
49240000	0.6157549448382593	0.4385619012668514	1.0	1.0	2.0
49250000	1.443518185390342	1.3371389868087245	1.0	1.0	2.0
49260000	0.86899168850837	2.3077183534487844	1.0	1.0	2.0
49270000	0.37331333732125777	0.07330761619959511	1.0	1.0	2.0
49280000	0.2663694222463495	0.2200794113358988	1.0	1.0	2.0
49290000	0.8708771805359137	0.15622607401245117	1.0	1.0	2.0
49300000	0.528791534267929	1.9407985898169973	1.0	1.0	2.0
49310000	0.5551668259480987	0.3623721027849549	1.0	1.0	2.0
49320000	0.9428408317774545	0.1955618999333658	1.0	1.0	2.0
49330000	0.4987576791353154	0.8764903430857057	1.0	1.0	2.0
49340000	0.12049560621939977	0.7279703011567416	1.0	1.0	2.0
49350000	0.9609137552210004	0.3864268872274539	1.0	1.0	2.0
49360000	1.3661057085142445	1.8388402201653007	1.0	1.0	2.0
49370000	2.944751782989986	0.14888168550018513	1.0	1.0	2.0
49380000	0.6689628280690129	1.2110176339646705	1.0	1.0	2.0
49390000	1.316475498341886	0.009218723472246053	1.0	1.0	2.0
49400000	2.381133788785825	0.12517925965653345	1.0	1.0	2.0
49410000	0.5022949107306007	0.7422957300631942	1.0	1.0	2.0
49420000	0.921650513691448	0.6372185751112898	1.0	1.0	2.0
49430000	2.6321982085743563	0.16030460925728884	1.0	1.0	2.0
49440000	1.360841839492682	1.1335860384376613	1.0	1.0	2.0
49450000	9.811120127838231	3.528548926066899	1.0	1.0	2.0
49460000	0.2658917690322664	0.09586288599347983	1.0	1.0	2.0
49470000	0.2534756547766823	0.4785286654558247	1.0	1.0	2.0
49480000	0.9030515832884428	2.7258003226710428	1.0	1.0	2.0
49490000	0.5499045995028569	0.2227257586490051	1.0	1.0	2.0
49500000	2.6247010737995673	0.8577680179658032	1.0	1.0	2.0
49510000	0.8166352243958048	0.06265793833879918	1.0	1.0	2.0
49520000	0.09723228088644406	0.4480875913923117	1.0	1.0	2.0
49530000	0.2773774331347899	1.0687283964053162	1.0	1.0	2.0
49540000	2.9391861869275107	0.7708159408562051	1.0	1.0	2.0
49550000	0.16898528450774694	0.6039155641577196	1.0	1.0	2.0
49560000	1.0908493867288351	0.5613962766076205	1.0	1.0	2.0
49570000	1.2575503785458435	0.0828816672829879	1.0	1.0	2.0
49580000	2.0648987828254977	0.4823304758127557	1.0	1.0	2.0
49590000	0.2672454912343125	0.5781948476766752	1.0	1.0	2.0
49600000	0.9586576372523665	0.3661059848013234	1.0	1.0	2.0
49610000	1.2917799334835698	0.14595483653786998	1.0	1.0	2.0
49620000	1.473900807733863	0.407337257488607	1.0	1.0	2.0
49630000	0.2265347312740757	0.5393615484745811	1.0	1.0	2.0
49640000	1.8526188626755118	0.5753558154668414	1.0	1.0	2.0
49650000	1.4006774844447798	0.3978661399083637	1.0	1.0	2.0
49660000	0.9363991444914722	0.17187562105861573	1.0	1.0	2.0
49670000	1.1482369640509862	0.03999980136828038	1.0	1.0	2.0
49680000	5.60254888523826	0.7807805181482473	1.0	1.0	2.0
49690000	1.8912069689902975	0.06657087008954464	1.0	1.0	2.0
49700000	1.1739214578981418	0.44763457880090274	1.0	1.0	2.0
49710000	0.7096439068795929	0.14773686280950404	1.0	1.0	2.0
49720000	1.9850473474466677	0.236271836643453	1.0	1.0	2.0
49730000	1.670950184607306	0.6921321664357503	1.0	1.0	2.0
49740000	1.335880721219419	0.7828381944596381	1.0	1.0	2.0
49750000	1.5378931402964766	0.2798812194781278	1.0	1.0	2.0
49760000	2.2346686475289066	0.8057500776207986	1.0	1.0	2.0
49770000	1.267942170021286	2.6208159032450102	1.0	1.0	2.0
49780000	0.5991028137152541	1.2530203644263238	1.0	1.0	2.0
49790000	2.395948132655191	0.24826640917074466	1.0	1.0	2.0
49800000	2.172412445275001	0.8340855825678058	1.0	1.0	2.0
49810000	1.482573476396948	1.5284574526660257	1.0	1.0	2.0
49820000	0.4406899688877512	0.29715553743699674	1.0	1.0	2.0
49830000	1.6653990887403562	0.011483192245529697	1.0	1.0	2.0
49840000	0.09020481573460565	0.46274034176097795	1.0	1.0	2.0
49850000	5.48347026115253	1.3530866483019448	1.0	1.0	2.0
49860000	1.3237890944928734	0.022960073649887933	1.0	1.0	2.0
49870000	1.417210506266089	0.29815821533085557	1.0	1.0	2.0
49880000	1.7458475554761994	0.799565033472425	1.0	1.0	2.0
49890000	1.3154093980039598	0.2991928307037459	1.0	1.0	2.0
49900000	0.5466358762497247	0.07011458115015805	1.0	1.0	2.0
49910000	0.79393299618282	0.2084067620757689	1.0	1.0	2.0
49920000	1.5856155929152729	0.13908543611946758	1.0	1.0	2.0
49930000	1.5250716852483448	0.21687824559974636	1.0	1.0	2.0
49940000	5.144637851893507	0.09073228664593537	1.0	1.0	2.0
49950000	0.9566827787830109	0.9437761738731568	1.0	1.0	2.0
49960000	0.8783538751850481	1.052790296810193	1.0	1.0	2.0
49970000	3.487647952764106	0.5828201085652062	1.0	1.0	2.0
49980000	0.6682934578660236	0.6504787912924787	1.0	1.0	2.0
49990000	2.260233198290393	0.4747411870224297	1.0	1.0	2.0
50000000	1.6042342644333822	0.5226387765912938	1.0	1.0	2.0
50010000	1.0079046625807404	0.03221151699515299	1.0	1.0	2.0
50020000	6.166005590243426	1.3609160777493856	1.0	1.0	2.0
50030000	0.5072223773554838	0.16970902078460093	1.0	1.0	2.0
50040000	0.10318209497808224	0.17794392077197752	1.0	1.0	2.0
50050000	1.0082371269936825	0.38657671060194815	1.0	1.0	2.0
50060000	0.8649513418261808	1.4454429375798217	1.0	1.0	2.0
50070000	0.722634354518271	0.05888256150181333	1.0	1.0	2.0
50080000	1.363867428788516	0.49706099414758065	1.0	1.0	2.0
50090000	0.7278593094923789	0.2785321693725183	1.0	1.0	2.0
50100000	4.857745390608179	1.6544861886077031	1.0	1.0	2.0
50110000	1.3738107839395388	0.4640590311034825	1.0	1.0	2.0
50120000	3.428046015870565	0.32924601259967706	1.0	1.0	2.0
50130000	0.3484086355376769	0.05907531273095169	1.0	1.0	2.0
50140000	0.38427664404179934	0.7074041020079144	1.0	1.0	2.0
50150000	0.5647541881181911	0.4311709492069797	1.0	1.0	2.0
50160000	1.652280372461918	0.7100339097494364	1.0	1.0	2.0
50170000	0.8461827403157385	0.6232429707037291	1.0	1.0	2.0
50180000	0.6077968567462877	0.4137556167027346	1.0	1.0	2.0
50190000	1.921945263084178	0.03632816197829014	1.0	1.0	2.0
50200000	3.169939334255951	0.47678828523290784	1.0	1.0	2.0
50210000	1.591248477275111	0.34899514886349847	1.0	1.0	2.0
50220000	1.0196829520927009	0.6876525537737495	1.0	1.0	2.0
50230000	0.5189759555678938	0.18710345009340132	1.0	1.0	2.0
50240000	2.1529181444927477	0.3285992655465277	1.0	1.0	2.0
50250000	0.3142219331399062	0.07356473869507706	1.0	1.0	2.0
50260000	2.921869299746386	1.3089297019918893	1.0	1.0	2.0
50270000	0.25355460031447935	0.08733706048920273	1.0	1.0	2.0
50280000	1.7406682853753617	0.5826699747063508	1.0	1.0	2.0
50290000	0.3420129760970645	0.03786668200916056	1.0	1.0	2.0
50300000	3.117299646255835	0.6204559809689745	1.0	1.0	2.0
50310000	1.473537059920284	0.15256644817500356	1.0	1.0	2.0
50320000	3.22610227783544	4.0452155236164	1.0	1.0	2.0
50330000	1.5832450941442602	1.0487041598401454	1.0	1.0	2.0
50340000	0.5102328420924032	0.05508098230451237	1.0	1.0	2.0
50350000	2.3965212029979814	0.4891199285928644	1.0	1.0	2.0
50360000	0.4336428225185599	0.048058890858542876	1.0	1.0	2.0
50370000	0.8655705095041878	0.02800160612517776	1.0	1.0	2.0
50380000	2.948726616167497	1.1672379507483208	1.0	1.0	2.0
50390000	1.368110681892953	0.43541348582542483	1.0	1.0	2.0
50400000	1.1419018069583997	0.039161520380603644	1.0	1.0	2.0
50410000	1.3363621666181487	0.18106157298429074	1.0	1.0	2.0
50420000	0.7109143500448946	0.22679844007706348	1.0	1.0	2.0
50430000	1.782281921936128	0.35416170288058024	1.0	1.0	2.0
50440000	0.5838860836341834	0.34165809729281205	1.0	1.0	2.0
50450000	2.3819172857933193	0.7628317495032763	1.0	1.0	2.0
50460000	0.5003910479311112	0.39588093659159307	1.0	1.0	2.0
50470000	3.847693711336303	0.9217747920880385	1.0	1.0	2.0
50480000	1.9030495581876625	1.053582841700648	1.0	1.0	2.0
50490000	0.41264465039047965	0.015635089748101603	1.0	1.0	2.0
50500000	1.7283461586061795	0.35548667443689913	1.0	1.0	2.0
50510000	1.0456101210914537	0.14538657915533515	1.0	1.0	2.0
50520000	1.8055827458595917	1.062289796819405	1.0	1.0	2.0
50530000	1.9281222527611648	0.2587624005781795	1.0	1.0	2.0
50540000	0.8719316532987417	0.08224954078373563	1.0	1.0	2.0
50550000	1.0069820107324838	0.04245945980089663	1.0	1.0	2.0
50560000	4.710578509191487	0.7216048019554897	1.0	1.0	2.0
50570000	0.6298321613207658	0.07728107309727768	1.0	1.0	2.0
50580000	0.7209913343609823	0.5860458394863939	1.0	1.0	2.0
50590000	0.9436021729653198	0.7432867324773589	1.0	1.0	2.0
50600000	1.408697804268063	0.26127823966936675	1.0	1.0	2.0
50610000	0.9705733265697802	0.2768445293173667	1.0	1.0	2.0
50620000	1.09937003045672	0.19041315332174683	1.0	1.0	2.0
50630000	0.3193923753413265	0.31395404795981846	1.0	1.0	2.0
50640000	0.8305337714180743	0.21411109475289192	1.0	1.0	2.0
50650000	0.6824759582514602	1.8242902101819223	1.0	1.0	2.0
50660000	2.461753256844635	2.30003706900326	1.0	1.0	2.0
50670000	0.2694230532005539	0.10079447612314024	1.0	1.0	2.0
50680000	0.48531872860951547	0.11376015472760351	1.0	1.0	2.0
50690000	0.6480772053163489	0.19806193006492553	1.0	1.0	2.0
50700000	0.2064658357933926	0.0795470495049196	1.0	1.0	2.0
50710000	1.832200703535267	1.062199950981137	1.0	1.0	2.0
50720000	1.8816164265404516	0.7228362109727398	1.0	1.0	2.0
50730000	1.8897169481847866	0.02915109408507623	1.0	1.0	2.0
50740000	1.4606658345832906	0.3192489656142137	1.0	1.0	2.0
50750000	0.11069260346989444	0.061323255122195316	1.0	1.0	2.0
50760000	1.4339529708964376	0.07734333943717946	1.0	1.0	2.0
50770000	0.5918787242488991	1.948032245151257	1.0	1.0	2.0
50780000	0.9384700963670802	0.5410537667423363	1.0	1.0	2.0
50790000	1.1680403816047051	3.0764491670340046	1.0	1.0	2.0
50800000	0.784956865906387	1.0513466064959436	1.0	1.0	2.0
50810000	0.793085816509083	0.13444590210683754	1.0	1.0	2.0
50820000	1.1739643267637692	0.05882694779598404	1.0	1.0	2.0
50830000	1.69835130287113	0.2535803331855754	1.0	1.0	2.0
50840000	0.24592349387637327	0.050590798673453063	1.0	1.0	2.0
50850000	0.6466768742380308	0.45821275114503346	1.0	1.0	2.0
50860000	1.2523515302308457	0.9343953925506004	1.0	1.0	2.0
50870000	3.7958031257048126	0.4203609027993704	1.0	1.0	2.0
50880000	1.4110214583998146	0.5292655378536248	1.0	1.0	2.0
50890000	2.1536401549175337	1.6804189416006718	1.0	1.0	2.0
50900000	0.4155104988474068	0.0013949491606754405	1.0	1.0	2.0
50910000	0.6789536490357919	0.6244947915370156	1.0	1.0	2.0
50920000	0.9257190171147854	0.7584032425095246	1.0	1.0	2.0
50930000	1.6544941859801974	0.10408878061557736	1.0	1.0	2.0
50940000	0.2619075716035551	0.36013337819030516	1.0	1.0	2.0
50950000	0.5282440095386829	0.1694598128266858	1.0	1.0	2.0
50960000	0.33913459087722936	0.06458074188276207	1.0	1.0	2.0
50970000	2.6796924356468503	0.39640153755965696	1.0	1.0	2.0
50980000	1.7206869289541622	0.0545959425332734	1.0	1.0	2.0
50990000	1.264228273027329	1.2442487008973855	1.0	1.0	2.0
51000000	0.8637939831599947	0.1948883311891041	1.0	1.0	2.0
51010000	0.8742455451167879	0.011141190326805916	1.0	1.0	2.0
51020000	2.2834299128900963	0.47475421787529637	1.0	1.0	2.0
51030000	0.906042738424447	0.10759627199307825	1.0	1.0	2.0
51040000	0.15709425124339124	0.49557744575509416	1.0	1.0	2.0
51050000	0.9352528359844374	0.233939668604212	1.0	1.0	2.0
51060000	1.2498734064091583	1.0084734430132658	1.0	1.0	2.0
51070000	1.723503481297503	1.626631998702464	1.0	1.0	2.0
51080000	0.7060432266360972	0.3021547729657986	1.0	1.0	2.0
51090000	0.686484022265587	0.14217626942018655	1.0	1.0	2.0
51100000	2.069344925825702	0.6713571409030152	1.0	1.0	2.0
51110000	0.3470894837665795	0.8414122730728	1.0	1.0	2.0
51120000	1.541849710796957	0.11753378043313277	1.0	1.0	2.0
51130000	1.2009957160751827	1.0983223320818445	1.0	1.0	2.0
51140000	1.0065998792312072	0.09821641904381333	1.0	1.0	2.0
51150000	0.20711823728147533	0.21338024742264794	1.0	1.0	2.0
51160000	1.17619360476474	0.589799117152944	1.0	1.0	2.0
51170000	0.5040582579749691	0.6316200461860231	1.0	1.0	2.0
51180000	3.378214930306867	1.856328936677204	1.0	1.0	2.0
51190000	0.7196158345331769	1.0120401097440799	1.0	1.0	2.0
51200000	1.5075212378575644	0.3872043924016756	1.0	1.0	2.0
51210000	0.0955339324430196	0.505908300397213	1.0	1.0	2.0
51220000	0.6817789633233774	0.7234261642742014	1.0	1.0	2.0
51230000	6.154376300818353	0.6322437760210504	1.0	1.0	2.0
51240000	4.11539641410454	1.0901305110297919	1.0	1.0	2.0
51250000	1.0390428941726302	0.045169587908590325	1.0	1.0	2.0
51260000	0.37929973881720164	0.9630005275630271	1.0	1.0	2.0
51270000	0.129464855598416	0.0095439571536876	1.0	1.0	2.0
51280000	0.08826410801851534	0.06792846160339101	1.0	1.0	2.0
51290000	0.2062109098233549	0.027469706338109655	1.0	1.0	2.0
51300000	2.414215296982678	0.14394015946270233	1.0	1.0	2.0
51310000	2.1335378185271043	0.6886143110588537	1.0	1.0	2.0
51320000	0.7725639515832091	0.25842387148756846	1.0	1.0	2.0
51330000	3.313284774677777	3.6672000506559823	1.0	1.0	2.0
51340000	0.8355991941246663	0.12071531646290583	1.0	1.0	2.0
51350000	0.8227309183979067	0.7019511826786217	1.0	1.0	2.0
51360000	1.7903174118126213	0.1605045959551238	1.0	1.0	2.0
51370000	0.012864311281153637	0.02195809634928153	1.0	1.0	2.0
51380000	0.5530961480815453	0.24583262079808396	1.0	1.0	2.0
51390000	1.3557315501046325	0.0971024593968122	1.0	1.0	2.0
51400000	0.5730258525855062	0.30710461889056595	1.0	1.0	2.0
51410000	3.3792188265753498	0.0982778006021545	1.0	1.0	2.0
51420000	0.3174306593745043	0.015909094776425742	1.0	1.0	2.0
51430000	1.2923978814306816	0.1544697063053792	1.0	1.0	2.0
51440000	0.42918005374317797	0.4706295253666763	1.0	1.0	2.0
51450000	1.9264334708139526	0.22655120702498457	1.0	1.0	2.0
51460000	3.7611971934916015	0.07325564842328319	1.0	1.0	2.0
51470000	0.9827451117105593	0.5422303295382422	1.0	1.0	2.0
51480000	3.0092926686724137	0.4020879156162368	1.0	1.0	2.0
51490000	2.900842998932976	3.114150931453098	1.0	1.0	2.0
51500000	1.6651536624914114	1.0189818115497775	1.0	1.0	2.0
51510000	1.2946668226433777	0.05346508136788834	1.0	1.0	2.0
51520000	0.8459845091625576	0.0075865350135885835	1.0	1.0	2.0
51530000	3.180724232856468	0.3692069287993791	1.0	1.0	2.0
51540000	2.076394403355649	0.8164550522873644	1.0	1.0	2.0
51550000	0.10089922642268381	0.17720635658166847	1.0	1.0	2.0
51560000	2.885478400324295	0.29953211199826724	1.0	1.0	2.0
51570000	1.3312566885142834	1.5591119645400724	1.0	1.0	2.0
51580000	0.8284040190835141	0.6299775945460361	1.0	1.0	2.0
51590000	1.6936264610125344	1.3510781118336546	1.0	1.0	2.0
51600000	1.1988923009159556	0.3329300168472708	1.0	1.0	2.0
51610000	0.42434961713402913	0.23340318610396296	1.0	1.0	2.0
51620000	1.3141919249965204	0.8040131108796267	1.0	1.0	2.0
51630000	1.2305240469533962	2.0883304056998266	1.0	1.0	2.0
51640000	0.43690726834575383	0.143395929600109	1.0	1.0	2.0
51650000	2.778319794698077	0.4219140944844415	1.0	1.0	2.0
51660000	2.083351218115273	0.19528164958161304	1.0	1.0	2.0
51670000	0.9374674638085723	0.3495738765545958	1.0	1.0	2.0
51680000	1.4013798648129638	0.17686801272067623	1.0	1.0	2.0
51690000	1.2273614233264973	0.5551549794602638	1.0	1.0	2.0
51700000	0.8568257975060191	0.33516596330963416	1.0	1.0	2.0
51710000	0.34261319681333524	1.2120610892266828	1.0	1.0	2.0
51720000	1.3162480375419412	0.5975103494881934	1.0	1.0	2.0
51730000	2.6944219044367648	0.7864552856758024	1.0	1.0	2.0
51740000	1.3835872169989012	0.4750952753222221	1.0	1.0	2.0
51750000	3.406605017613035	0.4629455620914644	1.0	1.0	2.0
51760000	1.0645764307898375	0.10611033650827176	1.0	1.0	2.0
51770000	0.9315645081030857	0.09369159589757654	1.0	1.0	2.0
51780000	1.4886335470539893	1.5571156452769161	1.0	1.0	2.0
51790000	0.8266969675198778	0.7778495713458635	1.0	1.0	2.0
51800000	0.9678435049072079	0.06253314521455061	1.0	1.0	2.0
51810000	0.9574200824603354	1.302384872501879	1.0	1.0	2.0
51820000	0.7630576632124354	1.0595735988432748	1.0	1.0	2.0
51830000	1.3429647341483082	0.11480706551723555	1.0	1.0	2.0
51840000	0.662716889873427	0.209727545335167	1.0	1.0	2.0
51850000	0.9636182763334318	0.4329779975681522	1.0	1.0	2.0
51860000	0.9510262447935959	0.99462721579755	1.0	1.0	2.0
51870000	2.1042114664488167	0.7147915183024984	1.0	1.0	2.0
51880000	3.662487561952721	1.8542546374705664	1.0	1.0	2.0
51890000	0.5628480250281539	0.7182070422199981	1.0	1.0	2.0
51900000	2.9781301110864944	0.5618244351809096	1.0	1.0	2.0
51910000	1.4745582715211925	0.16114446035805086	1.0	1.0	2.0
51920000	1.0788388288848982	0.14485988632587546	1.0	1.0	2.0
51930000	0.6372249671660564	0.01504721546855131	1.0	1.0	2.0
51940000	0.422402394517291	0.3569697083661302	1.0	1.0	2.0
51950000	0.6476454895455364	0.0792928274321098	1.0	1.0	2.0
51960000	1.780052974890697	1.9070808822970837	1.0	1.0	2.0
51970000	0.5897907497913436	0.09677327647709828	1.0	1.0	2.0
51980000	2.1310846366352907	0.2224299180532987	1.0	1.0	2.0
51990000	2.2657485043525445	1.2504342227884866	1.0	1.0	2.0
52000000	0.9380231483822358	0.627883032079532	1.0	1.0	2.0
52010000	1.261011275991834	0.3404643770238776	1.0	1.0	2.0
52020000	0.47480490911652734	0.3470352348166487	1.0	1.0	2.0
52030000	1.5066287912520242	0.4325494194954321	1.0	1.0	2.0
52040000	0.5966101661518329	0.04607267325897669	1.0	1.0	2.0
52050000	0.3246201767641827	0.21531872617692902	1.0	1.0	2.0
52060000	0.84596666995894	0.6732613662205345	1.0	1.0	2.0
52070000	1.200030413515413	0.14819159132459786	1.0	1.0	2.0
52080000	0.7764621673197492	0.31610347097911734	1.0	1.0	2.0
52090000	0.2545502333474971	0.6117148587580058	1.0	1.0	2.0
52100000	0.04618394277883679	0.02130508551951356	1.0	1.0	2.0
52110000	0.7766341233435632	1.6126179849531312	1.0	1.0	2.0
52120000	0.24043526485554303	0.37449793943328274	1.0	1.0	2.0
52130000	0.5778739950909585	0.3696422221333696	1.0	1.0	2.0
52140000	2.1199122493686366	0.6505106380052496	1.0	1.0	2.0
52150000	2.1343836436057404	1.8510946135116206	1.0	1.0	2.0
52160000	5.56405793902005	0.913466538815991	1.0	1.0	2.0
52170000	1.3274719264062782	0.32428560059193995	1.0	1.0	2.0
52180000	0.8364295059425061	0.14770761971756763	1.0	1.0	2.0
52190000	0.8531298617623913	1.302801504593332	1.0	1.0	2.0
52200000	2.307591845860852	0.022954697095754147	1.0	1.0	2.0
52210000	3.0414142812845006	0.5249890218553738	1.0	1.0	2.0
52220000	0.583581944355813	1.4061231440878195	1.0	1.0	2.0
52230000	1.0234538185164863	2.6436667115559245	1.0	1.0	2.0
52240000	2.6343568757595106	0.10558059194823387	1.0	1.0	2.0
52250000	0.2542585091332861	0.03498224462145793	1.0	1.0	2.0
52260000	1.199828726915823	0.005771374716143048	1.0	1.0	2.0
52270000	1.8475277843929605	0.7833423268393116	1.0	1.0	2.0
52280000	0.15795559534426545	0.25012996656477293	1.0	1.0	2.0
52290000	0.6595094905816443	0.9295745115545356	1.0	1.0	2.0
52300000	2.2986984830062975	0.01437328290483521	1.0	1.0	2.0
52310000	0.6115829583528046	0.026938745461827358	1.0	1.0	2.0
52320000	0.575693089850883	0.056910014053634335	1.0	1.0	2.0
52330000	3.063318383564409	0.2874135212226305	1.0	1.0	2.0
52340000	1.934121763516303	1.4082221871529144	1.0	1.0	2.0
52350000	1.7107818909903192	0.41647769528135187	1.0	1.0	2.0
52360000	0.380265099422103	0.8046424190137297	1.0	1.0	2.0
52370000	0.8483489287557893	1.634160670042685	1.0	1.0	2.0
52380000	0.5089474029574782	0.28955323367476504	1.0	1.0	2.0
52390000	4.883986063122338	1.058307440065325	1.0	1.0	2.0
52400000	0.23621607943150016	0.21998983962661314	1.0	1.0	2.0
52410000	0.9799719527351693	0.7757022796865611	1.0	1.0	2.0
52420000	2.5245927619557142	0.6454594510090468	1.0	1.0	2.0
52430000	0.9364630475133612	0.09180023428793865	1.0	1.0	2.0
52440000	7.3373332671514735	0.46452332835913085	1.0	1.0	2.0
52450000	0.14440639000857725	0.07419590960596342	1.0	1.0	2.0
52460000	1.565376801424915	1.2908598271310026	1.0	1.0	2.0
52470000	0.8315368178313923	1.269869791900934	1.0	1.0	2.0
52480000	1.7744422256764893	0.6123394732045742	1.0	1.0	2.0
52490000	1.239158937639408	0.5619497093570852	1.0	1.0	2.0
52500000	0.37381384442772264	1.0142970993599407	1.0	1.0	2.0
52510000	2.511050510348002	0.03766257708279522	1.0	1.0	2.0
52520000	0.21720097644421016	0.21833926100484893	1.0	1.0	2.0
52530000	2.793692677302731	0.6180369078821879	1.0	1.0	2.0
52540000	0.28326616309677854	1.0399023559305347	1.0	1.0	2.0
52550000	3.532503450112681	0.05551215250247474	1.0	1.0	2.0
52560000	1.9335534929539582	0.3721267552877529	1.0	1.0	2.0
52570000	1.6313265711041334	0.32317837162638796	1.0	1.0	2.0
52580000	0.6992672210939387	0.1188484726922391	1.0	1.0	2.0
52590000	0.2391914313120661	0.37489013296840507	1.0	1.0	2.0
52600000	1.9917705078615342	0.47383863508955454	1.0	1.0	2.0
52610000	0.9381711792853853	0.7155564986906481	1.0	1.0	2.0
52620000	1.584752731948077	0.03336541063012737	1.0	1.0	2.0
52630000	0.5102222494983517	0.12254743370212942	1.0	1.0	2.0
52640000	0.3791737254286778	0.0805539365766563	1.0	1.0	2.0
52650000	2.4776195849753404	0.26425630805300543	1.0	1.0	2.0
52660000	1.309863092501445	0.6853110743457576	1.0	1.0	2.0
52670000	0.39729357702027357	0.5617533354125167	1.0	1.0	2.0
52680000	0.13398762086898255	0.16211738655198735	1.0	1.0	2.0
52690000	3.5630099381750733	0.3561966933907434	1.0	1.0	2.0
52700000	1.4560616795965062	0.9800348814469484	1.0	1.0	2.0
52710000	1.2232413981740122	0.039432114652429746	1.0	1.0	2.0
52720000	2.6348625861355726	1.4547386133912004	1.0	1.0	2.0
52730000	1.5049553763327899	2.168826080712943	1.0	1.0	2.0
52740000	0.8009774364444328	0.5811246796622817	1.0	1.0	2.0
52750000	0.7402703304761119	0.2946863027621839	1.0	1.0	2.0
52760000	0.6629205576418786	0.01014444841310977	1.0	1.0	2.0
52770000	0.8496553722556197	0.4582478148288452	1.0	1.0	2.0
52780000	1.2891558121345643	0.2913777693134896	1.0	1.0	2.0
52790000	0.5538447084919058	0.14889410321818766	1.0	1.0	2.0
52800000	0.38895436442720593	0.4315935946943931	1.0	1.0	2.0
52810000	3.233889531403229	0.20149577262014876	1.0	1.0	2.0
52820000	0.2427452418764017	0.1823951228066551	1.0	1.0	2.0
52830000	0.5425299745489103	0.37581850876685224	1.0	1.0	2.0
52840000	0.7575793776767518	0.6456004339115886	1.0	1.0	2.0
52850000	1.428168691757	0.04766293383446044	1.0	1.0	2.0
52860000	1.569232183794108	0.1376967390811952	1.0	1.0	2.0
52870000	0.16657148855331838	0.20325152511183814	1.0	1.0	2.0
52880000	0.9283702940685298	0.17610392028675093	1.0	1.0	2.0
52890000	0.43510516142931016	0.39566770600789064	1.0	1.0	2.0
52900000	1.78981023986542	1.01166890891079	1.0	1.0	2.0
52910000	4.7875390911281315	0.18613329668585246	1.0	1.0	2.0
52920000	1.7240691496392353	0.06044907083342728	1.0	1.0	2.0
52930000	0.421424199303465	0.5607258895570705	1.0	1.0	2.0
52940000	1.192762423523436	0.18120292726811496	1.0	1.0	2.0
52950000	0.6750077837307069	1.4896520534454287	1.0	1.0	2.0
52960000	0.3489180976375284	0.3515758393476794	1.0	1.0	2.0
52970000	0.5694642076791896	0.2201182077098658	1.0	1.0	2.0
52980000	1.01356094470743	0.7785283357085429	1.0	1.0	2.0
52990000	1.4433681630263149	0.028806477427099207	1.0	1.0	2.0
53000000	1.6156373304840665	0.8540299934221213	1.0	1.0	2.0
53010000	5.746077446317829	0.2750751561446816	1.0	1.0	2.0
53020000	1.3262801433928684	0.5143056366822236	1.0	1.0	2.0
53030000	1.7833648326817084	0.3375621062924299	1.0	1.0	2.0
53040000	2.550412233574997	0.5303537337639336	1.0	1.0	2.0
53050000	1.9515888839209077	0.18747343924498816	1.0	1.0	2.0
53060000	0.8802981785110435	0.6009108091000099	1.0	1.0	2.0
53070000	1.2283870352659405	0.5612688247986692	1.0	1.0	2.0
53080000	1.0453948390943208	0.06848528506290336	1.0	1.0	2.0
53090000	1.786296779660035	0.32365333147256803	1.0	1.0	2.0
53100000	0.6904750091698977	0.5288627513138189	1.0	1.0	2.0
53110000	0.07326758426575898	0.021675121519361278	1.0	1.0	2.0
53120000	2.9809988671299767	0.2834238795458078	1.0	1.0	2.0
53130000	0.3172262933549362	1.195177777212111	1.0	1.0	2.0
53140000	2.8956444997084905	0.08036407220768672	1.0	1.0	2.0
53150000	3.191652965587117	2.072405029178033	1.0	1.0	2.0
53160000	1.701964382828352	2.2022323236051307	1.0	1.0	2.0
53170000	0.7328146552965353	0.03816123648770593	1.0	1.0	2.0
53180000	3.1163120996442206	0.427069268265187	1.0	1.0	2.0
53190000	0.8782439306888354	0.38997927615631867	1.0	1.0	2.0
53200000	0.4959065468232923	0.4343619838901037	1.0	1.0	2.0
53210000	1.9216289221634995	1.8801777763945107	1.0	1.0	2.0
53220000	0.5693958183254697	0.21977539483746628	1.0	1.0	2.0
53230000	0.24608699259369568	1.2654442804552006	1.0	1.0	2.0
53240000	2.4771278736190947	3.5172552850581416	1.0	1.0	2.0
53250000	1.2350369646819401	0.07096942871540958	1.0	1.0	2.0
53260000	1.8793997021323867	0.19308492685105158	1.0	1.0	2.0
53270000	0.2128571144856431	0.09598062100261397	1.0	1.0	2.0
53280000	2.246548438532129	1.419451394135276	1.0	1.0	2.0
53290000	4.778355125020251	0.14511889792242935	1.0	1.0	2.0
53300000	0.8369146269832508	0.5929313183082741	1.0	1.0	2.0
53310000	1.7820738792834994	0.3296353429557498	1.0	1.0	2.0
53320000	0.6555520921177322	0.14138195782190438	1.0	1.0	2.0
53330000	0.22768112192019632	0.008377660453330993	1.0	1.0	2.0
53340000	0.6318151232218416	0.8056634640778917	1.0	1.0	2.0
53350000	0.13493153066817637	0.09823991501977193	1.0	1.0	2.0
53360000	0.6817714207541822	0.18167948190285352	1.0	1.0	2.0
53370000	0.06726306186010296	0.18947080050957374	1.0	1.0	2.0
53380000	5.295205121919068	0.2368910141015413	1.0	1.0	2.0
53390000	0.3924109806850278	0.46088517973224985	1.0	1.0	2.0
53400000	1.0835360384702089	0.6591559853611142	1.0	1.0	2.0
53410000	2.6474513378573725	0.010847790478397488	1.0	1.0	2.0
53420000	3.2469402925680217	1.4345790407827366	1.0	1.0	2.0
53430000	2.8914261246231736	0.17919334614803292	1.0	1.0	2.0
53440000	3.122300455517427	0.17474073175450003	1.0	1.0	2.0
53450000	0.6386428450308088	0.2053089679080263	1.0	1.0	2.0
53460000	3.3226878030237734	1.516602780604827	1.0	1.0	2.0
53470000	0.6760391719229887	0.37104250002413564	1.0	1.0	2.0
53480000	1.7470254991943759	0.7045258550706253	1.0	1.0	2.0
53490000	3.6326474021414707	1.772348019207103	1.0	1.0	2.0
53500000	0.7452802930342592	0.5704473928737661	1.0	1.0	2.0
53510000	1.0128069444925567	0.8228077595564479	1.0	1.0	2.0
53520000	2.7872659067877175	0.5919638949133661	1.0	1.0	2.0
53530000	0.5195092965095433	0.21784678610686162	1.0	1.0	2.0
53540000	0.4693888023788166	0.013249971491319977	1.0	1.0	2.0
53550000	1.1397974975493939	0.44741643868948416	1.0	1.0	2.0
53560000	1.6638537696655897	0.4599972487466539	1.0	1.0	2.0
53570000	0.3082546192431533	0.06375805789123565	1.0	1.0	2.0
53580000	2.7999799378780375	2.9675361768091033	1.0	1.0	2.0
53590000	3.476375519206228	0.19641949024157174	1.0	1.0	2.0
53600000	1.7940605962101384	1.7156601998195988	1.0	1.0	2.0
53610000	3.391517691588848	1.5674034957828968	1.0	1.0	2.0
53620000	0.7527833247393412	0.2677207688035956	1.0	1.0	2.0
53630000	0.5070163616813634	0.2155400156247347	1.0	1.0	2.0
53640000	0.17875038216335998	0.24734004466417875	1.0	1.0	2.0
53650000	0.8399255632507571	0.17288093611184346	1.0	1.0	2.0
53660000	1.0508408950885855	0.9018923299131385	1.0	1.0	2.0
53670000	0.06582666932534598	0.04455957713473997	1.0	1.0	2.0
53680000	0.916882383619717	0.054084527647424954	1.0	1.0	2.0
53690000	0.36294281582884225	0.3902243296002668	1.0	1.0	2.0
53700000	0.5749893875418567	0.07499274068664888	1.0	1.0	2.0
53710000	0.9009163807650121	0.09537481780296407	1.0	1.0	2.0
53720000	0.5871528567317039	0.5064582048970754	1.0	1.0	2.0
53730000	0.692045613943383	0.7433164047232929	1.0	1.0	2.0
53740000	0.598657182517269	0.5219731896621886	1.0	1.0	2.0
53750000	1.2233989544052701	0.12437827176902545	1.0	1.0	2.0
53760000	0.43615069540559304	0.3850779889623153	1.0	1.0	2.0
53770000	0.903938324958638	1.3628936226667185	1.0	1.0	2.0
53780000	0.6567474715701681	0.8041891404024166	1.0	1.0	2.0
53790000	0.4136870261928451	0.8386983304076523	1.0	1.0	2.0
53800000	0.4437541548932668	0.18419352616454174	1.0	1.0	2.0
53810000	5.044829092428473	2.0905796842111806	1.0	1.0	2.0
53820000	0.45718133267328964	0.16799621384471933	1.0	1.0	2.0
53830000	2.1995529011686865	1.4481585111140112	1.0	1.0	2.0
53840000	0.5933227651375133	1.070492380224228	1.0	1.0	2.0
53850000	1.4679324828700266	4.6456101165065933E-4	1.0	1.0	2.0
53860000	1.0799381505168724	0.012627062821205596	1.0	1.0	2.0
53870000	0.7454554131538864	0.42586102221148014	1.0	1.0	2.0
53880000	2.3528354163849383	1.8038543042930324	1.0	1.0	2.0
53890000	1.3770939602216536	0.23247219538426364	1.0	1.0	2.0
53900000	1.1647080779079209	0.48048089551532264	1.0	1.0	2.0
53910000	0.7505300619838264	1.5770015266441444	1.0	1.0	2.0
53920000	1.3982087098353702	0.45351364033923547	1.0	1.0	2.0
53930000	1.1144566201477493	0.4290452837866503	1.0	1.0	2.0
53940000	0.3543304533322349	0.635543332824617	1.0	1.0	2.0
53950000	1.5565662218542207	0.0014029639430910255	1.0	1.0	2.0
53960000	1.0322649061074212	0.1293964179134688	1.0	1.0	2.0
53970000	0.5691517373094925	0.005193866101424031	1.0	1.0	2.0
53980000	0.8509554700294368	0.09011078636246697	1.0	1.0	2.0
53990000	3.465613801502581	0.0469898597914737	1.0	1.0	2.0
54000000	0.28687133063279807	0.06449703923263146	1.0	1.0	2.0
54010000	0.7820519728533291	0.6647264824884785	1.0	1.0	2.0
54020000	0.3573065961277408	1.0960499421389545	1.0	1.0	2.0
54030000	0.144808453200562	0.2562246993444156	1.0	1.0	2.0
54040000	3.2021771035051456	0.9505760512343283	1.0	1.0	2.0
54050000	0.03576705386638011	0.04479256591328249	1.0	1.0	2.0
54060000	1.3833194772955706	0.03229922252797402	1.0	1.0	2.0
54070000	3.101949940749265	1.0525259746888	1.0	1.0	2.0
54080000	0.8077070004085709	0.366503866115391	1.0	1.0	2.0
54090000	2.30814749157761	0.8208526653931466	1.0	1.0	2.0
54100000	1.8771349529587256	0.002085928157286326	1.0	1.0	2.0
54110000	1.0750202225275354	0.811283451111572	1.0	1.0	2.0
54120000	1.977313233977965	0.36399515965078216	1.0	1.0	2.0
54130000	1.7950036843862742	0.7700852062919024	1.0	1.0	2.0
54140000	4.466496584085715	0.06733483726236544	1.0	1.0	2.0
54150000	0.6689851343022017	0.1518953193182315	1.0	1.0	2.0
54160000	1.800834830450676	0.08841026393638511	1.0	1.0	2.0
54170000	2.4636726970921163	0.1927367882215597	1.0	1.0	2.0
54180000	1.5767792344345966	0.07157622000320628	1.0	1.0	2.0
54190000	2.2973425448745974	0.07083464188566788	1.0	1.0	2.0
54200000	2.054347576618177	0.055782827288196675	1.0	1.0	2.0
54210000	1.027569243885832	0.4437669112071287	1.0	1.0	2.0
54220000	0.5442829337416326	0.25577552185731806	1.0	1.0	2.0
54230000	1.2314748033781169	0.14634900967490141	1.0	1.0	2.0
54240000	0.19319188206461765	0.11743674034699325	1.0	1.0	2.0
54250000	0.34691623980817826	0.17772893085962108	1.0	1.0	2.0
54260000	0.6784609713520011	0.16297736713165528	1.0	1.0	2.0
54270000	1.0506661433545919	0.5676064098972476	1.0	1.0	2.0
54280000	0.3130964326027111	0.14191445380451728	1.0	1.0	2.0
54290000	1.4964565485308245	0.34460365420030786	1.0	1.0	2.0
54300000	3.3589938717358105	0.5237022395963403	1.0	1.0	2.0
54310000	1.702569120053826	0.6989274693095877	1.0	1.0	2.0
54320000	2.2970273849019462	0.1384991564785402	1.0	1.0	2.0
54330000	0.5401372721775718	0.1469354908339486	1.0	1.0	2.0
54340000	0.32949036707406176	0.7444005415653732	1.0	1.0	2.0
54350000	0.46641085662807535	0.07770043136897088	1.0	1.0	2.0
54360000	0.607717105244086	0.2879244193183892	1.0	1.0	2.0
54370000	0.6547091330656399	0.7051765977171515	1.0	1.0	2.0
54380000	3.1563936913863477	0.2124339376653514	1.0	1.0	2.0
54390000	0.7012434005190412	0.39565356686106096	1.0	1.0	2.0
54400000	1.5063662464064764	0.2532411910457897	1.0	1.0	2.0
54410000	1.1137753982793255	0.03662940878918129	1.0	1.0	2.0
54420000	0.7592729671531259	0.15002824339111284	1.0	1.0	2.0
54430000	0.5044117465211501	0.26999110045917435	1.0	1.0	2.0
54440000	1.3131165687877686	0.41757425060010783	1.0	1.0	2.0
54450000	0.40796134697733305	0.15947581551154522	1.0	1.0	2.0
54460000	0.6249206474567643	0.2760673402023676	1.0	1.0	2.0
54470000	0.6845947095149963	0.2884245209068007	1.0	1.0	2.0
54480000	0.273920349009622	1.291421296679846	1.0	1.0	2.0
54490000	0.11215196406626722	0.2187260787607993	1.0	1.0	2.0
54500000	3.540443210709504	0.24585291298319345	1.0	1.0	2.0
54510000	1.346336045986692	0.35606496117002656	1.0	1.0	2.0
54520000	0.7398245089505341	2.84938440488961	1.0	1.0	2.0
54530000	1.777675443123774	1.243710050123905	1.0	1.0	2.0
54540000	0.09228141582275419	0.062174376093884355	1.0	1.0	2.0
54550000	0.40717784687705866	0.43607406751881533	1.0	1.0	2.0
54560000	1.6236849492927226	2.1323866925722545	1.0	1.0	2.0
54570000	2.0818665190051684	1.1205019277781898	1.0	1.0	2.0
54580000	1.402136248427032	1.1325947400136451	1.0	1.0	2.0
54590000	1.8001852034895853	1.1736356006111361	1.0	1.0	2.0
54600000	1.9198327509078166	0.5474491188001364	0.0	1.0	1.0
54610000	6.8943372147368365	0.21028010353931645	1.0	1.0	2.0
54620000	4.354082440843494	0.31661722736420483	1.0	1.0	2.0
54630000	0.2578045233166439	0.32661622684130026	1.0	1.0	2.0
54640000	0.6628482505774614	1.1224009628472635	1.0	1.0	2.0
54650000	0.3665741720808862	0.24192858051157146	1.0	1.0	2.0
54660000	1.3370689261621045	1.2311519182036974	1.0	1.0	2.0
54670000	0.19958967142037917	0.13170200250807876	1.0	1.0	2.0
54680000	1.162258952923767	0.9108858368760147	1.0	1.0	2.0
54690000	2.5970249051122876	0.09218525440715329	1.0	1.0	2.0
54700000	1.4459585962574157	0.6584716053531172	1.0	1.0	2.0
54710000	1.4354045529243464	0.8527097061562591	1.0	1.0	2.0
54720000	0.7569470821617276	0.45259499944477144	1.0	1.0	2.0
54730000	0.22237592322003322	0.011926468938722953	1.0	1.0	2.0
54740000	1.379362675559701	0.10908920579704397	1.0	1.0	2.0
54750000	0.49538207313575305	0.3364549642605219	1.0	1.0	2.0
54760000	0.422198223582604	0.13848310064508004	1.0	1.0	2.0
54770000	2.036432106816749	0.02165787689774268	1.0	1.0	2.0
54780000	0.7353729201096484	0.16305578643813057	1.0	1.0	2.0
54790000	0.6551825962495957	0.06495474133989501	1.0	1.0	2.0
54800000	1.3042401992580062	1.0636935667536875	1.0	1.0	2.0
54810000	1.4330149595004742	0.34076996423973044	1.0	1.0	2.0
54820000	0.6104352045814095	0.501820366738022	1.0	1.0	2.0
54830000	1.1646621451906431	1.0782512393570067	1.0	1.0	2.0
54840000	1.3887709458548272	0.4578353419360005	1.0	1.0	2.0
54850000	0.43069423794674283	0.19742030736424138	1.0	1.0	2.0
54860000	3.037709860198039	3.4691085062083284	1.0	1.0	2.0
54870000	0.54217304973743	0.20299365135920122	1.0	1.0	2.0
54880000	0.33514936230208875	0.1196429478171856	1.0	1.0	2.0
54890000	0.46828854183025853	0.5754868625758718	1.0	1.0	2.0
54900000	1.051345622698875	1.02265031859105	1.0	1.0	2.0
54910000	4.53627976053156	2.1278359560763422	1.0	1.0	2.0
54920000	0.7989496410326102	0.7452652753498631	1.0	1.0	2.0
54930000	0.861138084043887	0.941518434588061	1.0	1.0	2.0
54940000	1.0538158744562103	0.006691580756308239	1.0	1.0	2.0
54950000	1.305219610674878	0.15365589073822267	1.0	1.0	2.0
54960000	1.2525724104555283	0.4575150885977954	1.0	1.0	2.0
54970000	2.1330531466355054	0.975968897981657	1.0	1.0	2.0
54980000	1.291980123269596	2.4573959663120264	1.0	1.0	2.0
54990000	0.6555366080766369	0.12965964129675772	1.0	1.0	2.0
55000000	1.0497180766694512	0.36030948033811405	1.0	1.0	2.0
55010000	2.5277615939355793	0.5797799848553169	1.0	1.0	2.0
55020000	0.3738822065297611	0.6018924065426957	1.0	1.0	2.0
55030000	0.16012823711432875	0.2214556175172404	1.0	1.0	2.0
55040000	1.1540745327385649	1.787555918470094	1.0	1.0	2.0
55050000	1.4865799352051483	0.02060212910221356	1.0	1.0	2.0
55060000	1.2009852593556176	0.4612149366560459	1.0	1.0	2.0
55070000	1.4041018933444331	1.0762634398260182	1.0	1.0	2.0
55080000	0.37896071876372645	0.01810455883203676	1.0	1.0	2.0
55090000	1.8065508057992303	0.549941602898507	1.0	1.0	2.0
55100000	6.279163900088171	0.02918001105362523	1.0	1.0	2.0
55110000	1.9557520412047893	0.1611705700234735	1.0	1.0	2.0
55120000	1.1716064810595417	0.09748575592718343	1.0	1.0	2.0
55130000	4.234321088424639	1.3477803790836482	1.0	1.0	2.0
55140000	4.5993688242802095	1.982904855170544	1.0	1.0	2.0
55150000	0.5614998648077973	0.12618078210157352	1.0	1.0	2.0
55160000	3.1428651528751987	0.04780535541056307	1.0	1.0	2.0
55170000	0.4319265579606559	0.304328259468168	1.0	1.0	2.0
55180000	1.0618135812272884	0.4064101597851331	1.0	1.0	2.0
55190000	0.7632636142751777	0.42587512125838894	1.0	1.0	2.0
55200000	1.3704363163746474	0.2890423602054568	1.0	1.0	2.0
55210000	0.5171190963750998	0.5401459641531541	1.0	1.0	2.0
55220000	0.6085928709385237	0.0912717992037896	1.0	1.0	2.0
55230000	1.2540387702924147	0.881906748218566	1.0	1.0	2.0
55240000	1.1573462883089456	0.49755716731801447	1.0	1.0	2.0
55250000	1.711753603870627	0.9843992887595033	1.0	1.0	2.0
55260000	0.42088658190949196	0.41178068550833535	1.0	1.0	2.0
55270000	1.3538510275357865	0.7475734746278762	1.0	1.0	2.0
55280000	1.4809902786655371	0.3260395369253021	1.0	1.0	2.0
55290000	0.9498897813486892	0.05457832379199918	1.0	1.0	2.0
55300000	0.9675286347864562	0.16216421660206906	1.0	1.0	2.0
55310000	0.48359890377378234	0.05037120143990639	1.0	1.0	2.0
55320000	1.7468823952680856	1.0229023005756455	1.0	1.0	2.0
55330000	3.7134928004165917	0.18146996024176806	1.0	1.0	2.0
55340000	0.44739184865716053	0.10630671518443781	1.0	1.0	2.0
55350000	1.62119556960849	0.16521168893610635	1.0	1.0	2.0
55360000	0.0966982251336187	2.0462419589826744	1.0	1.0	2.0
55370000	0.8651283083361794	2.472037001157431	1.0	1.0	2.0
55380000	0.4689897309983902	0.3123420732145257	1.0	1.0	2.0
55390000	2.654840572409277	1.6208736587690924	1.0	1.0	2.0
55400000	1.4633842199367977	0.7183188902281197	1.0	1.0	2.0
55410000	0.27869538928094395	0.002174406766073819	1.0	1.0	2.0
55420000	2.4400097866435297	0.5932627217872923	1.0	1.0	2.0
55430000	0.7244448505712986	0.21957518824441236	1.0	1.0	2.0
55440000	0.9259075360630309	0.44756490164071633	1.0	1.0	2.0
55450000	1.1777943920494425	0.14149650171404538	1.0	1.0	2.0
55460000	0.47385725969900977	0.04799112280913987	1.0	1.0	2.0
55470000	3.1755863744289154	0.8156597778510205	1.0	1.0	2.0
55480000	0.14866488142734346	0.011412566775643455	1.0	1.0	2.0
55490000	5.829074525299675	0.965516898246878	0.0	1.0	1.0
55500000	1.1069862443684386	0.26250450748290755	1.0	1.0	2.0
55510000	1.4216653142756068	0.5711317353456896	1.0	1.0	2.0
55520000	2.3403086840418763	1.1040208620945813	1.0	1.0	2.0
55530000	1.0528085759732246	0.49078212209149835	1.0	1.0	2.0
55540000	1.3941022502335423	0.1489657717376499	1.0	1.0	2.0
55550000	2.1579814035324802	0.20168538967953445	1.0	1.0	2.0
55560000	0.8501998007102828	0.35465680425551094	1.0	1.0	2.0
55570000	0.38418765546157685	1.38206980213648	1.0	1.0	2.0
55580000	2.9806139889965033	0.0384498776083401	1.0	1.0	2.0
55590000	0.5808199742408338	0.1659557551908973	1.0	1.0	2.0
55600000	0.06978736709428972	0.013622194275992516	1.0	1.0	2.0
55610000	1.854992979692782	0.34142977340581265	1.0	1.0	2.0
55620000	0.9859299117836294	0.004463106948420367	1.0	1.0	2.0
55630000	1.2079310029356163	0.17906416568594427	1.0	1.0	2.0
55640000	1.2845315005743119	2.340452946443031	1.0	1.0	2.0
55650000	0.9512293875845668	0.2022956968170008	1.0	1.0	2.0
55660000	1.059494778052279	0.9094634882642043	1.0	1.0	2.0
55670000	1.1419828602169286	0.652063212522473	1.0	1.0	2.0
55680000	0.15275079939559286	0.12536677278524672	1.0	1.0	2.0
55690000	0.9949807770678337	2.232495459461396	1.0	1.0	2.0
55700000	0.6167992420743388	0.06906152605277815	1.0	1.0	2.0
55710000	4.5389421233071054	0.45186887372686685	1.0	1.0	2.0
55720000	0.5093358532668621	0.14470422737123873	1.0	1.0	2.0
55730000	1.288887243610166	0.19885262097218037	1.0	1.0	2.0
55740000	0.6685806956571114	0.08140351499953895	1.0	1.0	2.0
55750000	0.419925710853905	0.1412836976606453	1.0	1.0	2.0
55760000	0.4436463470916217	0.7742820445215164	1.0	1.0	2.0
55770000	1.2226861211219249	0.3981169734954292	1.0	1.0	2.0
55780000	0.23595801588056467	0.09344557683339123	1.0	1.0	2.0
55790000	2.8545891696851746	0.9950004140548979	1.0	1.0	2.0
55800000	1.6547362178244862	1.864409509495379	1.0	1.0	2.0
55810000	0.312446018634601	0.22377642859120522	1.0	1.0	2.0
55820000	1.4381343933512816	0.32690921869574985	1.0	1.0	2.0
55830000	1.955730546875391	0.2123475256579477	1.0	1.0	2.0
55840000	3.4212218991642374	0.5816099139188236	1.0	1.0	2.0
55850000	1.5513201544838413	0.23426032375406275	1.0	1.0	2.0
55860000	1.8562576985100159	0.16439136900948792	1.0	1.0	2.0
55870000	0.8766989731077903	0.2043673605849026	1.0	1.0	2.0
55880000	0.4469546799162545	0.8590154145629327	1.0	1.0	2.0
55890000	1.027265984391436	0.2459565552904865	1.0	1.0	2.0
55900000	1.6127657006710618	1.0725849443834095	1.0	1.0	2.0
55910000	0.12036908770688824	0.12517730814545455	1.0	1.0	2.0
55920000	0.09066306137390573	0.030533516089677366	1.0	1.0	2.0
55930000	5.064070336565827	1.5566975131454508	1.0	1.0	2.0
55940000	0.2655213961850781	0.09229105507684196	1.0	1.0	2.0
55950000	0.7704328542125011	1.736295379761952	1.0	1.0	2.0
55960000	0.583317727033248	1.1401355927993662	1.0	1.0	2.0
55970000	1.8752562303748952	0.430196246001578	1.0	1.0	2.0
55980000	1.6959851033443047	0.4503492154390592	1.0	1.0	2.0
55990000	1.1114405120592612	0.08624593188290315	1.0	1.0	2.0
56000000	1.9085599636200843	0.3789403819502925	1.0	1.0	2.0
56010000	0.2296314973075462	0.03070730069427332	1.0	1.0	2.0
56020000	0.16852373967116877	0.5173297493574368	1.0	1.0	2.0
56030000	0.2207422751031709	0.09131418907292212	1.0	1.0	2.0
56040000	0.6570234418956076	0.5555033404451909	1.0	1.0	2.0
56050000	1.9163163994092005	1.5455066522599221	1.0	1.0	2.0
56060000	0.9505008749646032	0.009978076809076144	1.0	1.0	2.0
56070000	0.5771422037898435	0.0042233302508372554	1.0	1.0	2.0
56080000	1.258319199749711	0.8220617684664763	1.0	1.0	2.0
56090000	0.9977559599357791	0.20000222708035545	1.0	1.0	2.0
56100000	1.7279994929242488	0.3021246464581294	1.0	1.0	2.0
56110000	1.9695971104633248	0.14418533685528107	1.0	1.0	2.0
56120000	2.658816378400026	0.5960256362347597	1.0	1.0	2.0
56130000	0.4133159735589697	0.21796594610308473	1.0	1.0	2.0
56140000	3.2780032409739266	0.0611104399885801	1.0	1.0	2.0
56150000	0.725321349334205	0.13569324821256804	1.0	1.0	2.0
56160000	1.0954669426662271	0.5492814508965493	1.0	1.0	2.0
56170000	0.3535999318515145	0.5187613096409742	1.0	1.0	2.0
56180000	0.958995579507931	0.9708225375796581	1.0	1.0	2.0
56190000	4.401401030357214	0.5471766894641514	1.0	1.0	2.0
56200000	0.24179482462536375	1.3384876831940216	1.0	1.0	2.0
56210000	0.9804133848137373	0.017856980393782265	1.0	1.0	2.0
56220000	0.6451658248352733	0.09680481961441564	1.0	1.0	2.0
56230000	0.1356699981953753	0.25186361851056066	1.0	1.0	2.0
56240000	1.079354526016969	0.11997787697772307	1.0	1.0	2.0
56250000	0.35823670104910427	0.10861104525378164	1.0	1.0	2.0
56260000	1.8260008398554533	3.3659001081515405	1.0	1.0	2.0
56270000	0.5475022608200739	0.6647186416028927	1.0	1.0	2.0
56280000	0.5391600929413439	0.5438310665747921	1.0	1.0	2.0
56290000	0.7682458033403594	0.09032886740377748	1.0	1.0	2.0
56300000	0.2483357336776528	0.5501452324649646	1.0	1.0	2.0
56310000	0.11115785655427794	0.023263598773361916	1.0	1.0	2.0
56320000	0.16675590847676125	0.27739371110256433	1.0	1.0	2.0
56330000	0.8771528067641264	0.07379361955392613	1.0	1.0	2.0
56340000	1.6045780696705578	0.05843677486463732	1.0	1.0	2.0
56350000	1.2983825562125413	0.16870284802733726	1.0	1.0	2.0
56360000	1.2317678385364417	0.3593595869096105	1.0	1.0	2.0
56370000	2.2136650338525072	0.1969394919766105	1.0	1.0	2.0
56380000	0.21241334686033608	0.1514720058628039	1.0	1.0	2.0
56390000	2.728341582670938	0.2515538394745089	1.0	1.0	2.0
56400000	1.3225295615087642	0.21666151446982246	1.0	1.0	2.0
56410000	1.0916298121660317	0.4761931728334851	1.0	1.0	2.0
56420000	0.39595140218695996	0.5213242452113565	1.0	1.0	2.0
56430000	1.5304434167681018	1.072058185303075	1.0	1.0	2.0
56440000	0.5337723060655154	0.23922496903763732	1.0	1.0	2.0
56450000	1.2606450948701116	0.45432938243236537	1.0	1.0	2.0
56460000	0.4758462651606889	0.14453449814283148	1.0	1.0	2.0
56470000	4.038406558585372	1.4953261810632854	1.0	1.0	2.0
56480000	0.438201348160915	0.08436630933990391	1.0	1.0	2.0
56490000	0.560780857349009	0.29276135493706684	1.0	1.0	2.0
56500000	0.09133845027769344	0.09213284894764096	1.0	1.0	2.0
56510000	0.747930116444634	0.014314167608379011	1.0	1.0	2.0
56520000	0.6493623921382444	0.26536193586704837	1.0	1.0	2.0
56530000	0.4438970686635092	0.09892234079091551	1.0	1.0	2.0
56540000	2.180129645601289	0.10496111052787725	1.0	1.0	2.0
56550000	1.2835104133472521	0.1442462158994151	1.0	1.0	2.0
56560000	2.8047298891464765	1.810012390434995	1.0	1.0	2.0
56570000	1.1506857479061532	0.25670091504588216	1.0	1.0	2.0
56580000	0.5131686487364842	0.09978386209260884	0.0	1.0	1.0
56590000	0.44397022812983183	0.3889862227814932	1.0	1.0	2.0
56600000	0.1547089945809989	0.15358372686745134	1.0	1.0	2.0
56610000	0.5240140054662735	0.15319492096444542	1.0	1.0	2.0
56620000	1.6057774577964996	1.4395343748001252	1.0	1.0	2.0
56630000	0.9707288418176635	0.16502757700990647	1.0	1.0	2.0
56640000	3.4945462696315324	0.5406268011832209	1.0	1.0	2.0
56650000	0.29951376931927093	0.5157832264579385	1.0	1.0	2.0
56660000	0.8455934708200442	1.456640268405872	1.0	1.0	2.0
56670000	3.108774148214224	0.13538915742810329	1.0	1.0	2.0
56680000	2.6826404761057585	3.0497210946588584	1.0	1.0	2.0
56690000	1.982625740338802	0.06822976902926398	1.0	1.0	2.0
56700000	1.3549156334328518	0.7496747215399268	1.0	1.0	2.0
56710000	1.5462255568591827	0.15140457772905017	1.0	1.0	2.0
56720000	0.31802797472268557	0.07089824472997601	1.0	1.0	2.0
56730000	2.508310950552863	0.05501498390038819	1.0	1.0	2.0
56740000	0.7274024046328046	0.04880584432766168	1.0	1.0	2.0
56750000	0.5276558744190636	0.41502145919988837	1.0	1.0	2.0
56760000	1.5159050776788336	0.7734949501691865	1.0	1.0	2.0
56770000	1.2786320305888002	0.08213895124888478	1.0	1.0	2.0
56780000	1.5480179455657797	1.055996260761069	1.0	1.0	2.0
56790000	1.3909380742803732	0.04479431722128049	1.0	1.0	2.0
56800000	2.7529055594545158	0.34653583416780664	1.0	1.0	2.0
56810000	2.5018773494063966	0.7697050476797538	1.0	1.0	2.0
56820000	2.230800589673866	0.04538370686129132	1.0	1.0	2.0
56830000	0.3073830299630479	0.11016964462539762	1.0	1.0	2.0
56840000	1.3572506406326807	0.06744502580913267	1.0	1.0	2.0
56850000	2.339836501018723	1.0142701262270635	1.0	1.0	2.0
56860000	1.8636910593522764	1.2535309736568614	1.0	1.0	2.0
56870000	2.446582961436668	0.3417366535177093	1.0	1.0	2.0
56880000	0.5077652375055993	0.0775130215099841	1.0	1.0	2.0
56890000	0.6487754156130954	0.47323903995343186	1.0	1.0	2.0
56900000	0.8234462203188909	0.10528987865629781	1.0	1.0	2.0
56910000	1.188370859534659	0.33566422643372035	1.0	1.0	2.0
56920000	1.181325040109968	0.18343851480491244	1.0	1.0	2.0
56930000	0.8149275769165472	0.29767768591063326	1.0	1.0	2.0
56940000	0.8205121645949831	0.07759280836035717	1.0	1.0	2.0
56950000	0.7177257025050594	0.5146801018832845	1.0	1.0	2.0
56960000	0.4305093262473129	0.1717194465461779	1.0	1.0	2.0
56970000	2.190350612228145	0.15090650114123658	1.0	1.0	2.0
56980000	0.11577963287442428	0.14615817392951738	1.0	1.0	2.0
56990000	0.7363421273057464	0.3156029405502724	1.0	1.0	2.0
57000000	2.861813420626501	0.23076787835569273	1.0	1.0	2.0
57010000	1.1265808451380066	1.4834734071356004	1.0	1.0	2.0
57020000	3.654927871213407	0.5781758404523507	1.0	1.0	2.0
57030000	3.929285997944876	0.09607945319575233	1.0	1.0	2.0
57040000	4.377172118905621	0.46118106591603725	1.0	1.0	2.0
57050000	0.6401468723481148	0.2891297133373226	1.0	1.0	2.0
57060000	1.348571424081509	0.3024100407726802	1.0	1.0	2.0
57070000	1.4365160968826918	0.7883834807017277	1.0	1.0	2.0
57080000	1.455439576615612	0.7019280576430021	1.0	1.0	2.0
57090000	0.7098913295118064	0.7679811263893841	1.0	1.0	2.0
57100000	0.1558078182781878	0.22346338565945212	1.0	1.0	2.0
57110000	1.5688312055452378	0.7725904692687583	1.0	1.0	2.0
57120000	1.1583319682585058	0.8506709242671725	1.0	1.0	2.0
57130000	1.4388786869726027	1.8327719268692118	1.0	1.0	2.0
57140000	2.0634744823227855	0.8678495819518268	1.0	1.0	2.0
57150000	0.6273747612619015	0.4184915995639079	1.0	1.0	2.0
57160000	0.48108699289948387	0.15836109391710096	1.0	1.0	2.0
57170000	2.3116549946778497	0.2134708190099114	1.0	1.0	2.0
57180000	2.244444500429408	1.2878603494414436	1.0	1.0	2.0
57190000	0.5190022542466383	0.2445557086868561	1.0	1.0	2.0
57200000	1.5509651404369296	0.6666918690921054	1.0	1.0	2.0
57210000	0.8995716508050862	0.3027137970646178	1.0	1.0	2.0
57220000	4.223947515211158	0.15159800213840732	1.0	1.0	2.0
57230000	0.8928148855677401	1.3188963724788885	1.0	1.0	2.0
57240000	0.9525620315783252	0.5009348538415601	1.0	1.0	2.0
57250000	1.323196118212135	1.2431563393854923	1.0	1.0	2.0
57260000	1.2520346758433987	0.4938646570560675	1.0	1.0	2.0
57270000	0.9405019216133597	2.4776601339275364	1.0	1.0	2.0
57280000	1.8217571027164556	0.3401131376640222	1.0	1.0	2.0
57290000	1.1011982678472605	0.7911155232214541	1.0	1.0	2.0
57300000	0.8587053186320774	0.12070024356166115	1.0	1.0	2.0
57310000	0.9368748139365304	0.6537283489107476	1.0	1.0	2.0
57320000	2.3175105451765146	1.4350347173614157	1.0	1.0	2.0
57330000	1.5772906420281743	0.6352451622034853	1.0	1.0	2.0
57340000	1.5052023689702114	0.34720466914790393	1.0	1.0	2.0
57350000	1.535711848746286	0.25081384057870953	1.0	1.0	2.0
57360000	2.6008604448658383	0.04348649222862946	1.0	1.0	2.0
57370000	3.3817693890983938	0.605271345909318	1.0	1.0	2.0
57380000	2.3687844345652134	0.2827246309220304	1.0	1.0	2.0
57390000	3.32887400757314	0.42894341189357155	1.0	1.0	2.0
57400000	1.4729648088097296	0.2403246100256314	1.0	1.0	2.0
57410000	0.5074451072399561	0.18118759960186936	1.0	1.0	2.0
57420000	1.6619497393504459	1.1600377401417266	1.0	1.0	2.0
57430000	1.0011688430849206	0.8649721653357579	1.0	1.0	2.0
57440000	5.4589704986393865	0.8954675018638482	1.0	1.0	2.0
57450000	1.1451952309060358	1.015420368833381	1.0	1.0	2.0
57460000	0.4247064711299247	0.5231985213342427	1.0	1.0	2.0
57470000	0.7885720907302775	0.940861905639556	1.0	1.0	2.0
57480000	1.1637978272250757	0.7503141990674878	1.0	1.0	2.0
57490000	3.0950558447413474	0.838484571651794	1.0	1.0	2.0
57500000	1.2978095879247806	1.2423232508207016	1.0	1.0	2.0
57510000	1.3558134213839008	0.027279071634886267	1.0	1.0	2.0
57520000	1.928025960334694	0.16111599481674077	1.0	1.0	2.0
57530000	0.336943923589172	0.0010046563380398644	1.0	1.0	2.0
57540000	1.0952337351506278	0.16643219537034573	1.0	1.0	2.0
57550000	0.1405031273865436	0.08116942800942435	1.0	1.0	2.0
57560000	1.3325860756766685	1.0076683065202863	1.0	1.0	2.0
57570000	1.7586725507882301	0.022129232616737497	1.0	1.0	2.0
57580000	0.6586440578717246	0.9169004611470095	1.0	1.0	2.0
57590000	3.161958057156763	1.1804062941804254	1.0	1.0	2.0
57600000	1.3722668027907317	0.16075333485566512	1.0	1.0	2.0
57610000	3.5775983280676495	0.3408619789057892	1.0	1.0	2.0
57620000	0.6003258735658977	0.5302952351349874	1.0	1.0	2.0
57630000	2.1115884130918907	0.6459200188770378	1.0	1.0	2.0
57640000	0.43041650000624626	0.6207453878287577	1.0	1.0	2.0
57650000	1.5945900976238436	1.4418512115108932	1.0	1.0	2.0
57660000	3.106735823650729	0.24599298916910584	1.0	1.0	2.0
57670000	2.44988059353977	0.41398005225486667	1.0	1.0	2.0
57680000	1.29938736548701	0.06017735288423489	1.0	1.0	2.0
57690000	0.8110685592278016	0.1561556276320753	1.0	1.0	2.0
57700000	1.2401509029090836	0.01825046610656431	1.0	1.0	2.0
57710000	1.9326300627785358	0.4649270730597278	1.0	1.0	2.0
57720000	0.4603192605966577	0.06403471545875423	1.0	1.0	2.0
57730000	2.3054945189914933	0.08181573586357213	1.0	1.0	2.0
57740000	0.4401070840905701	0.5948307720593	1.0	1.0	2.0
57750000	3.68230476378352	0.720794814602125	1.0	1.0	2.0
57760000	0.9319254764434414	0.0012053672378620072	1.0	1.0	2.0
57770000	0.24988496287410195	1.5024678663392435	1.0	1.0	2.0
57780000	0.7289394112954746	0.770529426788245	1.0	1.0	2.0
57790000	2.3163199328544595	0.9223134175364376	1.0	1.0	2.0
57800000	1.4685165855607576	0.0982698365913351	1.0	1.0	2.0
57810000	1.8177887187108728	0.4539902843472291	1.0	1.0	2.0
57820000	0.5551105300254027	0.02655755279995206	1.0	1.0	2.0
57830000	0.8858689662218256	0.7370675688438407	1.0	1.0	2.0
57840000	2.315293875936547	0.5966500947116855	1.0	1.0	2.0
57850000	1.9094107903493496	1.4090418179571744	1.0	1.0	2.0
57860000	0.17505965532817108	0.02594007188431336	1.0	1.0	2.0
57870000	2.1876990067404654	0.17948695400674747	1.0	1.0	2.0
57880000	1.8076317399850457	0.3618157888524911	1.0	1.0	2.0
57890000	0.5861925690147269	0.058167676071472454	1.0	1.0	2.0
57900000	0.5144211630143226	0.9296551811911041	1.0	1.0	2.0
57910000	0.19830877423741866	0.46488532473072364	1.0	1.0	2.0
57920000	0.8526608683536114	0.15876255112576063	1.0	1.0	2.0
57930000	0.21658490723153162	0.01073211317962847	1.0	1.0	2.0
57940000	5.760315437086502	0.20173476659582995	1.0	1.0	2.0
57950000	1.365460444460893	0.24887249386960703	1.0	1.0	2.0
57960000	2.171637256665402	0.09149195391281227	1.0	1.0	2.0
57970000	1.6225915619809665	0.4660052118705807	1.0	1.0	2.0
57980000	2.0083902157732365	0.46618168449212033	1.0	1.0	2.0
57990000	0.5877968048911897	0.008867724887216006	1.0	1.0	2.0
58000000	3.375133382547046	3.245585210017664	1.0	1.0	2.0
58010000	2.9407095856640773	0.5897926280693615	1.0	1.0	2.0
58020000	0.2648087220962251	0.29566530497251164	1.0	1.0	2.0
58030000	1.2657031308646056	0.9422269830991803	1.0	1.0	2.0
58040000	0.05470914423510307	0.06482881745197212	1.0	1.0	2.0
58050000	0.17099123498390686	0.21018237081545424	1.0	1.0	2.0
58060000	2.2548325903673065	0.18264663791328722	1.0	1.0	2.0
58070000	1.4127529545095245	0.13241191223676319	1.0	1.0	2.0
58080000	0.44157586468623017	0.22976895166224692	1.0	1.0	2.0
58090000	2.0166956241569807	0.6749616092917889	1.0	1.0	2.0
58100000	2.849266048268297	0.9952394319961697	1.0	1.0	2.0
58110000	0.5885167193381936	0.04671109399252013	1.0	1.0	2.0
58120000	1.8119947494213424	0.9810848384195632	1.0	1.0	2.0
58130000	2.139314837573946	2.1951904584471675	1.0	1.0	2.0
58140000	2.834252111134925	0.5220508172738687	1.0	1.0	2.0
58150000	0.9046960126248588	0.45111909841159153	1.0	1.0	2.0
58160000	0.5016666781857426	0.17344789467429725	1.0	1.0	2.0
58170000	1.7726577924341833	0.24858026708644892	1.0	1.0	2.0
58180000	5.408900343993595	0.1002947342681083	1.0	1.0	2.0
58190000	0.6032878099950255	0.5564214206226226	1.0	1.0	2.0
58200000	0.980650663571165	0.18331653770732895	1.0	1.0	2.0
58210000	1.1593084900997501	0.297562595023139	1.0	1.0	2.0
58220000	1.104198009387473	1.077394902225807	1.0	1.0	2.0
58230000	0.8648160304558454	0.7226685607118072	1.0	1.0	2.0
58240000	1.5792592452199339	1.532016540494197	1.0	1.0	2.0
58250000	0.42465480599784505	0.007099168380535247	1.0	1.0	2.0
58260000	0.7586414155511219	0.24761233265065374	1.0	1.0	2.0
58270000	1.5642954041788668	0.8611585980035072	1.0	1.0	2.0
58280000	0.48617007740443774	0.517374882917744	1.0	1.0	2.0
58290000	0.5335939523486891	0.34081400131659334	1.0	1.0	2.0
58300000	0.8596864553149139	0.5562552906517422	1.0	1.0	2.0
58310000	1.2155155380217415	0.10576811347930805	1.0	1.0	2.0
58320000	0.13833187134355693	0.1711009768500834	1.0	1.0	2.0
58330000	0.6947449244097472	0.9852107623930044	1.0	1.0	2.0
58340000	1.7003331004001996	0.869268075085535	1.0	1.0	2.0
58350000	0.2352406771765185	0.5104621070944688	1.0	1.0	2.0
58360000	1.688532366808326	0.44712636130351846	1.0	1.0	2.0
58370000	1.078868807407979	0.1612734709740848	1.0	1.0	2.0
58380000	2.5296726018881306	0.11543032869774542	1.0	1.0	2.0
58390000	3.344099058990397	1.20669699940209	1.0	1.0	2.0
58400000	2.9914231459319947	0.7793835193335191	1.0	1.0	2.0
58410000	1.713960595835349	4.591637989112742	1.0	1.0	2.0
58420000	0.7443912299119221	1.4444692932669805	1.0	1.0	2.0
58430000	1.548928855125648	0.09155080676059603	1.0	1.0	2.0
58440000	1.4859458506610361	0.47649620124512454	1.0	1.0	2.0
58450000	2.7357853128466667	0.059793659241021514	1.0	1.0	2.0
58460000	3.4370868328321103	0.5955314815277656	1.0	1.0	2.0
58470000	2.880568527054892	0.11194115376252678	1.0	1.0	2.0
58480000	0.15158978343125779	0.2857934628825014	1.0	1.0	2.0
58490000	0.913647898055716	0.18126577722421808	1.0	1.0	2.0
58500000	0.6874331082620222	0.4084895118320269	1.0	1.0	2.0
58510000	0.9333021562658296	0.42233686694826394	1.0	1.0	2.0
58520000	0.8656044790235798	0.7039803170009402	1.0	1.0	2.0
58530000	1.0320681170050703	0.652335912383224	1.0	1.0	2.0
58540000	0.3897946367349404	1.5714630338919422	1.0	1.0	2.0
58550000	1.2009339028433819	0.2739857410696145	1.0	1.0	2.0
58560000	1.6347045355671417	0.099357479271238	1.0	1.0	2.0
58570000	0.8766730039231142	0.3017721982702161	1.0	1.0	2.0
58580000	0.9825389414758651	0.06329253462783054	1.0	1.0	2.0
58590000	0.25318466736017003	0.1126160147104736	1.0	1.0	2.0
58600000	2.7402358119384926	1.2968660496262387	1.0	1.0	2.0
58610000	0.5248361337687579	1.683567889820865	1.0	1.0	2.0
58620000	0.2656135503855015	1.0188422515174032	1.0	1.0	2.0
58630000	0.4630605549938304	0.02282882292615268	1.0	1.0	2.0
58640000	1.7784636421502582	0.06778890605716233	1.0	1.0	2.0
58650000	0.6428340270709924	0.08226119501839435	1.0	1.0	2.0
58660000	1.415593141852099	0.0785491551693526	1.0	1.0	2.0
58670000	0.93008592505192	2.9483884557241375	1.0	1.0	2.0
58680000	0.5168494541450278	0.2556564406452041	1.0	1.0	2.0
58690000	0.5448079931529382	0.018865413528628177	1.0	1.0	2.0
58700000	0.34642971810365275	0.11594894320531599	1.0	1.0	2.0
58710000	3.125556549466557	0.312283977539889	1.0	1.0	2.0
58720000	1.2126140179679006	0.04812705685121031	1.0	1.0	2.0
58730000	4.272452510501923	1.86322223929557	1.0	1.0	2.0
58740000	0.7847114174334974	0.2857987182722209	1.0	1.0	2.0
58750000	2.000529977322983	2.520682176806374	1.0	1.0	2.0
58760000	0.292099555745322	0.5582801972549262	1.0	1.0	2.0
58770000	1.855796649551694	0.45866512250801117	1.0	1.0	2.0
58780000	0.4302034087820962	0.42041949815565194	1.0	1.0	2.0
58790000	0.7784333985758783	0.1910135079397947	1.0	1.0	2.0
58800000	0.6658273762207956	0.012113788542202561	1.0	1.0	2.0
58810000	0.23451262390969602	0.04647977413358298	1.0	1.0	2.0
58820000	0.3658139817134643	0.26644148203379964	1.0	1.0	2.0
58830000	2.7977795827507537	0.28289098764643533	1.0	1.0	2.0
58840000	1.5996819719351658	1.313738384614703	1.0	1.0	2.0
58850000	1.6770467656045314	1.3828787346396754	1.0	1.0	2.0
58860000	0.36326799783874414	0.11764327905097666	1.0	1.0	2.0
58870000	2.6854713488326887	0.4516253259444678	1.0	1.0	2.0
58880000	0.5647141134003879	0.01651788697261419	1.0	1.0	2.0
58890000	0.41988391657450225	0.41019119040621727	1.0	1.0	2.0
58900000	0.88397001492287	0.4450658717503456	1.0	1.0	2.0
58910000	0.43735969360599575	0.18168456182268583	1.0	1.0	2.0
58920000	0.9960208174772522	1.162584601759033	1.0	1.0	2.0
58930000	3.1370128753353588	0.6806172605714714	1.0	1.0	2.0
58940000	0.16949926103766133	0.9448530190629395	1.0	1.0	2.0
58950000	2.4393210849661555	0.7143809931073053	1.0	1.0	2.0
58960000	0.682612011910334	0.029963142690101707	1.0	1.0	2.0
58970000	2.9889643446999505	0.15901310902514187	1.0	1.0	2.0
58980000	2.176918850434215	1.4477542885705943	1.0	1.0	2.0
58990000	0.967834161986346	0.6550068928765537	1.0	1.0	2.0
59000000	2.098417814811273	0.2738620292489259	1.0	1.0	2.0
59010000	0.6237609431511872	0.44825741474115444	1.0	1.0	2.0
59020000	2.5442815374241734	1.5744624443865733	1.0	1.0	2.0
59030000	0.5119019079230601	0.37442757310572594	1.0	1.0	2.0
59040000	1.167549753436992	0.19866759957899383	1.0	1.0	2.0
59050000	1.3526074769116858	0.7518864178316924	1.0	1.0	2.0
59060000	0.8441241629217213	0.1137939070048864	1.0	1.0	2.0
59070000	1.6346854615364665	1.6086094068225398	1.0	1.0	2.0
59080000	2.579602550066056	0.2277384722394668	1.0	1.0	2.0
59090000	1.4391093738706144	2.1689352623612175	1.0	1.0	2.0
59100000	1.5626819611630038	1.2488408408663358	1.0	1.0	2.0
59110000	1.946806848758466	1.8654534115374892	1.0	1.0	2.0
59120000	0.2959473029247051	0.9833985146760605	1.0	1.0	2.0
59130000	2.008433384820405	0.06429180807164706	1.0	1.0	2.0
59140000	0.21450434841343133	0.26062522285222	1.0	1.0	2.0
59150000	0.8658459212274201	0.9784789155688532	1.0	1.0	2.0
59160000	1.3993453216019254	1.6429767765044112	1.0	1.0	2.0
59170000	0.2907246456901695	0.1044742492690438	1.0	1.0	2.0
59180000	0.3379971213365927	0.2647214746227105	1.0	1.0	2.0
59190000	3.162597005206609	0.06224083460688726	1.0	1.0	2.0
59200000	1.960483194320484	0.585459141414549	1.0	1.0	2.0
59210000	0.8986587199614461	3.840009805979157	1.0	1.0	2.0
59220000	0.6925069651823246	0.06140186528494155	1.0	1.0	2.0
59230000	1.3074558561390923	0.4455885444471314	1.0	1.0	2.0
59240000	0.7498735063119648	0.31133508634887247	1.0	1.0	2.0
59250000	1.0143644217539785	0.06217553830150647	1.0	1.0	2.0
59260000	1.3570162211977927	0.13551414510826099	1.0	1.0	2.0
59270000	1.0987380865192928	0.5296252035524401	1.0	1.0	2.0
59280000	1.289176124398185	0.3670319509069203	1.0	1.0	2.0
59290000	0.27885507541764887	0.5913467131449188	1.0	1.0	2.0
59300000	0.18875142924122126	0.40962887835136996	1.0	1.0	2.0
59310000	0.36747921993976873	0.27781979770156634	1.0	1.0	2.0
59320000	1.6549811496461102	0.1519059081086098	1.0	1.0	2.0
59330000	0.9155146479132812	0.5206140808933235	1.0	1.0	2.0
59340000	1.1097269895981259	0.8449067074522686	1.0	1.0	2.0
59350000	1.0606178095444163	0.08391433294276253	1.0	1.0	2.0
59360000	0.7509301016837838	0.4859066456791364	1.0	1.0	2.0
59370000	0.7608051192309025	0.6874279227387945	1.0	1.0	2.0
59380000	1.178571925180552	0.15123089613005236	1.0	1.0	2.0
59390000	0.8000655388340698	0.3594833683510142	1.0	1.0	2.0
59400000	0.6804273708842448	0.47822994809153985	1.0	1.0	2.0
59410000	0.26628849189455805	0.18487636181789854	1.0	1.0	2.0
59420000	1.3756536065151497	0.6082160889245887	1.0	1.0	2.0
59430000	0.3885089684667103	0.024190801668886694	1.0	1.0	2.0
59440000	2.3954619802225876	0.16725776813176652	1.0	1.0	2.0
59450000	4.408979607557508	0.22995403709592083	1.0	1.0	2.0
59460000	0.4677193266422187	1.9585422246609074	1.0	1.0	2.0
59470000	0.5803743423834454	0.013482902364287291	1.0	1.0	2.0
59480000	0.2073860028751078	0.1438170785359891	1.0	1.0	2.0
59490000	0.3781561001201612	0.43556155224259285	1.0	1.0	2.0
59500000	1.4848064387464945	0.23180829991303384	1.0	1.0	2.0
59510000	1.1513275123459414	0.7764611518385222	1.0	1.0	2.0
59520000	0.3339452449521777	0.4903739372462103	1.0	1.0	2.0
59530000	2.5672869976360273	0.3983646893282014	1.0	1.0	2.0
59540000	0.573035405695661	0.23279032663158913	1.0	1.0	2.0
59550000	0.997425235255549	0.2890057644998009	1.0	1.0	2.0
59560000	0.24384086768969904	0.8451657205691042	1.0	1.0	2.0
59570000	0.5196253680411187	1.5376333267086473	1.0	1.0	2.0
59580000	0.7273676508006253	0.6146387358296236	1.0	1.0	2.0
59590000	1.1140777771750043	0.6585340802574587	1.0	1.0	2.0
59600000	0.6676401067143672	0.9243168294947098	1.0	1.0	2.0
59610000	8.980250486261186	3.2231707274093866	1.0	1.0	2.0
59620000	1.9349733991617726	0.0857368236046846	1.0	1.0	2.0
59630000	1.009978176368934	0.08547302400727202	1.0	1.0	2.0
59640000	1.9188056539704135	0.5047380260588928	1.0	1.0	2.0
59650000	5.043063214667086	0.30118213801487403	1.0	1.0	2.0
59660000	1.337733107725805	0.7677911681232356	1.0	1.0	2.0
59670000	2.05702759088928	2.035292884124909	1.0	1.0	2.0
59680000	0.203936002207952	0.007747810058352613	1.0	1.0	2.0
59690000	1.3936473473667872	0.9364714766093021	1.0	1.0	2.0
59700000	2.6882443919327197	0.06431604443413157	1.0	1.0	2.0
59710000	0.305545636144271	0.2900810205911843	1.0	1.0	2.0
59720000	0.6379117218857462	1.1330778482267385	1.0	1.0	2.0
59730000	1.659914649449142	0.023257321656278643	1.0	1.0	2.0
59740000	1.461471043440656	1.8819191286455188	1.0	1.0	2.0
59750000	1.0645260102421257	2.56015421670341	1.0	1.0	2.0
59760000	0.26348105710976155	0.32976166322723344	1.0	1.0	2.0
59770000	0.3377054781533663	0.08542127733229171	1.0	1.0	2.0
59780000	0.6808202163142916	0.8260103406979087	1.0	1.0	2.0
59790000	4.83227377255421	0.6486521068597287	1.0	1.0	2.0
59800000	3.1553899310947746	1.618764503835124	1.0	1.0	2.0
59810000	2.5862857558381953	1.8855409130912262	1.0	1.0	2.0
59820000	0.8011796281257454	0.68961106211274	1.0	1.0	2.0
59830000	0.10218408797589125	0.17915731792695674	1.0	1.0	2.0
59840000	0.23126027086210957	0.09831215159586208	1.0	1.0	2.0
59850000	1.8981861142642997	0.11818497599349016	1.0	1.0	2.0
59860000	1.036734322239161	0.9871582450522816	1.0	1.0	2.0
59870000	1.234612701213339	0.31013059105407786	1.0	1.0	2.0
59880000	2.5205196552488784	0.5153692127050771	1.0	1.0	2.0
59890000	6.250553778645592	1.408356771812467	1.0	1.0	2.0
59900000	1.4507598101236356	0.5069315349233146	1.0	1.0	2.0
59910000	0.351165795848953	0.14203735128392797	1.0	1.0	2.0
59920000	1.0795615695920975	0.16795732662427695	1.0	1.0	2.0
59930000	1.4685812258802848	2.6073387964558545	1.0	1.0	2.0
59940000	1.2014175619038192	0.6490717531489639	1.0	1.0	2.0
59950000	0.7345033558018297	0.6336578841883651	1.0	1.0	2.0
59960000	0.27264915854520716	0.6468894103717201	1.0	1.0	2.0
59970000	0.9977506331710457	1.4117874533186061	1.0	1.0	2.0
59980000	1.4134854141221298	0.1855900096851783	1.0	1.0	2.0
59990000	2.0936337609815445	0.3213210582322396	1.0	1.0	2.0
60000000	2.958745360190123	0.21301421875417892	1.0	1.0	2.0
60010000	0.4923554881275947	0.37073917246705584	1.0	1.0	2.0
60020000	0.4222717308473331	1.3318525350620767	1.0	1.0	2.0
60030000	2.875137920986649	0.839096511835271	1.0	1.0	2.0
60040000	0.37688383526912655	0.015573308917734017	1.0	1.0	2.0
60050000	5.610544609477062	0.05696362568468506	1.0	1.0	2.0
60060000	1.1945220427332923	0.00785921032986622	1.0	1.0	2.0
60070000	0.8694639384859013	0.05951720912565855	1.0	1.0	2.0
60080000	1.0585730162040967	0.6354267215568559	1.0	1.0	2.0
60090000	1.2161204488004673	0.026035203060239105	1.0	1.0	2.0
60100000	0.36130899561664154	0.11388683967026378	1.0	1.0	2.0
60110000	0.5893895055782937	2.120067259461574	1.0	1.0	2.0
60120000	2.1545899505884702	4.089884603873883	1.0	1.0	2.0
60130000	2.015673599759005	0.5370839727694775	1.0	1.0	2.0
60140000	0.7087244072013213	0.422932010807013	1.0	1.0	2.0
60150000	0.20193160864861143	0.017120059174109817	1.0	1.0	2.0
60160000	0.62033279510716	0.05133924977291597	1.0	1.0	2.0
60170000	2.4791483820220903	0.0072119534221612505	1.0	1.0	2.0
60180000	2.702701564392598	0.8467712655449302	1.0	1.0	2.0
60190000	0.9263321789755657	0.7891035283850872	1.0	1.0	2.0
60200000	1.265090839593142	1.6234566153272647	1.0	1.0	2.0
60210000	2.195945644166626	0.07772053465776746	1.0	1.0	2.0
60220000	2.0536487122469	4.61801178596339	1.0	1.0	2.0
60230000	2.0660491833114123	0.005468248764604233	1.0	1.0	2.0
60240000	0.48639795800721974	0.0017443490788395552	1.0	1.0	2.0
60250000	1.217951686083787	0.3900882035683744	1.0	1.0	2.0
60260000	0.5974265944895991	0.05694270717636616	1.0	1.0	2.0
60270000	0.7905805316790413	0.9918647010160724	1.0	1.0	2.0
60280000	0.527693323802382	0.09139003317379422	1.0	1.0	2.0
60290000	2.805393159210145	1.2697505535812816	1.0	1.0	2.0
60300000	1.0395060773964424	0.1405635854579151	1.0	1.0	2.0
60310000	0.540792851201312	0.173395137352293	1.0	1.0	2.0
60320000	1.1102601322839494	0.01912783422448334	1.0	1.0	2.0
60330000	1.7251221730996482	0.09828728988246374	1.0	1.0	2.0
60340000	0.9124639484515016	0.178051809461608	1.0	1.0	2.0
60350000	0.9711628924051371	0.24678872731190837	1.0	1.0	2.0
60360000	1.2177485225490332	0.7661510938554784	1.0	1.0	2.0
60370000	5.447046629043034	0.23723627845810916	1.0	1.0	2.0
60380000	1.806915207800823	1.5806134431463608	1.0	1.0	2.0
60390000	0.13991134435590716	0.1054716127516133	1.0	1.0	2.0
60400000	0.9165192144252244	0.4745766284154235	1.0	1.0	2.0
60410000	3.780219134680996	0.814400700635714	1.0	1.0	2.0
60420000	4.434088850938458	0.690411372288645	1.0	1.0	2.0
60430000	1.7659803091581157	0.40899982108097244	1.0	1.0	2.0
60440000	0.5173237022869777	0.1342557220957596	1.0	1.0	2.0
60450000	0.7974050009217871	0.08898818461181394	1.0	1.0	2.0
60460000	1.4454242279976635	0.8807009660923998	1.0	1.0	2.0
60470000	0.33466513958717015	0.06174354950629168	1.0	1.0	2.0
60480000	1.4261632501363937	0.08593432071134462	1.0	1.0	2.0
60490000	0.35259697019721936	0.8927598113239902	1.0	1.0	2.0
60500000	3.696464228222618	2.5526652893361437	1.0	1.0	2.0
60510000	1.8596976788449213	0.10785054629069699	1.0	1.0	2.0
60520000	2.6421253733683026	0.5551901576892637	1.0	1.0	2.0
60530000	0.2844889339375602	0.10678383491422655	1.0	1.0	2.0
60540000	0.889151224630576	0.8547308611705227	1.0	1.0	2.0
60550000	2.4406846975756262	0.031388676628792	1.0	1.0	2.0
60560000	0.6207190421286289	0.31069143010477535	1.0	1.0	2.0
60570000	0.5567318838989138	1.6914238967011477	1.0	1.0	2.0
60580000	4.652313468752576	0.11972409485540352	1.0	1.0	2.0
60590000	2.358876150221253	5.275823326519423E-4	1.0	1.0	2.0
60600000	0.17447540527978556	0.16461498897010962	1.0	1.0	2.0
60610000	0.08502350173620637	0.035025440279492004	1.0	1.0	2.0
60620000	2.059931834327578	0.35043382547782326	1.0	1.0	2.0
60630000	1.1196190649494326	0.5981374266985747	1.0	1.0	2.0
60640000	3.592642040455341	0.048649737616808034	1.0	1.0	2.0
60650000	1.3600072913347427	0.69978483002606	1.0	1.0	2.0
60660000	1.634449334000737	0.43451549526380445	1.0	1.0	2.0
60670000	1.4813641906522534	0.6644503557705526	1.0	1.0	2.0
60680000	0.8899600601051028	0.15636371351008532	1.0	1.0	2.0
60690000	0.6253053197060899	1.7340715145158665	1.0	1.0	2.0
60700000	3.0587635837648506	0.06556911279887742	1.0	1.0	2.0
60710000	0.6369712929987746	0.3000923597892951	1.0	1.0	2.0
60720000	1.5406531397254963	0.1387483559949618	1.0	1.0	2.0
60730000	0.32982046496978573	0.642352881108971	1.0	1.0	2.0
60740000	1.713915387893117	0.46836188869213025	1.0	1.0	2.0
60750000	1.1217439997008205	0.4052819365293741	1.0	1.0	2.0
60760000	0.38984668045309984	1.317169572206807	1.0	1.0	2.0
60770000	0.7270708771715554	0.8325383950749573	1.0	1.0	2.0
60780000	1.1738189779366734	0.1966631752203687	1.0	1.0	2.0
60790000	1.1621306686445227	0.9063527521855455	1.0	1.0	2.0
60800000	0.4738802933052218	0.6576914362489962	1.0	1.0	2.0
60810000	1.4565271051806403	0.6876975965101506	1.0	1.0	2.0
60820000	0.5407854788761721	1.4192044891259274	1.0	1.0	2.0
60830000	3.133795014807369	2.323663194035767	1.0	1.0	2.0
60840000	0.7701306176866531	0.001616622856528713	1.0	1.0	2.0
60850000	2.1345791278958077	0.16023488590138357	1.0	1.0	2.0
60860000	0.6739663717161394	0.46357553364286463	1.0	1.0	2.0
60870000	1.1151160925710768	0.9549780370617672	1.0	1.0	2.0
60880000	1.0190783050810477	0.4054508866221743	1.0	1.0	2.0
60890000	0.5064229632515587	0.4386113092114684	1.0	1.0	2.0
60900000	2.8067816972548414	0.22550968647848307	1.0	1.0	2.0
60910000	4.580162006017372	0.27497399977500914	1.0	1.0	2.0
60920000	2.572754736791783	1.0178405741573757	1.0	1.0	2.0
60930000	1.1363353638909257	0.08569526011070987	1.0	1.0	2.0
60940000	0.8168700898445295	0.07270453249484898	1.0	1.0	2.0
60950000	0.9481519844077512	0.02282121319674417	1.0	1.0	2.0
60960000	2.5911254434453967	0.8618419828374745	1.0	1.0	2.0
60970000	1.3467342105652078	0.9732094772789703	1.0	1.0	2.0
60980000	0.17378362487563676	0.3908169172879466	1.0	1.0	2.0
60990000	2.7447219702432224	0.136472431294803	1.0	1.0	2.0
61000000	1.4245963345778656	1.5736173121351689	1.0	1.0	2.0
61010000	0.787600504211353	0.07729932033688562	1.0	1.0	2.0
61020000	1.8920299300689716	0.6006029015012533	1.0	1.0	2.0
61030000	1.2604891323289553	0.0028216574042035534	1.0	1.0	2.0
61040000	0.1405457465718237	0.028452969583445408	1.0	1.0	2.0
61050000	0.3039393656070218	0.12296690241647491	1.0	1.0	2.0
61060000	2.487533525777937	0.9363505005379932	1.0	1.0	2.0
61070000	2.2951050105764796	0.15453310483902277	1.0	1.0	2.0
61080000	0.25295197243098266	0.05393983921814202	1.0	1.0	2.0
61090000	0.7767508242830983	0.15603288934943624	1.0	1.0	2.0
61100000	0.6270317644554946	1.5458537093698725	1.0	1.0	2.0
61110000	1.4311923766301218	0.5432217547723972	1.0	1.0	2.0
61120000	1.3358740197053738	0.3584660225870933	1.0	1.0	2.0
61130000	0.9208178154115776	0.44659505103540154	1.0	1.0	2.0
61140000	0.3814913894498052	0.135105335203618	1.0	1.0	2.0
61150000	2.459159599779495	0.31951066871445283	1.0	1.0	2.0
61160000	0.5686771453211674	0.17853162732265052	1.0	1.0	2.0
61170000	2.3392646047102956	0.45438523397687397	1.0	1.0	2.0
61180000	6.010026755438427	0.6271988357193435	1.0	1.0	2.0
61190000	2.419061326950113	0.17165228051603887	1.0	1.0	2.0
61200000	0.7566459485785197	0.9091195879762718	1.0	1.0	2.0
61210000	0.39068441042486657	0.03310302962707125	1.0	1.0	2.0
61220000	0.6458440486870176	0.7114597309383546	1.0	1.0	2.0
61230000	3.540160348818069	0.8678831094127393	1.0	1.0	2.0
61240000	1.6742833034836266	0.638399278346714	1.0	1.0	2.0
61250000	1.2762477936681633	2.409577298093451	1.0	1.0	2.0
61260000	2.7980452460465233	0.2330155258787214	1.0	1.0	2.0
61270000	0.21228283907225542	0.06285392531192265	1.0	1.0	2.0
61280000	1.7314648688202088	0.04027424257312683	1.0	1.0	2.0
61290000	1.147177711374017	0.2532351991070503	1.0	1.0	2.0
61300000	0.3364363317046947	0.6952510295830364	1.0	1.0	2.0
61310000	0.23325037226829454	0.9795652329392706	1.0	1.0	2.0
61320000	3.992369525473339	0.20892742613494739	0.0	1.0	1.0
61330000	0.31569657561248665	0.17522724002053305	1.0	1.0	2.0
61340000	1.3633794944647162	0.4751336141030678	1.0	1.0	2.0
61350000	1.695543247594381	0.25232398671510126	1.0	1.0	2.0
61360000	7.565836321711739	0.7908792731240591	1.0	1.0	2.0
61370000	0.3469362122693644	0.899613986548771	1.0	1.0	2.0
61380000	1.4807849818351593	0.804407552604645	1.0	1.0	2.0
61390000	1.8635712588895557	0.6215238235664826	1.0	1.0	2.0
61400000	0.12916533163459887	0.12478533501493291	1.0	1.0	2.0
61410000	1.4493086211602195	0.018024635196050545	1.0	1.0	2.0
61420000	0.8684082622444104	0.40221152864240295	1.0	1.0	2.0
61430000	1.0866453019509272	0.07667186979754478	1.0	1.0	2.0
61440000	0.3460802549657291	0.7997260225799013	1.0	1.0	2.0
61450000	0.45447853518038955	0.00954721922479392	1.0	1.0	2.0
61460000	2.5871039864791974	1.630759142081403	1.0	1.0	2.0
61470000	1.909003687423015	1.195727616604703	1.0	1.0	2.0
61480000	0.47238516247665807	0.1638116988777855	1.0	1.0	2.0
61490000	1.1081162428765796	0.6924270600828415	1.0	1.0	2.0
61500000	2.330087014651462	0.30043998570830266	1.0	1.0	2.0
61510000	2.963320713407417	2.214681578424712	1.0	1.0	2.0
61520000	1.1301240262445178	0.332616791659174	1.0	1.0	2.0
61530000	3.2789060425633054	0.6945969131254945	1.0	1.0	2.0
61540000	1.7618695949202703	0.17672968713566828	1.0	1.0	2.0
61550000	3.92278049195262	1.0024711533288775	1.0	1.0	2.0
61560000	1.2206059870368355	1.2324885302520368	1.0	1.0	2.0
61570000	0.8189215905271439	0.25292087774258953	1.0	1.0	2.0
61580000	4.95772925422234	0.31291560583956024	1.0	1.0	2.0
61590000	1.0503898861646448	1.2441213589165525	1.0	1.0	2.0
61600000	0.7658799034108628	0.8738399926248266	1.0	1.0	2.0
61610000	0.6525147342990947	0.026511649720916807	1.0	1.0	2.0
61620000	0.3491097699553943	0.03518667432520554	1.0	1.0	2.0
61630000	0.9657460620560926	7.184256453382978E-4	1.0	1.0	2.0
61640000	0.4622229410911256	0.04201999922819731	1.0	1.0	2.0
61650000	3.26063452754833	1.902896331355405	1.0	1.0	2.0
61660000	0.2112814084850313	0.16556680638267446	1.0	1.0	2.0
61670000	1.9108546764555885	0.5177841995655087	1.0	1.0	2.0
61680000	1.5073293559201997	0.84870057669981	1.0	1.0	2.0
61690000	0.46864259801002445	0.04282880061845359	1.0	1.0	2.0
61700000	0.6718096272698574	0.44209537430061846	1.0	1.0	2.0
61710000	0.8694535191729014	0.002250371587530576	1.0	1.0	2.0
61720000	0.04773760051114023	1.1750292584545341E-5	1.0	1.0	2.0
61730000	1.082117584061526	0.43690975642401003	1.0	1.0	2.0
61740000	0.08128303479809373	0.36364252042997397	1.0	1.0	2.0
61750000	0.4808839781474731	0.03192631362270569	1.0	1.0	2.0
61760000	2.358613887408933	0.07279886097665626	1.0	1.0	2.0
61770000	4.951909584414173	0.18441172935182984	1.0	1.0	2.0
61780000	0.42916721605196767	0.40172395796634075	1.0	1.0	2.0
61790000	0.9217575952288538	0.1161232120233107	1.0	1.0	2.0
61800000	0.08463808135684078	0.02493285887385234	1.0	1.0	2.0
61810000	0.08913106196292278	0.5560289089618933	1.0	1.0	2.0
61820000	0.16716113204652663	0.009221556998890596	1.0	1.0	2.0
61830000	0.46846691767198345	0.6433854932540694	1.0	1.0	2.0
61840000	1.6387165013444995	0.29010596975436176	1.0	1.0	2.0
61850000	3.6678980513583577	0.19680103526133122	1.0	1.0	2.0
61860000	0.2939236450447349	0.12965652996364968	1.0	1.0	2.0
61870000	2.0301068884819524	0.7624219532810915	1.0	1.0	2.0
61880000	0.13179121529517554	1.3369932072732098	1.0	1.0	2.0
61890000	0.7584624448113773	0.48877657136129865	1.0	1.0	2.0
61900000	2.193302463795454	2.5506615499457745	1.0	1.0	2.0
61910000	1.4255959105409923	0.17090422770766364	1.0	1.0	2.0
61920000	0.8603287438690834	0.5293865228958236	1.0	1.0	2.0
61930000	1.7501116281355287	2.4738987987932677	1.0	1.0	2.0
61940000	0.15545506276691684	0.10332523352994073	1.0	1.0	2.0
61950000	2.4859666683635453	1.2830034186495676	1.0	1.0	2.0
61960000	0.9151810072604948	0.06217204426183011	1.0	1.0	2.0
61970000	0.6220063766854083	1.8378001718389552	1.0	1.0	2.0
61980000	0.4849759158169784	0.46644200557661	1.0	1.0	2.0
61990000	0.8132007761899219	0.6817678894263869	1.0	1.0	2.0
62000000	0.2876176500850908	0.13772318323900448	1.0	1.0	2.0
62010000	1.227826092078731	1.777352295683004	1.0	1.0	2.0
62020000	0.8984676332822462	0.07989477505145573	1.0	1.0	2.0
62030000	0.5995301644654629	0.11120163603331978	1.0	1.0	2.0
62040000	0.4048085058414545	0.29439774612955105	1.0	1.0	2.0
62050000	0.4999805719083958	0.15201258008912813	1.0	1.0	2.0
62060000	2.2083531717636684	0.24666906084265577	1.0	1.0	2.0
62070000	1.9365488777373248	0.7178329986172542	1.0	1.0	2.0
62080000	1.5396043077214345	0.5040798779778717	1.0	1.0	2.0
62090000	1.1830300361642634	0.17086736352669057	1.0	1.0	2.0
62100000	1.6984695766069797	0.152492846985002	1.0	1.0	2.0
62110000	2.520877614984314	0.22660856015941727	1.0	1.0	2.0
62120000	0.57356955858215	0.27651128130258346	1.0	1.0	2.0
62130000	0.8256301756611052	0.37444546531393336	1.0	1.0	2.0
62140000	0.4382523051910635	0.11539095457144122	1.0	1.0	2.0
62150000	0.14403382462387188	0.39060356955641	1.0	1.0	2.0
62160000	0.9661639356808462	1.8468603474731449	1.0	1.0	2.0
62170000	2.2982690830511245	0.24002547008210998	1.0	1.0	2.0
62180000	0.8942381328990601	0.11885841673551463	1.0	1.0	2.0
62190000	0.15558560299699475	0.1435551132072225	1.0	1.0	2.0
62200000	1.1961133356728473	0.8107860143738839	1.0	1.0	2.0
62210000	0.7563254730031507	0.03239085063304477	1.0	1.0	2.0
62220000	0.5714915362334603	0.07581055059558739	1.0	1.0	2.0
62230000	0.49324316030987864	0.5368914975846757	1.0	1.0	2.0
62240000	1.2943874108880642	1.8378925840828295	1.0	1.0	2.0
62250000	0.5907071057073354	0.5815536003428282	1.0	1.0	2.0
62260000	0.4411496724221744	3.52792009529509	1.0	1.0	2.0
62270000	1.6927140023034626	0.41540466830244194	1.0	1.0	2.0
62280000	1.0108164744830603	2.1230224387582353	1.0	1.0	2.0
62290000	0.5862135440155162	0.6871940726682605	1.0	1.0	2.0
62300000	4.076328791937912	0.3232557075465659	1.0	1.0	2.0
62310000	1.1234625300562018	1.3266766696395136	1.0	1.0	2.0
62320000	0.5933430482817031	0.07537677200327463	1.0	1.0	2.0
62330000	0.7617159141759144	1.143448374985114	1.0	1.0	2.0
62340000	1.504156030643139	0.1505779767338283	1.0	1.0	2.0
62350000	1.1307965648137022	0.3530123259502079	1.0	1.0	2.0
62360000	0.564127687626625	0.20825566870553952	1.0	1.0	2.0
62370000	0.6296807882169341	0.6395092030818499	1.0	1.0	2.0
62380000	3.3804185039247265	0.46445953075354235	1.0	1.0	2.0
62390000	1.219607801023103	1.2915761147643634	1.0	1.0	2.0
62400000	0.739637825958151	0.5595450469513746	1.0	1.0	2.0
62410000	0.2835618607658266	0.058827754893978124	1.0	1.0	2.0
62420000	0.3017108116286592	2.072853111662101	1.0	1.0	2.0
62430000	1.0774587594627179	0.0925653090748623	1.0	1.0	2.0
62440000	0.518536896467255	1.3488104964791	1.0	1.0	2.0
62450000	3.6670220598808925	1.2936149414424942	1.0	1.0	2.0
62460000	1.038642266643912	0.10052217087458233	1.0	1.0	2.0
62470000	1.2738316847310178	0.027753683374014286	1.0	1.0	2.0
62480000	0.9660408630550668	0.6356838238716143	1.0	1.0	2.0
62490000	1.1310857720295557	0.38037609131012223	1.0	1.0	2.0
62500000	0.8269910675745235	0.08268775270417313	1.0	1.0	2.0
62510000	3.4765818774880377	0.4986367383455165	1.0	1.0	2.0
62520000	0.5588584934118886	0.25222884984481564	1.0	1.0	2.0
62530000	1.6560655838328695	0.38376058915873373	1.0	1.0	2.0
62540000	6.069545097672431	0.36097713182802715	1.0	1.0	2.0
62550000	0.9576280388501535	0.17196483020934672	1.0	1.0	2.0
62560000	1.4453357172463943	0.10526664116104252	1.0	1.0	2.0
62570000	4.858043346534752	0.26333008810092606	1.0	1.0	2.0
62580000	1.0732551162050354	0.31329471161428846	1.0	1.0	2.0
62590000	2.095023924029818	0.00909771849293128	1.0	1.0	2.0
62600000	0.6105445752549479	0.5997617159763624	1.0	1.0	2.0
62610000	0.7425545610046735	0.28455896503955025	1.0	1.0	2.0
62620000	0.52369394864534	0.3550794429247861	1.0	1.0	2.0
62630000	6.733662825214283	1.067671490152029	1.0	1.0	2.0
62640000	1.3673337533463583	1.852403598687677	1.0	1.0	2.0
62650000	0.636173316612746	0.015896948173980532	1.0	1.0	2.0
62660000	1.1867491516793962	0.2429701332039152	1.0	1.0	2.0
62670000	1.2279750864708836	0.06849659906461811	1.0	1.0	2.0
62680000	1.4088697473002478	0.11821390207866816	1.0	1.0	2.0
62690000	0.6134533179244079	0.004362348449505152	1.0	1.0	2.0
62700000	0.9760330118758215	0.023419933721757838	1.0	1.0	2.0
62710000	0.5161159161639656	0.03703720162479401	1.0	1.0	2.0
62720000	1.588420518375736	0.11826110238086232	1.0	1.0	2.0
62730000	2.977351840580594	0.05797009325982822	1.0	1.0	2.0
62740000	1.8427812190078183	0.09590563392467168	1.0	1.0	2.0
62750000	0.5825970902414063	0.1011072806100336	1.0	1.0	2.0
62760000	1.3335163595990351	0.7455530023088802	1.0	1.0	2.0
62770000	0.5426173742811669	0.0764734561092702	1.0	1.0	2.0
62780000	1.414730019627836	1.3340268809711313	1.0	1.0	2.0
62790000	2.6185255144913784	1.6863984959771792	1.0	1.0	2.0
62800000	1.205028540747324	0.0640339026011215	1.0	1.0	2.0
62810000	1.1831981632051096	0.20726429690775036	1.0	1.0	2.0
62820000	1.7273484005343547	0.2566757090004897	1.0	1.0	2.0
62830000	0.44333809925976086	0.03699030408603109	1.0	1.0	2.0
62840000	0.9592510021291111	0.02753761031683012	1.0	1.0	2.0
62850000	0.9544335207177753	0.004847755809313888	1.0	1.0	2.0
62860000	0.8942567271583504	0.49646858494275375	1.0	1.0	2.0
62870000	1.1686649411249068	0.6118220592846173	1.0	1.0	2.0
62880000	0.16625473398225135	0.14486637095155844	1.0	1.0	2.0
62890000	0.40070200019762314	0.5120173534747157	1.0	1.0	2.0
62900000	1.156615136460052	0.3924454456333503	1.0	1.0	2.0
62910000	1.0100288880723658	0.2731700931351497	1.0	1.0	2.0
62920000	2.8492926592381917	0.657843727902318	1.0	1.0	2.0
62930000	0.5788005843756879	0.09635864072671739	1.0	1.0	2.0
62940000	2.5578489477642226	0.2751312131633478	1.0	1.0	2.0
62950000	1.3801726206890612	0.38233506573545584	1.0	1.0	2.0
62960000	1.6256104611978819	0.5816832255524649	1.0	1.0	2.0
62970000	3.4726416793506285	1.7431083396922649	1.0	1.0	2.0
62980000	1.3687853873171378	0.5420444527910183	1.0	1.0	2.0
62990000	2.707343984419896	0.12172413648253441	1.0	1.0	2.0
63000000	1.6770921474304565	1.7332419805381873	1.0	1.0	2.0
63010000	1.4626014565797258	0.6460241182194398	1.0	1.0	2.0
63020000	1.882625478850666	0.33731533265631086	1.0	1.0	2.0
63030000	1.5444746043013518	1.078615541855732	1.0	1.0	2.0
63040000	2.659572242986745	1.8346994385009492	1.0	1.0	2.0
63050000	0.450636766324706	0.08634843030701726	1.0	1.0	2.0
63060000	0.5225007511640726	0.08930528759824134	1.0	1.0	2.0
63070000	2.6754463306043292	0.4587347559105398	1.0	1.0	2.0
63080000	2.039168789952128	0.5810773312017099	1.0	1.0	2.0
63090000	1.7412642791757322	0.4872634964747653	1.0	1.0	2.0
63100000	2.918070738985879	0.8646975523476583	1.0	1.0	2.0
63110000	0.2484578346134823	0.9095078826960246	0.0	1.0	1.0
63120000	0.3761789827881991	0.3818143304616545	1.0	1.0	2.0
63130000	0.5116505940916763	0.014041664551494455	1.0	1.0	2.0
63140000	0.581062025954091	0.03609002222983693	1.0	1.0	2.0
63150000	1.812518076025129	1.8223651975113857	1.0	1.0	2.0
63160000	0.031941724394126646	0.08065878008685469	1.0	1.0	2.0
63170000	0.02078926053052374	0.036845404186865355	1.0	1.0	2.0
63180000	1.0736163505174363	0.500437430589593	1.0	1.0	2.0
63190000	2.90938252818569	0.5863954717773505	1.0	1.0	2.0
63200000	4.5275943480875425	0.3790217248419092	1.0	1.0	2.0
63210000	1.5243505701148532	0.5249504186983049	1.0	1.0	2.0
63220000	1.2629211540703476	0.4458459727881868	1.0	1.0	2.0
63230000	0.9218441301672551	0.159288427710613	1.0	1.0	2.0
63240000	3.2831382448524282	1.0831176067597255	1.0	1.0	2.0
63250000	1.071774231058824	1.1466169158522672	1.0	1.0	2.0
63260000	0.6776239675526771	0.08877019860636606	1.0	1.0	2.0
63270000	0.7606675616832154	0.6434260737880054	1.0	1.0	2.0
63280000	3.569937769227161	0.24583535265191322	1.0	1.0	2.0
63290000	0.27441902758487846	0.1055589244355941	1.0	1.0	2.0
63300000	2.137416176306391	0.826288526764332	1.0	1.0	2.0
63310000	1.2345155310288605	1.382185238201009	1.0	1.0	2.0
63320000	0.2655876895495404	1.4201644154049338	1.0	1.0	2.0
63330000	0.10421343502393215	0.5496129090769792	1.0	1.0	2.0
63340000	2.727989298926377	1.0452658390896161	1.0	1.0	2.0
63350000	2.268370229839306	3.695746606608313	1.0	1.0	2.0
63360000	0.8609230713289826	0.3056009568895603	1.0	1.0	2.0
63370000	0.07462328097641713	0.015459455014502781	1.0	1.0	2.0
63380000	0.4627176239374061	0.17788316636495896	1.0	1.0	2.0
63390000	1.1061531426744324	0.040660383644540644	1.0	1.0	2.0
63400000	1.2267881914831391	1.0195836391741497	1.0	1.0	2.0
63410000	0.7744800676684942	0.27195862574786484	1.0	1.0	2.0
63420000	1.934301447074835	0.7049865881889875	1.0	1.0	2.0
63430000	1.4373607721962227	0.1448091256168571	1.0	1.0	2.0
63440000	1.809835428796389	0.5126595135353341	1.0	1.0	2.0
63450000	3.959779940141563	1.1879417514879054	1.0	1.0	2.0
63460000	0.7013813896837621	0.45153095433681295	1.0	1.0	2.0
63470000	1.8115439155735644	0.6762608352626205	1.0	1.0	2.0
63480000	0.5832404763944755	0.007068485273347185	1.0	1.0	2.0
63490000	2.857473336447557	0.06424721965316751	1.0	1.0	2.0
63500000	1.0012023161294556	0.6441661792488402	1.0	1.0	2.0
63510000	0.6088488080005049	0.2349932228907826	1.0	1.0	2.0
63520000	1.2141264557009788	0.11569622946427813	1.0	1.0	2.0
63530000	2.280623380099157	0.6397873245434446	1.0	1.0	2.0
63540000	1.0593497759980814	1.417090026154254	1.0	1.0	2.0
63550000	0.7493751893151601	0.6575928476312584	1.0	1.0	2.0
63560000	2.0606380809958664	1.6357062330428247	1.0	1.0	2.0
63570000	3.746849870475953	0.7688911885605897	1.0	1.0	2.0
63580000	0.6029846314950686	1.1367136004086982	1.0	1.0	2.0
63590000	0.7027982831808464	0.006833025529921319	1.0	1.0	2.0
63600000	0.7227911085773479	0.05452771679820879	1.0	1.0	2.0
63610000	2.2885884797403495	0.25306367674453195	1.0	1.0	2.0
63620000	0.40017041344806953	0.4861957173226538	1.0	1.0	2.0
63630000	3.543296313281525	0.48652452213847774	1.0	1.0	2.0
63640000	0.5521230356806731	0.43733508176943575	1.0	1.0	2.0
63650000	0.15056339720170217	0.46476027956050353	1.0	1.0	2.0
63660000	0.5910657754035085	0.1949106685253109	1.0	1.0	2.0
63670000	0.34518483449874116	0.5804859308004476	1.0	1.0	2.0
63680000	0.38101717943896135	0.200574605816125	1.0	1.0	2.0
63690000	0.4637835949477546	0.09642230921802342	1.0	1.0	2.0
63700000	3.281111728948741	0.145003032258484	1.0	1.0	2.0
63710000	0.3898066559392098	0.22097215021000732	1.0	1.0	2.0
63720000	1.799555646450678	0.20542675834093255	1.0	1.0	2.0
63730000	0.4652040382154689	0.20472382559112592	1.0	1.0	2.0
63740000	1.7172859413158008	0.37499659114508865	1.0	1.0	2.0
63750000	0.36922861706267945	0.5356937969615031	1.0	1.0	2.0
63760000	1.6810336669321622	0.7471803578980377	1.0	1.0	2.0
63770000	0.4293654789501788	0.07890817105682645	1.0	1.0	2.0
63780000	0.7866498607151032	0.15042713857829504	1.0	1.0	2.0
63790000	2.0305401587522325	0.55070617299123	1.0	1.0	2.0
63800000	0.7789014827149284	0.04653664485859496	1.0	1.0	2.0
63810000	0.8134804696870097	0.3381672451278218	1.0	1.0	2.0
63820000	2.7515556828748355	1.0182655198595314	1.0	1.0	2.0
63830000	0.2526982568002863	0.048536103280800935	1.0	1.0	2.0
63840000	0.2593669530260584	0.016066739690791015	1.0	1.0	2.0
63850000	0.350441120748466	0.5225356240445247	1.0	1.0	2.0
63860000	1.5429222537871503	0.1646855759166435	1.0	1.0	2.0
63870000	3.121202682157427	0.20903871007006314	1.0	1.0	2.0
63880000	0.15311272327882178	0.0647584184974874	1.0	1.0	2.0
63890000	0.6138816819472757	0.03257635247321456	1.0	1.0	2.0
63900000	0.7473675598474971	0.11688802928167104	1.0	1.0	2.0
63910000	1.55459932503741	0.23755712118928515	1.0	1.0	2.0
63920000	0.7673216632223318	1.004945339549041	1.0	1.0	2.0
63930000	0.5047889247671385	0.36832162315400135	1.0	1.0	2.0
63940000	0.7140189352690511	1.5219431616891788	1.0	1.0	2.0
63950000	0.20068059066166144	0.5018169965677008	1.0	1.0	2.0
63960000	1.3632051543303834	0.4977053174296761	1.0	1.0	2.0
63970000	0.9905217804676719	0.28225483650613326	1.0	1.0	2.0
63980000	1.2306306520254013	0.21913970690155868	1.0	1.0	2.0
63990000	0.6239091016278554	2.176878775671015	1.0	1.0	2.0
64000000	3.2914063361250205	1.1517532649810542	1.0	1.0	2.0
64010000	0.751312519888643	0.09152337421860203	1.0	1.0	2.0
64020000	0.27774139201205955	0.01814168913912309	1.0	1.0	2.0
64030000	2.146143760513187	0.06716865955375859	1.0	1.0	2.0
64040000	1.1974508688724126	0.27591056410709003	1.0	1.0	2.0
64050000	0.9442685887141211	0.1997529616204785	1.0	1.0	2.0
64060000	0.7863491795715563	0.5302290557399939	1.0	1.0	2.0
64070000	0.3273111121444864	0.03017010335304843	1.0	1.0	2.0
64080000	0.20227824195175545	0.560079258111382	1.0	1.0	2.0
64090000	1.1742969558659346	1.3110580595071708	1.0	1.0	2.0
64100000	1.540298882730303	2.1225931777737834	1.0	1.0	2.0
64110000	0.5802347831988228	0.15262082262111185	1.0	1.0	2.0
64120000	1.3980599941101433	1.9031016747734508	1.0	1.0	2.0
64130000	1.491557434060644	0.6704929490771586	1.0	1.0	2.0
64140000	0.7029073834580212	0.2150448826122382	1.0	1.0	2.0
64150000	2.539986821867611	0.1824358096355961	1.0	1.0	2.0
64160000	2.3721208167679255	0.6280511808423205	1.0	1.0	2.0
64170000	0.36621254747893395	0.7444180746782577	1.0	1.0	2.0
64180000	0.48728738171658503	0.7073884503372393	1.0	1.0	2.0
64190000	1.6823604415896836	1.3010956255531438	1.0	1.0	2.0
64200000	2.2143785508957916	0.06020711820562984	1.0	1.0	2.0
64210000	1.7831801377504155	0.04136359030733871	1.0	1.0	2.0
64220000	0.17073976271018376	0.20578342028206206	1.0	1.0	2.0
64230000	0.3768750242966883	0.03762950001335155	1.0	1.0	2.0
64240000	2.78041825288547	0.6944045562549194	1.0	1.0	2.0
64250000	1.6335174224758	1.4433385508894923	1.0	1.0	2.0
64260000	1.529020420547301	0.9544107395148177	1.0	1.0	2.0
64270000	0.5917571657681316	0.41949285407337716	1.0	1.0	2.0
64280000	2.5408908589077353	2.031953295275183	1.0	1.0	2.0
64290000	1.258802394319454	0.709312387580419	1.0	1.0	2.0
64300000	2.945187283660916	0.46703974335281123	1.0	1.0	2.0
64310000	0.4287729865302536	0.23080110440907897	1.0	1.0	2.0
64320000	1.197405578791229	0.1293723674442459	1.0	1.0	2.0
64330000	1.376765224108176	1.2313241490866522	1.0	1.0	2.0
64340000	0.5725049000807275	0.765196785898187	1.0	1.0	2.0
64350000	0.3638383356783581	0.5204270731705412	1.0	1.0	2.0
64360000	5.1299018489120805	0.28508536391620304	1.0	1.0	2.0
64370000	2.6083875337154847	2.94438937644106	1.0	1.0	2.0
64380000	1.684812826850112	0.8296306328216808	1.0	1.0	2.0
64390000	0.37012740891931273	0.26757417681023177	1.0	1.0	2.0
64400000	1.7755328274569877	0.7978878963187571	1.0	1.0	2.0
64410000	0.5902342804983259	0.12990872842202184	1.0	1.0	2.0
64420000	0.13411470803378506	0.014163037957392696	1.0	1.0	2.0
64430000	2.13022757315931	0.3255720776171958	1.0	1.0	2.0
64440000	3.872667774146865	0.4819048314653011	1.0	1.0	2.0
64450000	1.1895844744992172	0.10105484915131757	1.0	1.0	2.0
64460000	0.5466605258875639	0.5023916492151245	1.0	1.0	2.0
64470000	0.8396668052705534	0.6698058338565959	1.0	1.0	2.0
64480000	2.3277124401974634	0.9798639211789526	1.0	1.0	2.0
64490000	0.2362396137343034	0.17647153791912112	1.0	1.0	2.0
64500000	1.8704986733114484	0.05323730441649017	1.0	1.0	2.0
64510000	3.0350012199883523	0.7162523467815898	1.0	1.0	2.0
64520000	1.2485285436429594	0.0035793472518992177	1.0	1.0	2.0
64530000	1.1715509751996174	0.12464644035854211	1.0	1.0	2.0
64540000	0.9825686882835072	0.08841270995819323	1.0	1.0	2.0
64550000	1.5859130915841086	1.5113512612054862E-4	1.0	1.0	2.0
64560000	0.49138654021206135	0.35100743745002905	1.0	1.0	2.0
64570000	1.6100958214232093	0.6863700786777551	1.0	1.0	2.0
64580000	1.7079658799988104	0.3240491147068945	1.0	1.0	2.0
64590000	2.0911325140981907	0.016611164092298365	1.0	1.0	2.0
64600000	0.45900114266136305	0.4929000401334716	1.0	1.0	2.0
64610000	6.2074196932911425	0.4796028686175709	1.0	1.0	2.0
64620000	1.0858739293706983	0.36077151681973696	1.0	1.0	2.0
64630000	0.9727619912678612	0.3538861248121865	1.0	1.0	2.0
64640000	0.7973498929474204	0.9247157730562591	1.0	1.0	2.0
64650000	2.451517602706537	0.8113626338028957	1.0	1.0	2.0
64660000	0.5486120669691794	0.8296883601982837	1.0	1.0	2.0
64670000	2.189889603472318	0.8785884770162038	1.0	1.0	2.0
64680000	4.101314454513108	1.094293623940076	1.0	1.0	2.0
64690000	0.09498079174167541	0.5588534453580942	1.0	1.0	2.0
64700000	1.1961549912484755	0.24836565651967682	1.0	1.0	2.0
64710000	1.3888643394202922	1.0523199691557037	1.0	1.0	2.0
64720000	1.1076663671913485	0.47251510814464276	1.0	1.0	2.0
64730000	0.32998337228291524	0.33706475404755804	1.0	1.0	2.0
64740000	2.154018545949227	1.4864547573172089	1.0	1.0	2.0
64750000	0.8880591242343421	0.12949794907554402	1.0	1.0	2.0
64760000	0.11482924564864848	0.5371840009352278	1.0	1.0	2.0
64770000	3.633246519719532	0.3210674207788959	1.0	1.0	2.0
64780000	0.9474629498465973	0.5866495103981161	1.0	1.0	2.0
64790000	1.6682603558286822	0.14444919191450764	1.0	1.0	2.0
64800000	0.41465277599127415	0.1776260102595332	1.0	1.0	2.0
64810000	0.8646622977730447	0.2422283858569596	1.0	1.0	2.0
64820000	1.3719374206794874	1.292408423268681	1.0	1.0	2.0
64830000	2.162253445635444	0.06376304433537798	1.0	1.0	2.0
64840000	0.43040395209782084	0.6301290490191578	1.0	1.0	2.0
64850000	0.28660568791145313	3.216188349947517	1.0	1.0	2.0
64860000	3.133792084641908	0.15549303419141877	1.0	1.0	2.0
64870000	1.7460223897680924	0.022107634849943266	1.0	1.0	2.0
64880000	2.304402538928654	0.5211990509856262	1.0	1.0	2.0
64890000	1.4903472304166017	0.5614228038390677	1.0	1.0	2.0
64900000	0.36889827767908767	0.07701036617639635	1.0	1.0	2.0
64910000	1.1712201007005625	0.9995578803833652	1.0	1.0	2.0
64920000	0.5354987591390287	0.013602296068395166	1.0	1.0	2.0
64930000	1.078799677720865	0.2489785927965691	1.0	1.0	2.0
64940000	1.4555491262981672	0.5945213748574666	1.0	1.0	2.0
64950000	2.8490232326715796	0.5370416771727134	1.0	1.0	2.0
64960000	1.83230321525052	0.15372051662877717	1.0	1.0	2.0
64970000	3.362101024642018	0.6740399059399017	1.0	1.0	2.0
64980000	0.1733740945659044	0.19406031646080538	1.0	1.0	2.0
64990000	3.120161358970149	0.10393753761640682	1.0	1.0	2.0
65000000	2.0714805554653837	0.1492926622349534	1.0	1.0	2.0
65010000	1.302821179566589	1.0638930750151283	1.0	1.0	2.0
65020000	1.3968792030653523	0.5165794787158566	1.0	1.0	2.0
65030000	0.5396759361363411	0.007645203178259385	1.0	1.0	2.0
65040000	0.4457479099181797	0.3090900097494991	1.0	1.0	2.0
65050000	0.2652046710654325	0.7257308754234991	1.0	1.0	2.0
65060000	0.7980803667506446	0.7652231710541345	1.0	1.0	2.0
65070000	0.8864049198182266	0.03013084699702358	1.0	1.0	2.0
65080000	2.23896779947756	0.8787679907142156	1.0	1.0	2.0
65090000	0.10928439399487777	0.3161474643564088	1.0	1.0	2.0
65100000	2.6656375830170487	1.810770580462244	1.0	1.0	2.0
65110000	1.1004139285457621	0.25623247317428605	1.0	1.0	2.0
65120000	0.4947522752184727	0.5296726377597434	1.0	1.0	2.0
65130000	2.110504064205806	1.7878934587585147	1.0	1.0	2.0
65140000	1.771568927550439	1.6331472238916431	1.0	1.0	2.0
65150000	2.318506816620802	2.1852833155992006	1.0	1.0	2.0
65160000	0.8529481865692614	0.05436979537055372	1.0	1.0	2.0
65170000	1.5204934541476363	0.7735174708173969	1.0	1.0	2.0
65180000	0.8835316110211492	0.5886204395019884	1.0	1.0	2.0
65190000	0.7026295748794116	0.10019965332627369	1.0	1.0	2.0
65200000	0.4740302197630804	0.06301477021959183	1.0	1.0	2.0
65210000	0.11526385175609524	0.4531026225708069	1.0	1.0	2.0
65220000	0.34811312976277536	0.295045861258337	1.0	1.0	2.0
65230000	1.115393502859267	0.5981110820769786	1.0	1.0	2.0
65240000	0.5814450543261467	0.25029329087073926	1.0	1.0	2.0
65250000	2.461817404148903	0.46972263209724774	1.0	1.0	2.0
65260000	1.2033735285857328	0.02555040783421798	1.0	1.0	2.0
65270000	0.1451358618769507	0.14428754071235222	1.0	1.0	2.0
65280000	1.0025374675337462	0.37319247409132217	1.0	1.0	2.0
65290000	1.582372473793422	0.25190354527119313	1.0	1.0	2.0
65300000	1.5790739329359917	0.14006249407624224	1.0	1.0	2.0
65310000	0.47839683017308127	0.004333873378462972	1.0	1.0	2.0
65320000	4.215199522864887	0.3719377036515457	1.0	1.0	2.0
65330000	1.1559516690312877	1.5702687017606276	1.0	1.0	2.0
65340000	2.098732396347118	1.7823671595345185	1.0	1.0	2.0
65350000	0.6747688979448793	0.09953256927998905	1.0	1.0	2.0
65360000	0.7454219325458162	0.09328772971799092	1.0	1.0	2.0
65370000	0.623832077652967	0.08430211951363717	1.0	1.0	2.0
65380000	1.7404320973673553	0.31850110487194516	1.0	1.0	2.0
65390000	1.2909052737083417	0.011869725609441767	1.0	1.0	2.0
65400000	1.12425338799239	0.01805012425256208	1.0	1.0	2.0
65410000	0.8798318107751992	0.5888489757772009	1.0	1.0	2.0
65420000	1.8460824873621446	2.1252260494222197	1.0	1.0	2.0
65430000	1.8750345450665888	0.09690297414891089	1.0	1.0	2.0
65440000	0.24093757689548465	0.08339259746175375	1.0	1.0	2.0
65450000	0.8092496481500003	0.7747430485945822	1.0	1.0	2.0
65460000	1.8021937044766294	1.2201853161242977	1.0	1.0	2.0
65470000	4.685226812343544	0.05982465439387711	1.0	1.0	2.0
65480000	1.5080891992272876	2.6747228514895642	1.0	1.0	2.0
65490000	0.7252211741496333	0.35859352644889536	1.0	1.0	2.0
65500000	0.10815545414039082	0.3045440852062255	1.0	1.0	2.0
65510000	0.3523816352200696	0.31347349275417513	1.0	1.0	2.0
65520000	0.7501792055196564	2.18897716828488	1.0	1.0	2.0
65530000	0.9007144473661759	0.6176581584129721	1.0	1.0	2.0
65540000	0.8001041649242794	0.13916554295332018	1.0	1.0	2.0
65550000	3.441829984634468	1.6215274067823604	1.0	1.0	2.0
65560000	1.125700934751718	1.1741712758421643	1.0	1.0	2.0
65570000	0.6733936472974106	0.38662759682579473	1.0	1.0	2.0
65580000	2.570014171038925	0.11193569444129386	1.0	1.0	2.0
65590000	1.0181205135070184	0.11693777172442725	1.0	1.0	2.0
65600000	1.1140446681908658	1.88606458434161	1.0	1.0	2.0
65610000	1.461294030378243	1.479006038055563	1.0	1.0	2.0
65620000	1.5139322338444612	2.6326965874940726	1.0	1.0	2.0
65630000	0.4764635339343889	0.08366602877469628	1.0	1.0	2.0
65640000	3.6730505460033864	0.5334922658050892	1.0	1.0	2.0
65650000	0.4937311278517423	0.31415367428002167	1.0	1.0	2.0
65660000	1.2601477478858678	0.23128725230829178	1.0	1.0	2.0
65670000	1.1747952955628462	0.01426234853678853	1.0	1.0	2.0
65680000	5.714946990700709	0.18215194363753773	1.0	1.0	2.0
65690000	1.5929282184774463	0.28780991840505266	1.0	1.0	2.0
65700000	2.967329546064193	0.1542456328544625	1.0	1.0	2.0
65710000	0.7881727461047765	0.4230068966218507	1.0	1.0	2.0
65720000	0.3111102548981733	0.027618248049722894	1.0	1.0	2.0
65730000	1.1586404311227194	0.8270817654875977	1.0	1.0	2.0
65740000	1.141550841463352	0.011567545304268605	1.0	1.0	2.0
65750000	0.49680741657991867	0.12913427260393562	1.0	1.0	2.0
65760000	1.0566077562296023	0.3876115522535809	1.0	1.0	2.0
65770000	1.258125793993523	0.166033182432424	1.0	1.0	2.0
65780000	0.15293346672236902	0.33379095237485207	1.0	1.0	2.0
65790000	0.463725436593885	0.17398305127660502	1.0	1.0	2.0
65800000	0.3483194563103734	0.25640033655991973	1.0	1.0	2.0
65810000	0.6523802441285739	0.02936464333800319	1.0	1.0	2.0
65820000	1.3988512049939308	1.6767779612022855	1.0	1.0	2.0
65830000	0.5284628960692304	0.31872437230510847	1.0	1.0	2.0
65840000	2.6835994161159027	0.00162477061822869	1.0	1.0	2.0
65850000	0.6104037266439161	0.5276937270882485	1.0	1.0	2.0
65860000	3.460933955295338	0.15762154619724567	1.0	1.0	2.0
65870000	0.659417086681232	0.18943117255474748	1.0	1.0	2.0
65880000	0.6392071636287115	1.006332079414218	1.0	1.0	2.0
65890000	0.8648088183194709	0.6182434489560436	1.0	1.0	2.0
65900000	0.08473462936614276	0.3409830110205423	1.0	1.0	2.0
65910000	1.3145765220876477	1.3574287231902735	1.0	1.0	2.0
65920000	2.1272751956314093	0.2153297004355626	1.0	1.0	2.0
65930000	0.09996827192788622	0.051094592822505905	1.0	1.0	2.0
65940000	4.79479572868604	1.101544105401703	1.0	1.0	2.0
65950000	1.0627519775549406	0.3244448168955572	1.0	1.0	2.0
65960000	0.6539344391959602	0.43425141733514266	1.0	1.0	2.0
65970000	1.7824269967388808	0.4200822352367577	1.0	1.0	2.0
65980000	1.0160723055175038	0.4912467203011278	1.0	1.0	2.0
65990000	0.6070958340409278	0.06389191203324059	1.0	1.0	2.0
66000000	0.7794597711862338	1.3262127665909647	0.0	1.0	1.0
66010000	2.715058725323808	0.4014737930258744	1.0	1.0	2.0
66020000	0.6265530214427902	0.5855419609338369	1.0	1.0	2.0
66030000	0.8752955872361161	0.03331081989740439	1.0	1.0	2.0
66040000	0.5809581752146368	0.7039047013085895	1.0	1.0	2.0
66050000	1.6969635109521	0.8515112184198779	1.0	1.0	2.0
66060000	1.3466917561528347	0.9547436118407308	1.0	1.0	2.0
66070000	2.2270456171429975	0.1146431314132345	1.0	1.0	2.0
66080000	0.655887337902598	1.7168529929320895	1.0	1.0	2.0
66090000	1.8761838771760002	1.2715344875975179	1.0	1.0	2.0
66100000	1.6822756812101152	1.8580226757200349	1.0	1.0	2.0
66110000	1.740050717802232	0.3378868134985573	1.0	1.0	2.0
66120000	0.6544419738157431	0.12321478336753135	1.0	1.0	2.0
66130000	2.404899106592971	0.6715436275085571	1.0	1.0	2.0
66140000	0.15170650955790466	0.07014597768039689	1.0	1.0	2.0
66150000	0.5259922084511452	0.2292287441306722	1.0	1.0	2.0
66160000	1.5985166787998901	0.4332525896445016	1.0	1.0	2.0
66170000	2.88179958009825	0.6797835994823054	1.0	1.0	2.0
66180000	0.8606294520299437	0.39617986024325996	1.0	1.0	2.0
66190000	0.8692383964175237	1.6772512841315828	1.0	1.0	2.0
66200000	1.3912917180139541	0.25562302797645503	1.0	1.0	2.0
66210000	1.6803900671208596	0.31870054478334237	1.0	1.0	2.0
66220000	0.04593509272803755	0.12694542665407005	1.0	1.0	2.0
66230000	1.9852029405134242	0.2773490576157081	1.0	1.0	2.0
66240000	0.8887658069795826	0.16459957473201756	1.0	1.0	2.0
66250000	1.989621415484267	0.884469003973755	1.0	1.0	2.0
66260000	0.2962309061525885	0.12195375268613898	1.0	1.0	2.0
66270000	4.7274685215624235	1.7755804789049883	1.0	1.0	2.0
66280000	0.6903434394102211	0.1650132051874209	1.0	1.0	2.0
66290000	1.138330994739193	0.2564377552599993	1.0	1.0	2.0
66300000	0.8319266145176861	0.6565319356704863	1.0	1.0	2.0
66310000	4.163074249698275	0.19457344326812168	1.0	1.0	2.0
66320000	0.5158538593098014	0.053734736423691636	1.0	1.0	2.0
66330000	0.4424446434547082	0.7392141567998858	1.0	1.0	2.0
66340000	2.1914411082071013	2.193064680785531	1.0	1.0	2.0
66350000	0.6953201124137476	1.2697506593319177	1.0	1.0	2.0
66360000	1.0054787850292817	0.08315147599544491	1.0	1.0	2.0
66370000	1.343033641402248	1.0237616593939958	1.0	1.0	2.0
66380000	0.9321978859934839	0.21776455295242342	1.0	1.0	2.0
66390000	0.5832149222594832	0.15515587293097008	1.0	1.0	2.0
66400000	2.2326445277918996	0.7308086150449445	1.0	1.0	2.0
66410000	1.5721025264173554	0.6058080422213814	1.0	1.0	2.0
66420000	2.172378120488081	0.449379424475849	1.0	1.0	2.0
66430000	1.1930799949600939	0.5393235732804723	1.0	1.0	2.0
66440000	2.6845668136589755	0.9086847962083	1.0	1.0	2.0
66450000	4.211749235274366	0.28745149924878083	1.0	1.0	2.0
66460000	1.423024720072372	1.3176008479900734	1.0	1.0	2.0
66470000	1.0074303513979783	0.2424437946607732	1.0	1.0	2.0
66480000	0.7031622813695187	0.2817781181700373	1.0	1.0	2.0
66490000	1.8674631438055267	2.8097297884136285	1.0	1.0	2.0
66500000	0.9758520887910141	0.5326865516919895	1.0	1.0	2.0
66510000	0.41760076953627817	0.4469257937496444	1.0	1.0	2.0
66520000	0.5181559264904054	0.9923398709870086	1.0	1.0	2.0
66530000	0.7014243224047884	0.09163490451390187	1.0	1.0	2.0
66540000	0.4112068625272054	0.0447282712385437	1.0	1.0	2.0
66550000	1.3312624320047133	3.355093250484298	1.0	1.0	2.0
66560000	1.8628523928292948	0.21762501143456597	1.0	1.0	2.0
66570000	2.0417159629324813	0.5387996298990975	1.0	1.0	2.0
66580000	0.2711110372024436	0.012890480609380429	1.0	1.0	2.0
66590000	0.3022937662504166	1.3926899643096153	1.0	1.0	2.0
66600000	1.993334488205664	0.585500740685947	1.0	1.0	2.0
66610000	1.0361033612819852	1.5585472612710385	1.0	1.0	2.0
66620000	0.9654876374790414	0.32552807869585576	1.0	1.0	2.0
66630000	2.005679638514796	0.3829339792373959	1.0	1.0	2.0
66640000	0.8473912041218837	0.09657832214993604	1.0	1.0	2.0
66650000	0.554213027633096	2.4758134593385965	1.0	1.0	2.0
66660000	0.9383445871591132	0.18438870205566976	1.0	1.0	2.0
66670000	0.4230657055267552	0.08142696186449941	1.0	1.0	2.0
66680000	2.7157359690315053	1.4748364027374725	1.0	1.0	2.0
66690000	0.8820738045979217	0.7139338945186683	1.0	1.0	2.0
66700000	0.7763374753391594	0.28443506485848835	1.0	1.0	2.0
66710000	0.4074689420886695	0.9886165529638051	1.0	1.0	2.0
66720000	0.7366748258654235	0.09918384550904807	1.0	1.0	2.0
66730000	0.4403203048470537	0.05307208769236761	1.0	1.0	2.0
66740000	0.03481027909870871	0.008239114258720141	1.0	1.0	2.0
66750000	0.40216287381772475	0.1501868320582222	1.0	1.0	2.0
66760000	1.7416129352505938	0.14771892377271612	1.0	1.0	2.0
66770000	1.4148945435541347	0.3843928113558112	1.0	1.0	2.0
66780000	3.3635278646973394	0.4036261007491153	1.0	1.0	2.0
66790000	0.5641465094920736	0.5164365739572583	1.0	1.0	2.0
66800000	0.5698739721497983	0.2348681233237323	1.0	1.0	2.0
66810000	1.8972666468190194	0.04382604730684364	1.0	1.0	2.0
66820000	0.5501227374659234	0.17486671953588517	1.0	1.0	2.0
66830000	1.6552445222378827	0.03924811989522942	1.0	1.0	2.0
66840000	0.34546854459968385	0.3875765310141435	1.0	1.0	2.0
66850000	0.7808156482210675	0.3732405421946595	1.0	1.0	2.0
66860000	0.31602474719638796	0.12383264897793939	1.0	1.0	2.0
66870000	1.2326712245710558	0.012193474297161193	1.0	1.0	2.0
66880000	0.7207110378841625	0.02357963624987277	1.0	1.0	2.0
66890000	0.1862657345515852	0.0532777430642002	1.0	1.0	2.0
66900000	4.140165832420413	1.4729379912462472	1.0	1.0	2.0
66910000	1.588907433173656	0.5255388794471837	1.0	1.0	2.0
66920000	0.9287699018438128	0.11633263453783543	1.0	1.0	2.0
66930000	1.485016516428187	0.34354334445422074	1.0	1.0	2.0
66940000	2.4917637804241286	0.14583318098416329	1.0	1.0	2.0
66950000	1.308774471915914	0.8406581029372537	1.0	1.0	2.0
66960000	0.8511899795798955	0.8062555322176177	1.0	1.0	2.0
66970000	0.14421019681489378	0.03169051511546924	1.0	1.0	2.0
66980000	0.9525569212556897	0.2945264067956674	1.0	1.0	2.0
66990000	2.947808301976357	1.4027121297624965	1.0	1.0	2.0
67000000	1.9163906342513346	0.15093175781333235	1.0	1.0	2.0
67010000	0.7121876715060008	0.10368728204837865	1.0	1.0	2.0
67020000	0.006616604469742052	0.018794044454720996	1.0	1.0	2.0
67030000	1.102106191242014	1.4398328080034033	1.0	1.0	2.0
67040000	0.7852404079541844	0.08733604954072234	1.0	1.0	2.0
67050000	6.621888795671801	0.8768431536424776	1.0	1.0	2.0
67060000	0.16204407845127142	0.09707245511461139	1.0	1.0	2.0
67070000	0.5303493006213424	1.3308359262779266	1.0	1.0	2.0
67080000	2.9006915384651286	0.42975920498495174	1.0	1.0	2.0
67090000	1.297403889425801	0.3443856507102388	1.0	1.0	2.0
67100000	1.1448596733343774	1.9192042796675204	1.0	1.0	2.0
67110000	1.965807537149717	1.2897463256267083	1.0	1.0	2.0
67120000	0.4570911702043249	1.274744564924413	1.0	1.0	2.0
67130000	1.4974012154480336	1.1636317333293411	1.0	1.0	2.0
67140000	0.3780609127054627	0.05132095636301939	1.0	1.0	2.0
67150000	0.5847033781190422	0.04445867834745171	1.0	1.0	2.0
67160000	2.1480594522857963	0.0049284499754987604	1.0	1.0	2.0
67170000	1.0184080945540215	1.490871256461576	1.0	1.0	2.0
67180000	1.635346227421434	0.2622467395113625	1.0	1.0	2.0
67190000	2.541285408671215	0.2724144434322649	1.0	1.0	2.0
67200000	1.1503494158569973	0.03722793309798468	1.0	1.0	2.0
67210000	0.5112011789665324	0.33743686888002156	1.0	1.0	2.0
67220000	1.2402801924462592	1.7896258203724713	1.0	1.0	2.0
67230000	1.0225735975354078	0.16578154165364334	1.0	1.0	2.0
67240000	0.994628134555654	0.4634562190320583	1.0	1.0	2.0
67250000	0.7143150915418681	0.8873861591908042	1.0	1.0	2.0
67260000	1.0677580294265014	0.11002211282674042	1.0	1.0	2.0
67270000	0.21579465773213888	0.2319955743364786	1.0	1.0	2.0
67280000	0.7415406315617777	0.048999995885858925	1.0	1.0	2.0
67290000	0.21991091080395148	0.6564773801678936	1.0	1.0	2.0
67300000	1.5898234439402283	1.0986499012434041	1.0	1.0	2.0
67310000	0.33971230070988945	0.8966070596514863	1.0	1.0	2.0
67320000	0.9891306019360452	0.18202372562833105	1.0	1.0	2.0
67330000	3.609293988814036	0.6105195906913374	1.0	1.0	2.0
67340000	4.557792022257182	1.88592598908957	1.0	1.0	2.0
67350000	1.1123270831440026	0.4134353041727741	1.0	1.0	2.0
67360000	0.8383429365331672	0.03847739987574565	1.0	1.0	2.0
67370000	0.9723508934957797	1.0137108167809863	1.0	1.0	2.0
67380000	0.567479114820555	0.09820994713769306	1.0	1.0	2.0
67390000	0.6742346895090714	0.4611306238200388	1.0	1.0	2.0
67400000	0.9428731052551631	0.09774522648336596	1.0	1.0	2.0
67410000	1.0253431761804894	1.2471563238519667	1.0	1.0	2.0
67420000	1.9161944987424433	1.1224033242759412	1.0	1.0	2.0
67430000	0.9480831928152748	0.629316007819981	1.0	1.0	2.0
67440000	1.3779817871328905	0.36082012406300895	1.0	1.0	2.0
67450000	1.1321393172817722	0.2575004860985166	1.0	1.0	2.0
67460000	0.4316517820615995	0.32420084104859775	1.0	1.0	2.0
67470000	3.052112919402343	1.602432698015794	1.0	1.0	2.0
67480000	1.3118605109922683	0.6375090783719682	1.0	1.0	2.0
67490000	0.3758295235965221	0.3268912490472556	1.0	1.0	2.0
67500000	0.6293599178642388	0.06884252715359832	1.0	1.0	2.0
67510000	0.7909365372250706	0.8554446809741093	1.0	1.0	2.0
67520000	0.42395702902147425	0.6804933198156891	1.0	1.0	2.0
67530000	0.10361213668421254	0.026837464281311393	1.0	1.0	2.0
67540000	0.14042992667645	0.6997320875139634	1.0	1.0	2.0
67550000	1.3690663207074079	0.2652169563766382	1.0	1.0	2.0
67560000	0.753219117541415	0.38405649401472614	1.0	1.0	2.0
67570000	1.9391130550098585	0.11628711257068189	1.0	1.0	2.0
67580000	1.2172707241672238	0.2677198435659321	1.0	1.0	2.0
67590000	3.8210863271805158	8.0994773521874E-4	1.0	1.0	2.0
67600000	1.0577692837235189	0.3056821139940005	1.0	1.0	2.0
67610000	1.9647325412616736	0.5264162503128239	1.0	1.0	2.0
67620000	1.1727482451131792	0.11455159685961415	1.0	1.0	2.0
67630000	1.517935804268496	1.1080013492119987	1.0	1.0	2.0
67640000	4.336484420944266	1.5831729069754406	1.0	1.0	2.0
67650000	0.6557118308688525	0.12715810673288158	1.0	1.0	2.0
67660000	0.7621530948458614	0.04690531045457617	1.0	1.0	2.0
67670000	1.4246647415345224	0.5075600313606645	1.0	1.0	2.0
67680000	2.96848189663447	1.4261318414136241	1.0	1.0	2.0
67690000	0.24482583249783993	0.21321040404332092	1.0	1.0	2.0
67700000	0.04326451115114617	0.02560941452112568	1.0	1.0	2.0
67710000	1.2082859580395984	0.09240151375278109	1.0	1.0	2.0
67720000	0.23839562998914154	0.07898625709644602	1.0	1.0	2.0
67730000	1.0767934902793341	0.45083279289060946	1.0	1.0	2.0
67740000	1.2286057896563425	0.06944991498142535	1.0	1.0	2.0
67750000	1.391375514388978	0.13983211814755644	1.0	1.0	2.0
67760000	0.7743928830789644	0.05281826059701387	1.0	1.0	2.0
67770000	3.111567800970088	1.9542390093065662	1.0	1.0	2.0
67780000	1.3709851171777219	0.38314418632880554	1.0	1.0	2.0
67790000	0.46536134406848795	0.36411432768280017	1.0	1.0	2.0
67800000	0.6126326988396179	0.1694083307478499	1.0	1.0	2.0
67810000	1.0854902426373927	0.11478116955332363	1.0	1.0	2.0
67820000	0.5934223251863309	0.246715959301896	1.0	1.0	2.0
67830000	1.4755308967104976	1.1044282166899984	1.0	1.0	2.0
67840000	0.426155484443657	1.0505747328008839	1.0	1.0	2.0
67850000	1.078825090759019	0.2722645005960955	1.0	1.0	2.0
67860000	0.40890966494929043	0.251889949596152	1.0	1.0	2.0
67870000	1.791621336197507	1.741796264765634	1.0	1.0	2.0
67880000	0.4907328197154543	0.019060657217726405	1.0	1.0	2.0
67890000	1.169203023029439	2.7146665332075313	1.0	1.0	2.0
67900000	3.324021910996712	0.036240279771620004	1.0	1.0	2.0
67910000	0.6818702974748893	0.27765475154390856	1.0	1.0	2.0
67920000	0.6145287009601995	0.3660816978171597	1.0	1.0	2.0
67930000	0.783894440254921	0.09375435310861928	1.0	1.0	2.0
67940000	4.661820677015744	1.7517211017593306	1.0	1.0	2.0
67950000	2.333178471629627	1.248251331468045	1.0	1.0	2.0
67960000	0.9784954002066842	0.4664189087308343	1.0	1.0	2.0
67970000	0.6149616838698658	1.647985675093456	1.0	1.0	2.0
67980000	0.5682568849332236	0.4536759602154751	1.0	1.0	2.0
67990000	0.42654741021952985	0.4647572124138326	1.0	1.0	2.0
68000000	0.9651840510127514	0.06882068203615715	1.0	1.0	2.0
68010000	2.2102525619007922	1.0381921054121972	1.0	1.0	2.0
68020000	1.6710133476032167	0.003211456521277757	1.0	1.0	2.0
68030000	1.796305259592176	1.6975717883832948	1.0	1.0	2.0
68040000	0.518938265218393	0.36627458721307965	1.0	1.0	2.0
68050000	0.5945462538294101	0.1535038349338231	1.0	1.0	2.0
68060000	0.4448206828024349	0.5824883445269221	1.0	1.0	2.0
68070000	2.7581226252632396	1.4266845874661471	1.0	1.0	2.0
68080000	0.8086467978245974	2.5671726405129034	0.0	1.0	1.0
68090000	7.6679722814943325	1.4377851464184066	1.0	1.0	2.0
68100000	1.8254645229964555	0.8800115147857185	1.0	1.0	2.0
68110000	0.09812865180252782	0.005183534279684393	1.0	1.0	2.0
68120000	0.5942256817527988	0.1604991760056098	1.0	1.0	2.0
68130000	0.2154625124081162	0.050694515446562054	1.0	1.0	2.0
68140000	1.3370109480550856	0.3796747940537728	1.0	1.0	2.0
68150000	2.417721562057692	1.410991609629221	1.0	1.0	2.0
68160000	0.8713847622138697	0.697541779066272	1.0	1.0	2.0
68170000	0.5430323016210451	0.8585133170137903	1.0	1.0	2.0
68180000	0.8914222812781264	0.238932047099076	1.0	1.0	2.0
68190000	0.9236662000528115	0.891160184642219	1.0	1.0	2.0
68200000	0.6435918549193619	0.022850900191269737	1.0	1.0	2.0
68210000	0.17796730346552422	0.310462118115293	1.0	1.0	2.0
68220000	1.9434712311580793	0.19023858267260718	1.0	1.0	2.0
68230000	1.634128402528675	1.0192974728840152	1.0	1.0	2.0
68240000	0.792457368128549	0.6823884152094774	1.0	1.0	2.0
68250000	1.2943960903672345	0.1492222618494244	1.0	1.0	2.0
68260000	0.7636555975867477	0.37952065328338747	1.0	1.0	2.0
68270000	2.296851373122058	0.46096907736899645	1.0	1.0	2.0
68280000	0.5988715046869019	0.8808601827021884	1.0	1.0	2.0
68290000	4.32104480299658	0.09325072198398893	1.0	1.0	2.0
68300000	1.0386992347134152	0.09138329845556716	1.0	1.0	2.0
68310000	0.3130198375852329	0.18744212336149135	1.0	1.0	2.0
68320000	1.4454232583935143	0.15044727761119536	1.0	1.0	2.0
68330000	1.3466825042692154	0.004496405769924224	1.0	1.0	2.0
68340000	0.5659779976633105	0.62773008374795	1.0	1.0	2.0
68350000	2.4205266108810313	0.2202808425922347	1.0	1.0	2.0
68360000	2.421379513264772	0.17327218591050833	1.0	1.0	2.0
68370000	1.8775164763986358	3.4987300581302354	1.0	1.0	2.0
68380000	0.20384728159924906	0.12289263821245376	1.0	1.0	2.0
68390000	3.0201055069753995	1.4300085131079627	1.0	1.0	2.0
68400000	0.38067747812186703	0.2652913626105486	1.0	1.0	2.0
68410000	2.3479028127109425	0.5027125246917977	1.0	1.0	2.0
68420000	1.442086344773298	0.4679633693713872	1.0	1.0	2.0
68430000	2.3377433288083203	0.47923570890443273	1.0	1.0	2.0
68440000	0.1751384640406008	0.28048516038375615	1.0	1.0	2.0
68450000	0.47673199171770597	0.009005431697192666	1.0	1.0	2.0
68460000	0.22306851006288747	0.6600400890750452	1.0	1.0	2.0
68470000	1.243042137119124	1.5362181910359172	1.0	1.0	2.0
68480000	1.001773498682888	0.7175348084471609	1.0	1.0	2.0
68490000	5.977476316873358	0.8897666564434527	1.0	1.0	2.0
68500000	0.45903676372953145	0.33576118920604014	1.0	1.0	2.0
68510000	0.2724151009758252	0.01620786455703833	1.0	1.0	2.0
68520000	2.895844543986987	0.8967604960677675	1.0	1.0	2.0
68530000	1.621463700457462	0.41949682930414856	1.0	1.0	2.0
68540000	1.8365968311061227	0.31121559245370334	1.0	1.0	2.0
68550000	1.2524093962146925	0.09568506253953858	1.0	1.0	2.0
68560000	3.547125357040135	0.08491642242806781	1.0	1.0	2.0
68570000	1.4174044932721666	1.0039831836750002	1.0	1.0	2.0
68580000	0.989408368198174	0.0576660286452712	1.0	1.0	2.0
68590000	0.5549770808488139	0.19863801799297895	1.0	1.0	2.0
68600000	0.411156960102804	0.115697994866246	1.0	1.0	2.0
68610000	1.573541236332113	1.270288001042624	1.0	1.0	2.0
68620000	2.2422902736071673	0.8622306528723441	1.0	1.0	2.0
68630000	1.0488075334579217	1.318105863439006	1.0	1.0	2.0
68640000	0.3995984987826992	1.8410506248058376	1.0	1.0	2.0
68650000	0.36170826299399306	0.12354874027117374	1.0	1.0	2.0
68660000	0.5541639130439128	0.18916659366856292	1.0	1.0	2.0
68670000	1.8962859247481327	0.11820089083064621	1.0	1.0	2.0
68680000	0.3957253793847335	0.12603371154216492	1.0	1.0	2.0
68690000	0.9103894536735145	0.25915111712759825	1.0	1.0	2.0
68700000	0.16250947274461133	0.10024795277770694	1.0	1.0	2.0
68710000	3.0355839350892233	0.18740726187955278	1.0	1.0	2.0
68720000	0.2117878454589915	0.20175982582102547	1.0	1.0	2.0
68730000	4.746724545933683	0.581151305866869	1.0	1.0	2.0
68740000	0.02195611351648841	1.0669302923130544	1.0	1.0	2.0
68750000	2.9219055399748446	2.3205044863518025	1.0	1.0	2.0
68760000	1.6240366777223667	2.726556796013669	1.0	1.0	2.0
68770000	1.5304251336478099	0.5116308187677808	1.0	1.0	2.0
68780000	0.5669421296117186	0.13941769186173522	1.0	1.0	2.0
68790000	0.670942667651086	0.6909301711733786	1.0	1.0	2.0
68800000	2.30409601393623	0.14478608497331535	1.0	1.0	2.0
68810000	1.6742048825658795	0.05356777566304136	1.0	1.0	2.0
68820000	0.7280607411808528	0.3473447511243074	1.0	1.0	2.0
68830000	0.19007513336087828	0.038829450604601225	1.0	1.0	2.0
68840000	1.727219895430694	0.11733041972751695	1.0	1.0	2.0
68850000	0.9006261632394275	0.25166809870859025	1.0	1.0	2.0
68860000	0.38572259540059883	0.24168102890607435	1.0	1.0	2.0
68870000	2.826365997982727	1.5526324305383303	1.0	1.0	2.0
68880000	0.4983486554251874	0.12690285769124557	1.0	1.0	2.0
68890000	4.160141074447363	0.11055917276816947	1.0	1.0	2.0
68900000	1.1160066072700943	1.063979121559059	1.0	1.0	2.0
68910000	2.4846317639960707	0.2795918084773191	1.0	1.0	2.0
68920000	1.3979223546551727	1.1752455655571274	1.0	1.0	2.0
68930000	2.238491779370273	0.8812418036059422	1.0	1.0	2.0
68940000	0.7274115651909508	0.8772596265059196	1.0	1.0	2.0
68950000	0.4606254813343692	1.754658608180377	1.0	1.0	2.0
68960000	0.34940120258714585	2.4010534466709226	1.0	1.0	2.0
68970000	1.3872306866145352	0.3755496697776629	1.0	1.0	2.0
68980000	2.076354006814156	0.1308739406096274	1.0	1.0	2.0
68990000	0.0904928253180752	0.11037023428113733	1.0	1.0	2.0
69000000	1.7164684138263524	0.09538007175423079	1.0	1.0	2.0
69010000	2.8877852544067997	1.544428801489177	1.0	1.0	2.0
69020000	2.2534451157671644	1.3368099961760045	1.0	1.0	2.0
69030000	0.35270825109363435	0.25672523320875207	1.0	1.0	2.0
69040000	0.22619564427606698	0.2220802771598362	1.0	1.0	2.0
69050000	0.7364858250240692	0.19767552219503062	1.0	1.0	2.0
69060000	0.8648840716663051	0.5111294543966479	1.0	1.0	2.0
69070000	1.4304095700721693	1.3951048889607058	1.0	1.0	2.0
69080000	3.02777650110385	1.0183605735866748	1.0	1.0	2.0
69090000	2.5375235820923767	1.2496598038753997	1.0	1.0	2.0
69100000	3.0783562967132294	1.0535108425725908	1.0	1.0	2.0
69110000	1.9243209007367792	0.5056103071319076	1.0	1.0	2.0
69120000	1.0814148302532767	0.4207171026660339	1.0	1.0	2.0
69130000	0.46668206777224325	0.014065534615035102	1.0	1.0	2.0
69140000	0.5055168838242441	0.18142690288796612	1.0	1.0	2.0
69150000	1.68766859978237	0.13966019725851642	1.0	1.0	2.0
69160000	0.3778356094167416	0.13170655051667732	1.0	1.0	2.0
69170000	0.46926916042228645	0.042713641949018694	1.0	1.0	2.0
69180000	1.7003407515200535	2.0171857233104786	1.0	1.0	2.0
69190000	1.342420149511623	0.4355821921649897	1.0	1.0	2.0
69200000	0.9846708809488409	0.4027093966246282	1.0	1.0	2.0
69210000	1.9528530799457418	1.8358426870013087	1.0	1.0	2.0
69220000	0.9347666047112693	1.007667349311754	1.0	1.0	2.0
69230000	1.3528388776242057	1.426467942541754	1.0	1.0	2.0
69240000	2.032190536246192	0.14960004188253534	1.0	1.0	2.0
69250000	0.8396826963015446	1.3452274605526775	1.0	1.0	2.0
69260000	0.3995894246053869	0.051760743540482164	1.0	1.0	2.0
69270000	0.40587152194252185	0.3752586848422491	1.0	1.0	2.0
69280000	0.1983094627528057	0.5305615232453043	0.0	1.0	1.0
69290000	3.452583888419321	0.047303359145115756	1.0	1.0	2.0
69300000	1.5083830372300027	0.3768081929826883	1.0	1.0	2.0
69310000	2.5000275797275404	1.1342122230511815	1.0	1.0	2.0
69320000	2.296338325132341	1.3616459344198433	1.0	1.0	2.0
69330000	2.742576379262289	0.22596620990217317	1.0	1.0	2.0
69340000	1.3536997143919727	0.03536476039686261	1.0	1.0	2.0
69350000	1.1536876644962675	0.24084620464175444	1.0	1.0	2.0
69360000	2.0755852290897825	0.5480527260582984	1.0	1.0	2.0
69370000	4.554414590264557	0.0828148538333575	1.0	1.0	2.0
69380000	0.10291773847407827	0.3241873792690044	1.0	1.0	2.0
69390000	1.5649032006951007	0.04142892950892462	1.0	1.0	2.0
69400000	2.167162206722938	0.3211840043113466	1.0	1.0	2.0
69410000	1.2467426480696346	0.3681763318049919	1.0	1.0	2.0
69420000	3.060229693305811	1.2422881866257889	1.0	1.0	2.0
69430000	3.047541805710771	1.3146515493142665	1.0	1.0	2.0
69440000	0.6208259609879603	0.21370648185158111	1.0	1.0	2.0
69450000	1.1260622090772243	0.5583718060218558	1.0	1.0	2.0
69460000	0.09374150470252725	0.05053730570579636	1.0	1.0	2.0
69470000	0.7270457736794088	0.007055932902187002	1.0	1.0	2.0
69480000	0.8313527681773656	0.7829575394563658	1.0	1.0	2.0
69490000	0.5290357827404695	0.06241455706650807	1.0	1.0	2.0
69500000	2.1451515858425663	1.1539589904494407	1.0	1.0	2.0
69510000	0.3901448187876825	0.6457695355936944	1.0	1.0	2.0
69520000	0.770058641109457	1.7540580409599391	1.0	1.0	2.0
69530000	2.58666598765477	1.3269157249156254	1.0	1.0	2.0
69540000	0.4309473133691953	0.07365327736642793	1.0	1.0	2.0
69550000	2.8081823764244516	0.12700065638037322	1.0	1.0	2.0
69560000	0.24363339523897856	1.2263998173794124	1.0	1.0	2.0
69570000	0.7222152227691127	0.07124377542975446	1.0	1.0	2.0
69580000	0.6011473193875637	0.5301810998416815	1.0	1.0	2.0
69590000	1.057361047301967	0.3277343600777441	1.0	1.0	2.0
69600000	1.2510999252773165	0.12268520831130858	1.0	1.0	2.0
69610000	2.5197501453454008	0.2731778878899642	1.0	1.0	2.0
69620000	1.0096915266560615	0.6629038345356351	1.0	1.0	2.0
69630000	0.3333021794096842	0.32766653185361333	1.0	1.0	2.0
69640000	0.20471599934970308	0.9044489585030355	1.0	1.0	2.0
69650000	2.883864618507906	1.1508480854860526	1.0	1.0	2.0
69660000	0.1411623468303706	0.2921041505267971	1.0	1.0	2.0
69670000	2.798056596422158	1.4640095364702959	1.0	1.0	2.0
69680000	1.261660062748575	0.24977704695854108	1.0	1.0	2.0
69690000	3.6064995087772984	0.2568216552258346	1.0	1.0	2.0
69700000	1.618297991995541	0.8047157235358309	1.0	1.0	2.0
69710000	1.4853139971667606	1.5668210462304908	1.0	1.0	2.0
69720000	0.2888643368461288	0.027124653099162822	1.0	1.0	2.0
69730000	1.6786073249534779	1.0585033997976576	1.0	1.0	2.0
69740000	0.3254106872304047	0.02905516983524997	1.0	1.0	2.0
69750000	0.7045577632424889	0.3085123946679986	1.0	1.0	2.0
69760000	1.106208826527015	0.0766981418736128	1.0	1.0	2.0
69770000	0.6424319210677394	0.12610909599304365	1.0	1.0	2.0
69780000	1.1136702878953715	0.15430928872083186	1.0	1.0	2.0
69790000	0.5775008037052182	0.4274986458206972	1.0	1.0	2.0
69800000	0.35845132854400225	0.31383854090591906	1.0	1.0	2.0
69810000	1.087399503205682	0.09006837987685926	1.0	1.0	2.0
69820000	1.465670663768275	0.3354248480509845	1.0	1.0	2.0
69830000	0.5305082349048184	1.6890894939529475	1.0	1.0	2.0
69840000	0.23436778598395985	0.20923681319215026	1.0	1.0	2.0
69850000	0.8673459881951386	0.7184776845996136	1.0	1.0	2.0
69860000	0.9903539648412537	0.5081991514981541	1.0	1.0	2.0
69870000	0.06861410287335448	0.009312793642091458	1.0	1.0	2.0
69880000	2.3774639464349865	0.14039025937461871	1.0	1.0	2.0
69890000	0.3255642996834489	0.04133784827388991	1.0	1.0	2.0
69900000	2.766139956991902	0.5654949972554505	1.0	1.0	2.0
69910000	2.3255518142603315	0.2089615820538536	1.0	1.0	2.0
69920000	0.30498199064840215	0.16448026445461095	1.0	1.0	2.0
69930000	1.1466531908411726	0.5011584325306326	1.0	1.0	2.0
69940000	0.4387257968931957	0.02091036453735199	1.0	1.0	2.0
69950000	2.8264600683852605	0.005505257151059424	1.0	1.0	2.0
69960000	0.559201811540992	0.8899919857648511	1.0	1.0	2.0
69970000	0.33786354981611333	0.6185475580822453	1.0	1.0	2.0
69980000	3.948938850869031	0.002891174824480873	1.0	1.0	2.0
69990000	1.6557181411155009	0.02505508133863188	1.0	1.0	2.0
70000000	2.1855217027141385	0.3485778524711179	1.0	1.0	2.0
70010000	3.156427568174279	0.27491407449751265	1.0	1.0	2.0
70020000	2.576171427273735	0.05892035404556189	1.0	1.0	2.0
70030000	1.7951774813499817	0.5706223081090864	1.0	1.0	2.0
70040000	0.4308689675859905	0.1540566019742609	1.0	1.0	2.0
70050000	5.80171081779514	0.6188802693355775	1.0	1.0	2.0
70060000	2.4775870826965893	0.1619649527293102	1.0	1.0	2.0
70070000	0.7916404317342838	0.4652200824559899	1.0	1.0	2.0
70080000	0.8152402572925329	0.007936457896277132	1.0	1.0	2.0
70090000	1.355671812729792	0.8971729220555997	1.0	1.0	2.0
70100000	1.0533300162975223	0.1683320220105418	1.0	1.0	2.0
70110000	0.5434259591920585	0.1504043987095557	1.0	1.0	2.0
70120000	0.71279831564378	0.6292177136520252	1.0	1.0	2.0
70130000	0.1830954169089217	0.11627332233182065	1.0	1.0	2.0
70140000	3.119052750826178	1.6487444054261804	1.0	1.0	2.0
70150000	2.5440739189741888	0.13689978666980948	1.0	1.0	2.0
70160000	0.9122075856879621	0.21750467058337958	1.0	1.0	2.0
70170000	1.1123767704334893	1.7638279690297234	1.0	1.0	2.0
70180000	1.494255903849169	0.2514458429625743	1.0	1.0	2.0
70190000	1.3699763386777222	1.7298983694793342	1.0	1.0	2.0
70200000	1.5611176458826956	0.20065071911074256	1.0	1.0	2.0
70210000	2.355984261124181	0.4826003328940516	1.0	1.0	2.0
70220000	1.1881802114943023	0.6157654255362056	1.0	1.0	2.0
70230000	1.4548568753000173	0.9591518494173726	1.0	1.0	2.0
70240000	0.0713427148539869	0.08311358989349098	1.0	1.0	2.0
70250000	0.45608549066984855	0.08982756298274451	1.0	1.0	2.0
70260000	1.1645014399834481	0.19513085956590612	1.0	1.0	2.0
70270000	0.10464621440042961	0.07231830084812543	1.0	1.0	2.0
70280000	4.322964903128092	1.0727268454135366	1.0	1.0	2.0
70290000	0.028327112539263632	0.004422002620404244	1.0	1.0	2.0
70300000	2.2133746328177786	0.8986486553322753	1.0	1.0	2.0
70310000	2.121418098838652	0.6292661599860659	1.0	1.0	2.0
70320000	3.1061884001275826	0.10991591205612718	1.0	1.0	2.0
70330000	0.5196741323973258	0.29041423517938053	1.0	1.0	2.0
70340000	0.7228793291119957	0.2694185435929073	1.0	1.0	2.0
70350000	1.8948180580292369	1.5164213530373614	1.0	1.0	2.0
70360000	0.9112725055151352	0.020905019685582532	1.0	1.0	2.0
70370000	0.9775880595815447	0.28421404225249647	1.0	1.0	2.0
70380000	0.22573499526418575	0.335418529392395	1.0	1.0	2.0
70390000	0.9223079909012165	0.23606818850906744	1.0	1.0	2.0
70400000	2.307428250810652	1.7981654518610717	1.0	1.0	2.0
70410000	0.7751407160787981	1.7720011080457594	1.0	1.0	2.0
70420000	1.6673132265530552	0.012166002121316192	1.0	1.0	2.0
70430000	0.15430126916132963	0.7880055365731519	1.0	1.0	2.0
70440000	0.37469099954921176	0.26525142187777245	1.0	1.0	2.0
70450000	1.6272134334265291	4.355120027448319	1.0	1.0	2.0
70460000	2.61600284423142	0.8812755778297799	1.0	1.0	2.0
70470000	0.4170406338089849	0.20048177462738956	1.0	1.0	2.0
70480000	0.8244409622759411	0.3333980153888078	1.0	1.0	2.0
70490000	0.9189121142514208	0.7852474573856237	1.0	1.0	2.0
70500000	1.7919230206969223	0.09504639568484646	1.0	1.0	2.0
70510000	0.6160087611923423	1.3247368045137466	1.0	1.0	2.0
70520000	0.6414134079510504	0.1155909576662957	1.0	1.0	2.0
70530000	2.3649818078425513	0.6389024730907836	1.0	1.0	2.0
70540000	0.47077939552844933	0.40440724197843847	1.0	1.0	2.0
70550000	4.387918751209652	0.08240911657393225	1.0	1.0	2.0
70560000	0.5614550563936845	0.2418045851784553	1.0	1.0	2.0
70570000	1.1210408374267231	0.05515556597259753	1.0	1.0	2.0
70580000	0.9837391624526038	0.4284240976259147	1.0	1.0	2.0
70590000	1.6664529741819178	0.5833529310530334	1.0	1.0	2.0
70600000	3.0059227968082136	0.831330754257734	1.0	1.0	2.0
70610000	1.0074065414223268	0.3290663431647778	1.0	1.0	2.0
70620000	1.3229557542897044	0.3779826564946181	1.0	1.0	2.0
70630000	1.8884872246519633	0.7092269611240763	1.0	1.0	2.0
70640000	2.168625825080989	0.5440636385412574	1.0	1.0	2.0
70650000	1.7276657904573849	0.013809956622128469	1.0	1.0	2.0
70660000	1.9003718815426327	0.14763377376559458	1.0	1.0	2.0
70670000	1.5950557895057624	0.19431371279737006	1.0	1.0	2.0
70680000	0.5798797868220786	0.21493192198376473	1.0	1.0	2.0
70690000	1.4221558671723946	0.19102568758311825	1.0	1.0	2.0
70700000	0.12601508840791556	0.061280737449661705	1.0	1.0	2.0
70710000	0.15518006504175547	0.02148364167791953	1.0	1.0	2.0
70720000	5.108883684707422	0.8512949048984282	1.0	1.0	2.0
70730000	1.238815355174243	0.7776785264000158	1.0	1.0	2.0
70740000	0.5166144012059672	0.9707462095072527	1.0	1.0	2.0
70750000	2.2907441945435423	0.461873833935577	1.0	1.0	2.0
70760000	0.6662460874558268	0.17344951865120184	1.0	1.0	2.0
70770000	1.6240718691028462	0.03945823631434676	1.0	1.0	2.0
70780000	5.754645112381675	0.6414602641172249	1.0	1.0	2.0
70790000	0.8200369188130973	0.9549874560973576	1.0	1.0	2.0
70800000	0.908418097965541	0.5059521714777183	1.0	1.0	2.0
70810000	1.3559685218977664	0.2702326403736016	1.0	1.0	2.0
70820000	0.8092197168893057	0.06568776594329716	1.0	1.0	2.0
70830000	1.7541413374997055	0.0616043694129659	1.0	1.0	2.0
70840000	1.4835131520590015	1.025745094320312	1.0	1.0	2.0
70850000	0.3362756119737716	1.6529429796707353	1.0	1.0	2.0
70860000	0.5789495291639773	1.57138089131714	1.0	1.0	2.0
70870000	0.5592014354929217	1.5215779430653265	1.0	1.0	2.0
70880000	0.3244704275665179	0.18688742346647264	1.0	1.0	2.0
70890000	0.4625358218045856	0.7673539631806038	1.0	1.0	2.0
70900000	0.9293508691665057	1.645391168649521	1.0	1.0	2.0
70910000	1.2790094500764277	0.35576380446071837	1.0	1.0	2.0
70920000	1.947040750341637	1.300092877006384	1.0	1.0	2.0
70930000	4.189719522809258	0.5458774208140165	1.0	1.0	2.0
70940000	0.5026068127786446	1.819359199325679	1.0	1.0	2.0
70950000	0.8299569839853018	0.15680821181709853	1.0	1.0	2.0
70960000	1.0428555377034687	0.041724310117686646	1.0	1.0	2.0
70970000	2.818367227094296	0.39027325481402386	1.0	1.0	2.0
70980000	1.8068523687062152	0.289246709852859	1.0	1.0	2.0
70990000	2.0318342934675577	0.4696595231122962	1.0	1.0	2.0
71000000	0.8203226769529055	0.07578876444807288	1.0	1.0	2.0
71010000	0.27776905631924964	0.24549371597939473	1.0	1.0	2.0
71020000	0.13832669953188595	0.03357406056209308	1.0	1.0	2.0
71030000	1.691563537862008	0.3374192133187198	1.0	1.0	2.0
71040000	0.4888123963640635	0.2547470415250502	1.0	1.0	2.0
71050000	1.0136099786531703	0.4360888823833788	1.0	1.0	2.0
71060000	2.4985032343712135	0.22742107165033892	1.0	1.0	2.0
71070000	3.205925031586169	0.5298160267562562	1.0	1.0	2.0
71080000	2.079698511709461	0.39796497453032637	1.0	1.0	2.0
71090000	4.06094166652636	0.5582647772860534	1.0	1.0	2.0
71100000	0.5605045746070263	1.7396623581941617	1.0	1.0	2.0
71110000	2.36915469407622	0.5757621909486662	1.0	1.0	2.0
71120000	0.6991956877078401	0.4806782635016271	1.0	1.0	2.0
71130000	1.2799302908547974	1.34417029921733	1.0	1.0	2.0
71140000	0.8328132504238561	0.11584912757217025	1.0	1.0	2.0
71150000	1.6159319899652478	0.2721493067640041	1.0	1.0	2.0
71160000	0.3746734653943001	0.2393134926232448	1.0	1.0	2.0
71170000	0.4882442194188058	0.10926224991128226	1.0	1.0	2.0
71180000	0.9419924130854165	1.1788611794691783	1.0	1.0	2.0
71190000	2.085645577307588	1.6572325708230058	1.0	1.0	2.0
71200000	1.026354771815399	0.12363563818269108	1.0	1.0	2.0
71210000	0.2548359674992362	0.48985986203340326	1.0	1.0	2.0
71220000	2.050369110747604	0.9823782400596203	1.0	1.0	2.0
71230000	3.2671828334093016	0.2930617093284297	1.0	1.0	2.0
71240000	2.722922088673065	0.49851330402108657	1.0	1.0	2.0
71250000	0.6492265359345432	0.5022063356859695	1.0	1.0	2.0
71260000	0.46721317155964653	0.24841098852914958	1.0	1.0	2.0
71270000	1.141879396856203	0.2631891920677767	1.0	1.0	2.0
71280000	1.01242322907653	0.4565479492324776	1.0	1.0	2.0
71290000	1.2906202661162807	0.1315511087539916	1.0	1.0	2.0
71300000	1.6766715065853366	0.46328170695743265	1.0	1.0	2.0
71310000	1.9720239947004452	0.4651527939275285	1.0	1.0	2.0
71320000	0.4869827938438543	0.654862210208166	1.0	1.0	2.0
71330000	0.5830709205114051	0.9643534481184924	1.0	1.0	2.0
71340000	0.9109766015914073	0.10005171451174125	1.0	1.0	2.0
71350000	1.1000211425632744	0.13579825155987948	1.0	1.0	2.0
71360000	1.0808084828904774	0.37948372723640234	1.0	1.0	2.0
71370000	1.4308988855568185	0.5242045035097805	1.0	1.0	2.0
71380000	0.3973178629790484	0.07462347128511405	1.0	1.0	2.0
71390000	1.4316317707081319	0.9486246567356766	1.0	1.0	2.0
71400000	2.0791981831823967	0.9072588301357932	1.0	1.0	2.0
71410000	2.158817696876218	0.7877311898004911	1.0	1.0	2.0
71420000	0.1684389980220163	0.11826890587709248	1.0	1.0	2.0
71430000	1.4713235333144215	0.010992706691683264	1.0	1.0	2.0
71440000	0.33011214674190614	0.5248457030229644	1.0	1.0	2.0
71450000	0.24174738411620672	0.13850745421551064	1.0	1.0	2.0
71460000	2.3146797629324247	0.6600045324216305	1.0	1.0	2.0
71470000	0.7002268790009107	0.9162706362393768	1.0	1.0	2.0
71480000	1.9448185176559494	1.0571708099620865	1.0	1.0	2.0
71490000	2.4656515371334393	0.9455263585090825	1.0	1.0	2.0
71500000	0.5373078796475828	0.11238180401376209	1.0	1.0	2.0
71510000	1.161180626868855	0.23655005307930901	1.0	1.0	2.0
71520000	1.07358894395236	0.07991228065434071	1.0	1.0	2.0
71530000	0.9440491446235446	0.2028125613664918	1.0	1.0	2.0
71540000	0.4808149081902996	0.22841375748111087	1.0	1.0	2.0
71550000	0.8157177091436916	0.18067963045098134	1.0	1.0	2.0
71560000	1.4216321077882832	0.7562030174073544	1.0	1.0	2.0
71570000	1.5838352624535073	0.12822642939576534	1.0	1.0	2.0
71580000	0.4750045374138484	0.0301552781939458	1.0	1.0	2.0
71590000	1.767544963982041	0.17930290284508635	1.0	1.0	2.0
71600000	1.5543009364394167	0.14094805482243875	1.0	1.0	2.0
71610000	0.43884483295314064	0.8752413682199105	1.0	1.0	2.0
71620000	0.4564088217065241	0.5729439753101196	1.0	1.0	2.0
71630000	1.9851709150951296	0.22089490290416366	1.0	1.0	2.0
71640000	0.3963632326821276	0.44502013605359597	1.0	1.0	2.0
71650000	1.1365733570364656	0.015258564426636782	1.0	1.0	2.0
71660000	1.238503467435398	2.1228894244361625	1.0	1.0	2.0
71670000	1.6148255211100253	0.01727033623865973	1.0	1.0	2.0
71680000	1.959355242689355	0.5997106008712378	1.0	1.0	2.0
71690000	0.8071500195306713	0.5718469827582736	1.0	1.0	2.0
71700000	2.0592936579713026	0.07633884824077139	1.0	1.0	2.0
71710000	1.5805508335400973	0.9195373632183642	1.0	1.0	2.0
71720000	0.7915579360224072	0.720087016211982	1.0	1.0	2.0
71730000	3.3942247656146187	0.27983170132602014	1.0	1.0	2.0
71740000	0.9283716164396794	0.2186298818134801	1.0	1.0	2.0
71750000	0.3519851174808917	0.088487591795012	1.0	1.0	2.0
71760000	3.4809136767570306	2.211288680923751	0.0	1.0	1.0
71770000	0.7954248130340124	1.062306684818351	1.0	1.0	2.0
71780000	1.4981094619341182	1.118158745656036	1.0	1.0	2.0
71790000	0.33553197074873714	0.013569178214640258	1.0	1.0	2.0
71800000	1.5799373206513447	0.14209363353470908	1.0	1.0	2.0
71810000	1.5201706960430639	2.0076705667641823	1.0	1.0	2.0
71820000	3.561958446394179	0.14076130458396408	1.0	1.0	2.0
71830000	0.9121196739141836	0.32986971227817363	1.0	1.0	2.0
71840000	1.804810604223587	0.40069989625875435	1.0	1.0	2.0
71850000	1.0511630838225778	1.4950585675065589	1.0	1.0	2.0
71860000	1.1485906737714673	0.07782663691152068	1.0	1.0	2.0
71870000	0.9766931471899823	0.26785046388886924	1.0	1.0	2.0
71880000	1.264047031242242	0.02183457577878629	1.0	1.0	2.0
71890000	1.5335051800650994	0.5837993752985972	1.0	1.0	2.0
71900000	0.9816567994630679	0.7430888198241634	1.0	1.0	2.0
71910000	2.280578784343394	0.35893882420607726	1.0	1.0	2.0
71920000	0.8465418486169651	0.06427120011106036	1.0	1.0	2.0
71930000	1.1332291937804564	0.37293350187953983	1.0	1.0	2.0
71940000	0.9925998813149635	1.6757982704204017	1.0	1.0	2.0
71950000	1.0928105392239102	0.13780522730008285	1.0	1.0	2.0
71960000	1.9403226424341182	0.372956359162989	1.0	1.0	2.0
71970000	1.1155175040607335	0.91192529961028	1.0	1.0	2.0
71980000	0.5524533852645682	0.20049433507812425	1.0	1.0	2.0
71990000	0.3713460856595597	0.009354593570992116	1.0	1.0	2.0
72000000	0.6737293663676431	0.47361215872661394	1.0	1.0	2.0
72010000	0.1839635629673199	0.23150663692697393	1.0	1.0	2.0
72020000	0.8454574438963655	0.3061317328777501	1.0	1.0	2.0
72030000	2.6744411752390285	0.19647800501168602	1.0	1.0	2.0
72040000	4.416536976277767	0.048685080158243556	1.0	1.0	2.0
72050000	3.5090245894947967	0.27391730001954534	1.0	1.0	2.0
72060000	4.036124615737686	0.6232900376202366	1.0	1.0	2.0
72070000	0.8799608947208346	0.024042880157508197	1.0	1.0	2.0
72080000	0.4564654916507435	0.3437311791915783	1.0	1.0	2.0
72090000	1.294135608645929	0.04031680988536577	1.0	1.0	2.0
72100000	0.7244104653717769	0.40750918590490004	1.0	1.0	2.0
72110000	0.8923101021770856	0.32928463542105413	1.0	1.0	2.0
72120000	2.230414947003657	0.5457427017733781	1.0	1.0	2.0
72130000	0.5885611913220262	0.33855842197089986	1.0	1.0	2.0
72140000	1.9972378572311535	0.4138664455880634	1.0	1.0	2.0
72150000	1.0252118027118624	0.18122828873900296	1.0	1.0	2.0
72160000	4.068968741462088	1.2176426297106793	1.0	1.0	2.0
72170000	0.9314286464341467	0.4626562579178362	1.0	1.0	2.0
72180000	2.2339621172245074	1.3267269122208922	1.0	1.0	2.0
72190000	1.431457361796366	0.06806872810736876	1.0	1.0	2.0
72200000	1.1647508262184236	1.6059166387627402	1.0	1.0	2.0
72210000	3.2207456083594863	0.04561524318022839	1.0	1.0	2.0
72220000	0.9866056303795264	0.2078300075582805	1.0	1.0	2.0
72230000	1.4695297104243064	0.25360030242776704	1.0	1.0	2.0
72240000	0.8783050168443615	0.3571350209338688	1.0	1.0	2.0
72250000	1.2246427112003408	0.38600652048809675	1.0	1.0	2.0
72260000	2.7038462663943017	0.1820168687292441	1.0	1.0	2.0
72270000	0.10367447565576883	0.09905170731582222	1.0	1.0	2.0
72280000	1.4323826817433236	0.7654881409035087	1.0	1.0	2.0
72290000	2.2866976925820217	0.435656796128846	1.0	1.0	2.0
72300000	2.878305188957692	0.7524249618473714	1.0	1.0	2.0
72310000	2.086408729952042	0.5651727482925236	1.0	1.0	2.0
72320000	0.6251971920603214	0.17314253201648055	1.0	1.0	2.0
72330000	0.3223524505643809	0.2144762586500824	1.0	1.0	2.0
72340000	1.902749718006565	2.027299402751007	1.0	1.0	2.0
72350000	2.0448671776099707	2.2966953653780338	1.0	1.0	2.0
72360000	0.44757775908434716	0.995220590193351	1.0	1.0	2.0
72370000	1.0160661970774834	0.6143813802574738	1.0	1.0	2.0
72380000	0.2595795655343163	1.0355106560500025	1.0	1.0	2.0
72390000	0.17719364244481076	0.04998198887053763	1.0	1.0	2.0
72400000	0.13244710658384784	0.3006104735352886	1.0	1.0	2.0
72410000	2.273576404149101	0.010944000880151433	1.0	1.0	2.0
72420000	2.1549516129403017	2.2482031099394946	1.0	1.0	2.0
72430000	0.5897122833004127	0.9756469790328132	1.0	1.0	2.0
72440000	1.5067921294858908	0.1432463612511168	1.0	1.0	2.0
72450000	1.7941490864146794	1.6818841988430815	1.0	1.0	2.0
72460000	0.8482173596522955	1.0411697098319903	1.0	1.0	2.0
72470000	0.46151006880935636	0.8584826280518842	1.0	1.0	2.0
72480000	0.6536109486609222	1.3825761459521222	1.0	1.0	2.0
72490000	1.1835811712184992	0.05893390191981923	1.0	1.0	2.0
72500000	2.01015456464086	1.2851524744067455	1.0	1.0	2.0
72510000	1.323211004625631	0.5594593688377896	1.0	1.0	2.0
72520000	1.6654012199311536	1.4053887043044515	1.0	1.0	2.0
72530000	1.9270694284582874	0.8945382223613685	1.0	1.0	2.0
72540000	0.2672654106884575	0.06993136676003467	1.0	1.0	2.0
72550000	1.569127359869565	1.5427933018553337	1.0	1.0	2.0
72560000	0.7764900685341078	0.42890969722063116	1.0	1.0	2.0
72570000	3.4010692215953244	0.37505344344686625	1.0	1.0	2.0
72580000	0.4952322309991434	0.03375077957100906	1.0	1.0	2.0
72590000	0.46081754968052746	2.202508379882914	1.0	1.0	2.0
72600000	0.16926090472828986	0.08225837125313303	1.0	1.0	2.0
72610000	0.700892887687129	2.2252307991308906	1.0	1.0	2.0
72620000	0.061242344262826674	0.04472921100770021	1.0	1.0	2.0
72630000	1.312777533878635	0.5768141113004216	1.0	1.0	2.0
72640000	1.8537757793994136	0.15919996677070017	1.0	1.0	2.0
72650000	0.49768790760322357	0.6041007809413107	1.0	1.0	2.0
72660000	2.1078305227450995	0.10473563851326047	1.0	1.0	2.0
72670000	0.5210733793989318	0.7680680397843012	1.0	1.0	2.0
72680000	0.7549719268166177	0.4622212169988102	1.0	1.0	2.0
72690000	1.6757719057604994	0.13934508029933793	1.0	1.0	2.0
72700000	1.7781872318734542	0.14914657335593634	1.0	1.0	2.0
72710000	1.5252876299205513	0.08670340482671063	1.0	1.0	2.0
72720000	0.7428569433092811	0.04832276623321961	1.0	1.0	2.0
72730000	1.887576604020569	0.33347462216222323	1.0	1.0	2.0
72740000	1.6055483165540865	1.160267542523664	1.0	1.0	2.0
72750000	0.5485052347298017	0.5019527003737313	1.0	1.0	2.0
72760000	0.2690931670367664	0.014188057827985632	1.0	1.0	2.0
72770000	2.9018171034431126	0.39149859608689397	1.0	1.0	2.0
72780000	1.608954454182444	0.24347077100846867	1.0	1.0	2.0
72790000	1.5101297490181953	0.20814445391125888	1.0	1.0	2.0
72800000	1.9667727871926088	0.4186102702919766	1.0	1.0	2.0
72810000	0.5629974021102158	0.924070927982603	1.0	1.0	2.0
72820000	1.2780518757075956	0.6317992126686368	1.0	1.0	2.0
72830000	1.9048834694390193	0.5630607767710839	1.0	1.0	2.0
72840000	0.9066622508701314	0.5045862405824584	1.0	1.0	2.0
72850000	5.430234210178353	1.4176347001436642	1.0	1.0	2.0
72860000	1.9121189038525677	0.34908277831725226	1.0	1.0	2.0
72870000	1.384504897002736	0.027940540926889836	1.0	1.0	2.0
72880000	2.949357946268966	1.9755050768034403	1.0	1.0	2.0
72890000	0.2769043012538435	0.44265485202037785	1.0	1.0	2.0
72900000	1.7337080678235663	0.5749266622754351	1.0	1.0	2.0
72910000	1.0965029378194047	0.8685697174284663	1.0	1.0	2.0
72920000	0.8031961162899444	0.6599389351849743	1.0	1.0	2.0
72930000	1.9503106492979838	0.7365048572530927	1.0	1.0	2.0
72940000	0.09250636920574307	0.016699077586898974	1.0	1.0	2.0
72950000	6.119433323937939	1.1553682667995833	1.0	1.0	2.0
72960000	0.7703515498718198	0.2022778916642545	1.0	1.0	2.0
72970000	0.26772913449050056	0.02378434506737047	1.0	1.0	2.0
72980000	0.44434777904271616	0.202439975186325	1.0	1.0	2.0
72990000	0.48818189207041557	0.20937512100448658	1.0	1.0	2.0
73000000	0.8843914877051043	0.8396713819539485	1.0	1.0	2.0
73010000	0.4264430439515907	0.44224616382340315	1.0	1.0	2.0
73020000	1.6617927569668827	0.7489104608438032	1.0	1.0	2.0
73030000	1.5876635711375777	0.09447831085464782	1.0	1.0	2.0
73040000	3.1494918741765576	0.22622818472531186	1.0	1.0	2.0
73050000	0.6631114190774116	0.5561348290972298	1.0	1.0	2.0
73060000	0.8862410001617008	0.3587466177181436	1.0	1.0	2.0
73070000	0.39714676711506336	0.07294120703995675	1.0	1.0	2.0
73080000	1.0651150086677468	0.25462387984040996	1.0	1.0	2.0
73090000	2.9462251544753446	1.972890280305995	1.0	1.0	2.0
73100000	1.4691365347050842	0.08288610854622899	1.0	1.0	2.0
73110000	0.3134013257265326	0.07577635287507643	1.0	1.0	2.0
73120000	1.181962863199449	0.9122704491768939	1.0	1.0	2.0
73130000	0.5798187801430099	2.2473915426015476	1.0	1.0	2.0
73140000	2.2338408607781166	0.6374795003316378	1.0	1.0	2.0
73150000	0.7708757333259062	0.011131674978170716	1.0	1.0	2.0
73160000	1.2451415114592403	0.8441182723779008	1.0	1.0	2.0
73170000	0.6677767464377509	0.46152685477967637	1.0	1.0	2.0
73180000	1.6754948290383787	0.43720979357472933	1.0	1.0	2.0
73190000	1.6351186840458487	0.055177341458135194	1.0	1.0	2.0
73200000	1.9994765181164273	0.019406651586414803	1.0	1.0	2.0
73210000	1.88600163946706	0.2426294552000577	1.0	1.0	2.0
73220000	0.38496546098666645	0.38670063770980445	1.0	1.0	2.0
73230000	1.5499935210893534	3.547951846313669	1.0	1.0	2.0
73240000	2.2092605633624287	1.6738733128272465	1.0	1.0	2.0
73250000	0.26692725983161497	0.2516177114877524	1.0	1.0	2.0
73260000	2.4549599120333268	0.20707349055815266	1.0	1.0	2.0
73270000	1.9246619508586815	0.600043760097143	1.0	1.0	2.0
73280000	3.4960799854280076	1.6550304679062602	1.0	1.0	2.0
73290000	0.9440811862960647	0.04124306984530342	1.0	1.0	2.0
73300000	0.10826260045967122	0.3622662767379049	0.0	1.0	1.0
73310000	1.8841134018013361	1.0798266608300002	1.0	1.0	2.0
73320000	0.885674585828578	0.1243278539579643	1.0	1.0	2.0
73330000	1.8499997351488486	2.2049862007933334	1.0	1.0	2.0
73340000	1.633469249681486	0.48707546279101943	1.0	1.0	2.0
73350000	1.9424603858641223	0.002966128937363478	1.0	1.0	2.0
73360000	0.058760613794370024	0.08263696830708679	1.0	1.0	2.0
73370000	0.6294361590825054	4.325661476778736	1.0	1.0	2.0
73380000	0.23281922397913413	0.002058354328864833	1.0	1.0	2.0
73390000	1.0247807415656531	1.2753761090298257	1.0	1.0	2.0
73400000	1.2703639979536034	1.12494304489421	1.0	1.0	2.0
73410000	0.7102539781339224	0.02393311921457346	1.0	1.0	2.0
73420000	0.7048864744767336	0.06192351452025416	1.0	1.0	2.0
73430000	0.5759112818196873	0.10320105795414317	1.0	1.0	2.0
73440000	2.250982197411655	0.38828191502248155	1.0	1.0	2.0
73450000	1.2793973477548466	1.091114009760054	1.0	1.0	2.0
73460000	1.3182406196463219	0.5295800331034984	1.0	1.0	2.0
73470000	0.5405313371915679	0.8192797869760917	1.0	1.0	2.0
73480000	0.5737383704342724	0.1893623031845231	1.0	1.0	2.0
73490000	1.3755721587709921	0.16089327103677745	1.0	1.0	2.0
73500000	0.0069643634919618665	3.3398015205038167E-4	1.0	1.0	2.0
73510000	1.4028675623966151	1.193103259060017	1.0	1.0	2.0
73520000	0.5588749821359851	1.6865751038503285	1.0	1.0	2.0
73530000	0.6758587631337909	0.0460778491517854	1.0	1.0	2.0
73540000	0.3767862464682131	0.09999380308331701	1.0	1.0	2.0
73550000	1.8854966447770167	0.025891928591287392	1.0	1.0	2.0
73560000	2.0505126521503954	0.9433777126255064	1.0	1.0	2.0
73570000	0.3045478529154229	0.2679419557669328	1.0	1.0	2.0
73580000	0.6877632938347504	0.5499610654239296	1.0	1.0	2.0
73590000	0.009276941317990435	1.1138033053642589	0.0	1.0	1.0
73600000	1.417871197329019	0.8558295046977354	1.0	1.0	2.0
73610000	0.5012117845308375	1.396132690448041	1.0	1.0	2.0
73620000	1.4466031705495448	0.5042495361616373	1.0	1.0	2.0
73630000	1.1563587753117623	0.08942455474148256	1.0	1.0	2.0
73640000	1.2377027450035536	0.8558605367293983	1.0	1.0	2.0
73650000	1.181240023165276	0.06297286512670637	1.0	1.0	2.0
73660000	0.21732011233013288	0.16205312572585848	1.0	1.0	2.0
73670000	3.65780222067219	1.7081532168712883	1.0	1.0	2.0
73680000	0.6596989745276612	0.05237541541436946	1.0	1.0	2.0
73690000	2.2445881717238554	2.325398238798409	1.0	1.0	2.0
73700000	1.1242424728592033	0.08967465430015358	1.0	1.0	2.0
73710000	0.6201027996634635	0.36453253245615325	1.0	1.0	2.0
73720000	2.9319987670807204	0.5098877514479349	1.0	1.0	2.0
73730000	1.6013608551666165	0.09725424102358257	1.0	1.0	2.0
73740000	4.021381460091754	0.8254963296750052	1.0	1.0	2.0
73750000	0.7475101798842109	0.562537431135568	1.0	1.0	2.0
73760000	0.8552437527761346	1.208067896447734	1.0	1.0	2.0
73770000	0.6384007089279741	0.07885810158839458	1.0	1.0	2.0
73780000	0.7660192598641571	0.8281401691323448	1.0	1.0	2.0
73790000	0.7755395501912096	0.14278638071941346	1.0	1.0	2.0
73800000	0.4344978292059542	0.6965856219847535	1.0	1.0	2.0
73810000	1.0093254119348256	0.025987748088854023	1.0	1.0	2.0
73820000	0.4056116627021888	1.2492981366191205	1.0	1.0	2.0
73830000	2.6601123162832385	0.9438783857097203	1.0	1.0	2.0
73840000	1.702054196612045	0.24879736802947958	1.0	1.0	2.0
73850000	0.5770749833132249	0.46871872260490044	1.0	1.0	2.0
73860000	1.343113638460515	0.5362282234585692	1.0	1.0	2.0
73870000	2.1249957222796128	0.49874404650459536	1.0	1.0	2.0
73880000	0.25632677026349243	0.3975886913582123	1.0	1.0	2.0
73890000	0.5223991038799978	0.176268769051215	1.0	1.0	2.0
73900000	1.895458940012249	2.1881658374305966	1.0	1.0	2.0
73910000	1.2283249038800828	1.1694268474087568	1.0	1.0	2.0
73920000	1.4179087936298473	0.32188012052434334	1.0	1.0	2.0
73930000	2.850921066886759	0.006182038809218344	1.0	1.0	2.0
73940000	3.229226422853132	2.758024881006361	1.0	1.0	2.0
73950000	0.5134132106370866	0.09151590751662592	1.0	1.0	2.0
73960000	0.5875907150222694	0.11204859316967572	1.0	1.0	2.0
73970000	0.7234122369125348	0.04310968397072763	1.0	1.0	2.0
73980000	1.6956854640421666	0.5324568045101409	1.0	1.0	2.0
73990000	1.6698111613641753	0.5842725684679989	1.0	1.0	2.0
74000000	0.9906398808505988	1.4164819023668134	1.0	1.0	2.0
74010000	2.1780168156048196	1.0849168789084844	1.0	1.0	2.0
74020000	2.473974401602941	2.042032268196349	1.0	1.0	2.0
74030000	0.45801397738668137	0.35989322235861626	1.0	1.0	2.0
74040000	3.437941323762601	0.8030472132900723	1.0	1.0	2.0
74050000	0.881118051465468	0.27596138711839385	1.0	1.0	2.0
74060000	1.9826470588768401	0.2758770326175689	1.0	1.0	2.0
74070000	0.020944248088344088	0.0712868302578201	1.0	1.0	2.0
74080000	2.7241598234274846	1.8882178249822044	1.0	1.0	2.0
74090000	0.5529380517689911	1.0147615709477853	1.0	1.0	2.0
74100000	0.9186711845405142	0.059952018088058605	1.0	1.0	2.0
74110000	1.095671105053775	0.016330456044936444	1.0	1.0	2.0
74120000	1.5347133938520976	0.4212650683129984	1.0	1.0	2.0
74130000	0.7577741777711763	0.08284055905684898	1.0	1.0	2.0
74140000	0.8653282033091894	0.8737283985138523	1.0	1.0	2.0
74150000	2.2963335615027725	0.4107433072165001	1.0	1.0	2.0
74160000	1.179664704621689	0.08840774154197617	1.0	1.0	2.0
74170000	1.3207557266775851	0.1700803945576883	1.0	1.0	2.0
74180000	1.8454636317113897	0.3207352479058576	1.0	1.0	2.0
74190000	0.9703902557475557	1.4978792602852375	1.0	1.0	2.0
74200000	0.9491204091380303	0.7651431502084705	1.0	1.0	2.0
74210000	2.1835147357598257	0.5367460235560126	1.0	1.0	2.0
74220000	0.26171536292602116	0.5992157533984206	1.0	1.0	2.0
74230000	0.2573130050352602	0.8656406702493602	1.0	1.0	2.0
74240000	0.43839748405230594	0.06132772716642636	1.0	1.0	2.0
74250000	1.0200422795135944	0.36668806934618414	1.0	1.0	2.0
74260000	0.47892147796519624	0.9303349075264641	1.0	1.0	2.0
74270000	2.32758312766534	0.8937732636192057	1.0	1.0	2.0
74280000	2.5236702968088887	0.4887494330725499	1.0	1.0	2.0
74290000	0.5153944846419978	1.8951765509562253	1.0	1.0	2.0
74300000	1.4214025797398742	0.151009710179217	1.0	1.0	2.0
74310000	0.6017298827911185	1.8063579319215606	1.0	1.0	2.0
74320000	2.930769174726112	0.0635730763612929	1.0	1.0	2.0
74330000	2.273739733508202	0.22068334457442856	1.0	1.0	2.0
74340000	1.4256131718712886	0.4148911874423732	1.0	1.0	2.0
74350000	0.3900673832314559	0.18039197379739108	1.0	1.0	2.0
74360000	0.4201401039088643	0.8897643937483349	1.0	1.0	2.0
74370000	2.075992593481334	0.1660722520389442	1.0	1.0	2.0
74380000	0.3549112658492535	2.753982751557219	1.0	1.0	2.0
74390000	0.8464328607264997	0.23942065382982666	1.0	1.0	2.0
74400000	1.1220301964192578	1.7504558503508734	1.0	1.0	2.0
74410000	2.578996671116928	3.4808593872207743	1.0	1.0	2.0
74420000	1.7229207774237816	0.9001883218904466	1.0	1.0	2.0
74430000	1.985405808538513	0.7463145693940995	1.0	1.0	2.0
74440000	0.43780111547728195	0.7927078917177305	1.0	1.0	2.0
74450000	1.3764103190283459	0.04151457679528982	1.0	1.0	2.0
74460000	0.5406543440763437	0.7148986323803387	1.0	1.0	2.0
74470000	1.7588706439927502	0.06690513938862155	1.0	1.0	2.0
74480000	0.2963819568654528	0.047587230917680044	1.0	1.0	2.0
74490000	2.1493703250486216	0.05744025031482659	1.0	1.0	2.0
74500000	1.6793984147462249	1.1032128596148572	1.0	1.0	2.0
74510000	1.7331842617899795	0.37900066877811894	1.0	1.0	2.0
74520000	1.218855247001206	0.21515819460577867	1.0	1.0	2.0
74530000	0.8490676325585222	0.2681797325442808	1.0	1.0	2.0
74540000	0.6149853881830527	1.1020231214969125	1.0	1.0	2.0
74550000	0.5435258252803489	0.3231467778852372	1.0	1.0	2.0
74560000	1.0273973159480267	1.5635463262335767	1.0	1.0	2.0
74570000	0.2839721629644319	0.6984945050604995	1.0	1.0	2.0
74580000	0.838138703801909	0.003708098911192053	1.0	1.0	2.0
74590000	1.214156351037723	0.37556464692218516	1.0	1.0	2.0
74600000	2.74989383852093	0.4946883709327916	1.0	1.0	2.0
74610000	1.5163413048386083	1.4415525025008125	1.0	1.0	2.0
74620000	4.577062594384953	0.30435977445029	1.0	1.0	2.0
74630000	0.8981313637563277	0.18674992413074687	1.0	1.0	2.0
74640000	0.9183977666417805	0.6867738248643319	1.0	1.0	2.0
74650000	1.3555171829885515	0.7490811537211306	1.0	1.0	2.0
74660000	0.19423656193852062	0.32810744219575916	1.0	1.0	2.0
74670000	1.0248647319631943	0.8895795044700264	1.0	1.0	2.0
74680000	0.10611522524091167	0.02444184672622335	1.0	1.0	2.0
74690000	2.6712211027888744	0.2920997177455654	1.0	1.0	2.0
74700000	0.5140804951188886	0.5227169765508194	1.0	1.0	2.0
74710000	0.8979697352075221	0.312018669175466	1.0	1.0	2.0
74720000	0.7153771738922807	0.15997345898564763	1.0	1.0	2.0
74730000	0.47162569373978924	0.2758734598560882	1.0	1.0	2.0
74740000	2.222260946983406	0.19663483863216433	1.0	1.0	2.0
74750000	0.5371244644736374	1.000361814671961	1.0	1.0	2.0
74760000	2.4321523970886796	2.2623655310572857	1.0	1.0	2.0
74770000	0.5879183727355384	0.01027061455895908	1.0	1.0	2.0
74780000	0.5112141807846893	0.4433820185993292	1.0	1.0	2.0
74790000	1.5873805415437057	0.20057826695819997	1.0	1.0	2.0
74800000	0.6893101643048453	1.2913551271472383	1.0	1.0	2.0
74810000	0.8312234407567557	1.0268841110714826	1.0	1.0	2.0
74820000	0.10124409808010328	0.5535349583316452	1.0	1.0	2.0
74830000	0.4830616895102573	0.06997131220290763	1.0	1.0	2.0
74840000	0.17740933519762284	0.6163233248426091	1.0	1.0	2.0
74850000	6.885751039974925	0.479056586235094	1.0	1.0	2.0
74860000	0.9444352638217854	0.4048637555437022	1.0	1.0	2.0
74870000	2.306344576646878	0.2647630539586786	1.0	1.0	2.0
74880000	1.6703606448068495	0.4739270623818027	1.0	1.0	2.0
74890000	1.7579462700873691	0.20088967455199766	1.0	1.0	2.0
74900000	1.235195580686826	0.8500905027810167	1.0	1.0	2.0
74910000	0.5568980053136603	0.7240965999281518	1.0	1.0	2.0
74920000	6.132259498478769	2.668095555955677	1.0	1.0	2.0
74930000	0.2883254400885264	0.1551425781429937	1.0	1.0	2.0
74940000	1.8607716258106588	0.26700764436645935	1.0	1.0	2.0
74950000	1.0992051728059238	0.05729627864242948	1.0	1.0	2.0
74960000	0.8743584039998222	0.06660645678306001	1.0	1.0	2.0
74970000	0.18963395963528432	0.06958449075672359	1.0	1.0	2.0
74980000	1.1596713778407879	0.16829142839919548	1.0	1.0	2.0
74990000	0.28616622471394093	0.1731924771546004	1.0	1.0	2.0
75000000	1.7487261584452392	0.48621248402589967	1.0	1.0	2.0
75010000	0.25601635245473103	0.047533863742162605	1.0	1.0	2.0
75020000	0.36810130685992937	0.10295671151310945	1.0	1.0	2.0
75030000	2.1033776396833397	1.6105779596414436	1.0	1.0	2.0
75040000	2.4314864354181474	0.007947221603012755	1.0	1.0	2.0
75050000	3.175312242415268	1.4148177567976	1.0	1.0	2.0
75060000	1.7824761094482762	0.9823233453625647	1.0	1.0	2.0
75070000	4.371238464668092	2.0133102406554864	1.0	1.0	2.0
75080000	0.8986161710077252	0.05175505713151977	1.0	1.0	2.0
75090000	4.743104739343336	0.34593206231107604	1.0	1.0	2.0
75100000	1.7744261195203754	0.669874542228213	1.0	1.0	2.0
75110000	1.5057525575257282	2.813892193399828	1.0	1.0	2.0
75120000	0.08985419128088162	0.05159247696274537	1.0	1.0	2.0
75130000	3.0300022742922312	0.19599462569585785	1.0	1.0	2.0
75140000	0.5668748525659449	0.27395221973705586	1.0	1.0	2.0
75150000	0.3942665046559106	0.3055316948779107	1.0	1.0	2.0
75160000	0.3660897631621262	0.12662262017517933	1.0	1.0	2.0
75170000	3.5571364113596755	2.328799487964244	1.0	1.0	2.0
75180000	3.559048054440784	0.06907126540161053	1.0	1.0	2.0
75190000	1.1829327417374838	0.12457769010779567	1.0	1.0	2.0
75200000	1.662199512565322	0.21236084822717574	1.0	1.0	2.0
75210000	4.6033003156198316	0.6969966381704141	1.0	1.0	2.0
75220000	1.41118072525885	2.0326752732162117	1.0	1.0	2.0
75230000	0.7106459226296281	0.20989727997832378	1.0	1.0	2.0
75240000	2.038673963933978	0.13916979773753768	1.0	1.0	2.0
75250000	0.43267327930610117	0.1479136175927794	1.0	1.0	2.0
75260000	2.2345088822022525	0.5897146671012966	1.0	1.0	2.0
75270000	0.6565383777370517	0.30979096646660814	1.0	1.0	2.0
75280000	2.3899901349533565	0.1607870032737675	1.0	1.0	2.0
75290000	1.6882542249777879	0.4188634228779693	1.0	1.0	2.0
75300000	3.0721998153523264	0.09469726767751938	1.0	1.0	2.0
75310000	1.3655403344158301	0.1630972282437182	1.0	1.0	2.0
75320000	0.25090986150794675	0.04492334361526751	1.0	1.0	2.0
75330000	0.16747634995297817	0.42062892392875045	1.0	1.0	2.0
75340000	0.9075300869308961	0.12482004483778328	1.0	1.0	2.0
75350000	2.0421472394573565	1.1878914646180285	1.0	1.0	2.0
75360000	1.2117768844252745	2.2324251392909256	1.0	1.0	2.0
75370000	0.8690041935421173	0.008311748124025508	1.0	1.0	2.0
75380000	0.7865503309231628	0.2806000252436803	1.0	1.0	2.0
75390000	0.8426017921396862	0.14374853545532004	1.0	1.0	2.0
75400000	0.5646376143231437	0.17833922672473507	1.0	1.0	2.0
75410000	0.739177179113654	0.02797018314170713	1.0	1.0	2.0
75420000	0.6003176666327956	0.461869788615082	1.0	1.0	2.0
75430000	2.0827215174347753	0.7871209703114717	1.0	1.0	2.0
75440000	0.8217925338168331	0.6527492776163354	1.0	1.0	2.0
75450000	2.337216040092908	0.8205733254900069	1.0	1.0	2.0
75460000	0.7144401769522116	0.4641771200202539	1.0	1.0	2.0
75470000	0.36355166768913816	0.0027891995501542126	1.0	1.0	2.0
75480000	0.29336481372516704	0.255211036433358	1.0	1.0	2.0
75490000	4.003249678570552	1.244444236963968	1.0	1.0	2.0
75500000	0.5801386230298868	0.07368394980082973	1.0	1.0	2.0
75510000	0.647339748335738	0.4432377681601874	1.0	1.0	2.0
75520000	2.591551082449654	1.1844258028376569	1.0	1.0	2.0
75530000	0.48111950561467837	0.3965080176241504	1.0	1.0	2.0
75540000	0.7245121061286638	0.13343518123587897	1.0	1.0	2.0
75550000	0.7915220431964632	0.6807200453707651	1.0	1.0	2.0
75560000	2.3211337968563863	1.094650566265652	1.0	1.0	2.0
75570000	4.736264217122256	3.161538323320101	1.0	1.0	2.0
75580000	5.549911009129982	0.33083766619581323	1.0	1.0	2.0
75590000	1.3951934084936817	0.8247227677709956	1.0	1.0	2.0
75600000	0.4149568818753678	0.07333840347698228	1.0	1.0	2.0
75610000	3.0429574249126143	0.6041134478837424	1.0	1.0	2.0
75620000	0.7146679352055793	0.27331831679963364	1.0	1.0	2.0
75630000	2.373937658753081	1.5553531281568702	1.0	1.0	2.0
75640000	0.6068089020947229	0.04957560373680563	1.0	1.0	2.0
75650000	0.4792067276988844	0.004074715902953134	1.0	1.0	2.0
75660000	3.8824702323194775	1.4629463022297748	1.0	1.0	2.0
75670000	0.9554551034385868	0.04965097530998404	1.0	1.0	2.0
75680000	1.6920555263922168	0.4518270489733577	1.0	1.0	2.0
75690000	0.18519125249563545	0.02086159000326795	1.0	1.0	2.0
75700000	0.8201297606875249	0.7360639009041099	1.0	1.0	2.0
75710000	0.923117247225843	0.10780883835074333	1.0	1.0	2.0
75720000	2.2360162365865115	0.3523609906512619	1.0	1.0	2.0
75730000	3.624923778377342	0.0508636720338859	1.0	1.0	2.0
75740000	0.45844883477643555	0.35384558779908437	1.0	1.0	2.0
75750000	3.6835485473472676	0.7185147920396703	1.0	1.0	2.0
75760000	0.32254633787044995	0.1941624619898936	1.0	1.0	2.0
75770000	0.9168801456730684	0.26981391630684237	1.0	1.0	2.0
75780000	0.5135493500809851	1.2087375002150915	1.0	1.0	2.0
75790000	2.451170922449984	0.6166614623977343	1.0	1.0	2.0
75800000	1.2233860403084835	0.5470629181593399	1.0	1.0	2.0
75810000	3.306184393626797	0.29850193090701155	1.0	1.0	2.0
75820000	2.639293599819466	4.7891401738388275	1.0	1.0	2.0
75830000	0.4788754703433292	1.4453843956366919	1.0	1.0	2.0
75840000	1.150466506080029	0.05179736310076008	1.0	1.0	2.0
75850000	5.768927952763134	0.958325012597445	1.0	1.0	2.0
75860000	2.332517792154318	0.006584228259111016	1.0	1.0	2.0
75870000	0.4640091218778108	0.03239907405107402	1.0	1.0	2.0
75880000	0.8673085193421175	0.26509237867790836	1.0	1.0	2.0
75890000	0.6904820762473644	1.7656066559860637	1.0	1.0	2.0
75900000	0.14189880325942364	0.021160719208236003	1.0	1.0	2.0
75910000	0.665396421948604	0.16911930377624218	1.0	1.0	2.0
75920000	0.1599214872694722	0.09611090425608834	1.0	1.0	2.0
75930000	0.13491098253380665	0.28450421129575243	1.0	1.0	2.0
75940000	1.3841555006271387	0.1186638929856055	1.0	1.0	2.0
75950000	0.5909699196720588	0.2792033796339565	1.0	1.0	2.0
75960000	0.3888346606717505	0.03528379859405051	1.0	1.0	2.0
75970000	3.50455267728869	2.20043545755176	1.0	1.0	2.0
75980000	0.5618903521066592	0.20458065820242308	1.0	1.0	2.0
75990000	0.17587736094901413	0.03745632460048059	1.0	1.0	2.0
76000000	0.5321253753552136	1.1605988476872708	1.0	1.0	2.0
76010000	1.2037157126138158	0.15668205097363727	1.0	1.0	2.0
76020000	2.268758931757742	0.02815065888312332	1.0	1.0	2.0
76030000	2.392804872965361	1.4450770711555536	1.0	1.0	2.0
76040000	0.4198016214443538	0.118945733896381	1.0	1.0	2.0
76050000	1.141588762239478	0.6255715659138876	1.0	1.0	2.0
76060000	0.8897571426023221	0.9982995159847134	1.0	1.0	2.0
76070000	0.35458766673265624	0.2728094773605244	1.0	1.0	2.0
76080000	2.738349932384836	0.5726041208805948	1.0	1.0	2.0
76090000	0.4763906945897699	0.33166881270801496	1.0	1.0	2.0
76100000	1.7152055644156987	0.4353506980677207	1.0	1.0	2.0
76110000	2.669469589456808	1.1296107411628618	1.0	1.0	2.0
76120000	1.5919010237047098	0.07928486516186302	1.0	1.0	2.0
76130000	0.13790609440498014	0.17844910622807736	1.0	1.0	2.0
76140000	0.8174694696233782	0.7295133924254852	1.0	1.0	2.0
76150000	0.22035116737071714	0.057827992970854565	1.0	1.0	2.0
76160000	1.0468540399708708	1.5428040673207417	1.0	1.0	2.0
76170000	3.834739727844782	1.8291681016501664	1.0	1.0	2.0
76180000	1.0033592540653702	1.5032827546736272	1.0	1.0	2.0
76190000	0.29795248756375753	0.005638935931747849	1.0	1.0	2.0
76200000	1.0894960780632814	0.23047981429781877	1.0	1.0	2.0
76210000	0.6571984344918704	0.18552610201398917	1.0	1.0	2.0
76220000	1.1340114043431493	1.859905403734435	1.0	1.0	2.0
76230000	0.21620560187721027	0.7622911759929326	1.0	1.0	2.0
76240000	1.8295036519420833	0.36983398450789545	1.0	1.0	2.0
76250000	1.4607245013364933	0.7994584185655251	1.0	1.0	2.0
76260000	0.9394400086021483	0.266765261518543	1.0	1.0	2.0
76270000	0.43236205746243633	0.6163476097865866	1.0	1.0	2.0
76280000	1.5011475562521344	0.1902473435591387	1.0	1.0	2.0
76290000	0.8525784390050085	0.5332447129917213	1.0	1.0	2.0
76300000	0.7692966147867158	0.021549653072886716	1.0	1.0	2.0
76310000	1.4416000766501929	0.6195629175973955	1.0	1.0	2.0
76320000	1.9552044034529503	0.396576271603126	1.0	1.0	2.0
76330000	0.24260969264542706	0.020411731975640165	1.0	1.0	2.0
76340000	0.4913562051050622	0.1792828414515494	1.0	1.0	2.0
76350000	1.0555765783207018	0.06283849996377502	1.0	1.0	2.0
76360000	1.8157399057246553	0.6623340414866762	1.0	1.0	2.0
76370000	2.6304269674497944	0.27933798946729993	1.0	1.0	2.0
76380000	0.7032504795588612	0.09972683340269473	1.0	1.0	2.0
76390000	0.8359092453739058	2.8719730593897905	1.0	1.0	2.0
76400000	1.9175216664657762	0.5799228567976916	1.0	1.0	2.0
76410000	1.4220342065342886	1.2241389410211843	1.0	1.0	2.0
76420000	2.7397401964235923	0.515060251473678	1.0	1.0	2.0
76430000	0.31544033876430316	0.059468004322453215	1.0	1.0	2.0
76440000	0.9374741098609543	0.9522972647882157	1.0	1.0	2.0
76450000	4.81811666303595	0.8279797537018124	1.0	1.0	2.0
76460000	0.37494882763505416	0.305697381070395	1.0	1.0	2.0
76470000	0.4016436088488716	0.5763017966721681	1.0	1.0	2.0
76480000	1.5760505079271148	0.8122210506231016	1.0	1.0	2.0
76490000	0.4783925775479811	0.6314217208991684	1.0	1.0	2.0
76500000	0.5298734675661673	0.5481921064300004	1.0	1.0	2.0
76510000	0.9394936204649013	0.3168209544613016	1.0	1.0	2.0
76520000	0.32555038612067494	0.6962701586059413	1.0	1.0	2.0
76530000	1.4487722606102993	0.9269099959335841	1.0	1.0	2.0
76540000	2.2829912769042915	0.0733709914256467	1.0	1.0	2.0
76550000	0.7020256562686203	0.4603889551015918	1.0	1.0	2.0
76560000	0.3943809334841921	1.0199046931974993	1.0	1.0	2.0
76570000	1.3926223769065313	0.9295043693023337	1.0	1.0	2.0
76580000	1.4044907496921912	0.8894368165234069	1.0	1.0	2.0
76590000	0.85756069744406	1.5157503764508387	1.0	1.0	2.0
76600000	0.7188170696246146	1.473494939283701	1.0	1.0	2.0
76610000	0.13794675286153465	0.5089752266130095	1.0	1.0	2.0
76620000	1.0050815150852155	0.9102756693456396	1.0	1.0	2.0
76630000	1.1540992051589154	1.0760326081837908	1.0	1.0	2.0
76640000	0.9871884762259613	0.44035055567241554	1.0	1.0	2.0
76650000	0.24518793551757342	0.3308623126540576	1.0	1.0	2.0
76660000	1.093175507497255	1.0635681225194642	1.0	1.0	2.0
76670000	1.3517910010780485	0.2996013033732388	1.0	1.0	2.0
76680000	1.0117037980053956	0.09292802153425246	1.0	1.0	2.0
76690000	1.5194853281539011	0.885833660342996	1.0	1.0	2.0
76700000	0.8287606329049045	0.3027521264233806	1.0	1.0	2.0
76710000	2.903571214262486	0.40541773650057333	1.0	1.0	2.0
76720000	1.1998766427400895	0.28160962809006623	1.0	1.0	2.0
76730000	3.73002503404688	0.6546903664950822	1.0	1.0	2.0
76740000	0.6906056424386292	0.7249694312967069	1.0	1.0	2.0
76750000	2.0556376260494735	0.13871547353032218	1.0	1.0	2.0
76760000	0.5007707705617924	1.098698623969719	1.0	1.0	2.0
76770000	3.9696496340612666	0.545042088380052	1.0	1.0	2.0
76780000	0.7964833517383676	0.5830156511794172	1.0	1.0	2.0
76790000	1.3401963205600902	0.10386666988658558	1.0	1.0	2.0
76800000	2.554818484318138	4.840264135554243	1.0	1.0	2.0
76810000	2.5734326473104936	0.01996246057078843	1.0	1.0	2.0
76820000	1.7385050334850334	0.5880858183405517	1.0	1.0	2.0
76830000	1.9469105535045583	1.6527318034901666	1.0	1.0	2.0
76840000	1.0246034035668494	0.18143451003461672	1.0	1.0	2.0
76850000	1.1880370491375316	0.163277332281013	1.0	1.0	2.0
76860000	1.7390451890575478	0.791766184917903	1.0	1.0	2.0
76870000	2.514467662423195	0.405364636790441	1.0	1.0	2.0
76880000	1.3377656883943845	0.6537860033221126	1.0	1.0	2.0
76890000	1.7627935587236092	2.4007407229868387	1.0	1.0	2.0
76900000	1.4032894830310678	0.8638620250157587	1.0	1.0	2.0
76910000	2.245347737879529	0.2838385528101097	1.0	1.0	2.0
76920000	0.7752768370835887	0.0668997021648918	1.0	1.0	2.0
76930000	2.196299956701068	0.08488360891322441	1.0	1.0	2.0
76940000	0.9206940246637064	0.2806132415086696	1.0	1.0	2.0
76950000	0.3215702107219818	0.3550599348593002	1.0	1.0	2.0
76960000	1.596187462566882	0.9192452634544696	1.0	1.0	2.0
76970000	2.391921560745077	0.9973530480631433	1.0	1.0	2.0
76980000	2.23142410906819	0.19140983784998747	1.0	1.0	2.0
76990000	2.3235865887716085	0.5862780637866275	1.0	1.0	2.0
77000000	0.17704437627762368	0.8034338928052847	1.0	1.0	2.0
77010000	2.8563137559997185	1.611034959555757	1.0	1.0	2.0
77020000	1.7178408017974467	0.2702607565118585	1.0	1.0	2.0
77030000	0.6946742927777689	0.1766837818789335	1.0	1.0	2.0
77040000	1.327682688527284	0.9807995540069733	1.0	1.0	2.0
77050000	1.5199422327844045	0.0964976449182758	1.0	1.0	2.0
77060000	0.05745863792965999	1.6280567933881547	0.0	1.0	1.0
77070000	2.527754999152605	0.6051082174746719	1.0	1.0	2.0
77080000	0.30745205096710926	0.1497225917186805	1.0	1.0	2.0
77090000	0.7305813216709903	0.26946609269385535	1.0	1.0	2.0
77100000	0.7342834487499313	0.5408816767978678	1.0	1.0	2.0
77110000	1.2119129830976456	1.12422113614079	1.0	1.0	2.0
77120000	0.41056815055900614	0.14680302713691432	1.0	1.0	2.0
77130000	1.1787543043446136	0.094175439796259	1.0	1.0	2.0
77140000	0.5342828272552995	0.3584561853335129	1.0	1.0	2.0
77150000	1.1847741759827126	0.33184150972350035	1.0	1.0	2.0
77160000	1.3972303679849472	0.9326529341344969	1.0	1.0	2.0
77170000	1.801326626976744	0.39594209451164436	1.0	1.0	2.0
77180000	0.30500447698208233	0.21335606587590572	1.0	1.0	2.0
77190000	0.7778602984170706	0.24297804438013848	1.0	1.0	2.0
77200000	2.647805809207087	0.04331978956306091	1.0	1.0	2.0
77210000	0.5247547690288669	0.15896099783889173	1.0	1.0	2.0
77220000	3.400357392980505	0.7858335606634587	1.0	1.0	2.0
77230000	1.3911879470860389	0.003591841466347588	1.0	1.0	2.0
77240000	2.6847970955062435	0.2376262989621602	1.0	1.0	2.0
77250000	2.985834685443662	1.3013734416598854	1.0	1.0	2.0
77260000	3.001100549359148	0.3655994129685264	1.0	1.0	2.0
77270000	0.051054306468931915	0.20353326559315044	1.0	1.0	2.0
77280000	2.4016683453509575	0.34083833875454506	1.0	1.0	2.0
77290000	0.0997987516577359	0.0022593326942465597	1.0	1.0	2.0
77300000	0.15659636083249484	0.05599651919775454	1.0	1.0	2.0
77310000	0.41790598628096587	0.18501681074849724	1.0	1.0	2.0
77320000	0.3651645594555117	0.04613034804066996	1.0	1.0	2.0
77330000	1.073716482610265	0.9985288945339764	1.0	1.0	2.0
77340000	3.744320607545827	1.787366455076899	1.0	1.0	2.0
77350000	1.5148016001300662	0.5305328850968726	1.0	1.0	2.0
77360000	0.8977717852986289	0.19188238392565155	1.0	1.0	2.0
77370000	3.4635609255465156	0.528079608496198	1.0	1.0	2.0
77380000	0.2217766106950959	0.043535113459062545	1.0	1.0	2.0
77390000	1.2770345435511994	1.3910324433449217	1.0	1.0	2.0
77400000	1.1221133320317838	0.04086348436988886	1.0	1.0	2.0
77410000	0.6820356464986183	0.20232953472539605	1.0	1.0	2.0
77420000	1.544919284964981	0.07617250625873404	1.0	1.0	2.0
77430000	3.1314880082071967	0.8792152492286911	1.0	1.0	2.0
77440000	1.016462235358958	2.5773258917189246	1.0	1.0	2.0
77450000	0.8394659169810204	0.8757681914100311	1.0	1.0	2.0
77460000	1.0711933290728364	0.2969182113814567	1.0	1.0	2.0
77470000	1.9620609763614032	0.8805083384789929	1.0	1.0	2.0
77480000	2.394480857308417	0.5291870907615744	1.0	1.0	2.0
77490000	0.26354461886914277	0.15389198214223743	1.0	1.0	2.0
77500000	0.08725981882009741	0.053578201130486836	1.0	1.0	2.0
77510000	2.079234546397074	0.010290582358983582	1.0	1.0	2.0
77520000	2.4042497146543425	2.1722259782740423	1.0	1.0	2.0
77530000	2.9939769810338284	0.3477554836505937	1.0	1.0	2.0
77540000	3.1621174757796786	0.4336294871197011	1.0	1.0	2.0
77550000	1.443503109103066	0.13665186874467178	1.0	1.0	2.0
77560000	0.24039576875163476	0.5349276386347873	1.0	1.0	2.0
77570000	0.769787768032107	0.3017274738224137	1.0	1.0	2.0
77580000	1.0428991570643855	0.6411950454734807	1.0	1.0	2.0
77590000	0.25250374339839715	0.15058680029210256	1.0	1.0	2.0
77600000	3.403719792553134	0.845196977278226	1.0	1.0	2.0
77610000	0.20936875020390164	0.0356089444071494	1.0	1.0	2.0
77620000	1.2076913130863252	0.16938055874474822	1.0	1.0	2.0
77630000	3.513591076087672	0.8544762689594234	1.0	1.0	2.0
77640000	0.7944759483760094	0.5490749827915762	1.0	1.0	2.0
77650000	1.4496660402281163	0.2219295377000745	1.0	1.0	2.0
77660000	2.2706579533714377	2.5432044444685324	1.0	1.0	2.0
77670000	0.8823742142517754	1.4479861655043709	1.0	1.0	2.0
77680000	3.8736005125101802	0.136010828156048	1.0	1.0	2.0
77690000	1.1256350369648944	1.354739107987084	1.0	1.0	2.0
77700000	1.0481422201244863	0.9862251381163031	1.0	1.0	2.0
77710000	3.0893836569676596	0.0037767514392336465	1.0	1.0	2.0
77720000	0.088420494688107	0.008043180863839445	1.0	1.0	2.0
77730000	2.24674679304476	0.43040034120073445	1.0	1.0	2.0
77740000	0.6476678271789004	0.5314950603607594	1.0	1.0	2.0
77750000	1.128809614996081	0.029750536509444654	1.0	1.0	2.0
77760000	3.0912363166832506	0.4066394181006227	1.0	1.0	2.0
77770000	4.068300998736409	0.5487372317708636	1.0	1.0	2.0
77780000	0.1883629628965849	0.4924881918001008	1.0	1.0	2.0
77790000	1.3527096871421054	0.26907766610050105	1.0	1.0	2.0
77800000	2.630089605500488	1.024155374917268	1.0	1.0	2.0
77810000	2.2578951643462117	0.552748934385298	1.0	1.0	2.0
77820000	1.0340562056629297	0.291288590681076	1.0	1.0	2.0
77830000	0.06828591357373916	0.20748817506536385	1.0	1.0	2.0
77840000	3.0019491209919944	0.06722854734215873	1.0	1.0	2.0
77850000	0.8140609069011833	1.5580243332677695	1.0	1.0	2.0
77860000	0.3825725928577424	0.8097214160608088	1.0	1.0	2.0
77870000	1.2098885120197036	0.0799276989168831	1.0	1.0	2.0
77880000	0.6362777114741274	0.39012182200817247	1.0	1.0	2.0
77890000	0.7108276302999308	0.42906289945458836	1.0	1.0	2.0
77900000	0.3791503579954281	1.0003319653811025	1.0	1.0	2.0
77910000	0.897788007786745	0.444324694853319	1.0	1.0	2.0
77920000	0.49303065944159424	0.0016528105308066337	1.0	1.0	2.0
77930000	1.474132386572383	0.3222572390274827	1.0	1.0	2.0
77940000	0.7408690790694452	0.0018047376734423163	1.0	1.0	2.0
77950000	0.6670362060830123	1.3243063574407523	1.0	1.0	2.0
77960000	4.529846835017697	2.0403329479501506	1.0	1.0	2.0
77970000	1.7045661343452336	1.5551831581715443	1.0	1.0	2.0
77980000	1.6281987443553891	0.2972579357553039	1.0	1.0	2.0
77990000	1.460194431379234	0.11050124375371102	1.0	1.0	2.0
78000000	2.08280241698319	4.931618827894396	1.0	1.0	2.0
78010000	0.8087401096297792	0.7520038333861636	1.0	1.0	2.0
78020000	1.7629592227719961	0.4335227967495369	1.0	1.0	2.0
78030000	0.046383451761090384	0.06567193844171204	1.0	1.0	2.0
78040000	0.634731562843947	0.003712875318741191	1.0	1.0	2.0
78050000	0.367687947654257	0.3490800435968641	1.0	1.0	2.0
78060000	0.45805776543977417	0.9307687757143428	1.0	1.0	2.0
78070000	3.7578619648545026	0.2862702063047812	1.0	1.0	2.0
78080000	0.3112565350020176	0.010562147306605318	1.0	1.0	2.0
78090000	0.5273595729020683	0.04727718703241057	1.0	1.0	2.0
78100000	2.9838515823035165	0.565595058392919	1.0	1.0	2.0
78110000	0.653917310791869	0.3304919409253418	1.0	1.0	2.0
78120000	0.5591139511523368	1.3589414017710835	1.0	1.0	2.0
78130000	0.20869433095419437	0.21599599042215115	1.0	1.0	2.0
78140000	1.814765953437376	0.5575314198277365	1.0	1.0	2.0
78150000	0.21391800846690442	0.26768263668076875	1.0	1.0	2.0
78160000	0.7228712822682349	0.5822089880443887	1.0	1.0	2.0
78170000	0.9112453753725231	0.013928224803667762	1.0	1.0	2.0
78180000	1.5552505856959329	0.20723716593438943	1.0	1.0	2.0
78190000	0.7156513397649611	0.095142463184003	1.0	1.0	2.0
78200000	0.4575201661463193	0.4688243567863915	1.0	1.0	2.0
78210000	1.3935744605003717	0.3908663042837344	1.0	1.0	2.0
78220000	2.015531426646029	0.4484625258508345	1.0	1.0	2.0
78230000	0.9245841419494765	0.9302398528187481	1.0	1.0	2.0
78240000	1.3381817829741816	0.49578283399065537	1.0	1.0	2.0
78250000	0.5758906261915107	0.49339359371591196	1.0	1.0	2.0
78260000	0.8025615210217103	2.0486047409337216	1.0	1.0	2.0
78270000	1.343109794059206	0.8908250648951919	1.0	1.0	2.0
78280000	2.5487781032091683	0.2370454505282438	1.0	1.0	2.0
78290000	0.6574589333041743	0.10373595632826109	1.0	1.0	2.0
78300000	0.33118870194707417	0.11627868225786826	1.0	1.0	2.0
78310000	0.9369401743714367	0.08422743906281611	1.0	1.0	2.0
78320000	5.435056278138679	0.06413832371546084	1.0	1.0	2.0
78330000	1.0545886446502717	0.7551073618207583	1.0	1.0	2.0
78340000	0.7786808657645018	0.3407189322306311	1.0	1.0	2.0
78350000	3.8161419035979103	0.20756609690947894	1.0	1.0	2.0
78360000	2.4964986584544624	0.9674077235163673	1.0	1.0	2.0
78370000	0.2882698129841137	0.05500240007671809	1.0	1.0	2.0
78380000	0.5652637699636167	0.034933466209729945	1.0	1.0	2.0
78390000	0.4532881585632673	0.2500501052095395	1.0	1.0	2.0
78400000	0.4392329542424261	1.5406387713661613	1.0	1.0	2.0
78410000	0.4182764028611107	0.023799154796552344	1.0	1.0	2.0
78420000	0.2351331075881008	0.20790372134882926	1.0	1.0	2.0
78430000	2.051561083370878	0.33342618920164396	1.0	1.0	2.0
78440000	0.23424333665283945	0.33172803796362316	1.0	1.0	2.0
78450000	1.339189526760489	0.4119596877633041	1.0	1.0	2.0
78460000	0.30282270702657227	0.08650231506255572	1.0	1.0	2.0
78470000	2.9431672746203885	0.10139961844054654	1.0	1.0	2.0
78480000	2.18027792903859	0.47761266911302414	1.0	1.0	2.0
78490000	2.3229185823118845	0.7800344881279823	1.0	1.0	2.0
78500000	1.0386317357833852	0.40438670985839886	1.0	1.0	2.0
78510000	1.5571900113369328	1.4506148504731828	1.0	1.0	2.0
78520000	1.4875325921096074	0.2996823501099634	1.0	1.0	2.0
78530000	2.42064298802375	0.06478531571007372	1.0	1.0	2.0
78540000	0.14775517547162118	0.09319161119579093	1.0	1.0	2.0
78550000	0.36752622318742356	0.22260422624122467	1.0	1.0	2.0
78560000	1.8870997328683576	1.085697471210755	1.0	1.0	2.0
78570000	1.0333136475956883	1.2869323379748463	1.0	1.0	2.0
78580000	0.17837357515426938	0.026685903918131963	1.0	1.0	2.0
78590000	0.3784303706898373	1.610468492559589	1.0	1.0	2.0
78600000	0.6565019819400354	0.5053356797669283	1.0	1.0	2.0
78610000	0.6437125693186702	0.5098058657481052	1.0	1.0	2.0
78620000	2.98151064172906	1.0159903490171216	1.0	1.0	2.0
78630000	1.0476407832195462	1.2890223055704664	1.0	1.0	2.0
78640000	5.350439009733703	1.3615240853073547	1.0	1.0	2.0
78650000	0.3047378595217864	0.674661732559699	1.0	1.0	2.0
78660000	0.3044471022893454	0.7886196921385572	1.0	1.0	2.0
78670000	1.5477623533928504	0.128451660013302	1.0	1.0	2.0
78680000	0.48665130283665503	0.15353203166401375	1.0	1.0	2.0
78690000	1.517909717127525	0.9140475156799608	1.0	1.0	2.0
78700000	1.0784875561453928	0.671492887980175	1.0	1.0	2.0
78710000	0.6923144083111726	0.45194717359311315	1.0	1.0	2.0
78720000	2.9547517640996084	0.480676685821636	1.0	1.0	2.0
78730000	0.9302292083024875	0.11068642598365837	1.0	1.0	2.0
78740000	1.5235006875778088	2.77075872073208	1.0	1.0	2.0
78750000	1.675258942185181	2.954860024830101	1.0	1.0	2.0
78760000	2.3712605574826506	4.532777103994658	1.0	1.0	2.0
78770000	0.6470249532019242	0.31812641863685914	1.0	1.0	2.0
78780000	1.3146430208210245	0.7633560243213215	1.0	1.0	2.0
78790000	1.063481967309254	0.31753220049760555	1.0	1.0	2.0
78800000	1.0008652705663819	0.14914557900127076	1.0	1.0	2.0
78810000	0.24322867475662951	0.038746217527159545	1.0	1.0	2.0
78820000	0.7129722281825888	0.1406921165425105	1.0	1.0	2.0
78830000	0.8253075025701282	0.26292345343589746	1.0	1.0	2.0
78840000	3.3892754415178907	0.4767078873386079	1.0	1.0	2.0
78850000	1.200750588140294	0.13415671467627518	1.0	1.0	2.0
78860000	3.8409209993008333	0.8754661837523726	1.0	1.0	2.0
78870000	0.3746392975235474	0.14437529688197173	1.0	1.0	2.0
78880000	0.7136978696209705	0.9015727764494756	1.0	1.0	2.0
78890000	1.4613016579334726	0.40042024711643165	1.0	1.0	2.0
78900000	1.227899337367651	0.6233658002862722	1.0	1.0	2.0
78910000	1.1909810791666475	0.16305601187768332	1.0	1.0	2.0
78920000	0.2019772865889639	0.023344037247437464	1.0	1.0	2.0
78930000	0.9573360598531375	0.2380141067340348	1.0	1.0	2.0
78940000	0.8673162397769745	0.14480211346810443	1.0	1.0	2.0
78950000	0.3041571862481065	0.30593240813792255	1.0	1.0	2.0
78960000	2.165285281237222	1.4941598724557137	1.0	1.0	2.0
78970000	0.7162298729479792	1.2167583348347488	0.0	1.0	1.0
78980000	1.5083841629853418	0.05327354529342553	1.0	1.0	2.0
78990000	0.268920064034736	0.13577195177159715	1.0	1.0	2.0
79000000	0.39214984922071133	0.6524788499074055	1.0	1.0	2.0
79010000	1.6600558363513211	0.29434118928489095	1.0	1.0	2.0
79020000	0.4703109194717105	0.16304021858664614	1.0	1.0	2.0
79030000	2.299919740718142	0.24242322633627547	1.0	1.0	2.0
79040000	4.609225193820618	3.1560880545331114	1.0	1.0	2.0
79050000	0.6422166389699814	0.12910246669147102	1.0	1.0	2.0
79060000	0.7586388696382153	0.04699924695021574	1.0	1.0	2.0
79070000	0.4144634315098162	0.09998092962771067	1.0	1.0	2.0
79080000	0.4972162218339499	0.5504721876659829	1.0	1.0	2.0
79090000	0.8185304349333834	0.17620588053266376	1.0	1.0	2.0
79100000	1.0816620953722287	0.03924111844145077	1.0	1.0	2.0
79110000	2.082232803416934	0.009892579289977148	1.0	1.0	2.0
79120000	0.5887112897751192	0.8901717958657901	1.0	1.0	2.0
79130000	0.479002644592458	1.3401599672791578	1.0	1.0	2.0
79140000	0.17859345013461786	0.05622388336457356	1.0	1.0	2.0
79150000	3.256051463900424	0.3274382785011892	1.0	1.0	2.0
79160000	1.0641514893296027	0.3961974524780693	1.0	1.0	2.0
79170000	0.49743162545302033	0.6923154867658321	1.0	1.0	2.0
79180000	1.2031264442968201	0.3661928884866621	1.0	1.0	2.0
79190000	0.9182456672807366	0.5961922858838536	1.0	1.0	2.0
79200000	1.2074017643623627	1.1425836768382327	1.0	1.0	2.0
79210000	0.46284373064125384	0.6885473894977304	1.0	1.0	2.0
79220000	1.655189221491464	0.1360274650101814	1.0	1.0	2.0
79230000	0.29098636320954635	0.05757231829844358	1.0	1.0	2.0
79240000	1.1294555621650428	1.3575770545522503	1.0	1.0	2.0
79250000	0.8450289488936245	0.4374836678605761	1.0	1.0	2.0
79260000	0.7230235944158075	1.6311629273199848	1.0	1.0	2.0
79270000	0.35234612683520916	0.521053412004377	1.0	1.0	2.0
79280000	1.644177162294478	0.588223804372788	1.0	1.0	2.0
79290000	0.4628394245020736	0.5073550647446922	1.0	1.0	2.0
79300000	0.13691995936517506	0.14927571481499602	1.0	1.0	2.0
79310000	2.477312923279541	1.9924453717466544	1.0	1.0	2.0
79320000	0.9982274467701664	0.36147030879559305	1.0	1.0	2.0
79330000	1.7609475194333262	1.1685560471338405	1.0	1.0	2.0
79340000	0.1007773828634851	0.06045304963650122	1.0	1.0	2.0
79350000	1.0654096772792714	0.1824323503119607	1.0	1.0	2.0
79360000	0.5995428344570772	0.2592440287000143	1.0	1.0	2.0
79370000	2.843538155950636	0.13465704875743117	1.0	1.0	2.0
79380000	0.9702433495232605	0.8283720378655776	1.0	1.0	2.0
79390000	1.5499736727225084	1.8725221338913278	1.0	1.0	2.0
79400000	1.5966852774508657	0.8283857013934829	1.0	1.0	2.0
79410000	1.6554063768997256	0.6472690139368461	1.0	1.0	2.0
79420000	1.3893590787911103	0.041326469648368364	1.0	1.0	2.0
79430000	4.007742049086514	2.3735636484535263	1.0	1.0	2.0
79440000	0.7789659626151604	0.2393928188198793	1.0	1.0	2.0
79450000	0.8141479110751401	0.37575132461348426	1.0	1.0	2.0
79460000	1.6788686942513424	0.6419212796974196	1.0	1.0	2.0
79470000	2.65312934896414	1.998324266505849	1.0	1.0	2.0
79480000	2.0310902990041844	1.8955710352179176	1.0	1.0	2.0
79490000	0.3675784307045732	1.7299376147126797	1.0	1.0	2.0
79500000	1.00133737273075	0.11673550941068774	1.0	1.0	2.0
79510000	0.11445158955082813	0.2905534070835829	1.0	1.0	2.0
79520000	1.1107969056450482	0.0828016319300576	1.0	1.0	2.0
79530000	3.1790411229277438	0.6620808531242631	1.0	1.0	2.0
79540000	2.822694251055277	1.7841031362215134	1.0	1.0	2.0
79550000	2.5022298402544116	1.0781647833504178	1.0	1.0	2.0
79560000	0.4910578064692145	1.45415984410796	1.0	1.0	2.0
79570000	1.0408420030396945	0.3075730023025261	1.0	1.0	2.0
79580000	1.3258979911160176	0.04431496251413542	1.0	1.0	2.0
79590000	1.5539979179012386	0.4251967569511616	1.0	1.0	2.0
79600000	1.7475373324668708	0.6671799548897259	1.0	1.0	2.0
79610000	0.8535989673567901	0.6331151063628687	1.0	1.0	2.0
79620000	1.0902458556319976	0.3240712749900899	1.0	1.0	2.0
79630000	0.607862426848523	0.3543948582496223	1.0	1.0	2.0
79640000	0.9836508051194385	0.1883922122504187	1.0	1.0	2.0
79650000	0.5513494618394155	0.5962257001544916	1.0	1.0	2.0
79660000	0.5614945195774823	0.23483027451125316	1.0	1.0	2.0
79670000	2.418760766143522	0.29557687387073917	1.0	1.0	2.0
79680000	0.49073644488606544	0.5749165466452825	1.0	1.0	2.0
79690000	0.9502214298506427	0.3764787053245944	1.0	1.0	2.0
79700000	1.7754571221792994	0.12547987373086622	1.0	1.0	2.0
79710000	2.092602324113944	0.835091646579234	1.0	1.0	2.0
79720000	1.2715346134790861	1.6003244382095223	1.0	1.0	2.0
79730000	1.6754077735413377	0.4717782778070046	1.0	1.0	2.0
79740000	4.604783036365258	1.5623016452094665	1.0	1.0	2.0
79750000	1.2617369460196033	0.11017472680584244	1.0	1.0	2.0
79760000	1.2176663538886912	0.46859926208289626	1.0	1.0	2.0
79770000	0.7352177855291906	0.8657739720693752	1.0	1.0	2.0
79780000	1.936792737727441	1.0119603005152735	1.0	1.0	2.0
79790000	0.5067137237578819	1.4441267919907022	1.0	1.0	2.0
79800000	1.6448599022297914	0.3630902369979196	1.0	1.0	2.0
79810000	1.3506868682126794	0.3533194339364936	1.0	1.0	2.0
79820000	5.011687429613871	0.10730583691424245	1.0	1.0	2.0
79830000	3.323354400298771	0.8635730390505355	1.0	1.0	2.0
79840000	4.018453233768117	0.09939070222137793	1.0	1.0	2.0
79850000	0.7001280360792765	0.3287958645381203	1.0	1.0	2.0
79860000	2.173984452270591	1.0999520853870972	1.0	1.0	2.0
79870000	2.2140318801823673	0.047175514124749414	1.0	1.0	2.0
79880000	1.0379362577918736	0.5891412420546608	1.0	1.0	2.0
79890000	0.7277535241285942	0.3339961921674923	1.0	1.0	2.0
79900000	0.291662739535666	0.15772271488789744	1.0	1.0	2.0
79910000	2.0434814714485126	0.9524435014652635	1.0	1.0	2.0
79920000	0.5977843042073584	0.5380865291187076	1.0	1.0	2.0
79930000	0.5514057709427883	0.06612351597532784	1.0	1.0	2.0
79940000	1.183876438253684	0.4906025288087696	1.0	1.0	2.0
79950000	0.11081758124788658	0.01881123979527709	1.0	1.0	2.0
79960000	2.0257413663444432	0.3146087942569286	1.0	1.0	2.0
79970000	2.938771591293251	0.46704259107548385	1.0	1.0	2.0
79980000	1.2003670291223307	0.6036050292269077	1.0	1.0	2.0
79990000	3.475016604311246	0.6132381364560284	1.0	1.0	2.0
80000000	1.4279624391094712	1.2900210528271185	1.0	1.0	2.0
80010000	0.210393460955399	0.048158240438090985	1.0	1.0	2.0
80020000	0.7253625936880612	0.9360647015391811	1.0	1.0	2.0
80030000	1.9354554068906042	0.669397513165345	1.0	1.0	2.0
80040000	3.6178000268752664	0.12385756672609581	1.0	1.0	2.0
80050000	0.7165286747058963	0.15797997974360692	1.0	1.0	2.0
80060000	0.19692267848580164	0.2798451289917853	1.0	1.0	2.0
80070000	1.527194095976908	0.6360919038911514	1.0	1.0	2.0
80080000	1.2130583538432014	0.9731161759985358	1.0	1.0	2.0
80090000	1.6053769772286992	0.8062539759749779	1.0	1.0	2.0
80100000	2.0059140483701405	0.02907238909640433	1.0	1.0	2.0
80110000	0.829928637809925	0.5152809273780836	1.0	1.0	2.0
80120000	0.9515844704796936	0.27035545947754674	1.0	1.0	2.0
80130000	1.015984820582579	0.32509506659363996	1.0	1.0	2.0
80140000	1.579954676087392	0.19378130831880672	1.0	1.0	2.0
80150000	4.141631493955611	0.5880978773307245	1.0	1.0	2.0
80160000	0.12534446631456775	0.302479193548523	1.0	1.0	2.0
80170000	1.5142847431801927	1.628229977088024	1.0	1.0	2.0
80180000	1.4293164982904865	0.12398251078210452	1.0	1.0	2.0
80190000	2.403609535607163	0.13244389310387383	1.0	1.0	2.0
80200000	3.973027219206616	0.9738606227239645	1.0	1.0	2.0
80210000	0.7307936352312067	0.06714156928365574	1.0	1.0	2.0
80220000	0.9961701269392836	2.387630086702508	1.0	1.0	2.0
80230000	1.1138817593628065	0.7017495777696725	1.0	1.0	2.0
80240000	2.6364845446193605	0.8176948391138136	1.0	1.0	2.0
80250000	0.8247996418959143	0.336019477790869	1.0	1.0	2.0
80260000	0.39937025266840803	0.2581628533498362	1.0	1.0	2.0
80270000	0.6076393656515083	0.5319405493692013	1.0	1.0	2.0
80280000	1.1443188924578473	0.7275283408571022	1.0	1.0	2.0
80290000	2.74209051408428	0.34415450443921464	1.0	1.0	2.0
80300000	1.0922930719596653	0.512830340100123	1.0	1.0	2.0
80310000	0.401655114770774	0.36358796831463513	1.0	1.0	2.0
80320000	2.3730300268708784	0.46762472743504396	1.0	1.0	2.0
80330000	0.26776895206009255	0.24620858463460754	1.0	1.0	2.0
80340000	0.27179960025759825	0.4155011998101928	1.0	1.0	2.0
80350000	0.684645403996257	0.5193803203709065	1.0	1.0	2.0
80360000	2.2011472729689485	1.2940656013918561	1.0	1.0	2.0
80370000	0.7209910804739122	0.8460669808405132	1.0	1.0	2.0
80380000	0.9179483826989492	0.08416645684784475	1.0	1.0	2.0
80390000	0.8496796917721073	0.056003348052095864	1.0	1.0	2.0
80400000	0.33966879720624643	0.11364702301912154	1.0	1.0	2.0
80410000	2.2459228454738835	1.0588992935979304	1.0	1.0	2.0
80420000	1.4648411530602765	0.5487435665318964	1.0	1.0	2.0
80430000	0.48457186083589504	0.10680660846674865	1.0	1.0	2.0
80440000	0.7681652232483754	0.10598346023181528	1.0	1.0	2.0
80450000	0.6169229113064799	0.32263756119918496	1.0	1.0	2.0
80460000	0.34360037621377165	0.574697569080524	1.0	1.0	2.0
80470000	0.16767018340637516	0.1160163307045639	1.0	1.0	2.0
80480000	3.5377572096907386	0.3095663032014469	1.0	1.0	2.0
80490000	4.528061253296648	0.20854524476400285	1.0	1.0	2.0
80500000	1.7182540648773974	0.9776244464962236	1.0	1.0	2.0
80510000	4.804959736869859	0.11891627976730546	1.0	1.0	2.0
80520000	0.735672132148261	0.2008829079079105	1.0	1.0	2.0
80530000	1.175715737935485	0.045314571120316297	1.0	1.0	2.0
80540000	0.9443241128056632	0.6053830113172978	1.0	1.0	2.0
80550000	1.5779532395639344	0.5682090269659901	1.0	1.0	2.0
80560000	0.6100419273607097	0.2390080916556594	1.0	1.0	2.0
80570000	0.13139839638590728	0.14275918026909815	1.0	1.0	2.0
80580000	0.2118686763631402	0.7578598008682506	1.0	1.0	2.0
80590000	2.27856033346614	0.08310232212401066	1.0	1.0	2.0
80600000	1.762983083717294	1.5268251287704468	1.0	1.0	2.0
80610000	0.7775146299475888	0.3393663904536343	1.0	1.0	2.0
80620000	0.9758200328316305	0.0758391237003425	1.0	1.0	2.0
80630000	2.518350190506296	0.5683752789013823	1.0	1.0	2.0
80640000	0.505388075862775	1.0402236144312373	1.0	1.0	2.0
80650000	2.186829837197241	0.1629188866909096	1.0	1.0	2.0
80660000	0.6664667645068	1.3019748675099698	1.0	1.0	2.0
80670000	0.622618307940217	1.5847613515870018	1.0	1.0	2.0
80680000	1.0588611711473965	0.08741701118313869	1.0	1.0	2.0
80690000	1.826876634945889	0.30689735527760786	1.0	1.0	2.0
80700000	1.7477750343712317	0.14132564878728193	1.0	1.0	2.0
80710000	0.28857805634282985	1.1794908239196937	1.0	1.0	2.0
80720000	1.629436083647659	1.5905148573526797	1.0	1.0	2.0
80730000	0.6276922959509907	0.29094485290328576	1.0	1.0	2.0
80740000	1.924272720863836	0.5936024991002353	1.0	1.0	2.0
80750000	0.5040894691272299	0.5817008916692927	1.0	1.0	2.0
80760000	1.9148803105207142	2.46215710349446	1.0	1.0	2.0
80770000	2.544024255838461	0.7163114283647918	1.0	1.0	2.0
80780000	1.8456010000396876	0.04061200231465741	1.0	1.0	2.0
80790000	2.6115578331301723	1.3754681355452227	1.0	1.0	2.0
80800000	3.663770501637128	0.026837555145954813	1.0	1.0	2.0
80810000	1.9365943000657417	0.5434980944441357	1.0	1.0	2.0
80820000	3.2879767300038925	0.039179502285593484	1.0	1.0	2.0
80830000	0.3488574480777772	0.09687720243161863	1.0	1.0	2.0
80840000	2.562003107505034	0.05888920930416875	1.0	1.0	2.0
80850000	2.87215106628562	0.017032289580341097	1.0	1.0	2.0
80860000	0.8838250156591962	0.26579933699641417	1.0	1.0	2.0
80870000	0.38426653916154485	0.6923390296450259	1.0	1.0	2.0
80880000	2.6853852659781006	2.034100938297846	1.0	1.0	2.0
80890000	1.3381197322156027	0.14141542641357185	1.0	1.0	2.0
80900000	0.272164037425895	0.08246877701708148	1.0	1.0	2.0
80910000	1.9042143180773763	0.3319060655075955	1.0	1.0	2.0
80920000	1.6643343737304537	0.0711983919558191	1.0	1.0	2.0
80930000	0.5286888913494704	0.7438659772458679	1.0	1.0	2.0
80940000	0.8152886352050968	1.001573071009681	1.0	1.0	2.0
80950000	0.3237923773997862	0.03582122823986624	1.0	1.0	2.0
80960000	0.843761639212867	0.027913702201472837	1.0	1.0	2.0
80970000	0.22858494826210968	0.15728227275393503	1.0	1.0	2.0
80980000	0.13968721714591203	0.03519033561058547	1.0	1.0	2.0
80990000	0.9922580811355451	1.5830574284860452	1.0	1.0	2.0
81000000	1.9023291876449924	0.0207209996615687	1.0	1.0	2.0
81010000	1.1556939602230918	0.15098827183944089	1.0	1.0	2.0
81020000	1.4929221600559803	0.3108924060036607	1.0	1.0	2.0
81030000	1.9860687246567035	2.263317268948442	1.0	1.0	2.0
81040000	0.9038441126812831	1.1093391012610816	1.0	1.0	2.0
81050000	1.1853053417561952	0.24904437545211028	1.0	1.0	2.0
81060000	0.7352747020450111	0.3873726121685957	1.0	1.0	2.0
81070000	0.908097214921954	1.7727932334182275	1.0	1.0	2.0
81080000	0.8489271703896212	0.38849963662935255	1.0	1.0	2.0
81090000	1.2678440490941072	1.9043008041029377	1.0	1.0	2.0
81100000	1.7947172594037957	0.363666219538135	1.0	1.0	2.0
81110000	0.5690287801748191	0.15073987277120485	1.0	1.0	2.0
81120000	0.04823588497215066	0.33453609928535516	1.0	1.0	2.0
81130000	0.3562339293971038	0.25744584338156185	1.0	1.0	2.0
81140000	0.3729337576411066	0.5587476925653123	1.0	1.0	2.0
81150000	1.5600972625816878	1.3187052546082751	1.0	1.0	2.0
81160000	0.36798808348720186	0.24723969897575396	1.0	1.0	2.0
81170000	1.5539809668622464	1.4571590684323523	1.0	1.0	2.0
81180000	1.438931479389781	0.617858782921999	1.0	1.0	2.0
81190000	1.60812158627622	1.457987104831606	1.0	1.0	2.0
81200000	1.3774379079669872	0.0015533466907787549	1.0	1.0	2.0
81210000	1.541867559211396	0.09800342943376218	1.0	1.0	2.0
81220000	4.616855855195061	0.33155256706132136	1.0	1.0	2.0
81230000	3.8062543209372075	0.13051166501524447	1.0	1.0	2.0
81240000	0.2579419245158325	0.037539849123334565	1.0	1.0	2.0
81250000	0.35344226982851173	1.433715907086262	1.0	1.0	2.0
81260000	1.22043497311357	0.032582164931114765	1.0	1.0	2.0
81270000	1.4005050050398131	0.4086087322947998	1.0	1.0	2.0
81280000	3.9052277963966344	0.9201296794011217	1.0	1.0	2.0
81290000	1.2723023531601705	0.9686367716246655	1.0	1.0	2.0
81300000	1.7036120607232879	0.8269659134370191	1.0	1.0	2.0
81310000	0.2717891329387318	1.21353562272583	1.0	1.0	2.0
81320000	2.480708431117684	1.0257252903076826	1.0	1.0	2.0
81330000	0.6776430647810683	0.27193601856980953	1.0	1.0	2.0
81340000	3.267378968413364	1.6460018456547032	1.0	1.0	2.0
81350000	0.2380136542285881	0.04815401769194558	1.0	1.0	2.0
81360000	1.074460013275503	0.20267700999736382	1.0	1.0	2.0
81370000	0.4903870621390439	0.08687901973709004	1.0	1.0	2.0
81380000	2.401549916808246	1.9341683018176823	1.0	1.0	2.0
81390000	3.191845610377944	0.05123379889235904	1.0	1.0	2.0
81400000	0.602288108136657	0.6115898942623853	1.0	1.0	2.0
81410000	1.1655651598276624	0.8118507928118955	1.0	1.0	2.0
81420000	1.5076060140911476	1.0766797943611721	1.0	1.0	2.0
81430000	0.8645596769527493	2.165553548982551	1.0	1.0	2.0
81440000	0.11841931345661985	0.42703276365273213	1.0	1.0	2.0
81450000	1.0582294619714512	3.0852837342889954	1.0	1.0	2.0
81460000	2.308756142213276	0.4234052080417579	1.0	1.0	2.0
81470000	0.2907553432171683	1.2618631145732684	1.0	1.0	2.0
81480000	0.22607980412640882	0.11380058452698678	1.0	1.0	2.0
81490000	0.8559484064377373	0.7993975855305872	1.0	1.0	2.0
81500000	0.5190459101211858	1.6396975293251006	1.0	1.0	2.0
81510000	1.6754482012972471	0.7253412973434008	1.0	1.0	2.0
81520000	0.6721585104042276	0.4344931971100835	1.0	1.0	2.0
81530000	3.6770730914217675	0.8336808306612218	1.0	1.0	2.0
81540000	0.3771592628169965	0.22901338980141758	1.0	1.0	2.0
81550000	3.67729751368464	0.2875004497357336	1.0	1.0	2.0
81560000	2.790223397603367	0.3393692247055788	1.0	1.0	2.0
81570000	3.1516253653294393	0.609395750164121	1.0	1.0	2.0
81580000	0.544893289922641	1.1070970033658272	1.0	1.0	2.0
81590000	2.031883775363318	0.5893261387763293	1.0	1.0	2.0
81600000	0.5336443531623224	0.0019281578000122982	1.0	1.0	2.0
81610000	0.8291574651599324	0.4988705443783309	1.0	1.0	2.0
81620000	6.0251467702055335	1.2453161277430074	1.0	1.0	2.0
81630000	1.7688177861269336	0.5898654865056258	1.0	1.0	2.0
81640000	0.7244649872177541	0.4070970308773599	1.0	1.0	2.0
81650000	0.8151753672380331	0.21983325737335982	1.0	1.0	2.0
81660000	0.2745334579781412	0.5873841277328665	1.0	1.0	2.0
81670000	0.6269050820269142	0.2739625811480197	1.0	1.0	2.0
81680000	1.0004573414222149	0.5969980258091226	1.0	1.0	2.0
81690000	2.5567963275568877	0.7157937344171177	1.0	1.0	2.0
81700000	0.7216994929871379	0.10663118383945538	1.0	1.0	2.0
81710000	0.8703409091829444	0.4052612870200827	1.0	1.0	2.0
81720000	0.5172679610673543	0.00952800524056176	1.0	1.0	2.0
81730000	2.7854706488304117	0.6060371053420124	1.0	1.0	2.0
81740000	0.592175372962204	0.12566159163434246	1.0	1.0	2.0
81750000	4.75180719795782	5.020537012686262	1.0	1.0	2.0
81760000	1.5385166537875485	0.3626207418105765	1.0	1.0	2.0
81770000	1.1420598226645842	0.418910835084265	1.0	1.0	2.0
81780000	0.9173722539534506	0.19956464383788705	1.0	1.0	2.0
81790000	0.30886423836250576	0.09765504913259931	1.0	1.0	2.0
81800000	0.2751728497763837	0.1909919966173227	1.0	1.0	2.0
81810000	0.07787177863340926	0.16582119984187593	1.0	1.0	2.0
81820000	2.662270576264752	1.0811299282695495	1.0	1.0	2.0
81830000	1.2866365656878926	0.8524503471649106	1.0	1.0	2.0
81840000	0.11153289884175036	0.04730107764330594	1.0	1.0	2.0
81850000	0.750270962812295	1.3263666428645644	1.0	1.0	2.0
81860000	0.7927234303655877	0.012417934943135424	1.0	1.0	2.0
81870000	0.5666140264906394	0.19362455894884698	1.0	1.0	2.0
81880000	0.8252649298936446	1.2261530127501354	1.0	1.0	2.0
81890000	0.42581887930184215	0.2415413317384596	1.0	1.0	2.0
81900000	1.8546090004158422	0.4478430330807099	1.0	1.0	2.0
81910000	0.19227767906293772	0.14234771639732702	1.0	1.0	2.0
81920000	0.4848380938664975	0.3583638973104978	1.0	1.0	2.0
81930000	3.314748812127919	0.048418480812589156	1.0	1.0	2.0
81940000	0.8067393556399679	0.2931664016595457	1.0	1.0	2.0
81950000	0.23766736666713598	0.8004984286651123	1.0	1.0	2.0
81960000	0.49379141256113224	1.4425321040980044	1.0	1.0	2.0
81970000	2.960182196877234	0.8451854331032707	1.0	1.0	2.0
81980000	2.67923991087445	0.4324991558284288	1.0	1.0	2.0
81990000	2.1828170841244976	1.2823296600278467	1.0	1.0	2.0
82000000	0.7185922256009644	0.6781635732976521	1.0	1.0	2.0
82010000	2.3272379791738524	0.2150085817586592	1.0	1.0	2.0
82020000	1.0749128671836345	0.1598879548629965	1.0	1.0	2.0
82030000	1.639620585898271	1.8961580796693789	1.0	1.0	2.0
82040000	0.036344216700522854	0.010128485148067252	1.0	1.0	2.0
82050000	0.4353185646558587	0.7738234856572376	1.0	1.0	2.0
82060000	2.733575124425776	1.8544330829691908	1.0	1.0	2.0
82070000	4.507592520307684	0.19681885151511322	1.0	1.0	2.0
82080000	0.9624493157429453	0.31620682163783087	1.0	1.0	2.0
82090000	1.5125280704939263	1.5057869579937817	1.0	1.0	2.0
82100000	1.4940929122581041	0.16424826974403747	1.0	1.0	2.0
82110000	0.970981666727776	0.30654779087867684	1.0	1.0	2.0
82120000	2.7254008673864645	0.10126449738127898	1.0	1.0	2.0
82130000	1.0929379823572622	0.13856207332371676	1.0	1.0	2.0
82140000	0.38292236049711775	0.17347209392190752	1.0	1.0	2.0
82150000	0.5555803960004744	0.05516865236265605	1.0	1.0	2.0
82160000	1.3346041500673207	1.1579727935487085	1.0	1.0	2.0
82170000	3.4173493835555653	1.6383324476272643	1.0	1.0	2.0
82180000	1.9934221737563738	0.09412935673895906	1.0	1.0	2.0
82190000	0.2850569074476009	0.4236141398493961	1.0	1.0	2.0
82200000	0.6061760033679887	0.20945642327044792	1.0	1.0	2.0
82210000	1.1818232632806733	0.9470757036723292	1.0	1.0	2.0
82220000	1.5678357212895815	2.3904266507759564	1.0	1.0	2.0
82230000	0.39027221849760774	0.18979230219472004	1.0	1.0	2.0
82240000	1.3182934511552404	0.45650046411703255	1.0	1.0	2.0
82250000	3.9961549492359842	3.629564148468171	1.0	1.0	2.0
82260000	0.28101731206829084	0.3283127568579615	1.0	1.0	2.0
82270000	1.8179576697888185	0.2533829993824062	1.0	1.0	2.0
82280000	2.782566723424484	2.6403613265905714	1.0	1.0	2.0
82290000	1.8231099909092354	0.3332443428369667	1.0	1.0	2.0
82300000	0.9301177823476944	0.008613423482616664	1.0	1.0	2.0
82310000	1.6938470408923871	0.615857169400429	1.0	1.0	2.0
82320000	0.7528391303554663	0.08889555985323573	1.0	1.0	2.0
82330000	0.520082187257525	0.23925110861940926	1.0	1.0	2.0
82340000	4.38775318461639	0.19204757167941722	1.0	1.0	2.0
82350000	0.2350173486762259	0.10167903595713315	1.0	1.0	2.0
82360000	2.0056211398565567	0.2223881728566362	1.0	1.0	2.0
82370000	0.5609218068432865	0.006332366084439861	1.0	1.0	2.0
82380000	0.23489804522369953	0.10254889924566044	1.0	1.0	2.0
82390000	0.9498843624226176	1.3062959590964178	1.0	1.0	2.0
82400000	6.731447221065528	0.07274869391879596	1.0	1.0	2.0
82410000	3.6473080148683383	1.1659115077675413	1.0	1.0	2.0
82420000	4.45358120229317	0.19157127756483086	1.0	1.0	2.0
82430000	2.300289778386283	1.4473412105676589	1.0	1.0	2.0
82440000	0.6688118018351262	1.177006525068489	1.0	1.0	2.0
82450000	2.9254868448269096	0.7116286800680521	0.0	1.0	1.0
82460000	2.6610089818558067	2.3066074457142207	1.0	1.0	2.0
82470000	0.7460806150225837	0.43568986411679117	1.0	1.0	2.0
82480000	0.9178563145798389	0.5901748150973325	1.0	1.0	2.0
82490000	2.3361895877583496	1.0768619570789788	1.0	1.0	2.0
82500000	1.0439040101103911	0.8508671964490774	1.0	1.0	2.0
82510000	0.6131546943127927	0.9826698961836651	1.0	1.0	2.0
82520000	1.2805330507381225	0.6043095784829275	1.0	1.0	2.0
82530000	0.5456526985425411	0.13051270637380788	1.0	1.0	2.0
82540000	0.40925070598132735	0.8502419419517245	1.0	1.0	2.0
82550000	3.612724408559462	1.0869554522814533	1.0	1.0	2.0
82560000	0.9504896814983421	0.20101174081421563	1.0	1.0	2.0
82570000	0.2867985543602013	1.296185261617218	1.0	1.0	2.0
82580000	0.11653246863247695	0.08160599587877561	1.0	1.0	2.0
82590000	2.076562407115203	0.0070523116565546495	1.0	1.0	2.0
82600000	0.17348056456147878	0.14436514548168627	1.0	1.0	2.0
82610000	0.6949501157571311	0.25545740893737534	1.0	1.0	2.0
82620000	1.7222792104362814	0.27603830738043583	1.0	1.0	2.0
82630000	2.744650372128765	1.1122266616484502	1.0	1.0	2.0
82640000	0.4645652163825694	0.08220471084262167	1.0	1.0	2.0
82650000	0.475352750163388	2.6372473369502956	1.0	1.0	2.0
82660000	2.0154343312548426	1.3331395265095787	1.0	1.0	2.0
82670000	4.7412153503134435	0.07574589597899928	1.0	1.0	2.0
82680000	1.473132574342859	1.0244066416771365	1.0	1.0	2.0
82690000	6.859739916562622	0.6856442509196577	1.0	1.0	2.0
82700000	0.16171338198516969	1.1738762665314426	1.0	1.0	2.0
82710000	0.40595215753895386	0.33799654421228176	1.0	1.0	2.0
82720000	0.42427394882223624	1.517321655809408	1.0	1.0	2.0
82730000	0.4439049940500584	1.17139310943464	1.0	1.0	2.0
82740000	0.16773997707885746	0.1115957148975199	1.0	1.0	2.0
82750000	0.026344961168003993	0.006908413732395627	1.0	1.0	2.0
82760000	0.5979002962951095	0.059230175673239856	1.0	1.0	2.0
82770000	1.030137891002561	0.2105332407156271	1.0	1.0	2.0
82780000	0.2725648553909167	0.21004692685493362	1.0	1.0	2.0
82790000	0.6696577615789053	0.02475271138579697	1.0	1.0	2.0
82800000	0.7948481845467378	0.1382119733325516	1.0	1.0	2.0
82810000	0.19401684451726645	0.28871304195299413	1.0	1.0	2.0
82820000	1.486054739689879	0.33675198477359186	1.0	1.0	2.0
82830000	0.6993709331742313	0.36710837228524645	1.0	1.0	2.0
82840000	0.817508371246458	0.29919556105185036	1.0	1.0	2.0
82850000	0.8925475827407225	0.22006434145672507	1.0	1.0	2.0
82860000	0.9173713812821485	0.5953694699892645	1.0	1.0	2.0
82870000	1.268253768495422	0.7801291242927805	1.0	1.0	2.0
82880000	1.4391559042768367	0.318376206669599	1.0	1.0	2.0
82890000	2.8965372702117156	0.4734767553821985	1.0	1.0	2.0
82900000	0.22657305172769124	0.14068265678619618	1.0	1.0	2.0
82910000	1.8862295375648672	0.9215706525746098	1.0	1.0	2.0
82920000	1.2333690947630631	0.8673262589373877	1.0	1.0	2.0
82930000	4.4899556155308	0.8980859481308479	1.0	1.0	2.0
82940000	0.02801421268954055	0.012165822455431918	1.0	1.0	2.0
82950000	0.954565392258591	0.27097622170447233	1.0	1.0	2.0
82960000	0.38239937140436536	1.5071987513396183	1.0	1.0	2.0
82970000	2.2703291229553515	0.5118946959975519	1.0	1.0	2.0
82980000	0.8213839896040314	0.6473951380432466	1.0	1.0	2.0
82990000	0.38693348868550237	0.49463921851109705	1.0	1.0	2.0
83000000	1.0189650983553373	0.12178251393765456	1.0	1.0	2.0
83010000	0.6230787215172552	0.12086261676293615	1.0	1.0	2.0
83020000	0.4165669355526037	0.018123210942586388	1.0	1.0	2.0
83030000	0.5429382821062655	0.2981266717680888	1.0	1.0	2.0
83040000	0.7160618262444473	0.5027048740885247	1.0	1.0	2.0
83050000	4.377118073067855	1.007505868624797	1.0	1.0	2.0
83060000	0.6351801233421662	2.2184020255615646	1.0	1.0	2.0
83070000	0.799436355449241	0.04864718354346377	1.0	1.0	2.0
83080000	0.42503585877495925	0.12208382990425087	1.0	1.0	2.0
83090000	0.548407838115246	0.131920447175702	1.0	1.0	2.0
83100000	1.2807130381246035	0.17432301311436496	1.0	1.0	2.0
83110000	0.7362776688777845	0.42767611719858445	1.0	1.0	2.0
83120000	1.6501481398887285	0.37938351380484214	1.0	1.0	2.0
83130000	0.4910772184830424	0.03406800822793147	1.0	1.0	2.0
83140000	0.7543847369543374	0.13802245247022374	1.0	1.0	2.0
83150000	0.3562939741450635	1.0192726017587288	1.0	1.0	2.0
83160000	3.82857729791866	0.03220478602384022	1.0	1.0	2.0
83170000	0.8988588886952604	0.11624884375043126	1.0	1.0	2.0
83180000	1.4302862637887814	0.21241047452786982	1.0	1.0	2.0
83190000	0.6539251377354005	0.3875143376967015	1.0	1.0	2.0
83200000	3.2984779150747405	0.2824449374693385	1.0	1.0	2.0
83210000	0.7248738812918223	0.056917772600533725	1.0	1.0	2.0
83220000	2.2664103793915746	2.274390588023319	1.0	1.0	2.0
83230000	1.3560010582049642	1.8539046200042513	1.0	1.0	2.0
83240000	3.4867720485261047	0.48738707670220194	1.0	1.0	2.0
83250000	1.4318012121582981	0.2892656366480579	1.0	1.0	2.0
83260000	0.15530002036555585	0.013049339568245333	1.0	1.0	2.0
83270000	1.694357031803542	0.2969149683789201	1.0	1.0	2.0
83280000	0.899795184496648	0.4587293845238664	1.0	1.0	2.0
83290000	1.17302914546862	1.1133592198444042	1.0	1.0	2.0
83300000	1.321384110554478	0.01811337138498507	1.0	1.0	2.0
83310000	1.6473452171360494	2.803558085960523	1.0	1.0	2.0
83320000	1.1052010058072277	0.21432520152681042	1.0	1.0	2.0
83330000	2.222327745846534	0.23618479701786044	1.0	1.0	2.0
83340000	0.21632573939801986	0.9264983906833584	1.0	1.0	2.0
83350000	5.42356188516086	1.3990462236549142	1.0	1.0	2.0
83360000	2.7287617188289426	1.47635742423029	1.0	1.0	2.0
83370000	0.7619465461859074	0.21308165374592963	1.0	1.0	2.0
83380000	0.7154159624935665	0.6544911421433166	1.0	1.0	2.0
83390000	1.1101300190880539	1.74175521930228	1.0	1.0	2.0
83400000	2.647483071342493	2.4373885732840805	1.0	1.0	2.0
83410000	0.710325966331604	0.06277374869027284	1.0	1.0	2.0
83420000	1.0703019042741149	1.2624649760047326	1.0	1.0	2.0
83430000	0.8566886980520947	0.4814531298241788	1.0	1.0	2.0
83440000	0.8745002848533708	0.6669319213106092	1.0	1.0	2.0
83450000	3.2952603547291117	0.19184341401504698	1.0	1.0	2.0
83460000	0.7491409799480068	2.2966128163944584	1.0	1.0	2.0
83470000	2.5266849147392887	0.18215706547835184	1.0	1.0	2.0
83480000	1.3687913369273992	0.08290046518090102	1.0	1.0	2.0
83490000	0.914439239853328	0.08542306205736253	1.0	1.0	2.0
83500000	0.4884405896973484	0.3027681078340169	1.0	1.0	2.0
83510000	1.8603558982589559	1.4242179732599516	1.0	1.0	2.0
83520000	0.7196853809638261	0.24300528221830828	1.0	1.0	2.0
83530000	3.3539343295664725	1.1992422540254437	1.0	1.0	2.0
83540000	0.48499191669415687	0.3197063469798029	1.0	1.0	2.0
83550000	0.9464612126954349	1.137015316133635	1.0	1.0	2.0
83560000	0.4926753571140956	0.04757117361953705	1.0	1.0	2.0
83570000	0.5002728974437026	0.5145783299072959	1.0	1.0	2.0
83580000	0.21154678762660284	0.10669796141650102	1.0	1.0	2.0
83590000	0.542392330732396	0.20930688718488816	1.0	1.0	2.0
83600000	0.5291600116967485	0.06087436516178558	1.0	1.0	2.0
83610000	0.8106699491830455	0.9643410247911274	1.0	1.0	2.0
83620000	0.6126237000720879	0.3822531132064166	1.0	1.0	2.0
83630000	0.2650973168945461	0.052410879979928944	1.0	1.0	2.0
83640000	1.0327218465079264	0.05711136877338317	1.0	1.0	2.0
83650000	2.6496389675792624	0.3800545205191388	1.0	1.0	2.0
83660000	0.20760576180268125	0.15608678028904222	1.0	1.0	2.0
83670000	1.8750779276935758	0.8921630476288406	1.0	1.0	2.0
83680000	0.5080859710325528	1.2928890109516953	1.0	1.0	2.0
83690000	0.8315760060653187	0.16933934356394964	1.0	1.0	2.0
83700000	0.8063545006539016	0.44376346721314414	1.0	1.0	2.0
83710000	5.180437066644223	0.8103432770234626	1.0	1.0	2.0
83720000	0.767560916179463	0.16092592892706672	1.0	1.0	2.0
83730000	1.31027354191674	0.30475835789447087	1.0	1.0	2.0
83740000	1.4691622014377776	2.6592079290303157	1.0	1.0	2.0
83750000	0.4538481479315168	0.05957095665090199	1.0	1.0	2.0
83760000	0.052853738564584266	0.14997165165398654	1.0	1.0	2.0
83770000	0.44389419239566574	0.29608635704300407	1.0	1.0	2.0
83780000	0.9077358278491237	0.45847283162622615	1.0	1.0	2.0
83790000	0.7105429968244535	1.4922374814252868	1.0	1.0	2.0
83800000	2.4557745794960697	0.6981735037737617	1.0	1.0	2.0
83810000	2.388623927464008	0.6472590328347904	1.0	1.0	2.0
83820000	0.7714519386387738	2.798159279787426	1.0	1.0	2.0
83830000	0.5040523029868521	1.3119921733021591	1.0	1.0	2.0
83840000	1.036781193725042	0.04023751396241372	1.0	1.0	2.0
83850000	1.3931489345926775	0.3772286998839152	1.0	1.0	2.0
83860000	1.498314524436806	0.7522510051189363	1.0	1.0	2.0
83870000	1.2454422298461747	0.5203684718565394	1.0	1.0	2.0
83880000	0.8739373590480224	1.0403889352784168	1.0	1.0	2.0
83890000	0.7025416156764788	0.07778011058523539	1.0	1.0	2.0
83900000	2.0461682858446344	0.3890705228450814	1.0	1.0	2.0
83910000	1.1953239757082175	0.41285079572784883	1.0	1.0	2.0
83920000	1.0481635799832032	1.711908320911725	1.0	1.0	2.0
83930000	0.5238445991479141	0.04577541877482636	1.0	1.0	2.0
83940000	0.3790453612510541	0.11369290727423105	1.0	1.0	2.0
83950000	0.2638036474630148	0.07085542956103824	1.0	1.0	2.0
83960000	1.8436089866572982	0.41592966342490056	1.0	1.0	2.0
83970000	0.13841413670349448	0.030869601241283545	1.0	1.0	2.0
83980000	1.9778122536974678	0.4398358427749855	1.0	1.0	2.0
83990000	1.198078517843352	0.6533110378364597	1.0	1.0	2.0
84000000	2.197082858993356	4.011663976974553	1.0	1.0	2.0
84010000	0.3845235627166196	1.578613387012735	1.0	1.0	2.0
84020000	0.7736749002987363	0.46596121695440046	1.0	1.0	2.0
84030000	0.6215970797457866	0.38578951406244316	1.0	1.0	2.0
84040000	2.2138110588250597	0.5794461873833554	1.0	1.0	2.0
84050000	1.069631566076693	0.5683744586859563	1.0	1.0	2.0
84060000	0.33914065710555685	0.08940613632428134	1.0	1.0	2.0
84070000	0.632850151532429	1.1552549358723319	1.0	1.0	2.0
84080000	0.6411773789997736	0.5224870550351287	1.0	1.0	2.0
84090000	0.28893268763494256	0.11440702241993048	1.0	1.0	2.0
84100000	0.4230430385138025	0.07887761174191525	1.0	1.0	2.0
84110000	1.5721732035777305	1.0274206593258985	1.0	1.0	2.0
84120000	0.15793255369944614	0.4624954712523523	1.0	1.0	2.0
84130000	0.5917969274798052	2.358460861999021	1.0	1.0	2.0
84140000	1.9899522032313426	0.024067367721889943	1.0	1.0	2.0
84150000	1.866971302754363	0.4192549745130256	1.0	1.0	2.0
84160000	0.7491096618167474	0.07320435194821995	1.0	1.0	2.0
84170000	1.029929784096477	0.20998463519583163	1.0	1.0	2.0
84180000	1.1842915394952942	0.0985642163634652	1.0	1.0	2.0
84190000	1.9720828202751057	0.7559249769202397	1.0	1.0	2.0
84200000	3.7579079995187192	0.22783394357482553	1.0	1.0	2.0
84210000	1.5465358702175334	0.9926625232905986	1.0	1.0	2.0
84220000	0.5873795985718763	0.062051150828758284	1.0	1.0	2.0
84230000	0.7118729115025533	0.17743719899720947	1.0	1.0	2.0
84240000	1.6729905152205924	0.5165192500040494	1.0	1.0	2.0
84250000	0.2441848420804893	0.246701796307881	1.0	1.0	2.0
84260000	0.19513578436938273	0.07542480998858274	1.0	1.0	2.0
84270000	1.7139238579321898	0.5279361483607382	1.0	1.0	2.0
84280000	0.855622556659438	1.5786485739128298	1.0	1.0	2.0
84290000	0.8772017980167863	1.2673292489280672	1.0	1.0	2.0
84300000	2.693238069545676	1.4968801489211652	1.0	1.0	2.0
84310000	4.979770221665851	1.4935998384318334	1.0	1.0	2.0
84320000	1.9850496810136986	0.873113404358767	1.0	1.0	2.0
84330000	0.967931798062951	0.5837497549183969	1.0	1.0	2.0
84340000	1.5475845557318453	0.6425384753997812	1.0	1.0	2.0
84350000	0.5848528688996957	0.12790732878821992	1.0	1.0	2.0
84360000	1.108205332244365	0.02054386063062994	1.0	1.0	2.0
84370000	2.2228010034518286	0.23372007044497864	1.0	1.0	2.0
84380000	2.467584094550485	0.764928009478393	1.0	1.0	2.0
84390000	1.6552573521918927	1.8148736286108154	1.0	1.0	2.0
84400000	1.488358134483372	0.1821423619817173	1.0	1.0	2.0
84410000	1.2800953601044636	0.6368261479203986	1.0	1.0	2.0
84420000	0.3085896417529793	0.13434475091474457	1.0	1.0	2.0
84430000	0.9038459570471736	0.24044277890342186	1.0	1.0	2.0
84440000	0.5351410709120346	0.5060532513311702	1.0	1.0	2.0
84450000	1.8361434335497422	0.6638001864856288	1.0	1.0	2.0
84460000	1.5303018080331925	3.9969999267703216	1.0	1.0	2.0
84470000	1.0896080548328453	0.35034715765082725	1.0	1.0	2.0
84480000	0.19806355651655977	0.37384286402685635	1.0	1.0	2.0
84490000	0.30844115438902686	0.315880263786306	1.0	1.0	2.0
84500000	0.515274189839136	0.07469060512514436	1.0	1.0	2.0
84510000	2.05841109147985	0.5194737807964742	1.0	1.0	2.0
84520000	1.0116665582479725	0.3679762694648391	1.0	1.0	2.0
84530000	0.12355927642468627	0.006321368894120236	1.0	1.0	2.0
84540000	1.808469483484366	0.6448259149947273	1.0	1.0	2.0
84550000	2.133028146764661	1.093433401972088	1.0	1.0	2.0
84560000	0.6152606148978464	0.25896766892205536	1.0	1.0	2.0
84570000	1.4360459389471885	0.2589214910905219	1.0	1.0	2.0
84580000	1.9341133450645975	0.04710371450989456	1.0	1.0	2.0
84590000	1.666645364998333	0.5202410730472217	1.0	1.0	2.0
84600000	1.0262590139039194	0.04425835848808784	1.0	1.0	2.0
84610000	0.7658445651019568	0.007095675892055431	1.0	1.0	2.0
84620000	1.6186400645918642	0.2667725256628857	1.0	1.0	2.0
84630000	0.029612603314139115	0.05722189683814497	1.0	1.0	2.0
84640000	0.31594807735328584	0.654447840209816	1.0	1.0	2.0
84650000	1.0864648286569214	0.2790142041520144	1.0	1.0	2.0
84660000	4.03741255350448	1.5800102975938204	1.0	1.0	2.0
84670000	0.2841147128090909	0.3698129246919851	1.0	1.0	2.0
84680000	0.3812290275833643	0.7300371633235997	1.0	1.0	2.0
84690000	0.9636451774882743	0.5786723686053238	1.0	1.0	2.0
84700000	1.651630790547243	0.4246401870379768	1.0	1.0	2.0
84710000	1.3119196087388862	0.07820378196748992	1.0	1.0	2.0
84720000	1.9732467264442428	0.8934619777357927	1.0	1.0	2.0
84730000	1.6069974251842276	0.009639487073146847	1.0	1.0	2.0
84740000	0.15096202215889015	0.01686371377622032	1.0	1.0	2.0
84750000	0.1255583501375075	0.04308451785421338	1.0	1.0	2.0
84760000	2.515891263352813	0.012724485896257305	1.0	1.0	2.0
84770000	1.0792399003769004	0.34123524230803837	1.0	1.0	2.0
84780000	1.0593294842893564	0.35427152545865176	1.0	1.0	2.0
84790000	2.701635814559178	1.0668012538804186	1.0	1.0	2.0
84800000	0.38533332832141803	0.1541771552619872	1.0	1.0	2.0
84810000	1.2191183373744625	1.0497487103630234	1.0	1.0	2.0
84820000	1.3973314767434635	0.3644120580722698	1.0	1.0	2.0
84830000	0.16436124855324147	0.2746079025136501	1.0	1.0	2.0
84840000	0.5794242357989354	0.27602983284835003	1.0	1.0	2.0
84850000	0.3145479721334512	0.1376678300663596	1.0	1.0	2.0
84860000	1.3681832316058626	1.036176742953783	1.0	1.0	2.0
84870000	2.0657097514927214	0.13326725966427513	1.0	1.0	2.0
84880000	1.981260322533999	0.210734614571235	1.0	1.0	2.0
84890000	3.3938454196964	0.58746247182603	1.0	1.0	2.0
84900000	0.45209272914686893	0.4804956598451155	1.0	1.0	2.0
84910000	1.2259145711925077	0.3870449319448359	1.0	1.0	2.0
84920000	3.423780810738815	0.27645616880250196	1.0	1.0	2.0
84930000	0.38833686688282104	0.5527294403365896	1.0	1.0	2.0
84940000	0.4338331130786663	0.22389263192918804	1.0	1.0	2.0
84950000	0.9193272192281547	0.19505770780034948	1.0	1.0	2.0
84960000	0.9756230412529511	0.5010692669480251	1.0	1.0	2.0
84970000	0.14523378454698496	0.06900683151935434	1.0	1.0	2.0
84980000	1.9361879343847472	1.3586927603138022	1.0	1.0	2.0
84990000	4.631097077194521	2.1854765762601867	1.0	1.0	2.0
85000000	1.508368824395644	0.1361353606220125	1.0	1.0	2.0
85010000	1.4552315105772669	0.6158683192803318	1.0	1.0	2.0
85020000	2.061700750911408	0.05861925889516699	1.0	1.0	2.0
85030000	2.6372694673018167	0.19150245749213482	1.0	1.0	2.0
85040000	2.403519851896521	2.0511713350587035	1.0	1.0	2.0
85050000	1.3741635963934684	0.30059168438623224	1.0	1.0	2.0
85060000	1.0392872610433297	0.020595263005845826	1.0	1.0	2.0
85070000	0.5041412510411825	0.2515496182103641	1.0	1.0	2.0
85080000	1.609446573895928	0.10432134184812954	1.0	1.0	2.0
85090000	2.339908653955501	0.6683496049699178	1.0	1.0	2.0
85100000	0.5212203206620555	0.4446106278656276	1.0	1.0	2.0
85110000	2.1253841537767983	0.8561064407569444	1.0	1.0	2.0
85120000	3.611284604182661	0.49548685493827943	1.0	1.0	2.0
85130000	0.6619520455828476	1.34951803959201	1.0	1.0	2.0
85140000	0.894203271514492	1.7201540438365936	1.0	1.0	2.0
85150000	1.3780938904908568	2.7688608771390104	1.0	1.0	2.0
85160000	2.598034715992655	0.4411182174290763	1.0	1.0	2.0
85170000	0.43077853971868296	0.12279036658773113	1.0	1.0	2.0
85180000	1.422128617078957	0.5401879185115458	1.0	1.0	2.0
85190000	2.4827599589120344	0.15176055856989198	1.0	1.0	2.0
85200000	0.36440888381327463	0.896688213596663	1.0	1.0	2.0
85210000	0.4615964342498448	0.45695832113270995	1.0	1.0	2.0
85220000	0.9022050455620179	0.2555291659367852	1.0	1.0	2.0
85230000	1.1040528162517536	0.06040575392165857	1.0	1.0	2.0
85240000	0.7414480572357544	1.1144343874930869	1.0	1.0	2.0
85250000	2.2318144242880966	1.4441843344013339	1.0	1.0	2.0
85260000	0.8161690741556161	0.08413173766116745	1.0	1.0	2.0
85270000	2.178631167418574	0.8746121117707637	1.0	1.0	2.0
85280000	1.1226365131314868	0.2877121922883457	1.0	1.0	2.0
85290000	3.5789952773422273	0.19485427962165147	1.0	1.0	2.0
85300000	0.5929173384166184	0.16527120992325323	1.0	1.0	2.0
85310000	0.925269245714602	1.6369834894301223	1.0	1.0	2.0
85320000	0.7194160839465498	0.20501210235472928	1.0	1.0	2.0
85330000	2.358410476788812	0.7006307513346269	1.0	1.0	2.0
85340000	1.6232945281802285	1.5061116240826824	1.0	1.0	2.0
85350000	4.132059458592231	0.8146481509269032	1.0	1.0	2.0
85360000	1.1170133325710048	0.7939668818612573	1.0	1.0	2.0
85370000	0.3082568236237642	0.15748782964028465	1.0	1.0	2.0
85380000	0.48560758170443463	0.02276815726763888	1.0	1.0	2.0
85390000	0.3722100591372021	0.07136668102632315	1.0	1.0	2.0
85400000	0.4653169093427596	0.20459986594171292	1.0	1.0	2.0
85410000	4.441902752337274	1.0549476276480028	1.0	1.0	2.0
85420000	1.6134550115171973	0.6438799138449397	1.0	1.0	2.0
85430000	0.46251999062275706	0.21234333382177498	1.0	1.0	2.0
85440000	1.3719215434517817	1.3303295826804902	1.0	1.0	2.0
85450000	2.2967057712297523	1.1234446705950936	1.0	1.0	2.0
85460000	2.809582745096927	0.04013147615041906	1.0	1.0	2.0
85470000	0.5406581753269141	0.07508230144223878	1.0	1.0	2.0
85480000	0.2518530700202674	0.038042416264395106	1.0	1.0	2.0
85490000	1.6309302577178095	0.6849204788070887	1.0	1.0	2.0
85500000	1.1378693541465423	0.289078728904398	1.0	1.0	2.0
85510000	0.48460235807412855	0.42264284796011586	1.0	1.0	2.0
85520000	0.2370111373266849	1.1825490214967773	1.0	1.0	2.0
85530000	1.8335170292030891	0.3489432901546563	1.0	1.0	2.0
85540000	0.3277263100675916	0.14637076262231696	1.0	1.0	2.0
85550000	1.1134746911605784	0.21956616819728292	1.0	1.0	2.0
85560000	0.6222991799282626	0.5327570185812186	1.0	1.0	2.0
85570000	0.7244688368616286	0.3394119836796255	1.0	1.0	2.0
85580000	0.3824046822137324	0.2552441028149771	1.0	1.0	2.0
85590000	0.839256779550502	0.13848957867091924	1.0	1.0	2.0
85600000	1.92373974693773	0.48787996481913115	1.0	1.0	2.0
85610000	0.7448493830142862	0.16138132828269264	1.0	1.0	2.0
85620000	0.7447887854713452	0.014354747907223134	1.0	1.0	2.0
85630000	0.9471833657392018	0.8091658153451444	1.0	1.0	2.0
85640000	1.258040115095388	0.9715705306914135	1.0	1.0	2.0
85650000	1.4570162683015837	3.1178903724522957	1.0	1.0	2.0
85660000	4.19751437619737	0.6700943366372832	1.0	1.0	2.0
85670000	0.515775727021022	1.2530667642424733	1.0	1.0	2.0
85680000	1.183360107542108	0.10688917608589951	1.0	1.0	2.0
85690000	1.2845709093349382	0.1409417302644185	1.0	1.0	2.0
85700000	0.15394699766565303	0.36332086150344656	1.0	1.0	2.0
85710000	2.247417190846867	0.20154417432746452	1.0	1.0	2.0
85720000	1.305153173246214	0.6152808035858469	1.0	1.0	2.0
85730000	0.5893677753126971	0.14660018345820805	1.0	1.0	2.0
85740000	1.2008696521724769	0.20588953533541227	1.0	1.0	2.0
85750000	3.725152051884883	1.5071617140675717	1.0	1.0	2.0
85760000	1.1588313104626473	0.8696075348902835	1.0	1.0	2.0
85770000	0.09924300482426257	0.21495791901328093	1.0	1.0	2.0
85780000	2.4522028542451517	0.022612640813295833	1.0	1.0	2.0
85790000	1.3918788026050155	0.05728282251847594	1.0	1.0	2.0
85800000	1.1802599927598998	0.6372531943679542	1.0	1.0	2.0
85810000	0.6429392082878078	0.7625550292933426	1.0	1.0	2.0
85820000	0.7389914099395449	2.709873728390373	1.0	1.0	2.0
85830000	0.6334408051287789	0.18514297445854924	1.0	1.0	2.0
85840000	1.1108290333537933	0.13602116007589923	1.0	1.0	2.0
85850000	5.007010050379082	0.26789894926897023	1.0	1.0	2.0
85860000	1.4533573825953967	0.00935830356775075	1.0	1.0	2.0
85870000	1.1071637058611628	1.0531712834673672	1.0	1.0	2.0
85880000	0.4936955572277236	0.8750679139623085	1.0	1.0	2.0
85890000	1.130445817086698	0.4823851463365451	1.0	1.0	2.0
85900000	0.31040592128796723	0.25966526471685336	1.0	1.0	2.0
85910000	0.7544674154844114	0.6362016418869219	1.0	1.0	2.0
85920000	2.890479712355285	2.3378389848658228	1.0	1.0	2.0
85930000	1.4120324523188887	1.1035967738721661	1.0	1.0	2.0
85940000	0.7426899477796047	0.5178288503496462	1.0	1.0	2.0
85950000	1.2394676918563874	1.6619837836250786	1.0	1.0	2.0
85960000	0.21955574670329736	0.813978109464245	1.0	1.0	2.0
85970000	1.5213828843731043	0.06431342777362406	1.0	1.0	2.0
85980000	1.0750922967033238	0.08356563470530233	1.0	1.0	2.0
85990000	1.0593435679013745	1.5132903549407872	1.0	1.0	2.0
86000000	1.4128967814911764	0.48168971209151074	1.0	1.0	2.0
86010000	0.29753129008981594	0.1770198495806194	1.0	1.0	2.0
86020000	0.6949573433015561	0.4867901744955387	1.0	1.0	2.0
86030000	0.9979441184706789	0.832868970577553	1.0	1.0	2.0
86040000	0.9199378272023849	0.7042822051441101	1.0	1.0	2.0
86050000	0.5748167823510929	0.2746108406396867	1.0	1.0	2.0
86060000	1.4022306412902148	0.25452574060476346	1.0	1.0	2.0
86070000	0.4845306081176324	0.4502552259364975	1.0	1.0	2.0
86080000	1.013293906125172	4.420642389634708	1.0	1.0	2.0
86090000	3.129715486834287	0.6827657849203322	1.0	1.0	2.0
86100000	0.8116902451417742	0.9332426898487379	1.0	1.0	2.0
86110000	2.59621799645988	0.43130744599686427	1.0	1.0	2.0
86120000	4.89175557425713	0.7105867232220902	1.0	1.0	2.0
86130000	1.1476202742585144	0.04814397798719489	1.0	1.0	2.0
86140000	0.45397436483919335	0.34224876623010253	1.0	1.0	2.0
86150000	2.2651228270475716	2.768844936897633	1.0	1.0	2.0
86160000	1.7012567525048772	1.77158929978591	1.0	1.0	2.0
86170000	1.5083803048305269	0.113514524693909	1.0	1.0	2.0
86180000	0.6926641022873617	0.7410580242641271	1.0	1.0	2.0
86190000	1.9489842400768935	0.07488265449265341	1.0	1.0	2.0
86200000	0.1676530880020026	0.18307132823910743	1.0	1.0	2.0
86210000	2.5756268826876676	0.061990623691247346	1.0	1.0	2.0
86220000	1.2998001128441774	0.7742346061226458	1.0	1.0	2.0
86230000	2.2649546302155708	0.004623230668051316	1.0	1.0	2.0
86240000	0.6383349567852497	0.28966897048933127	1.0	1.0	2.0
86250000	0.3913565484516275	0.1144983862548297	1.0	1.0	2.0
86260000	0.5114510368837177	0.24005882070248813	1.0	1.0	2.0
86270000	1.1872922705319566	0.4940169890038346	1.0	1.0	2.0
86280000	2.8338047479480117	0.8082507706652948	1.0	1.0	2.0
86290000	0.4065067715059959	0.4639403374933534	1.0	1.0	2.0
86300000	0.8346713866975625	0.13484425208762302	1.0	1.0	2.0
86310000	1.079480840506504	1.7616945222619993	1.0	1.0	2.0
86320000	1.6293014600486062	0.2270216454274591	1.0	1.0	2.0
86330000	1.2804699989720705	0.49568993827843494	1.0	1.0	2.0
86340000	2.7575148904034013	1.0069777610076045	1.0	1.0	2.0
86350000	0.7331203800364267	0.10774930610323302	1.0	1.0	2.0
86360000	2.339258922010572	1.7171356711817272	1.0	1.0	2.0
86370000	0.38757275097357824	0.388637281767735	1.0	1.0	2.0
86380000	0.5969459376002227	0.1888728920902224	1.0	1.0	2.0
86390000	2.2104042343349013	0.47254249583935115	1.0	1.0	2.0
86400000	2.71268967006069	1.4583734541914255	1.0	1.0	2.0
86410000	0.487882703569086	0.35625887494072256	1.0	1.0	2.0
86420000	4.022124515510904	0.5545821521155552	1.0	1.0	2.0
86430000	2.2586041290500285	0.8602965909545556	1.0	1.0	2.0
86440000	0.6974668321331	0.6409128297414004	1.0	1.0	2.0
86450000	1.0181706635097232	0.040996406253247235	1.0	1.0	2.0
86460000	0.6733444942487675	0.4288532380483839	1.0	1.0	2.0
86470000	2.9952655864061914	0.1463993236803583	1.0	1.0	2.0
86480000	0.3749125328194851	0.7269349440824748	1.0	1.0	2.0
86490000	2.2019458050394314	0.8919580315621056	1.0	1.0	2.0
86500000	2.0191801272260763	0.21262571940593178	1.0	1.0	2.0
86510000	0.1474469048226804	0.47878165234414155	1.0	1.0	2.0
86520000	0.8761771683174425	1.4425774210784101	1.0	1.0	2.0
86530000	0.7765935421578865	0.004503044883261912	1.0	1.0	2.0
86540000	0.3874008349778053	0.5839081638585282	1.0	1.0	2.0
86550000	0.8589790752908097	0.7053667536407506	1.0	1.0	2.0
86560000	1.5606223897314915	0.8263421284270274	1.0	1.0	2.0
86570000	1.2903682138711263	0.22406497680644116	1.0	1.0	2.0
86580000	1.273999796167183	2.955599653257032	1.0	1.0	2.0
86590000	3.400845856094243	0.5081845129985675	1.0	1.0	2.0
86600000	3.2396955364652595	3.4259704384541108	1.0	1.0	2.0
86610000	1.2809112340085769	0.848929993309833	1.0	1.0	2.0
86620000	0.6337258546409704	1.7309896243617036	1.0	1.0	2.0
86630000	1.580156994785931	0.7097465394390942	1.0	1.0	2.0
86640000	0.18659345735339994	0.02262995126904912	1.0	1.0	2.0
86650000	1.0185548038902403	0.9092668839728183	1.0	1.0	2.0
86660000	0.21097196748633823	0.1592773385915367	1.0	1.0	2.0
86670000	1.6788772987795932	0.750653746014054	1.0	1.0	2.0
86680000	1.5837568910046478	0.1594389935385779	1.0	1.0	2.0
86690000	0.9220962722740802	0.6561092800980125	1.0	1.0	2.0
86700000	0.5621593948324631	0.6236058360767137	1.0	1.0	2.0
86710000	1.2558173096105918	0.41336598782006245	1.0	1.0	2.0
86720000	0.28179213125609265	0.14537101739542424	1.0	1.0	2.0
86730000	1.0781597004670223	0.4871056602502008	1.0	1.0	2.0
86740000	2.4690029638516324	0.18525420228544937	1.0	1.0	2.0
86750000	2.5123694965308885	0.6953407217047006	1.0	1.0	2.0
86760000	4.416427124795669	0.1279300519447005	1.0	1.0	2.0
86770000	2.509560590882033	0.19104643144613992	1.0	1.0	2.0
86780000	0.10576524844625598	0.2175390455423973	1.0	1.0	2.0
86790000	0.19012465213155086	0.05978425612563757	1.0	1.0	2.0
86800000	0.5067674761216309	1.1296976514557402	1.0	1.0	2.0
86810000	1.7880102032316698	0.2071642385414531	1.0	1.0	2.0
86820000	1.186615713061611	2.121528786803285	1.0	1.0	2.0
86830000	0.6949107040747455	0.7908846098346685	1.0	1.0	2.0
86840000	0.47163458808694375	0.7910147422799017	1.0	1.0	2.0
86850000	1.5412894999396445	0.07823429405961639	1.0	1.0	2.0
86860000	1.6432944312409037	0.2552613778505763	1.0	1.0	2.0
86870000	0.6771798539795385	0.1693268305135936	1.0	1.0	2.0
86880000	0.9613381057616447	0.43154150768005106	1.0	1.0	2.0
86890000	0.22408719232115182	0.3955881167242579	1.0	1.0	2.0
86900000	3.3470589564933855	1.190701661686619	1.0	1.0	2.0
86910000	1.1973499657294338	0.4114333504126145	1.0	1.0	2.0
86920000	1.0770457013502952	0.06472173232432042	1.0	1.0	2.0
86930000	4.060729936042102	0.040620308962409146	1.0	1.0	2.0
86940000	0.1287095814678474	0.05076096153328851	1.0	1.0	2.0
86950000	1.125203323076846	0.28848941931522687	1.0	1.0	2.0
86960000	0.2961978216693207	0.2323980277919005	1.0	1.0	2.0
86970000	1.1158848544038862	0.0158669529094896	1.0	1.0	2.0
86980000	0.7876227764283078	2.665712089073706	1.0	1.0	2.0
86990000	1.6141653183053004	0.25664135289440515	1.0	1.0	2.0
87000000	2.8429218409839683	0.3096423875786049	1.0	1.0	2.0
87010000	0.8929366764781942	0.18537346440530175	1.0	1.0	2.0
87020000	1.1573924703308078	0.18778799243654365	1.0	1.0	2.0
87030000	2.460229379204712	0.02724693628601455	1.0	1.0	2.0
87040000	3.1173944322961566	2.708092906120639	1.0	1.0	2.0
87050000	2.133012274030812	0.17093861217523013	1.0	1.0	2.0
87060000	1.8115161463800886	0.07525579679481094	1.0	1.0	2.0
87070000	2.019038475042983	0.9993275082694171	1.0	1.0	2.0
87080000	1.1211892207588512	0.0868584385129994	1.0	1.0	2.0
87090000	1.9045062087714701	0.7582574844685169	1.0	1.0	2.0
87100000	0.5102327540910174	0.14242358996175086	1.0	1.0	2.0
87110000	1.0558914572055746	0.8271928969710621	1.0	1.0	2.0
87120000	1.977415967959076	0.3552976028582137	1.0	1.0	2.0
87130000	1.5472035970895337	0.34479600520789966	1.0	1.0	2.0
87140000	2.459886795245519	1.4585032426096785	1.0	1.0	2.0
87150000	2.359897583145919	0.3001652829211232	1.0	1.0	2.0
87160000	1.9604684618169381	0.045357636760586885	1.0	1.0	2.0
87170000	0.5377277985190239	0.27277505437619404	1.0	1.0	2.0
87180000	0.9815872956498364	0.5863160886237724	1.0	1.0	2.0
87190000	1.3364877364468488	0.4416900134411161	1.0	1.0	2.0
87200000	1.0564434427709142	0.03597805891995451	1.0	1.0	2.0
87210000	0.1295205217803812	0.1934423389990887	1.0	1.0	2.0
87220000	2.1431338628551244	0.5305541016105153	1.0	1.0	2.0
87230000	2.0431799430325066	0.6777478745517881	1.0	1.0	2.0
87240000	0.39324131966774034	0.6586405415371238	1.0	1.0	2.0
87250000	1.2282784880960849	0.3129540481260602	1.0	1.0	2.0
87260000	1.0881638262734028	0.3582940814750744	1.0	1.0	2.0
87270000	0.3207221655246335	0.031047812967938897	1.0	1.0	2.0
87280000	1.4211756027149036	0.10801112824177142	1.0	1.0	2.0
87290000	0.07912559643208568	0.08134553096808672	1.0	1.0	2.0
87300000	0.21019898596709963	0.0427793553917889	1.0	1.0	2.0
87310000	1.1607871798183012	0.6374926529749978	1.0	1.0	2.0
87320000	1.171552184339699	0.1865960066089165	1.0	1.0	2.0
87330000	0.21160462298789737	0.4088662758459201	1.0	1.0	2.0
87340000	0.9458353364039227	2.0897668077272584	1.0	1.0	2.0
87350000	1.7308963963514865	0.03800677663437399	1.0	1.0	2.0
87360000	2.3639142816774497	1.4638843516623166	1.0	1.0	2.0
87370000	0.31756875422698555	0.07893865243639114	1.0	1.0	2.0
87380000	0.6438932779419546	0.3762521379030331	1.0	1.0	2.0
87390000	2.825119187536201	0.89427754182113	1.0	1.0	2.0
87400000	2.2812726423875986	0.7521536730833369	1.0	1.0	2.0
87410000	1.5509595594340202	0.03406798178405344	1.0	1.0	2.0
87420000	0.23691724969415268	0.6574398020668283	1.0	1.0	2.0
87430000	3.2280890884890363	0.7519804758062704	1.0	1.0	2.0
87440000	1.0728038814810394	0.01757140200552372	1.0	1.0	2.0
87450000	0.4803347119178297	0.014780480733923731	1.0	1.0	2.0
87460000	1.0114364692927797	0.15688251517452154	1.0	1.0	2.0
87470000	1.4011267204068498	0.8399834433324658	1.0	1.0	2.0
87480000	0.9838597618488735	0.6046693523308102	1.0	1.0	2.0
87490000	0.17717199817085919	0.33389569605256414	1.0	1.0	2.0
87500000	0.5717474334240367	0.12849665102125837	1.0	1.0	2.0
87510000	1.6071447344502983	0.2870315716750255	1.0	1.0	2.0
87520000	2.838259067402106	0.2648710723495179	1.0	1.0	2.0
87530000	1.4624049034813387	0.7399686855868255	1.0	1.0	2.0
87540000	4.691725311622026	0.18055031313861714	1.0	1.0	2.0
87550000	1.7640587998677788	1.3342822630171118	1.0	1.0	2.0
87560000	0.9788295937947596	0.06036258004647151	1.0	1.0	2.0
87570000	1.3005188208078777	0.4621029763112046	1.0	1.0	2.0
87580000	3.149868583668499	0.3740321236469298	1.0	1.0	2.0
87590000	1.8214113306169448	2.0654286521307723	1.0	1.0	2.0
87600000	0.29806692596189516	0.26251507834696947	1.0	1.0	2.0
87610000	2.353134003372753	2.0909594593470344	1.0	1.0	2.0
87620000	0.8504747766996313	0.21543552251122355	1.0	1.0	2.0
87630000	1.5552060274693618	2.9306732598567837	1.0	1.0	2.0
87640000	1.37913271088614	1.4136398786778188	1.0	1.0	2.0
87650000	1.9164150062815573	1.2350414745451963	1.0	1.0	2.0
87660000	3.1612583572651998	0.7571230220818151	1.0	1.0	2.0
87670000	1.067884572960453	0.45580601239567126	1.0	1.0	2.0
87680000	4.238801893664396	0.023732887226692843	1.0	1.0	2.0
87690000	0.6941670250634986	0.015311854166204855	1.0	1.0	2.0
87700000	0.13383116146761562	0.3376613920608474	1.0	1.0	2.0
87710000	2.325100885390655	0.17850659338879465	1.0	1.0	2.0
87720000	0.16886691525242076	0.19164691257966335	1.0	1.0	2.0
87730000	0.007692928280007726	0.014936253156172825	1.0	1.0	2.0
87740000	3.7897908560889606	1.9894386656536494	1.0	1.0	2.0
87750000	0.6151463975682648	0.15375543756323015	1.0	1.0	2.0
87760000	2.3812861563273198	0.43628909651202097	1.0	1.0	2.0
87770000	0.22924494578182295	0.3409625869969698	1.0	1.0	2.0
87780000	2.2916982974678346	0.3979565322374317	1.0	1.0	2.0
87790000	0.8909168624895505	0.3210007448844348	1.0	1.0	2.0
87800000	0.208238471536669	0.9811456907308362	1.0	1.0	2.0
87810000	0.18473723364450506	0.019729459482097974	1.0	1.0	2.0
87820000	0.8663634803317997	0.43400873740443424	1.0	1.0	2.0
87830000	3.1360506510564075	0.3856484376526872	1.0	1.0	2.0
87840000	0.9863305893324058	0.1892811549860513	1.0	1.0	2.0
87850000	0.36185154592588753	0.12425294121542867	1.0	1.0	2.0
87860000	0.6225418052412444	0.8063249007067526	1.0	1.0	2.0
87870000	0.4751147723159216	0.09870836268039895	1.0	1.0	2.0
87880000	2.2948367167887684	1.2010163446908657	1.0	1.0	2.0
87890000	1.1080278819450216	0.6410218660639584	1.0	1.0	2.0
87900000	1.0263989480113647	0.5372981643926413	1.0	1.0	2.0
87910000	1.4899389723719132	0.6439833543099565	1.0	1.0	2.0
87920000	0.25755103222974507	0.02514877308634978	1.0	1.0	2.0
87930000	0.6886228884719516	0.11183698438013921	1.0	1.0	2.0
87940000	3.1547586830092142	3.144181525239428	1.0	1.0	2.0
87950000	2.415260100864562	0.2211208693197421	1.0	1.0	2.0
87960000	1.240296356914791	0.6756148764818558	1.0	1.0	2.0
87970000	0.7224129253013227	0.36470785212587753	1.0	1.0	2.0
87980000	0.2913525775771177	0.021370002895186414	1.0	1.0	2.0
87990000	0.2611048736432729	0.3699968113687678	1.0	1.0	2.0
88000000	0.6931745521634908	0.6662465500659386	1.0	1.0	2.0
88010000	1.4886986432264377	0.5356761282897138	1.0	1.0	2.0
88020000	0.7577074516630841	0.9787747449162946	1.0	1.0	2.0
88030000	1.6135244783111728	0.6439037782668067	1.0	1.0	2.0
88040000	0.9438182599595064	0.535443167516376	1.0	1.0	2.0
88050000	3.9542271403299094	0.6435656849288078	1.0	1.0	2.0
88060000	2.327505260114724	3.738325505063834	1.0	1.0	2.0
88070000	2.081700258793016	0.1198078530344698	1.0	1.0	2.0
88080000	1.0276875818454472	0.13074400235818512	1.0	1.0	2.0
88090000	0.8277778443666601	0.464778914709732	1.0	1.0	2.0
88100000	0.22795652817192347	0.03711328101762212	1.0	1.0	2.0
88110000	1.651975340781879	0.43866959383262105	1.0	1.0	2.0
88120000	1.000076500200133	0.5946485881288441	1.0	1.0	2.0
88130000	3.0796215594793335	1.085917897138676	1.0	1.0	2.0
88140000	0.3793796851496231	0.9311957891406247	1.0	1.0	2.0
88150000	1.24593165032955	0.12720483656514447	1.0	1.0	2.0
88160000	1.2662326739822158	0.2164228913798368	1.0	1.0	2.0
88170000	2.006740877367815	0.09987046354636367	1.0	1.0	2.0
88180000	2.494292627069508	4.731816192587415	1.0	1.0	2.0
88190000	1.2442284062022066	0.5486706916672407	1.0	1.0	2.0
88200000	1.5096708773817062	0.42408295965907566	1.0	1.0	2.0
88210000	0.5815738705119119	0.5645759870092927	1.0	1.0	2.0
88220000	0.929878889540761	0.19493239445965366	1.0	1.0	2.0
88230000	2.0756541871993823	0.47619554814151044	1.0	1.0	2.0
88240000	1.1124426525477666	0.14746881246576657	1.0	1.0	2.0
88250000	1.091786110451935	0.29891937951661357	1.0	1.0	2.0
88260000	2.4739076352456224	0.31135514443391415	1.0	1.0	2.0
88270000	1.579391628666436	2.0244663225940243	1.0	1.0	2.0
88280000	1.8761989513971435	0.12113597691731959	1.0	1.0	2.0
88290000	1.2372109433506253	0.4729110534390834	1.0	1.0	2.0
88300000	0.45272159837865783	0.26532011183230203	1.0	1.0	2.0
88310000	1.4184140227776265	1.5448230311504296	1.0	1.0	2.0
88320000	0.6772294984815287	0.060505949002164924	1.0	1.0	2.0
88330000	1.4836530988529117	1.3698807835984441	1.0	1.0	2.0
88340000	0.7271447285820947	0.1851909134641676	1.0	1.0	2.0
88350000	1.1227249488530526	1.2164864017099264	1.0	1.0	2.0
88360000	1.918105087297733	2.3432635201744496	1.0	1.0	2.0
88370000	0.25367288644265856	0.555479650312341	1.0	1.0	2.0
88380000	1.5552089608709283	0.3598013302542829	1.0	1.0	2.0
88390000	1.619308141979681	0.5977209922509242	1.0	1.0	2.0
88400000	1.3378620647232022	0.5101707119205625	1.0	1.0	2.0
88410000	1.9979238743416377	0.21858709986690353	1.0	1.0	2.0
88420000	0.8432422405976127	0.25593719115836183	1.0	1.0	2.0
88430000	0.799169832119231	0.09097289640604155	1.0	1.0	2.0
88440000	1.5456000736994897	0.48328354039039995	1.0	1.0	2.0
88450000	0.3956132138304793	0.35010689966301556	1.0	1.0	2.0
88460000	0.8003560341582955	0.22856992645676255	1.0	1.0	2.0
88470000	0.6513432674851611	0.12758138482156667	1.0	1.0	2.0
88480000	0.8858973517509828	0.3199680432914737	1.0	1.0	2.0
88490000	0.6371329644503756	0.4620915640594942	1.0	1.0	2.0
88500000	1.6051266468615766	0.4748362781925757	1.0	1.0	2.0
88510000	1.0458872854486407	0.20072525556048337	1.0	1.0	2.0
88520000	2.48629937477838	0.43150619521208755	1.0	1.0	2.0
88530000	2.601947374853293	0.009433139100899539	1.0	1.0	2.0
88540000	1.7807929966972371	0.22499446292311703	1.0	1.0	2.0
88550000	0.6626995357768264	0.09687451845353316	1.0	1.0	2.0
88560000	1.8643050154848995	0.7356959519385753	1.0	1.0	2.0
88570000	0.8327375706388677	1.0064361201353385	1.0	1.0	2.0
88580000	0.278703430464837	0.030394800890335128	1.0	1.0	2.0
88590000	0.2975796461822591	0.19043037864177847	1.0	1.0	2.0
88600000	0.7870907638011111	0.4685425339000687	1.0	1.0	2.0
88610000	0.5719254228232279	0.2799786519911784	1.0	1.0	2.0
88620000	0.6328937422019216	0.22840889750255775	1.0	1.0	2.0
88630000	0.48154265119689466	0.0418740352788942	1.0	1.0	2.0
88640000	1.2423666353041223	0.9612598505410147	1.0	1.0	2.0
88650000	1.4151290111012969	2.075749818531036	1.0	1.0	2.0
88660000	2.491520855967797	0.42459034257243455	1.0	1.0	2.0
88670000	0.09778472817140395	0.09898728683077342	1.0	1.0	2.0
88680000	0.616054271052204	1.2845856346624758	1.0	1.0	2.0
88690000	0.5163138454862316	0.4238265736215257	1.0	1.0	2.0
88700000	2.868837290492527	0.8748288805425924	1.0	1.0	2.0
88710000	0.22964697186544578	0.38953840825215286	1.0	1.0	2.0
88720000	2.237984934901753	1.263440751786082	1.0	1.0	2.0
88730000	1.2695417938668703	1.0821805941986147	1.0	1.0	2.0
88740000	1.1916295366166807	1.5538842182518864	1.0	1.0	2.0
88750000	2.7639676222145217	0.996619617635527	1.0	1.0	2.0
88760000	2.6689585533531752	0.002101159386227219	1.0	1.0	2.0
88770000	0.44211330173433094	0.8741090642348641	1.0	1.0	2.0
88780000	0.10921759389496219	0.002433972645893395	1.0	1.0	2.0
88790000	1.7181820798241187	1.2523123150875168	1.0	1.0	2.0
88800000	0.6190061286762463	0.07983681256003965	1.0	1.0	2.0
88810000	1.4149899838843047	1.0325410803217234	1.0	1.0	2.0
88820000	2.2280638171268294	0.4459322225063641	1.0	1.0	2.0
88830000	1.2711890510215134	1.2734985977555178	1.0	1.0	2.0
88840000	1.0179620078050204	0.4605028869545578	1.0	1.0	2.0
88850000	0.4086261090844526	0.3871046328312451	1.0	1.0	2.0
88860000	0.9337939766918136	0.7172419449304306	1.0	1.0	2.0
88870000	1.7721397094779112	0.09712283877476795	1.0	1.0	2.0
88880000	1.8921967515925306	0.7405791970488184	1.0	1.0	2.0
88890000	0.6062596759120905	1.475559939706546	1.0	1.0	2.0
88900000	0.2833573804028259	0.3971789797939034	1.0	1.0	2.0
88910000	0.6502894726087869	0.36303178416516485	1.0	1.0	2.0
88920000	0.5739838367274289	0.02147800339844132	1.0	1.0	2.0
88930000	0.8075040802513388	2.3088803191818794	1.0	1.0	2.0
88940000	1.4898514627386947	0.19602221093949368	1.0	1.0	2.0
88950000	1.9963422205939536	1.4746795787083304	1.0	1.0	2.0
88960000	1.808708606070771	1.7634880641816268	1.0	1.0	2.0
88970000	0.45887277103637913	0.12191233309300814	1.0	1.0	2.0
88980000	0.914683211047017	0.7848951802767047	1.0	1.0	2.0
88990000	1.107240312811608	0.3850723175534502	1.0	1.0	2.0
89000000	5.046191066811949	0.5204127888052199	1.0	1.0	2.0
89010000	3.075831180132937	0.512303635348371	1.0	1.0	2.0
89020000	1.1406514101152654	0.2451800198491854	1.0	1.0	2.0
89030000	0.9252855428598793	0.11215733410378989	1.0	1.0	2.0
89040000	1.1446057844544786	0.42659201316168915	1.0	1.0	2.0
89050000	1.7485521821602963	0.876629402260591	1.0	1.0	2.0
89060000	2.95256585490871	2.4778238570160234	1.0	1.0	2.0
89070000	1.3175277872452054	1.4675571215058236	1.0	1.0	2.0
89080000	1.7462573260233314	0.16975344208379475	1.0	1.0	2.0
89090000	0.6857586241517806	0.9897619587361886	1.0	1.0	2.0
89100000	0.6540341606902257	1.790743504047981	1.0	1.0	2.0
89110000	2.5935370922348744	0.10339261692178169	1.0	1.0	2.0
89120000	0.8470402308889663	0.0635519920532513	1.0	1.0	2.0
89130000	0.6601091412853713	0.3843151338855462	1.0	1.0	2.0
89140000	0.4748252374110174	0.6990415239122605	1.0	1.0	2.0
89150000	2.4375697020785374	1.1060403279480906	1.0	1.0	2.0
89160000	0.7050270948757483	0.01615107438538927	1.0	1.0	2.0
89170000	3.3974446948746917	0.11133595687023143	1.0	1.0	2.0
89180000	1.3855947023802935	1.4706228359153057	1.0	1.0	2.0
89190000	0.552468151792103	0.42274368302492554	1.0	1.0	2.0
89200000	1.6768269221965584	0.4952485488745346	1.0	1.0	2.0
89210000	2.9201171415466334	0.0745699188477609	1.0	1.0	2.0
89220000	0.7167569042971047	0.49511733494927307	1.0	1.0	2.0
89230000	3.5245566535006194	0.14883516669358993	1.0	1.0	2.0
89240000	1.0660108725904964	0.041896513272285926	1.0	1.0	2.0
89250000	0.15694430525473907	0.38940810806239695	1.0	1.0	2.0
89260000	0.9574345203256834	0.3755927697069801	1.0	1.0	2.0
89270000	0.6933354080422645	0.5686556355622652	1.0	1.0	2.0
89280000	0.36927000665858856	0.37246283289270177	1.0	1.0	2.0
89290000	1.1129597580280062	1.210988958573395	1.0	1.0	2.0
89300000	2.4288732636292623	0.8728107357954671	1.0	1.0	2.0
89310000	1.6966314749439508	0.9686205015101421	1.0	1.0	2.0
89320000	0.9152988297202032	0.5329166071624236	1.0	1.0	2.0
89330000	1.8346204469766045	0.23638248553227956	1.0	1.0	2.0
89340000	0.7602520820903776	0.8393312916722291	1.0	1.0	2.0
89350000	1.99010671030519	1.1899774912836742	1.0	1.0	2.0
89360000	0.41285894170971543	0.1766068762119567	1.0	1.0	2.0
89370000	0.0629307365649134	0.05746530016667813	1.0	1.0	2.0
89380000	1.5436139558317947	0.35207254036102725	1.0	1.0	2.0
89390000	0.393301403923774	0.025197103257354043	1.0	1.0	2.0
89400000	0.09502415379127983	0.04549618685129515	1.0	1.0	2.0
89410000	1.4726810921155995	0.29837974312373217	1.0	1.0	2.0
89420000	3.0307281284786707	0.4837313599970818	1.0	1.0	2.0
89430000	1.3575651915543383	0.7369882383232497	1.0	1.0	2.0
89440000	1.3295344237559081	3.7253896915700695	1.0	1.0	2.0
89450000	1.3642508735739647	0.674995004329363	1.0	1.0	2.0
89460000	6.216361208771287	0.09014155806958625	1.0	1.0	2.0
89470000	0.4915569818765662	0.03080449228250331	1.0	1.0	2.0
89480000	2.0421422183912026	0.868450849255981	1.0	1.0	2.0
89490000	0.7412494907607957	0.08927031112238935	1.0	1.0	2.0
89500000	1.444081545235545	0.4175017155235793	1.0	1.0	2.0
89510000	0.9848475860621448	0.03542463574205201	1.0	1.0	2.0
89520000	0.8032629979668291	0.7493711135187374	1.0	1.0	2.0
89530000	0.7937874743005517	0.36399409031514	1.0	1.0	2.0
89540000	0.8186328321639498	0.3621019400102379	1.0	1.0	2.0
89550000	0.42357015313328783	0.2804242193456808	1.0	1.0	2.0
89560000	1.4382616099409193	0.904461509465342	1.0	1.0	2.0
89570000	2.344678840744279	0.3344944610382847	1.0	1.0	2.0
89580000	1.2539987748896637	0.007128200105417128	1.0	1.0	2.0
89590000	0.9624546771979665	0.28977631023485984	1.0	1.0	2.0
89600000	1.5951713559937155	0.34873089721172557	1.0	1.0	2.0
89610000	0.6398048038549862	0.37575201865791485	1.0	1.0	2.0
89620000	0.4185891539480318	0.03322992042581251	1.0	1.0	2.0
89630000	1.043052563334883	1.5699648172676288	1.0	1.0	2.0
89640000	0.965397099936303	0.12760320810647352	1.0	1.0	2.0
89650000	0.7440147077499227	0.21523910158859258	1.0	1.0	2.0
89660000	0.23901655800208352	0.6276906502786405	1.0	1.0	2.0
89670000	0.8001129296260847	0.11978951829681785	1.0	1.0	2.0
89680000	1.1720357861975754	0.5268323435381401	1.0	1.0	2.0
89690000	0.9464782325765905	0.9954969832028844	1.0	1.0	2.0
89700000	1.276836291645506	0.18947969960051736	1.0	1.0	2.0
89710000	0.7966405371825639	0.5966706132770778	1.0	1.0	2.0
89720000	2.5644999908959876	0.06400889215685948	1.0	1.0	2.0
89730000	0.9175937412150342	0.5096995315574192	1.0	1.0	2.0
89740000	2.2891547984300495	0.35658405675718247	1.0	1.0	2.0
89750000	1.5794873406518493	0.0873450845520173	1.0	1.0	2.0
89760000	1.1441179380166886	3.013287471240432	1.0	1.0	2.0
89770000	0.6991867946489377	0.5214098122294514	1.0	1.0	2.0
89780000	2.235291489614055	1.0455109305567156	1.0	1.0	2.0
89790000	0.3441914722124345	0.23727261194506874	1.0	1.0	2.0
89800000	0.5358493431814391	0.44052244928484563	1.0	1.0	2.0
89810000	0.4563056550685439	0.27416953610839145	1.0	1.0	2.0
89820000	0.5763367979853595	0.02015746094484742	1.0	1.0	2.0
89830000	2.9760017237647443	0.8484011219164286	1.0	1.0	2.0
89840000	0.6220582224841292	0.08156414018454394	1.0	1.0	2.0
89850000	1.3652328288324045	0.7732007622069251	1.0	1.0	2.0
89860000	5.4641377116424	0.10869648047652487	1.0	1.0	2.0
89870000	3.528789307607328	0.5890895109773314	1.0	1.0	2.0
89880000	1.2562147215834494	0.19301876059726858	1.0	1.0	2.0
89890000	0.4499349126264051	0.034714029750209735	1.0	1.0	2.0
89900000	0.612536368090096	0.9591451544123479	1.0	1.0	2.0
89910000	0.9201752967693969	0.5567787764441817	1.0	1.0	2.0
89920000	0.24696538719187208	0.4497753759858319	1.0	1.0	2.0
89930000	2.2412118667079097	0.2490940203947665	1.0	1.0	2.0
89940000	0.28229040144579404	0.12870389882591338	1.0	1.0	2.0
89950000	0.5278022990773567	0.14695999296948525	1.0	1.0	2.0
89960000	1.6897247159071707	0.5410442600992328	1.0	1.0	2.0
89970000	0.2148455948254694	0.17896775398395928	1.0	1.0	2.0
89980000	1.2619991194348283	1.0012409081405145	1.0	1.0	2.0
89990000	1.9980915153031429	1.9961086026383985	1.0	1.0	2.0
90000000	1.4937721414358205	0.7012464590709143	1.0	1.0	2.0
90010000	1.0784869916043183	1.0209227286809288	1.0	1.0	2.0
90020000	2.951576052247616	0.16252012180557368	1.0	1.0	2.0
90030000	1.6833666634814184	0.13636862262141156	1.0	1.0	2.0
90040000	2.7301618085129724	0.34544322552246287	1.0	1.0	2.0
90050000	1.875363197278988	0.23378742697768515	1.0	1.0	2.0
90060000	2.4687969901693934	0.015768446413831943	1.0	1.0	2.0
90070000	0.633454236946634	0.3078697238499838	1.0	1.0	2.0
90080000	1.1242865206578243	0.17281557603755932	1.0	1.0	2.0
90090000	1.7464614213275502	0.2915810817731966	1.0	1.0	2.0
90100000	0.75930830314581	1.8242680718897513	1.0	1.0	2.0
90110000	1.4823750712487338	0.07664822793338577	1.0	1.0	2.0
90120000	0.8866999239450162	0.24449278287516257	1.0	1.0	2.0
90130000	0.42121741783269134	0.08202544130607467	1.0	1.0	2.0
90140000	1.2697721146695915	0.7569897103057242	1.0	1.0	2.0
90150000	0.9263593965614749	2.091413822055052	1.0	1.0	2.0
90160000	0.7393524174177015	1.3387621142710853	1.0	1.0	2.0
90170000	0.8751262872877531	0.274284532540389	1.0	1.0	2.0
90180000	0.39716213565067754	0.047263127587647294	1.0	1.0	2.0
90190000	1.2819364525612111	1.858037533908616	1.0	1.0	2.0
90200000	2.263961595349978	1.2842980837257725	1.0	1.0	2.0
90210000	1.3006324847680304	0.815643075366171	1.0	1.0	2.0
90220000	0.16507597208702476	0.010549998009190832	1.0	1.0	2.0
90230000	0.3538167473394475	0.22257455403020976	1.0	1.0	2.0
90240000	0.15539153680239123	0.061484807296979284	1.0	1.0	2.0
90250000	0.4219912196019141	0.13683585933841227	1.0	1.0	2.0
90260000	0.11333445832803385	0.024127827718409968	1.0	1.0	2.0
90270000	0.3769616654486889	0.7021413213177871	1.0	1.0	2.0
90280000	1.635393300753825	1.1008131890989226	1.0	1.0	2.0
90290000	1.3022250935305995	0.2857453102940042	1.0	1.0	2.0
90300000	0.131392960244565	0.4738408152549194	1.0	1.0	2.0
90310000	5.329524959861965	0.5325810056241036	1.0	1.0	2.0
90320000	0.42212836863286796	0.5338394694896611	1.0	1.0	2.0
90330000	2.888857451732445	1.0878758609725239	1.0	1.0	2.0
90340000	0.9449237559189115	0.6960116541129893	1.0	1.0	2.0
90350000	0.34325587761637866	0.34196191329870756	1.0	1.0	2.0
90360000	1.0485185042632628	1.546003313334429	1.0	1.0	2.0
90370000	0.6908486342877721	0.9638470612005039	1.0	1.0	2.0
90380000	2.6560407746668395	0.047650711124218516	1.0	1.0	2.0
90390000	1.2289053247502864	0.44660651575632804	1.0	1.0	2.0
90400000	2.9953088757785893	0.8214284473296295	1.0	1.0	2.0
90410000	0.8210141291306032	1.109019977257232	1.0	1.0	2.0
90420000	1.2513119697622856	0.7925014240441084	1.0	1.0	2.0
90430000	0.46368855682173254	0.3037615800993406	1.0	1.0	2.0
90440000	0.5849068595118134	0.04900851694943423	1.0	1.0	2.0
90450000	1.6979718532180792	1.2086120216365162	1.0	1.0	2.0
90460000	0.7724222293626745	0.09742380680968452	1.0	1.0	2.0
90470000	3.8952271326282606	0.7656672422325961	1.0	1.0	2.0
90480000	3.424478059406497	2.4126525137686516	1.0	1.0	2.0
90490000	2.0431849166073093	1.1647522476002572	1.0	1.0	2.0
90500000	0.1797405637843695	0.21774412485655392	1.0	1.0	2.0
90510000	3.9904659500355772	3.173234558311186	1.0	1.0	2.0
90520000	0.5336129403927318	0.39156027071123833	1.0	1.0	2.0
90530000	1.0151252451528252	0.26118046926739436	1.0	1.0	2.0
90540000	0.7111640865452997	0.1104193932111716	1.0	1.0	2.0
90550000	0.21743566007939893	0.25134941445815795	1.0	1.0	2.0
90560000	3.689402400075786	1.0453741130406973	1.0	1.0	2.0
90570000	0.16273161158796648	0.3591912321796932	1.0	1.0	2.0
90580000	2.2411610843046743	1.210733563976828	1.0	1.0	2.0
90590000	1.3996460710850387	0.06689282455970742	1.0	1.0	2.0
90600000	0.9015608431899639	0.16612311755340087	1.0	1.0	2.0
90610000	2.1676811280215715	0.04837048136201728	1.0	1.0	2.0
90620000	1.7977400488008866	4.2780296935635995	1.0	1.0	2.0
90630000	0.795687806255641	0.3405743118952991	1.0	1.0	2.0
90640000	0.5106415190050877	0.464228854161445	1.0	1.0	2.0
90650000	4.035552392656757	0.20380445749178164	1.0	1.0	2.0
90660000	2.008685686810681	0.8321745619591612	1.0	1.0	2.0
90670000	2.541375398271431	0.8609238218085506	1.0	1.0	2.0
90680000	0.3543457875083872	0.0788348579862062	1.0	1.0	2.0
90690000	1.1339413560343226	0.05411798972805631	1.0	1.0	2.0
90700000	1.4777918097214238	0.6515002639699682	1.0	1.0	2.0
90710000	1.063301432492151	0.8989103654740183	1.0	1.0	2.0
90720000	0.25126504065410943	0.922900095667505	1.0	1.0	2.0
90730000	0.35127549230187194	0.3163223675978182	1.0	1.0	2.0
90740000	1.7665527563208654	0.44759512542864643	1.0	1.0	2.0
90750000	0.933348415111307	0.02544045067466249	1.0	1.0	2.0
90760000	5.570545722162056	2.8942282033809406	1.0	1.0	2.0
90770000	0.17779387410235306	0.4519892461714262	1.0	1.0	2.0
90780000	1.537455418710166	0.2710839401622962	1.0	1.0	2.0
90790000	0.15565013881129772	0.10013568267983528	1.0	1.0	2.0
90800000	1.9047788799119145	0.14632663090753928	1.0	1.0	2.0
90810000	0.9080511332497959	0.15404942323907408	1.0	1.0	2.0
90820000	1.3049198205193322	1.100408047513623	1.0	1.0	2.0
90830000	1.2771660741365252	0.8006694349126834	1.0	1.0	2.0
90840000	0.6391890675284084	0.15589353876930867	1.0	1.0	2.0
90850000	0.9219890572936473	0.7364983575717073	1.0	1.0	2.0
90860000	0.6311587609668724	1.2888823317362508	1.0	1.0	2.0
90870000	0.9488793196577385	0.5279994054297703	1.0	1.0	2.0
90880000	1.1753343457591467	1.1584112808591434	1.0	1.0	2.0
90890000	0.6472679367934961	0.13778396253220287	1.0	1.0	2.0
90900000	0.5476957821003499	0.8258144342382151	1.0	1.0	2.0
90910000	1.9929667029859788	1.0130216772493266	1.0	1.0	2.0
90920000	0.9188649916297124	0.20413584360430675	1.0	1.0	2.0
90930000	1.0505262239507185	0.6593808268080613	1.0	1.0	2.0
90940000	0.5105837369474919	0.006679415813524768	1.0	1.0	2.0
90950000	0.3420841980143574	0.20565303794172798	1.0	1.0	2.0
90960000	0.6854686114242898	0.014839112598734877	1.0	1.0	2.0
90970000	3.762013858792409	0.4761523206188916	1.0	1.0	2.0
90980000	2.5598105212735556	2.2126338881767884	1.0	1.0	2.0
90990000	0.7904475275727673	1.524160522431454	1.0	1.0	2.0
91000000	0.33193988000600444	0.6617153446032598	1.0	1.0	2.0
91010000	0.4792362855527074	0.02579018935247571	1.0	1.0	2.0
91020000	0.7608630695521746	0.4645470358597576	1.0	1.0	2.0
91030000	1.6177362814926795	0.4086911283793439	1.0	1.0	2.0
91040000	0.8973888947389391	1.2738413058100324	1.0	1.0	2.0
91050000	1.658703799447804	0.8685564425644692	1.0	1.0	2.0
91060000	0.33834960802845204	1.6704989260763239	1.0	1.0	2.0
91070000	0.7130219757907869	0.5840451643308212	1.0	1.0	2.0
91080000	0.9551742659551605	0.5283139140347031	1.0	1.0	2.0
91090000	0.4883018474091209	0.24712953470947452	1.0	1.0	2.0
91100000	0.3917660016150584	0.44214688783755013	1.0	1.0	2.0
91110000	0.24011180331392595	0.10286065339351604	1.0	1.0	2.0
91120000	0.7806202845163815	0.3437454984169104	1.0	1.0	2.0
91130000	1.015659225592301	0.7185035022034065	1.0	1.0	2.0
91140000	1.2859849562275387	0.6919449922773616	1.0	1.0	2.0
91150000	2.8229125335323504	0.48174794081258027	1.0	1.0	2.0
91160000	1.264839303585689	0.10097260095790345	1.0	1.0	2.0
91170000	0.6890012769876449	0.2647503644642672	1.0	1.0	2.0
91180000	1.828363872671214	0.4922431046863678	1.0	1.0	2.0
91190000	0.29983699105105655	0.881549912914946	1.0	1.0	2.0
91200000	0.3855449009719225	0.3160005771523683	1.0	1.0	2.0
91210000	0.5009381163477803	0.5222076287608637	1.0	1.0	2.0
91220000	1.4803223656073587	0.5811108130219683	1.0	1.0	2.0
91230000	0.9659582134961157	0.18190999246126782	1.0	1.0	2.0
91240000	1.4732016769420335	0.10690165872942448	1.0	1.0	2.0
91250000	1.5428581350427188	0.7956017893785942	1.0	1.0	2.0
91260000	0.7107187843638268	0.009247630655540497	1.0	1.0	2.0
91270000	0.16943848741049297	0.09436785235685344	1.0	1.0	2.0
91280000	0.2904368601652247	0.07482858370882005	1.0	1.0	2.0
91290000	0.006819441530185819	1.4412832025134754	0.0	1.0	1.0
91300000	2.6001702241574565	1.4392999802027404	1.0	1.0	2.0
91310000	0.8616198705410754	0.0719093321841318	1.0	1.0	2.0
91320000	2.496778794143193	0.4199065955845846	1.0	1.0	2.0
91330000	3.5185328193117185	0.15381142568961498	1.0	1.0	2.0
91340000	1.3626668021435524	0.0526601424718719	1.0	1.0	2.0
91350000	1.9644864683986254	2.3405010282559076	1.0	1.0	2.0
91360000	1.678600442431543	0.5962087217165447	1.0	1.0	2.0
91370000	2.5862658455270298	0.12085827133385568	1.0	1.0	2.0
91380000	1.1867376677173243	0.10683068640414548	1.0	1.0	2.0
91390000	4.811453336439949	1.0576974202225191	1.0	1.0	2.0
91400000	2.4178397056079333	2.948282432563125	1.0	1.0	2.0
91410000	0.7388319632222715	0.014137577371321347	1.0	1.0	2.0
91420000	0.6149919763277087	0.06069511664536569	1.0	1.0	2.0
91430000	1.3387435145379458	0.023564773939524615	1.0	1.0	2.0
91440000	0.21174407482325014	0.13579491003276742	1.0	1.0	2.0
91450000	1.2218563061185386	0.07690210522105356	1.0	1.0	2.0
91460000	0.1607598157882611	0.018831943908032965	1.0	1.0	2.0
91470000	0.9373835717715228	0.8746046893001859	1.0	1.0	2.0
91480000	3.4096801124191964	1.096635625703967	1.0	1.0	2.0
91490000	0.4795508818314735	0.35562088952479004	1.0	1.0	2.0
91500000	0.07505583887596629	0.03943045116134047	1.0	1.0	2.0
91510000	0.13852252350008395	0.22801994204448814	1.0	1.0	2.0
91520000	0.3868570343646916	0.6775876771665164	0.0	1.0	1.0
91530000	1.4316534067919435	0.48150908707590434	1.0	1.0	2.0
91540000	0.5781154019545316	0.2940877058198463	1.0	1.0	2.0
91550000	1.3622303295000542	1.3708627337142159	1.0	1.0	2.0
91560000	0.8182831409038515	0.16459280143992266	1.0	1.0	2.0
91570000	1.8797841326985676	0.47482158157543836	1.0	1.0	2.0
91580000	0.40930059196592544	0.15465070832044742	1.0	1.0	2.0
91590000	0.7406137971761211	0.3890654551577812	1.0	1.0	2.0
91600000	2.2544110147269816	0.11916311451054988	1.0	1.0	2.0
91610000	1.5776391368994385	0.807949154538184	1.0	1.0	2.0
91620000	1.2205479500250327	0.19334635985800083	1.0	1.0	2.0
91630000	1.1564060137987844	0.23604544479639283	1.0	1.0	2.0
91640000	1.0548618846470816	4.068815916315777	1.0	1.0	2.0
91650000	0.6381127869127694	0.13953243022661482	1.0	1.0	2.0
91660000	1.0811309138269525	1.1380328225774259	1.0	1.0	2.0
91670000	1.979905737355982	0.2634077489953349	1.0	1.0	2.0
91680000	2.238107159907062	1.8005857102046827	1.0	1.0	2.0
91690000	0.22035556345743765	0.22226151169384384	1.0	1.0	2.0
91700000	0.9959714003467321	0.03295207009350261	1.0	1.0	2.0
91710000	0.550612193045916	0.14141870398695364	1.0	1.0	2.0
91720000	0.3384484859302393	1.0571774211362694	1.0	1.0	2.0
91730000	0.4784059103964121	0.18226199987310834	1.0	1.0	2.0
91740000	2.747984327475663	1.3106306676283206	1.0	1.0	2.0
91750000	3.99660319708774	2.177178748930618	1.0	1.0	2.0
91760000	1.405902185629282	0.01018480272568503	1.0	1.0	2.0
91770000	0.6002837157983463	0.0745055855267954	1.0	1.0	2.0
91780000	0.3589326007832838	0.29085920449522046	1.0	1.0	2.0
91790000	0.3653853626520261	0.4481954909459789	1.0	1.0	2.0
91800000	1.0682172855897851	0.25465746628756386	1.0	1.0	2.0
91810000	2.089196378773543	0.5823696717982806	1.0	1.0	2.0
91820000	2.0938131005807787	0.9326950168406858	1.0	1.0	2.0
91830000	1.5288304671714419	0.720642698384421	1.0	1.0	2.0
91840000	1.1987471237844665	0.01559218845738119	1.0	1.0	2.0
91850000	1.430895617233873	0.0010204947485394516	1.0	1.0	2.0
91860000	1.4654170543619647	0.016998717670840345	1.0	1.0	2.0
91870000	1.395345259096139	0.6803378661101845	1.0	1.0	2.0
91880000	1.0700197703757945	3.4982701246414067	1.0	1.0	2.0
91890000	0.5378684020026059	0.1484804246219017	1.0	1.0	2.0
91900000	0.6608408188082104	0.027279788590942846	1.0	1.0	2.0
91910000	0.283567128501632	0.08865587666180752	1.0	1.0	2.0
91920000	0.4298671229334695	0.5024552256026041	1.0	1.0	2.0
91930000	0.19340750719528874	1.2147185715143292	1.0	1.0	2.0
91940000	0.8293483296028261	0.22438747161065073	1.0	1.0	2.0
91950000	1.5004829317903512	0.5086474354043319	1.0	1.0	2.0
91960000	0.6600707440535641	0.6776115529219351	1.0	1.0	2.0
91970000	3.6389252824425697	1.8360716415473473	1.0	1.0	2.0
91980000	0.3493606817961308	0.19617849680221378	1.0	1.0	2.0
91990000	0.3325120359146829	0.008443230305670185	1.0	1.0	2.0
92000000	2.359909955208485	0.03270650532005286	1.0	1.0	2.0
92010000	1.281911242200495	0.3431741286135432	1.0	1.0	2.0
92020000	1.1245334635355941	0.3255264780983975	1.0	1.0	2.0
92030000	0.512539501774494	1.1880855444346634	1.0	1.0	2.0
92040000	0.6686730637892643	2.313230129306155	1.0	1.0	2.0
92050000	0.9879151035942775	0.4968600233736713	1.0	1.0	2.0
92060000	1.515679449293814	0.21095017355291126	1.0	1.0	2.0
92070000	0.1443516123522856	0.1721831431890354	1.0	1.0	2.0
92080000	1.1203188040113716	0.1686713475497365	1.0	1.0	2.0
92090000	0.5395272093704119	0.5741879821420868	0.0	1.0	1.0
92100000	2.4566453820235497	1.141496185182197	1.0	1.0	2.0
92110000	0.737329746215943	0.6994903160038207	1.0	1.0	2.0
92120000	1.6747495282959357	1.1078142810183853	1.0	1.0	2.0
92130000	2.648483963211407	1.2653755909287674	1.0	1.0	2.0
92140000	1.9099005658416441	0.3042623657256352	1.0	1.0	2.0
92150000	4.391019967738303	0.2988115320269548	1.0	1.0	2.0
92160000	0.6141214688865707	0.012944109123127977	1.0	1.0	2.0
92170000	0.597106484290076	0.33043816651836966	1.0	1.0	2.0
92180000	3.4645216424142316	0.5790478857773202	1.0	1.0	2.0
92190000	6.950150105055238	0.5242075071673716	1.0	1.0	2.0
92200000	0.9808270944970345	0.35972480838572296	1.0	1.0	2.0
92210000	1.6694397552656757	1.5006098615543617	1.0	1.0	2.0
92220000	0.7571368446169294	0.9086048533482529	1.0	1.0	2.0
92230000	0.369860552835325	0.21832516598767446	1.0	1.0	2.0
92240000	0.4361866239571638	1.088693714843989	1.0	1.0	2.0
92250000	1.3210592498529525	0.245748928470894	1.0	1.0	2.0
92260000	1.1170911338184641	0.5767837360824163	1.0	1.0	2.0
92270000	2.5796381370184505	0.966113160221589	1.0	1.0	2.0
92280000	0.7514630621545949	0.5091548986758696	1.0	1.0	2.0
92290000	0.9820878815342725	0.4658112270452125	1.0	1.0	2.0
92300000	0.760495741508415	1.0714358920887137	1.0	1.0	2.0
92310000	0.5212591456005948	0.1559366741596337	1.0	1.0	2.0
92320000	0.04695794553941352	0.11260490623922599	1.0	1.0	2.0
92330000	0.5129653610124113	0.21034131889657234	1.0	1.0	2.0
92340000	0.43004005910756893	0.17296872110283734	1.0	1.0	2.0
92350000	0.6411859185372868	0.7462664703570048	1.0	1.0	2.0
92360000	2.751507330633651	3.195101022993235	1.0	1.0	2.0
92370000	0.3412846482703699	0.630228494481392	1.0	1.0	2.0
92380000	1.5370224963615469	0.09364106554611629	1.0	1.0	2.0
92390000	0.22248259356840816	0.0839766820351496	1.0	1.0	2.0
92400000	1.8028992329067772	0.14519912659061937	1.0	1.0	2.0
92410000	2.183635347539772	0.2467425873201152	1.0	1.0	2.0
92420000	0.27862103555726564	0.4041598866514025	1.0	1.0	2.0
92430000	1.819553018680422	0.4785770073143424	1.0	1.0	2.0
92440000	0.7387924933642622	0.41525361869052885	1.0	1.0	2.0
92450000	1.5993675382801633	0.07123582685940494	1.0	1.0	2.0
92460000	1.393253150047179	1.4526950236464276	1.0	1.0	2.0
92470000	1.7735945218813036	0.08548026191650279	1.0	1.0	2.0
92480000	3.631783840476754	0.19943380167323996	1.0	1.0	2.0
92490000	0.37586246276682844	1.0170925644774775	1.0	1.0	2.0
92500000	1.6035206226040832	0.5548832791763136	1.0	1.0	2.0
92510000	1.6671388528710633	0.5249257625817858	1.0	1.0	2.0
92520000	0.392538215091281	0.41821334684635375	1.0	1.0	2.0
92530000	1.477806487022468	1.5913063419684619	1.0	1.0	2.0
92540000	0.4144683393531075	0.23162201739819907	1.0	1.0	2.0
92550000	0.9973874573367569	0.5420182617569906	1.0	1.0	2.0
92560000	0.7638429140096373	1.1448105844940155	1.0	1.0	2.0
92570000	0.8100923198394494	0.009959638831788685	1.0	1.0	2.0
92580000	0.5472371961908898	0.0462056635600512	1.0	1.0	2.0
92590000	0.7277208062322432	1.4433757933917966	1.0	1.0	2.0
92600000	0.6704973987010707	0.06733360187115588	1.0	1.0	2.0
92610000	0.6756857292788406	1.8168931205410912	1.0	1.0	2.0
92620000	1.3964394993054032	0.30542848513221244	1.0	1.0	2.0
92630000	0.21510761464865932	0.04992506413204869	1.0	1.0	2.0
92640000	0.753934157102087	1.622706728028983	1.0	1.0	2.0
92650000	0.5936546845248637	0.3249462743756685	1.0	1.0	2.0
92660000	0.3699321763601388	0.130618163386564	1.0	1.0	2.0
92670000	2.4907865275512293	1.416935356094603	1.0	1.0	2.0
92680000	0.4997196930920546	0.1477811265223992	1.0	1.0	2.0
92690000	1.8935608058538682	1.003795205126332	1.0	1.0	2.0
92700000	0.4652215700594843	0.3569145029086837	1.0	1.0	2.0
92710000	2.7058433016546815	0.7033380981692291	1.0	1.0	2.0
92720000	1.0367977528559982	0.1672963685271416	1.0	1.0	2.0
92730000	1.5850560458236331	0.2016414630333029	1.0	1.0	2.0
92740000	2.1035948494580814	0.03417220975438489	1.0	1.0	2.0
92750000	0.5857088364945094	0.07486020491340348	1.0	1.0	2.0
92760000	0.8755381132072521	1.0024529406174905	1.0	1.0	2.0
92770000	1.9706225616759458	0.3368122378857586	1.0	1.0	2.0
92780000	1.7827500859683862	1.9711219196372727	1.0	1.0	2.0
92790000	2.875077382022738	1.1936492901726135	1.0	1.0	2.0
92800000	0.45991266757815175	1.5000392426079125	1.0	1.0	2.0
92810000	0.44433215599377585	0.6801874596514652	1.0	1.0	2.0
92820000	0.39007326437345563	0.47614175393791247	1.0	1.0	2.0
92830000	4.078370174350427	1.446048612205292	1.0	1.0	2.0
92840000	1.0569273036368343	0.5502881172973866	1.0	1.0	2.0
92850000	0.07097526709869036	0.23981505988730387	1.0	1.0	2.0
92860000	2.4943883787874395	1.4153353624065157	1.0	1.0	2.0
92870000	1.3659824489453183	0.8785863932216523	1.0	1.0	2.0
92880000	4.75231495806336	1.5613080680907347	1.0	1.0	2.0
92890000	1.1266969520343022	0.34750208256409587	1.0	1.0	2.0
92900000	2.605885432473492	0.19410390224370763	1.0	1.0	2.0
92910000	0.6818416109439795	1.6963531214862815	1.0	1.0	2.0
92920000	1.9469184256712986	0.1387984415804788	1.0	1.0	2.0
92930000	0.7769434127420274	0.4113085987364513	1.0	1.0	2.0
92940000	0.8948359321595304	0.6756054390879863	1.0	1.0	2.0
92950000	0.7967502294810491	0.8923304883781544	1.0	1.0	2.0
92960000	1.4703288643356527	0.39634964109437254	1.0	1.0	2.0
92970000	2.0645794880853647	0.06523364837155181	1.0	1.0	2.0
92980000	0.6635932719477942	0.06279212652409438	1.0	1.0	2.0
92990000	1.3091551023244006	0.14968388305129365	1.0	1.0	2.0
93000000	0.638037829594423	2.1848557441900716	0.0	1.0	1.0
93010000	5.345768615997117	0.7799070120326931	1.0	1.0	2.0
93020000	0.9912992236206937	0.4106900331727911	1.0	1.0	2.0
93030000	0.5983858174035541	0.2820171308540468	1.0	1.0	2.0
93040000	0.7674712874800281	0.08997252844125242	1.0	1.0	2.0
93050000	0.979805262482691	0.23582316760403715	1.0	1.0	2.0
93060000	2.1595148327561655	0.6398818212695869	1.0	1.0	2.0
93070000	0.24180280149915942	0.14245047604715833	1.0	1.0	2.0
93080000	0.2600499368646282	0.5389646389271161	1.0	1.0	2.0
93090000	0.20877016373221477	0.34650714882549316	1.0	1.0	2.0
93100000	3.5646344012400637	1.8296029911846485	1.0	1.0	2.0
93110000	1.2624975020288316	0.4247607848852506	1.0	1.0	2.0
93120000	1.660529095259138	0.43754523785907273	1.0	1.0	2.0
93130000	1.326165554478876	1.6119707934320013	1.0	1.0	2.0
93140000	0.7843386224698178	1.1852037471923418	1.0	1.0	2.0
93150000	4.417116145836821	0.46467197928149606	1.0	1.0	2.0
93160000	1.412420175824426	0.5449975711557458	1.0	1.0	2.0
93170000	0.9705953378112534	0.5994470954397999	1.0	1.0	2.0
93180000	4.346201038096707	1.4183545119123104	1.0	1.0	2.0
93190000	1.0763862328545324	0.11031013928608324	1.0	1.0	2.0
93200000	0.5148922426432828	0.7364102488916587	1.0	1.0	2.0
93210000	0.6468230563091845	0.2998160233856631	1.0	1.0	2.0
93220000	1.0834807306960679	1.7258787252990533	1.0	1.0	2.0
93230000	0.7687577172361597	0.5721413479730479	1.0	1.0	2.0
93240000	4.9244156396603485	2.388089578295765	1.0	1.0	2.0
93250000	1.5784562048941833	0.3036648443846885	1.0	1.0	2.0
93260000	1.173724917540237	0.29979576149411785	1.0	1.0	2.0
93270000	1.284374490976816	0.9325005417023481	1.0	1.0	2.0
93280000	0.3075839674355466	0.3687487727390086	1.0	1.0	2.0
93290000	0.6078285927737578	1.1173787586234336	1.0	1.0	2.0
93300000	2.0735940534913886	0.920607719318424	1.0	1.0	2.0
93310000	1.7756864197547115	0.24149884290408127	1.0	1.0	2.0
93320000	1.6089457473357158	2.0232832586885663	1.0	1.0	2.0
93330000	2.4205069884488815	2.9176120049968866	1.0	1.0	2.0
93340000	1.20870510657778	0.17980353954783523	1.0	1.0	2.0
93350000	0.5654609559327526	0.19564793795334348	1.0	1.0	2.0
93360000	0.354859624270595	0.03356734196424669	1.0	1.0	2.0
93370000	0.59498562572399	0.05539047073621512	1.0	1.0	2.0
93380000	2.39080171804529	0.6102314181746951	1.0	1.0	2.0
93390000	1.44165731411375	0.548568631303931	1.0	1.0	2.0
93400000	0.47666467202043106	0.06928224836203563	1.0	1.0	2.0
93410000	3.9996754674447756	0.2837422040754182	1.0	1.0	2.0
93420000	0.7101090331562696	0.5537462115114719	1.0	1.0	2.0
93430000	1.3896280954565903	0.05097064838968888	1.0	1.0	2.0
93440000	0.16420659183222844	0.0015607771566352286	1.0	1.0	2.0
93450000	1.1828866504920663	0.8806847795852466	1.0	1.0	2.0
93460000	1.6710650777931229	0.037668189061418056	1.0	1.0	2.0
93470000	0.7450845593174366	0.001156131785753564	1.0	1.0	2.0
93480000	0.7074957563444257	1.18748210186832	1.0	1.0	2.0
93490000	3.5049237382997718	0.7230282421139954	1.0	1.0	2.0
93500000	0.6552526335513182	2.2896175947476736	1.0	1.0	2.0
93510000	1.6326514953489404	0.3117168598212194	1.0	1.0	2.0
93520000	0.31648213660530145	0.29884941248691815	1.0	1.0	2.0
93530000	1.9622257963295844	0.1692836030199304	1.0	1.0	2.0
93540000	2.971060709894146	0.11941508235960482	1.0	1.0	2.0
93550000	0.9483872359234405	0.4479829145908371	1.0	1.0	2.0
93560000	1.0906190060932526	0.4752143271000475	1.0	1.0	2.0
93570000	0.1521740399356654	0.7062662194409237	1.0	1.0	2.0
93580000	0.9030962071218107	0.08089496172201463	1.0	1.0	2.0
93590000	0.525241290270691	0.04988010812216698	1.0	1.0	2.0
93600000	3.071647279943189	0.062146594975903205	1.0	1.0	2.0
93610000	0.15101692069113432	0.047191480860190455	1.0	1.0	2.0
93620000	2.1532969625345917	0.04594856757970381	1.0	1.0	2.0
93630000	1.490426530461238	0.6157957778890604	1.0	1.0	2.0
93640000	1.8516565784375862	1.3054106293536516	1.0	1.0	2.0
93650000	0.8501146303951168	0.41113710289963284	1.0	1.0	2.0
93660000	2.1429996066751587	0.13447383311533165	1.0	1.0	2.0
93670000	1.7030743938635675	0.41100168405932574	1.0	1.0	2.0
93680000	0.33429451226757045	0.1684410410537391	1.0	1.0	2.0
93690000	0.5907700548327789	1.3875251724887214	1.0	1.0	2.0
93700000	1.9933244441146047	1.309779785476053	1.0	1.0	2.0
93710000	0.2071290462752531	0.07562654737288267	1.0	1.0	2.0
93720000	0.5332076512858278	0.08234024700650604	1.0	1.0	2.0
93730000	2.4340773203221686	0.9401515691124699	1.0	1.0	2.0
93740000	2.1780666544720093	0.29108887411359957	1.0	1.0	2.0
93750000	0.633538722844301	1.262897098839869	1.0	1.0	2.0
93760000	0.46034827527804556	0.6037925468717565	1.0	1.0	2.0
93770000	1.420457450100897	1.273747550874901	1.0	1.0	2.0
93780000	0.3078554675204436	0.9627584679107397	1.0	1.0	2.0
93790000	2.778169261783325	1.020890529021937	1.0	1.0	2.0
93800000	0.6074081405149124	0.13067653899609302	1.0	1.0	2.0
93810000	1.23360804469799	1.643229671117836	1.0	1.0	2.0
93820000	1.6960620938435607	2.716510461199116	1.0	1.0	2.0
93830000	1.792164205360568	0.056994137286510545	1.0	1.0	2.0
93840000	1.7146304562148238	1.7757087518635606	1.0	1.0	2.0
93850000	0.48226814254283135	0.5562607056567159	1.0	1.0	2.0
93860000	2.4471734714345836	3.826185670467163	1.0	1.0	2.0
93870000	0.3121777351069449	0.3202348893314604	1.0	1.0	2.0
93880000	0.42642323806026117	0.005138006174884326	1.0	1.0	2.0
93890000	0.5896789204401905	1.3255859847394453	1.0	1.0	2.0
93900000	1.737991559785666	1.2275068135722844	1.0	1.0	2.0
93910000	1.0139412819363225	0.19580715364680767	1.0	1.0	2.0
93920000	0.4973102696964828	0.22221960044978764	1.0	1.0	2.0
93930000	1.5799857787545115	0.25755617508630807	1.0	1.0	2.0
93940000	0.7731289077325406	0.7428658987854663	1.0	1.0	2.0
93950000	0.9666321621536844	0.13242483316762996	1.0	1.0	2.0
93960000	0.5556272021117954	0.10978739148891108	1.0	1.0	2.0
93970000	0.42921888284220683	0.49099554046813576	1.0	1.0	2.0
93980000	1.8227499778304552	0.8209107120829959	1.0	1.0	2.0
93990000	0.9959010815880154	0.06869214637864371	1.0	1.0	2.0
94000000	0.8243181011008915	0.7466745642833296	1.0	1.0	2.0
94010000	1.1733729156579704	2.80961490026081	1.0	1.0	2.0
94020000	0.5918501421416386	0.4614188908371069	1.0	1.0	2.0
94030000	2.597052677131119	1.9117874953125324	1.0	1.0	2.0
94040000	5.600176527525563	0.04257037806178927	1.0	1.0	2.0
94050000	0.9283824231630967	0.0032758139942422014	1.0	1.0	2.0
94060000	2.0675030498042837	0.3868389433927437	1.0	1.0	2.0
94070000	0.5649599894313716	1.4792154916478752	1.0	1.0	2.0
94080000	1.5669084758938092	1.669538130393548	1.0	1.0	2.0
94090000	2.0455099876076215	1.5304847615869817	1.0	1.0	2.0
94100000	1.8947151085628993	0.3578494478735115	1.0	1.0	2.0
94110000	0.7801873959998187	0.26349013823715195	1.0	1.0	2.0
94120000	0.18545261924707349	0.5813530987294635	1.0	1.0	2.0
94130000	0.5539846360995211	0.325040943072373	1.0	1.0	2.0
94140000	1.540614719752012	1.3809843940452369	1.0	1.0	2.0
94150000	1.2239805709259974	0.6860835493812429	1.0	1.0	2.0
94160000	0.4107025524038464	0.39984055141913855	1.0	1.0	2.0
94170000	1.3611859447542989	0.5076858962222519	1.0	1.0	2.0
94180000	0.46787036465208476	0.13879599957171543	1.0	1.0	2.0
94190000	0.5471184611243762	0.4403017587973827	1.0	1.0	2.0
94200000	0.6366555658142398	0.00774388747226915	1.0	1.0	2.0
94210000	1.974807113986232	1.2835065795495042	1.0	1.0	2.0
94220000	0.5624141432765118	0.8122196574585017	1.0	1.0	2.0
94230000	0.259002517583827	0.33839226582672094	1.0	1.0	2.0
94240000	5.033093926427249	2.0043126926176544	1.0	1.0	2.0
94250000	0.7186492909155373	0.035768301243827835	1.0	1.0	2.0
94260000	0.3613520580597568	0.17595813231269258	1.0	1.0	2.0
94270000	1.8531557973753017	0.1434897811096657	1.0	1.0	2.0
94280000	0.4840855406614689	0.43476218358035174	1.0	1.0	2.0
94290000	1.2829452417324316	1.4555666914565484	1.0	1.0	2.0
94300000	0.7784963409506258	0.04352333832324603	1.0	1.0	2.0
94310000	2.135615423733268	0.2917849855668947	1.0	1.0	2.0
94320000	1.0126026687831169	1.079918067202663	1.0	1.0	2.0
94330000	0.5879290964844159	0.16225692176427894	1.0	1.0	2.0
94340000	1.5623697185899703	0.5272368262245388	1.0	1.0	2.0
94350000	1.0639689832197914	0.06588304552294577	1.0	1.0	2.0
94360000	1.2197682564984136	0.8143617090093733	1.0	1.0	2.0
94370000	2.1026145602050894	0.16242961347799265	1.0	1.0	2.0
94380000	1.1932232129099565	0.2988914954852514	1.0	1.0	2.0
94390000	0.7982427216189337	0.615228091965278	1.0	1.0	2.0
94400000	0.6792002671407084	0.18226688254011653	1.0	1.0	2.0
94410000	2.1809066445991916	1.5710968726108097	1.0	1.0	2.0
94420000	0.20720229857651498	0.001026441588912423	1.0	1.0	2.0
94430000	0.34138791558452175	0.03848030069747895	1.0	1.0	2.0
94440000	0.5662735773940103	0.2183581090120807	1.0	1.0	2.0
94450000	1.5777990478309303	0.3345946482255361	1.0	1.0	2.0
94460000	3.1433170417607736	2.864010084727318	1.0	1.0	2.0
94470000	0.45888410295881077	0.10986624757855191	1.0	1.0	2.0
94480000	1.7184445724008264	2.823303272591982	1.0	1.0	2.0
94490000	1.253553045338313	0.3831564530677615	1.0	1.0	2.0
94500000	0.5742550501487339	0.32258726301907065	1.0	1.0	2.0
94510000	0.6918224954622251	0.9222290048907189	1.0	1.0	2.0
94520000	0.3375260044343603	0.02585213243877111	1.0	1.0	2.0
94530000	3.8198368361576147	3.534407468178585	1.0	1.0	2.0
94540000	1.4189033093722305	0.7880766371583383	1.0	1.0	2.0
94550000	0.5055252262603257	0.002673758878433754	1.0	1.0	2.0
94560000	0.7399274865369372	0.9670425886892138	1.0	1.0	2.0
94570000	2.1328747990316512	0.27911228427153356	1.0	1.0	2.0
94580000	0.7154958802058786	0.04788010328668876	1.0	1.0	2.0
94590000	1.736079291812212	0.4562965637540161	1.0	1.0	2.0
94600000	4.996562730083051	0.9055731033804231	1.0	1.0	2.0
94610000	1.4327632943994566	0.23357184643835066	1.0	1.0	2.0
94620000	3.7752862705871597	0.912933998664136	1.0	1.0	2.0
94630000	1.136382557667275	0.7433413634838718	0.0	1.0	1.0
94640000	2.88259911227723	0.8131123385264688	1.0	1.0	2.0
94650000	1.4378468005158846	0.004364624580358188	1.0	1.0	2.0
94660000	1.3594604168188005	0.7994566772692178	1.0	1.0	2.0
94670000	0.7376660443716856	0.4296098828784742	1.0	1.0	2.0
94680000	2.302908551770026	1.035820222548781	1.0	1.0	2.0
94690000	0.8693140952466858	0.7189471652216317	1.0	1.0	2.0
94700000	1.0061020064728983	0.2631616877877513	1.0	1.0	2.0
94710000	0.45790701534326594	0.14713767228643945	1.0	1.0	2.0
94720000	0.8456708916372037	1.254803443966417	1.0	1.0	2.0
94730000	0.7150393127445518	0.22728491680554766	1.0	1.0	2.0
94740000	0.32031019276344996	0.825249336248238	1.0	1.0	2.0
94750000	1.6040497292482707	0.1609689090407727	1.0	1.0	2.0
94760000	0.904174619799955	0.25493157813862766	1.0	1.0	2.0
94770000	5.798305234453392	0.8858741531933434	1.0	1.0	2.0
94780000	1.5661015189596168	1.0341603368742918	1.0	1.0	2.0
94790000	3.553259301209219	0.2869516221412607	1.0	1.0	2.0
94800000	1.1050568597407813	0.07419933330296934	1.0	1.0	2.0
94810000	0.33205356333351144	0.5282446168433585	1.0	1.0	2.0
94820000	1.5895433702911077	0.3073317213328509	1.0	1.0	2.0
94830000	3.0183947946636196	0.7802426999018	1.0	1.0	2.0
94840000	0.3853262971359562	0.0697433614584372	1.0	1.0	2.0
94850000	0.7541244636945549	0.21104898262926616	1.0	1.0	2.0
94860000	0.10478124618275161	0.09651398062348608	1.0	1.0	2.0
94870000	2.097634452224956	2.1678341757510124	1.0	1.0	2.0
94880000	0.9317418473870918	0.26626227803490776	1.0	1.0	2.0
94890000	0.42403283149731336	0.22668057826842025	1.0	1.0	2.0
94900000	0.48525050561344846	0.2598002876333808	1.0	1.0	2.0
94910000	1.6360987174762187	0.6402419220945443	1.0	1.0	2.0
94920000	0.8571480633291686	0.41993186412677713	1.0	1.0	2.0
94930000	4.564784857433729	1.185600830045194	1.0	1.0	2.0
94940000	2.233936523151712	1.3439903479757342	1.0	1.0	2.0
94950000	0.7187801537069333	0.30972015841842865	1.0	1.0	2.0
94960000	0.4988717316068787	0.3614577136093652	1.0	1.0	2.0
94970000	0.8268726061899508	1.143284603795371	1.0	1.0	2.0
94980000	3.11206087076721	0.5460514221878131	1.0	1.0	2.0
94990000	0.5438128279868122	2.21804230861284	1.0	1.0	2.0
95000000	0.5104618277384879	0.8983688931316531	1.0	1.0	2.0
95010000	2.6757372085692968	0.14480520552089757	1.0	1.0	2.0
95020000	0.03676934005190514	0.15536892088017734	1.0	1.0	2.0
95030000	1.538899543248971	0.4641573784741989	1.0	1.0	2.0
95040000	0.04934364553293691	0.053580031484350726	1.0	1.0	2.0
95050000	1.2195176204876308	0.7588939497209168	1.0	1.0	2.0
95060000	1.0475142481217454	0.23746431453034741	1.0	1.0	2.0
95070000	1.0038071136934392	0.6580221372422881	1.0	1.0	2.0
95080000	1.7614699193198697	0.4640358001311622	1.0	1.0	2.0
95090000	1.0333473422045643	0.09746752349459782	1.0	1.0	2.0
95100000	4.1794725679981015	0.7615529791701258	1.0	1.0	2.0
95110000	1.3845648076185855	0.6434180455317757	1.0	1.0	2.0
95120000	1.9355693156602485	1.235677610134138	1.0	1.0	2.0
95130000	1.2663317747799858	0.3461663686282861	1.0	1.0	2.0
95140000	2.126309399227838	0.04566387902038698	1.0	1.0	2.0
95150000	2.08467556547412	1.943554504419155	1.0	1.0	2.0
95160000	1.966797570943163	1.3566396806332586	1.0	1.0	2.0
95170000	1.2899826451272238	0.16669197758357887	1.0	1.0	2.0
95180000	0.25709166754726015	0.3648303064724988	1.0	1.0	2.0
95190000	0.6605992020840983	0.5767323247718793	1.0	1.0	2.0
95200000	1.32120262169072	0.5837229126045221	1.0	1.0	2.0
95210000	1.4514610599551014	0.30962214705388547	1.0	1.0	2.0
95220000	0.8961340448237385	0.14879920495190704	1.0	1.0	2.0
95230000	0.845073538432065	0.5889600072405583	1.0	1.0	2.0
95240000	0.6103473660446888	0.14065647352469263	1.0	1.0	2.0
95250000	1.3638475172945808	0.2176553610658791	1.0	1.0	2.0
95260000	1.331692099794615	0.5909977907215951	1.0	1.0	2.0
95270000	0.11806751721033883	0.26974984433023574	1.0	1.0	2.0
95280000	1.1328245604427083	0.06199277248355928	1.0	1.0	2.0
95290000	0.6475428915421734	0.37966061095094167	1.0	1.0	2.0
95300000	0.2934743940950635	0.01164096961905142	1.0	1.0	2.0
95310000	0.21688693224101221	0.1545267225807875	1.0	1.0	2.0
95320000	0.6611107112638523	0.3672610198652712	1.0	1.0	2.0
95330000	1.0848430115330288	0.41919152960840916	1.0	1.0	2.0
95340000	1.4219856852886978	0.9019125249642919	1.0	1.0	2.0
95350000	0.12026228841394197	0.13616553401038212	1.0	1.0	2.0
95360000	1.966535044938306	0.1884999125512307	1.0	1.0	2.0
95370000	0.9369069532330675	0.10934132355678124	1.0	1.0	2.0
95380000	0.9040480780956331	0.10931657872808256	1.0	1.0	2.0
95390000	0.2065875055709214	0.0854694912247664	1.0	1.0	2.0
95400000	0.4580508757285344	1.2174682748203063	1.0	1.0	2.0
95410000	1.824434700365639	0.8957520641299543	1.0	1.0	2.0
95420000	0.9573094137532243	0.17279154051115106	1.0	1.0	2.0
95430000	3.3152668931937717	1.0636596299072005	1.0	1.0	2.0
95440000	1.7069210786316007	1.1116512493230137	1.0	1.0	2.0
95450000	0.5772096505643816	1.1248906447239069	1.0	1.0	2.0
95460000	1.633579163436683	0.6689358997309732	1.0	1.0	2.0
95470000	3.2045681543109192	0.6903017895597005	1.0	1.0	2.0
95480000	1.7663016408703485	0.04719549037487451	1.0	1.0	2.0
95490000	0.43349333860862715	0.045079554353039744	1.0	1.0	2.0
95500000	0.11266842683582728	0.07628357658596423	1.0	1.0	2.0
95510000	0.9735864986047291	0.40418232293757794	1.0	1.0	2.0
95520000	1.8169462525659312	0.14719785108181965	1.0	1.0	2.0
95530000	1.0822715697458027	0.4629468692851694	1.0	1.0	2.0
95540000	0.027447176054581985	0.07877022094961389	1.0	1.0	2.0
95550000	1.3973985098439183	1.6739352553902014	1.0	1.0	2.0
95560000	0.492783201223648	0.6951104947563637	1.0	1.0	2.0
95570000	0.3899149168071707	0.39443065739171024	1.0	1.0	2.0
95580000	0.16308022604715652	0.10316785981224545	1.0	1.0	2.0
95590000	1.1323442949314668	0.0821513247196181	1.0	1.0	2.0
95600000	0.9431808334003398	0.17668479368169346	1.0	1.0	2.0
95610000	0.835416744875977	0.39833825155256664	1.0	1.0	2.0
95620000	0.6096800366463	0.0850146704964844	1.0	1.0	2.0
95630000	0.9319277694572965	0.49234811819684193	1.0	1.0	2.0
95640000	0.6646738583854949	0.15409275335214187	1.0	1.0	2.0
95650000	0.46411101281631445	0.06162670466547831	1.0	1.0	2.0
95660000	1.8444081525543532	1.7263234772777916	1.0	1.0	2.0
95670000	6.577972837500914	0.029792989406861106	1.0	1.0	2.0
95680000	4.8411002976652675	0.561872617485163	1.0	1.0	2.0
95690000	0.5509167174554022	0.6726599771694091	1.0	1.0	2.0
95700000	0.43890186100976786	0.003591007178016812	1.0	1.0	2.0
95710000	4.732588452764682	1.0298517267373526	1.0	1.0	2.0
95720000	0.6439672257410676	2.9453303559541832	1.0	1.0	2.0
95730000	0.7453021364697643	0.8638046466039816	1.0	1.0	2.0
95740000	1.7917678098579624	0.13860635604231714	1.0	1.0	2.0
95750000	0.5585567141302038	0.6110428853802271	1.0	1.0	2.0
95760000	2.2854349410511543	1.5055416605668177	1.0	1.0	2.0
95770000	0.5019882939837176	0.0438292024877485	1.0	1.0	2.0
95780000	0.19318294966640598	0.21319351500347075	1.0	1.0	2.0
95790000	2.134745036770624	0.5952117000142136	1.0	1.0	2.0
95800000	1.4967234129121552	1.0056782984896704	1.0	1.0	2.0
95810000	1.4162012488758238	0.8231158554913398	1.0	1.0	2.0
95820000	0.7059572907317596	0.8918831525202656	1.0	1.0	2.0
95830000	0.8084556323869344	0.32371191829970464	1.0	1.0	2.0
95840000	2.2502274868750134	1.1298406896321427	1.0	1.0	2.0
95850000	0.6414151234231817	0.3779269462297351	1.0	1.0	2.0
95860000	2.586903590700618	1.1590198503182785	1.0	1.0	2.0
95870000	0.22020251508384475	0.21644779478782897	1.0	1.0	2.0
95880000	0.8420907401925493	0.8929167490744494	1.0	1.0	2.0
95890000	2.4638713085053565	0.4664708358836378	1.0	1.0	2.0
95900000	1.1193516268606947	0.10327440936987393	1.0	1.0	2.0
95910000	1.2208469364102166	1.5967538577605886	1.0	1.0	2.0
95920000	1.5569389838118328	1.9007614326489755	1.0	1.0	2.0
95930000	0.6887248196740657	0.281969361139957	1.0	1.0	2.0
95940000	1.3654293302212397	1.1538964263965426	1.0	1.0	2.0
95950000	1.0410664744441498	1.5700731809063906	1.0	1.0	2.0
95960000	2.3064150444771565	0.15184196510196996	1.0	1.0	2.0
95970000	1.9799303235312147	0.051266767248319044	1.0	1.0	2.0
95980000	1.0226672226479205	0.03155615148577742	1.0	1.0	2.0
95990000	2.7822394259330516	2.0032833566007704	1.0	1.0	2.0
96000000	0.8085306633706169	0.21584427298641448	1.0	1.0	2.0
96010000	0.6225636256579125	0.3069776919735523	1.0	1.0	2.0
96020000	0.37817436175772223	0.08430787772233997	1.0	1.0	2.0
96030000	2.0392772121901688	0.10648703655963232	1.0	1.0	2.0
96040000	2.6371126019271016	0.38653580635044665	1.0	1.0	2.0
96050000	1.4585373739809016	2.612986956185007	1.0	1.0	2.0
96060000	1.7591780316036918	0.2844090383664418	1.0	1.0	2.0
96070000	1.2013122444518933	0.5506216326142077	1.0	1.0	2.0
96080000	1.2099152858084838	1.338275202543746	1.0	1.0	2.0
96090000	1.9863272603481816	0.48493748202809356	1.0	1.0	2.0
96100000	0.5590105488273577	1.396287105832706	1.0	1.0	2.0
96110000	1.0823102459863683	1.3907068718044875	1.0	1.0	2.0
96120000	3.2775331687833433	0.7493274705495334	1.0	1.0	2.0
96130000	5.161966824045202	1.3095180425159216	1.0	1.0	2.0
96140000	1.6400481814909686	0.7983899703411927	1.0	1.0	2.0
96150000	0.34298888565725333	0.31367429060053914	1.0	1.0	2.0
96160000	2.666507808738406	0.35818868155496814	1.0	1.0	2.0
96170000	0.16347742730530151	0.07044805671789107	1.0	1.0	2.0
96180000	0.5882722986616441	0.44956963529635474	1.0	1.0	2.0
96190000	1.5866530421177838	1.3606182572524186	1.0	1.0	2.0
96200000	0.8028089450354324	0.12416571396543997	1.0	1.0	2.0
96210000	0.7180464424005261	0.05528489912609024	1.0	1.0	2.0
96220000	0.7138360106197119	1.1777160873795216	1.0	1.0	2.0
96230000	1.7173667742215153	0.31472428416037024	1.0	1.0	2.0
96240000	0.7170501523016631	0.46721123423058	1.0	1.0	2.0
96250000	2.0983192566181965	1.9199553299746521	1.0	1.0	2.0
96260000	0.7241559366866382	0.3704695555281575	1.0	1.0	2.0
96270000	2.454691126192877	0.2732681194608937	1.0	1.0	2.0
96280000	0.34601995198546204	0.5833380342959165	1.0	1.0	2.0
96290000	0.6986349627034495	0.03699886613580316	1.0	1.0	2.0
96300000	0.26745715083570776	0.4802530510025348	1.0	1.0	2.0
96310000	1.133930753986399	0.8112293579214743	1.0	1.0	2.0
96320000	1.646805463057338	0.4634482679737789	1.0	1.0	2.0
96330000	1.5590150246416337	0.009019274394796424	1.0	1.0	2.0
96340000	0.6137172570946181	0.0026825206129582942	1.0	1.0	2.0
96350000	2.2533177806361815	0.38855479174120544	1.0	1.0	2.0
96360000	0.5398341758322915	1.3802842955639818	1.0	1.0	2.0
96370000	1.288951347272061	1.0334630891259509	1.0	1.0	2.0
96380000	3.4465881722011082	1.114449829159233	0.0	1.0	1.0
96390000	1.864972251950896	1.1491526044933802	1.0	1.0	2.0
96400000	1.3572009188720995	1.3598440197544952	1.0	1.0	2.0
96410000	1.5850048743953573	1.4932861299753908	1.0	1.0	2.0
96420000	0.42765163594654654	0.040441077752170713	1.0	1.0	2.0
96430000	0.6382551574731797	0.18227953183925072	1.0	1.0	2.0
96440000	2.4776467984051163	0.4035818270427178	1.0	1.0	2.0
96450000	0.6392081000051457	0.5409754042648475	1.0	1.0	2.0
96460000	0.5611020380409533	0.02986131428830245	1.0	1.0	2.0
96470000	0.1835000692746041	1.5220093174953482	1.0	1.0	2.0
96480000	1.3706420232287098	0.16326947999679428	1.0	1.0	2.0
96490000	1.2581339540676262	0.20808431769545807	1.0	1.0	2.0
96500000	1.3910431810306225	0.10506910804050418	1.0	1.0	2.0
96510000	1.6416260999620487	1.0383608868484762	1.0	1.0	2.0
96520000	2.0239758970009767	0.013842257099776994	1.0	1.0	2.0
96530000	0.131091294233715	0.10796756210744636	1.0	1.0	2.0
96540000	0.1639019541001715	0.052733625344826486	1.0	1.0	2.0
96550000	2.833031565282786	0.4289807986033861	1.0	1.0	2.0
96560000	2.2963005187910492	0.14596526741341545	1.0	1.0	2.0
96570000	3.2054139029306916	0.32438975762676187	1.0	1.0	2.0
96580000	1.0844209548475896	1.5749855354056603	1.0	1.0	2.0
96590000	0.31051369795301687	0.06137416956080317	1.0	1.0	2.0
96600000	0.41348738319376566	0.08623210468906288	1.0	1.0	2.0
96610000	0.3367344208268728	0.11479920163839541	1.0	1.0	2.0
96620000	1.147704187207767	0.09737231532321951	1.0	1.0	2.0
96630000	0.4635417795218346	0.6009561213539673	1.0	1.0	2.0
96640000	0.24229702375786327	0.00680948020769918	1.0	1.0	2.0
96650000	0.9927293571741048	1.3653094614502455	1.0	1.0	2.0
96660000	0.5216383765565118	0.6988281291641165	1.0	1.0	2.0
96670000	3.933702607767115	1.7397812978012919	1.0	1.0	2.0
96680000	0.9024548823394374	1.4490296903132485	1.0	1.0	2.0
96690000	4.76715930562488	0.22454669723932044	1.0	1.0	2.0
96700000	1.0381070569435178	0.6807615353405922	1.0	1.0	2.0
96710000	0.2066239495116691	0.1834452726404064	1.0	1.0	2.0
96720000	0.25375964176939986	0.002737014143213314	1.0	1.0	2.0
96730000	0.9130692204639179	0.11400745498744691	1.0	1.0	2.0
96740000	0.23328659755102987	5.020232068552306E-4	1.0	1.0	2.0
96750000	0.6592925525739163	0.03980050272540879	1.0	1.0	2.0
96760000	0.3629613813285223	0.4395853067108182	1.0	1.0	2.0
96770000	0.5823804546960413	0.3856808295556485	1.0	1.0	2.0
96780000	2.6759327275911313	0.23980594668101946	1.0	1.0	2.0
96790000	0.45191198810909344	1.105060581019256	1.0	1.0	2.0
96800000	0.684379129784557	2.2815920652800528	1.0	1.0	2.0
96810000	0.32598878946278154	0.04980319795180447	1.0	1.0	2.0
96820000	3.009819684599104	0.26873270538210714	1.0	1.0	2.0
96830000	0.9136300939672799	0.058878615462124737	1.0	1.0	2.0
96840000	0.35055161889625946	0.0987955950507717	1.0	1.0	2.0
96850000	2.017374659113574	0.06909753322588107	1.0	1.0	2.0
96860000	1.7376463422875799	0.3957297818016373	1.0	1.0	2.0
96870000	0.7920090225621597	0.7356703521700599	1.0	1.0	2.0
96880000	0.7533484540986339	0.881241101426737	1.0	1.0	2.0
96890000	0.22189170148086723	1.0094751325617473	1.0	1.0	2.0
96900000	1.4645810050929524	0.6368785269646116	1.0	1.0	2.0
96910000	0.9553819541759538	0.1356490888526809	1.0	1.0	2.0
96920000	2.672096751359028	0.9610187415588914	1.0	1.0	2.0
96930000	0.5731406845014011	0.7664730670861178	1.0	1.0	2.0
96940000	1.566409764226679	1.0513094690542946	1.0	1.0	2.0
96950000	0.8262902623680918	1.7099712297044178	1.0	1.0	2.0
96960000	0.9493213086062217	4.459777212013688	0.0	1.0	1.0
96970000	0.06830765231134937	0.11307195511581336	1.0	1.0	2.0
96980000	0.7317682231290392	0.12101679937227154	1.0	1.0	2.0
96990000	0.5926112938679017	0.7017902909475378	1.0	1.0	2.0
97000000	1.715018316458981	1.0657403884836871	1.0	1.0	2.0
97010000	1.5819963956337828	0.4313037862853841	1.0	1.0	2.0
97020000	1.1856846965515346	0.4643688763129378	1.0	1.0	2.0
97030000	1.1006520346377706	0.40179408953187223	1.0	1.0	2.0
97040000	1.9332631082609093	0.10096703328147352	1.0	1.0	2.0
97050000	1.2651164841352511	2.2559637063896507	1.0	1.0	2.0
97060000	1.1359506018038257	0.9162555184153622	1.0	1.0	2.0
97070000	0.34827568047264584	0.28970437228482077	1.0	1.0	2.0
97080000	6.635576606560944	0.9163136413666432	0.0	1.0	1.0
97090000	3.6250517263417588	0.31680634986330014	1.0	1.0	2.0
97100000	1.7876394722202193	0.38718568936100856	1.0	1.0	2.0
97110000	1.7482974531406024	2.6827238704258902	1.0	1.0	2.0
97120000	1.5182862616666613	0.925302180599365	1.0	1.0	2.0
97130000	0.027040139460001902	0.012894697563960935	1.0	1.0	2.0
97140000	0.16154711122568438	0.2417125078323888	1.0	1.0	2.0
97150000	4.001410326367018	2.6871837787832273	1.0	1.0	2.0
97160000	0.8217355736523781	0.31347743207841106	1.0	1.0	2.0
97170000	1.851626436416981	0.45055799054892076	1.0	1.0	2.0
97180000	1.0079019980517856	0.27271218022894783	1.0	1.0	2.0
97190000	1.7526508754072299	2.0727707051460995	1.0	1.0	2.0
97200000	0.3360487370296411	0.008294564604721052	1.0	1.0	2.0
97210000	0.5631352617139914	0.14546384346252975	1.0	1.0	2.0
97220000	0.44909521211527514	0.5689519056074646	1.0	1.0	2.0
97230000	1.2438174975801326	0.6292905362305935	1.0	1.0	2.0
97240000	1.9120235690381926	0.1633056040896306	1.0	1.0	2.0
97250000	1.1761337554231568	1.6337490216719368	1.0	1.0	2.0
97260000	2.2531823399468456	0.10953918940828468	1.0	1.0	2.0
97270000	1.5120520558185415	0.132994798894123	1.0	1.0	2.0
97280000	1.655032649502656	2.215896444296076	1.0	1.0	2.0
97290000	0.5172706850868642	0.5792589923399017	1.0	1.0	2.0
97300000	0.789018792638706	0.08726670444847726	1.0	1.0	2.0
97310000	1.229702286590581	0.5357034916229768	1.0	1.0	2.0
97320000	0.8057151859542138	0.15003549224938972	1.0	1.0	2.0
97330000	0.15885808719974787	0.9253777125604694	1.0	1.0	2.0
97340000	2.120554499537383	2.1276296457141592	1.0	1.0	2.0
97350000	0.540026402910519	1.0491496944880712	1.0	1.0	2.0
97360000	1.9624972860576562	0.24851658571653037	1.0	1.0	2.0
97370000	0.3513015982564899	0.34369856598020554	1.0	1.0	2.0
97380000	0.05399496323634145	0.10493409005200029	1.0	1.0	2.0
97390000	1.02895345212334	0.3440314697045353	1.0	1.0	2.0
97400000	0.40859143450918695	0.5496445659310367	1.0	1.0	2.0
97410000	0.9590115236176152	1.0351508914716165	1.0	1.0	2.0
97420000	0.5856132097905872	0.07952229855394607	1.0	1.0	2.0
97430000	0.8139388567028839	0.1914968659306359	1.0	1.0	2.0
97440000	0.5063907082661715	0.023038559665698507	1.0	1.0	2.0
97450000	0.6301743375943888	0.05272850355397015	1.0	1.0	2.0
97460000	0.8629791100369609	0.9646577796688645	1.0	1.0	2.0
97470000	1.7700493520544411	0.9838667097450632	1.0	1.0	2.0
97480000	0.23485545853976614	0.25515550260292374	1.0	1.0	2.0
97490000	2.9363225782825046	0.5873078880266851	1.0	1.0	2.0
97500000	1.674168116171387	0.3690549641593208	1.0	1.0	2.0
97510000	0.8572760695682157	1.6438250146449727	1.0	1.0	2.0
97520000	0.2808334930936288	0.15224328604087917	1.0	1.0	2.0
97530000	0.8214083746647513	0.08602639458970673	1.0	1.0	2.0
97540000	1.0609482278580677	0.10675963964468096	1.0	1.0	2.0
97550000	1.4301172756566345	0.8654503272344999	1.0	1.0	2.0
97560000	0.7320989433926173	0.33977291757555217	1.0	1.0	2.0
97570000	0.9642091171381993	0.18643427265854454	1.0	1.0	2.0
97580000	1.7863807910035914	0.47673825796263924	1.0	1.0	2.0
97590000	2.2314124916329066	2.4358650017593226	1.0	1.0	2.0
97600000	2.2119314371462515	2.807785463453594	1.0	1.0	2.0
97610000	0.8650298621631234	0.9268341545491751	1.0	1.0	2.0
97620000	4.181819975223669	0.1154055239739165	1.0	1.0	2.0
97630000	2.8402834018494656	1.0646283967604995	1.0	1.0	2.0
97640000	0.6580763367415531	2.982946136287822	1.0	1.0	2.0
97650000	0.7817486300594824	0.6525103947388445	1.0	1.0	2.0
97660000	0.39208851465072325	0.25437769212263317	1.0	1.0	2.0
97670000	2.8823464666951755	0.4596016499958065	1.0	1.0	2.0
97680000	1.559448292757996	0.12304428363475531	1.0	1.0	2.0
97690000	0.8166918337359622	0.7014851114421953	1.0	1.0	2.0
97700000	1.5894700816349294	1.0485200546471494	1.0	1.0	2.0
97710000	0.2861883177107767	0.3478098145352122	1.0	1.0	2.0
97720000	1.0146622916652097	0.6857193552477144	1.0	1.0	2.0
97730000	1.411312505869287	0.6541872252787951	1.0	1.0	2.0
97740000	0.6533875060055265	0.19883859012340407	1.0	1.0	2.0
97750000	0.19539714768081118	0.21234107000938507	1.0	1.0	2.0
97760000	1.4449804112682114	1.8432159085149291	1.0	1.0	2.0
97770000	0.34159907006830514	0.030628863703482678	1.0	1.0	2.0
97780000	0.5254211140955364	0.10753292517780376	1.0	1.0	2.0
97790000	1.157467253783332	0.7037428598438666	1.0	1.0	2.0
97800000	0.17156597084993244	0.20159615901424166	1.0	1.0	2.0
97810000	0.47230304292967645	2.103519343143748	0.0	1.0	1.0
97820000	1.5358598993700427	0.45228458888165407	1.0	1.0	2.0
97830000	1.97134587099043	0.12637685968068907	1.0	1.0	2.0
97840000	0.8214783736390509	1.2019375258033413	1.0	1.0	2.0
97850000	2.736318371370866	2.036413478760423	1.0	1.0	2.0
97860000	2.8369547750352457	0.20405389570700463	1.0	1.0	2.0
97870000	4.142097588336268	2.02771810139643	1.0	1.0	2.0
97880000	1.552744238408949	1.3398843854054658	1.0	1.0	2.0
97890000	3.132271569279872	1.1295534122894222	1.0	1.0	2.0
97900000	1.395893573738868	1.6194742844436905	1.0	1.0	2.0
97910000	2.3871277593123477	0.9082625815908962	1.0	1.0	2.0
97920000	1.6382463122605326	0.6541781457616554	1.0	1.0	2.0
97930000	0.45061558465332946	0.3518380961834189	1.0	1.0	2.0
97940000	1.9862104379293233	0.24239255244688368	1.0	1.0	2.0
97950000	0.6481796373503708	1.1492836182399877	1.0	1.0	2.0
97960000	2.2047810338936125	0.003219439599203422	1.0	1.0	2.0
97970000	2.9307416339426493	0.6803001321911921	1.0	1.0	2.0
97980000	1.4189782142891165	0.6728194032574588	1.0	1.0	2.0
97990000	1.5292403229785647	0.11955751975781566	1.0	1.0	2.0
98000000	0.16530642543486745	0.2056889586328687	1.0	1.0	2.0
98010000	1.8785078626498066	0.5443391969359768	1.0	1.0	2.0
98020000	0.7160470773375786	0.7712633723654339	1.0	1.0	2.0
98030000	0.602988009141361	0.17722843918294046	1.0	1.0	2.0
98040000	2.6825264287876216	1.2394357478555513	1.0	1.0	2.0
98050000	0.8269375580090224	0.13347878553179857	1.0	1.0	2.0
98060000	0.9001555393701622	0.010842989600084599	1.0	1.0	2.0
98070000	1.3492776506775712	0.004579303707588523	1.0	1.0	2.0
98080000	1.720884371627864	0.5924289346465387	1.0	1.0	2.0
98090000	1.2556280850416002	0.10979681456498959	1.0	1.0	2.0
98100000	1.6028380847802373	1.3200347847433036	1.0	1.0	2.0
98110000	2.354265700020414	0.39248124127053174	1.0	1.0	2.0
98120000	1.4425166951453146	0.24435060694392136	1.0	1.0	2.0
98130000	0.765788972922575	0.07330765949790079	1.0	1.0	2.0
98140000	2.296450312251605	0.329854613709177	1.0	1.0	2.0
98150000	1.370109290048385	0.20988701615703534	1.0	1.0	2.0
98160000	2.3103661817076167	0.12796917391599574	1.0	1.0	2.0
98170000	1.1370438367513445	0.27956940930320795	1.0	1.0	2.0
98180000	0.164696719385136	0.3794967203145238	1.0	1.0	2.0
98190000	0.9711095915357593	1.0472837080178117	1.0	1.0	2.0
98200000	1.4101228607177343	0.5884491027141165	1.0	1.0	2.0
98210000	0.8603996136104223	0.022623750775465613	1.0	1.0	2.0
98220000	1.174308699130854	0.13611475802411924	1.0	1.0	2.0
98230000	0.23763020989119363	0.29273747730924243	1.0	1.0	2.0
98240000	1.9691328114639841	0.7791043293481342	1.0	1.0	2.0
98250000	1.514019377911967	1.3851163631110495	1.0	1.0	2.0
98260000	1.2477532796016684	0.857484177853035	1.0	1.0	2.0
98270000	2.878669384264043	0.3163705404161898	1.0	1.0	2.0
98280000	1.6707741513622911	0.6705694625545595	0.0	1.0	1.0
98290000	1.0538119225614802	0.8208881832568168	1.0	1.0	2.0
98300000	1.6066469964759522	1.538800935297199	1.0	1.0	2.0
98310000	1.5668642623632703	0.03343208762438007	1.0	1.0	2.0
98320000	0.32454046369461864	0.2074502653425217	1.0	1.0	2.0
98330000	2.0368625637181617	0.2628298407703183	1.0	1.0	2.0
98340000	1.7910065827329005	1.2573302072653478	1.0	1.0	2.0
98350000	0.40148363595437536	0.5941771325671943	1.0	1.0	2.0
98360000	1.594665485326	0.5579269153598727	1.0	1.0	2.0
98370000	0.5895085258329148	0.6062398400490235	1.0	1.0	2.0
98380000	1.5685917538838452	0.3577226915040855	1.0	1.0	2.0
98390000	1.0917191114935685	1.0097059779996425	1.0	1.0	2.0
98400000	1.845720992721163	0.27018817636908493	1.0	1.0	2.0
98410000	1.7785780297872105	0.4207016616101981	1.0	1.0	2.0
98420000	0.13777958930177114	0.02370288973320457	1.0	1.0	2.0
98430000	0.6366940756822148	0.15294868595698713	1.0	1.0	2.0
98440000	1.687172129551697	0.14008465576734408	1.0	1.0	2.0
98450000	0.6657038109977189	0.6010099766626918	1.0	1.0	2.0
98460000	1.2135635844223953	0.8692670705704457	1.0	1.0	2.0
98470000	1.0231461451996935	0.0034538283328004473	1.0	1.0	2.0
98480000	1.0205729213824233	0.21574064218356995	1.0	1.0	2.0
98490000	1.912248779767104	0.5811705131046536	1.0	1.0	2.0
98500000	1.3562716500408847	0.047408416920908546	1.0	1.0	2.0
98510000	2.1525683310871755	1.4461983241389582	1.0	1.0	2.0
98520000	1.8821396210070762	0.12168337311316227	1.0	1.0	2.0
98530000	0.44182311025830806	0.2793700267691237	1.0	1.0	2.0
98540000	1.0881961146262986	0.012541921834160785	1.0	1.0	2.0
98550000	0.5714646741599105	0.36615630074340827	1.0	1.0	2.0
98560000	0.1756469822867747	0.06619674401629543	1.0	1.0	2.0
98570000	0.22497966223769242	0.0423353459597841	1.0	1.0	2.0
98580000	3.1665651681338116	0.8287263650678885	1.0	1.0	2.0
98590000	0.570971092694504	0.02768575978355115	1.0	1.0	2.0
98600000	0.7748903787247962	0.5223845506615915	1.0	1.0	2.0
98610000	3.046906622267304	0.031873553283389526	1.0	1.0	2.0
98620000	0.6501102254237427	0.5141719418524838	1.0	1.0	2.0
98630000	1.3204609189387624	0.8042003734266492	1.0	1.0	2.0
98640000	2.213045030600753	0.020325465071639258	1.0	1.0	2.0
98650000	0.7651392471738904	0.043402797315298725	1.0	1.0	2.0
98660000	0.6233483167138624	0.024678878394926967	1.0	1.0	2.0
98670000	3.410921944091837	2.488668544151277	1.0	1.0	2.0
98680000	0.16692917823117728	0.24953680869758174	1.0	1.0	2.0
98690000	6.917189976228123	1.3297185763011474	1.0	1.0	2.0
98700000	0.7524687309167989	0.8939525993807412	1.0	1.0	2.0
98710000	0.4516360273635269	0.33512402360158927	1.0	1.0	2.0
98720000	5.362400610145349	1.0919210121972787	1.0	1.0	2.0
98730000	1.2423690674604624	0.9312485767184125	1.0	1.0	2.0
98740000	0.3141372743790917	0.7319764946945504	1.0	1.0	2.0
98750000	0.37368729820743996	0.40210122333128334	1.0	1.0	2.0
98760000	1.3942791096349212	3.083274308041564	1.0	1.0	2.0
98770000	2.0542015065804757	1.8778253476903357	1.0	1.0	2.0
98780000	0.3879338003895871	0.4843427881828757	1.0	1.0	2.0
98790000	1.4986853283292527	1.3045604142771785	1.0	1.0	2.0
98800000	1.0145628124364992	0.5798427887091996	1.0	1.0	2.0
98810000	1.0163693494123753	0.34921570217076897	1.0	1.0	2.0
98820000	1.5708149284953028	0.2717739550863161	1.0	1.0	2.0
98830000	1.326243030580623	1.8914761130372721	1.0	1.0	2.0
98840000	0.15292504660069736	0.4593768307490095	1.0	1.0	2.0
98850000	0.7446972504461614	0.9188736794957186	1.0	1.0	2.0
98860000	4.19517042589217	1.043807334777954	1.0	1.0	2.0
98870000	0.4545105173705239	0.33769007405207235	1.0	1.0	2.0
98880000	0.5636934972387322	0.629963978099626	1.0	1.0	2.0
98890000	0.6861307064504992	0.4527571639086503	1.0	1.0	2.0
98900000	2.0320963800226988	1.0917774131464777	1.0	1.0	2.0
98910000	0.8288517486080585	0.14694635581358517	1.0	1.0	2.0
98920000	1.803570426899723	1.1895577180316759	1.0	1.0	2.0
98930000	1.3668247827195774	0.19821463572081485	1.0	1.0	2.0
98940000	1.0034247154979787	0.2947787476285606	1.0	1.0	2.0
98950000	2.6658281895551834	2.1848653632672614	1.0	1.0	2.0
98960000	1.1139106459053236	0.011059602174753087	1.0	1.0	2.0
98970000	1.4202558470895759	0.14938421096489318	1.0	1.0	2.0
98980000	0.9714385630764852	0.09471427989765682	1.0	1.0	2.0
98990000	3.688547423382338	0.9986780742726546	1.0	1.0	2.0
99000000	1.043475972910427	0.08891275520867171	1.0	1.0	2.0
99010000	2.2038149314585227	1.9770378717325636	1.0	1.0	2.0
99020000	2.308720118070229	0.9030144243022389	1.0	1.0	2.0
99030000	0.4140425477671849	1.853680256258432	1.0	1.0	2.0
99040000	1.106319336608006	0.14379002371231328	1.0	1.0	2.0
99050000	1.671905341706248	0.5637153081972951	1.0	1.0	2.0
99060000	1.0410543436594126	0.24725140453692634	1.0	1.0	2.0
99070000	1.8836593287653514	0.6906896929312538	1.0	1.0	2.0
99080000	0.4112599926810287	0.9110723521197317	1.0	1.0	2.0
99090000	0.33851940519743606	0.1566449119898606	1.0	1.0	2.0
99100000	0.8740171157864912	0.28955048175565096	1.0	1.0	2.0
99110000	0.6019491868113892	0.4223773133667206	1.0	1.0	2.0
99120000	1.1097222736713994	1.5280163775359383	1.0	1.0	2.0
99130000	3.1645682699565754	1.396327249650759	1.0	1.0	2.0
99140000	8.006457350341886	0.02642922194291938	1.0	1.0	2.0
99150000	1.7765751919940724	0.36141427288366496	1.0	1.0	2.0
99160000	0.8409625269209927	0.8153331835767725	1.0	1.0	2.0
99170000	0.31174650179069163	0.3368751318007901	1.0	1.0	2.0
99180000	2.103955022367641	0.4532194710103132	1.0	1.0	2.0
99190000	1.1145050305554354	0.13638529041959077	1.0	1.0	2.0
99200000	2.136313601444287	0.2819300112355345	1.0	1.0	2.0
99210000	1.0331272964256675	0.1736878139304519	1.0	1.0	2.0
99220000	0.25395201854104654	0.3699599358747833	1.0	1.0	2.0
99230000	1.261417135704666	1.8579613743441177	1.0	1.0	2.0
99240000	2.2763842659108717	0.3068974270565592	1.0	1.0	2.0
99250000	2.4210054838665864	0.6433409777486161	1.0	1.0	2.0
99260000	3.386624160954441	0.3323845058999061	1.0	1.0	2.0
99270000	0.9300739186895541	0.22932496518861675	1.0	1.0	2.0
99280000	4.462407664994795	0.37281889763257714	1.0	1.0	2.0
99290000	0.9688363251103924	0.6335062185491172	1.0	1.0	2.0
99300000	0.9272041149949523	0.9496690011642265	1.0	1.0	2.0
99310000	0.2934541273619262	0.3418767145837308	1.0	1.0	2.0
99320000	0.869467245880973	0.14405054779287885	1.0	1.0	2.0
99330000	0.9731074449905683	0.4051641190128369	1.0	1.0	2.0
99340000	2.3280689994000068	2.2401523002758563	1.0	1.0	2.0
99350000	4.088906262927985	0.007133561820315657	1.0	1.0	2.0
99360000	0.5384975491721262	0.7013361992449753	1.0	1.0	2.0
99370000	0.5173110923938842	0.8552313723795059	1.0	1.0	2.0
99380000	0.5450087960871348	0.3854947827425055	1.0	1.0	2.0
99390000	6.075615282529991	0.6459707546895661	1.0	1.0	2.0
99400000	0.9363812654882759	1.1217713105002218	1.0	1.0	2.0
99410000	1.3490156451833655	0.29359692631808443	1.0	1.0	2.0
99420000	0.1302365297134593	0.23595157814403594	1.0	1.0	2.0
99430000	1.3203491884823666	1.1207058171910222	1.0	1.0	2.0
99440000	0.5398894229200735	0.4689940629613453	1.0	1.0	2.0
99450000	0.06150573806584633	3.8484745118645393E-4	1.0	1.0	2.0
99460000	3.413370120232376	0.9058012533293225	1.0	1.0	2.0
99470000	0.6983820815941605	0.08651158469814808	0.0	1.0	1.0
99480000	1.8540899804321298	0.9340974532019777	1.0	1.0	2.0
99490000	0.7379876439505093	0.5890849384368559	1.0	1.0	2.0
99500000	0.287190942693625	0.4042594719072634	1.0	1.0	2.0
99510000	0.37101759048902355	0.1679118448938172	1.0	1.0	2.0
99520000	1.7256545383274882	0.22061348949506732	1.0	1.0	2.0
99530000	1.065965478119785	0.03630688092236496	1.0	1.0	2.0
99540000	1.5546672219346662	0.42681631065805575	1.0	1.0	2.0
99550000	0.08122807941319761	0.06002043100409168	1.0	1.0	2.0
99560000	0.6701453678020568	0.39588885326665074	1.0	1.0	2.0
99570000	1.0759998675784685	0.23068964826864957	1.0	1.0	2.0
99580000	1.4074952607799556	0.8590989734160073	1.0	1.0	2.0
99590000	0.9145237682041966	1.4280119561613096	1.0	1.0	2.0
99600000	3.5163295628002493	1.7723307642794939	1.0	1.0	2.0
99610000	1.1217364330254762	1.1684528514211905	1.0	1.0	2.0
99620000	1.420383330029015	0.46736319210357385	1.0	1.0	2.0
99630000	0.3638677225422881	0.02557714057926421	1.0	1.0	2.0
99640000	1.4927865428553395	0.6459146391798697	1.0	1.0	2.0
99650000	0.2719852455746322	0.0745120078207949	1.0	1.0	2.0
99660000	1.7683875859969436	0.04170462350480739	1.0	1.0	2.0
99670000	0.9015684495415708	0.7602654507726544	1.0	1.0	2.0
99680000	0.4952501031417321	0.381779665877489	1.0	1.0	2.0
99690000	1.014325367772674	1.0362550654130793	1.0	1.0	2.0
99700000	0.8538498646166245	1.127596230505368	1.0	1.0	2.0
99710000	0.5844647528332061	0.07449546967870282	1.0	1.0	2.0
99720000	1.2030790640704245	1.7009310755368945	1.0	1.0	2.0
99730000	0.6260919656326089	0.03388724360596164	1.0	1.0	2.0
99740000	1.4981600590548534	0.21331603876926136	1.0	1.0	2.0
99750000	0.8228870084953605	0.063960281483162	1.0	1.0	2.0
99760000	0.4791965009658064	0.5797992073834003	1.0	1.0	2.0
99770000	0.4561774624317854	0.22401335199350364	1.0	1.0	2.0
99780000	1.0755870935783602	0.2719313010414131	1.0	1.0	2.0
99790000	2.8536910275137983	2.094679415864342	1.0	1.0	2.0
99800000	0.704076922393629	0.1811503908594325	1.0	1.0	2.0
99810000	2.829112451475759	0.7561048331835426	1.0	1.0	2.0
99820000	0.7065834994328297	0.6677111004442944	1.0	1.0	2.0
99830000	0.8874503297748932	0.5725344758763413	1.0	1.0	2.0
99840000	0.11243480146349681	0.0510322623794357	1.0	1.0	2.0
99850000	3.8031723478619965	0.7614365093132177	1.0	1.0	2.0
99860000	2.6300845903407164	0.021189610534607887	1.0	1.0	2.0
99870000	0.6661730567861933	0.19947717525697078	1.0	1.0	2.0
99880000	1.5062061799093898	0.2834274547075525	1.0	1.0	2.0
99890000	2.26939765743382	0.03114279054646311	1.0	1.0	2.0
99900000	0.28637210300887456	0.3192305340507166	1.0	1.0	2.0
99910000	1.1078156858867885	0.10859087796761475	1.0	1.0	2.0
99920000	0.28739915930789023	0.01813811841257717	1.0	1.0	2.0
99930000	0.2693134213387874	0.10617356765693521	1.0	1.0	2.0
99940000	0.13198612530070533	0.09077838081968793	1.0	1.0	2.0
99950000	0.23037859678536193	0.024741136026842536	1.0	1.0	2.0
99960000	1.0693508731677335	0.7406135326944471	1.0	1.0	2.0
99970000	4.212144059718255	0.05630975328536924	1.0	1.0	2.0
99980000	4.312857848877455	0.06284009478586602	1.0	1.0	2.0
99990000	0.15702600561298868	0.137232554350349	1.0	1.0	2.0
100000000	1.878322039091552	1.2226694474639896	1.0	1.0	2.0
