# BEAST v10.5.0
# Generated Mon Apr 13 22:17:07 BRT 2026 [seed=1776129426974]
# CDV_GTRG4_skygrid_relaxed_4traits.xml
state	host_1.rates.Carnivora.Primates	host_1.rates.Primates.Carnivora	host_1.indicators.Carnivora.Primates	host_1.indicators.Primates.Carnivora	host_1.nonZeroRates
0	1.0	1.0	1.0	1.0	2.0
10000	1.0738396393255623	1.3523341470333177	1.0	1.0	2.0
20000	2.7378845311446094	0.958877529568252	1.0	1.0	2.0
30000	1.1206220784335295	0.6299528530036522	1.0	1.0	2.0
40000	0.11538076898612716	0.26299921271789295	1.0	1.0	2.0
50000	0.8780498188105806	0.4433283343573379	1.0	1.0	2.0
60000	1.9484682160780844	1.1479328266708793	1.0	1.0	2.0
70000	0.565944190872413	0.9855305012227845	1.0	1.0	2.0
80000	0.6411181487418608	0.0686453775076195	1.0	1.0	2.0
90000	0.8463412170763737	1.5442491803716931	1.0	1.0	2.0
100000	0.38454148591919857	0.025834255146983773	1.0	1.0	2.0
110000	0.7478810891217068	0.298955220406611	1.0	1.0	2.0
120000	3.6227762495555056	0.03286297632237645	1.0	1.0	2.0
130000	1.0392248036171783	0.8376936901537408	1.0	1.0	2.0
140000	0.2143233892316042	1.3050614623305814	1.0	1.0	2.0
150000	0.39672672962198635	0.3118308312479293	1.0	1.0	2.0
160000	2.393577674146369	0.7006320589853277	1.0	1.0	2.0
170000	4.862974134339433	0.41143707310339456	1.0	1.0	2.0
180000	1.0531863532249193	0.6499218688296171	1.0	1.0	2.0
190000	1.5144608302142677	0.41583678189015155	1.0	1.0	2.0
200000	0.9903727859160916	0.12143066752302209	1.0	1.0	2.0
210000	1.4879716332873918	0.42078988284965396	1.0	1.0	2.0
220000	0.9813709664729591	0.4487464378984188	1.0	1.0	2.0
230000	0.4694207170834244	3.049807456293085	1.0	1.0	2.0
240000	1.7360265837900768	0.45106088347590173	1.0	1.0	2.0
250000	0.42099668181758465	0.33308799710215536	1.0	1.0	2.0
260000	1.636473205662976	0.1449148050812243	1.0	1.0	2.0
270000	0.8297445523657511	0.06045331065421988	1.0	1.0	2.0
280000	5.923360217561366	0.3693980187757339	1.0	1.0	2.0
290000	4.6990468673816075	0.25703066542667197	1.0	1.0	2.0
300000	1.0485470653329056	0.5564653004141162	1.0	1.0	2.0
310000	0.4966427049866321	0.7641346236183721	1.0	1.0	2.0
320000	1.200604619900697	0.25770892920876587	1.0	1.0	2.0
330000	0.4987905514918007	0.1835912370495726	1.0	1.0	2.0
340000	0.5865581825236937	0.3854216519252619	1.0	1.0	2.0
350000	2.6501201376690022	0.8180790420459875	1.0	1.0	2.0
360000	0.5761072170178949	0.1199723133881182	1.0	1.0	2.0
370000	1.0157535470300225	0.3049321687923485	1.0	1.0	2.0
380000	2.544680051754297	2.302164853592584	1.0	1.0	2.0
390000	2.6881099419499277	0.09944752438184738	1.0	1.0	2.0
400000	0.5436557274242152	0.04356395354776631	1.0	1.0	2.0
410000	1.2750247164274824	0.706390580719286	1.0	1.0	2.0
420000	0.7198430786199725	0.304818313731742	1.0	1.0	2.0
430000	1.0272191031684457	0.9564480431370217	1.0	1.0	2.0
440000	1.7388773311249897	0.17987444582281484	1.0	1.0	2.0
450000	0.6944129346010391	0.5310258128464048	1.0	1.0	2.0
460000	2.2285520160705476	0.5320193241297233	1.0	1.0	2.0
470000	1.981790767239857	0.7184317449538061	1.0	1.0	2.0
480000	0.3692628253391483	0.12483496229298781	1.0	1.0	2.0
490000	1.2433709962931732	0.43796144507298074	1.0	1.0	2.0
500000	0.8932100116404117	0.4060611476773936	1.0	1.0	2.0
510000	0.8362970553528852	0.16490605725771007	1.0	1.0	2.0
520000	3.322212667975276	0.29466172188024964	1.0	1.0	2.0
530000	0.27590725295347834	0.2498187231798853	1.0	1.0	2.0
540000	6.990450989366906	0.025374538685778904	1.0	1.0	2.0
550000	1.0508431096384419	0.034043021650919554	1.0	1.0	2.0
560000	1.2862008435538277	0.13412114577362536	1.0	1.0	2.0
570000	3.623796249288075	0.725444613779905	1.0	1.0	2.0
580000	0.8948150367284691	0.258694420109494	1.0	1.0	2.0
590000	0.07976474014950287	0.6267520340098695	1.0	1.0	2.0
600000	2.413302220134301	0.04692360544275128	1.0	1.0	2.0
610000	0.1175602098346905	0.2504830762741713	1.0	1.0	2.0
620000	2.0624277581663293	1.7844239678166582	1.0	1.0	2.0
630000	1.0602946035840448	0.7350174507343739	1.0	1.0	2.0
640000	1.7347190457596922	0.49722914687724085	1.0	1.0	2.0
650000	0.7570187252891882	0.12852454342817768	1.0	1.0	2.0
660000	1.3299281859862866	0.9066390831126716	1.0	1.0	2.0
670000	1.4533437315519098	0.355339211153231	1.0	1.0	2.0
680000	2.612792056186792	0.4549349258046548	1.0	1.0	2.0
690000	1.2685421527601317	0.3857106410964487	1.0	1.0	2.0
700000	0.5800923032202343	1.7810678255046977	1.0	1.0	2.0
710000	1.4723507556970772	1.3740439790133707	1.0	1.0	2.0
720000	0.8056027588234361	0.6157003452332785	1.0	1.0	2.0
730000	0.576168060526531	0.2285324336787311	1.0	1.0	2.0
740000	0.8026018520429786	0.36918227525306063	1.0	1.0	2.0
750000	0.9915051513565838	0.65584662366236	1.0	1.0	2.0
760000	2.6325273584268576	0.4884785673138982	1.0	1.0	2.0
770000	0.5447120247476404	0.050629536033350624	1.0	1.0	2.0
780000	0.660206369836433	0.00891654523479233	1.0	1.0	2.0
790000	0.4692479399022412	0.4126714466406207	1.0	1.0	2.0
800000	0.8912862108498552	0.1252672333054685	1.0	1.0	2.0
810000	0.9771598704005826	0.03338752225442856	1.0	1.0	2.0
820000	1.151493820242665	1.1535042472887254	1.0	1.0	2.0
830000	1.534875588794847	0.7290156342849216	1.0	1.0	2.0
840000	1.119257017030117	0.03166707224576484	1.0	1.0	2.0
850000	2.2154307318541493	0.49903037885264295	1.0	1.0	2.0
860000	1.0388800168626413	0.30766906376379466	1.0	1.0	2.0
870000	0.2065620044433854	0.7979989930801334	1.0	1.0	2.0
880000	1.1692056995522369	1.4243823507203515	1.0	1.0	2.0
890000	1.202472131050541	0.8337876738216464	1.0	1.0	2.0
900000	0.18429421525969347	0.40736437699015393	1.0	1.0	2.0
910000	1.9298133353658444	0.7000839698007492	1.0	1.0	2.0
920000	0.624191365068499	0.9188238949979596	1.0	1.0	2.0
930000	1.403184758063311	0.7605584555808658	1.0	1.0	2.0
940000	4.492062197095743	1.4911396943342763	1.0	1.0	2.0
950000	0.5478780295677886	0.2603585687563491	1.0	1.0	2.0
960000	0.8161489122282771	0.21738953777343853	1.0	1.0	2.0
970000	1.7431768165973247	0.5149846632894702	1.0	1.0	2.0
980000	2.380208881463598	0.44715023629265366	1.0	1.0	2.0
990000	1.5224054509641554	0.13038460010699776	1.0	1.0	2.0
1000000	0.6127535867109871	0.10357952976367628	1.0	1.0	2.0
1010000	2.2408496879805764	1.884272241643036	1.0	1.0	2.0
1020000	0.9451649856883988	0.11757113982981199	1.0	1.0	2.0
1030000	3.6947296689690083	0.10965331884030628	1.0	1.0	2.0
1040000	0.39756523108456765	0.05887942476798346	1.0	1.0	2.0
1050000	0.9630336520104199	0.2819617947016409	1.0	1.0	2.0
1060000	2.686899508451388	0.560992958044424	1.0	1.0	2.0
1070000	2.9456971206367206	0.5165920363672545	1.0	1.0	2.0
1080000	0.8883624268857939	0.06595708979068286	1.0	1.0	2.0
1090000	0.522034011929934	0.18006770021326815	1.0	1.0	2.0
1100000	0.7850087201167194	0.5918008163708656	1.0	1.0	2.0
1110000	2.2631391312160445	2.542078158446829	1.0	1.0	2.0
1120000	1.3408572035263207	0.07716862034876892	1.0	1.0	2.0
1130000	1.0442196556899572	0.03418224115572024	1.0	1.0	2.0
1140000	1.8072304674444333	0.20227386002353667	1.0	1.0	2.0
1150000	2.6142273699002656	0.26108775201047646	1.0	1.0	2.0
1160000	1.5277791986959388	0.05281435851541595	1.0	1.0	2.0
1170000	1.8313811563719664	0.18909163374140364	1.0	1.0	2.0
1180000	0.6383797173541512	1.902385148303587	1.0	1.0	2.0
1190000	1.2095280081254063	1.326752709524491	1.0	1.0	2.0
1200000	1.3513159181947023	0.2876863128707298	1.0	1.0	2.0
1210000	1.5734386735329087	0.5453582011366631	1.0	1.0	2.0
1220000	1.8161490241085256	0.8203240293521984	1.0	1.0	2.0
1230000	0.19428716065649723	0.8276472052865237	1.0	1.0	2.0
1240000	1.4013815028442143	0.6568368559257244	1.0	1.0	2.0
1250000	2.3527939522088563	1.3871141038294292	1.0	1.0	2.0
1260000	0.6721956955621713	0.13409756891794722	1.0	1.0	2.0
1270000	1.2651438943936046	0.04128914872684342	0.0	1.0	1.0
1280000	3.1597677169053187	0.7193276934889777	1.0	1.0	2.0
1290000	1.9032208821838557	1.1611553610575043	1.0	1.0	2.0
1300000	0.10259771775262891	0.004783670265463918	1.0	1.0	2.0
1310000	0.7138977160025197	0.5813292068645629	1.0	1.0	2.0
1320000	2.513902510441458	3.1549669522782176	1.0	1.0	2.0
1330000	2.595648579210068	1.2230564433208713	1.0	1.0	2.0
1340000	0.3315450952277512	0.1140684580022472	1.0	1.0	2.0
1350000	2.7083386599773736	2.528411949258034	1.0	1.0	2.0
1360000	0.6246631135372677	0.2711417438065082	1.0	1.0	2.0
1370000	1.8205606469961582	0.5393369355466435	1.0	1.0	2.0
1380000	1.4828851671345347	0.6195254674130101	1.0	1.0	2.0
1390000	1.6725230511788365	1.11164404241211	1.0	1.0	2.0
1400000	2.2690277873108933	0.22028226836230552	1.0	1.0	2.0
1410000	1.0091843203106796	0.15050010470915767	1.0	1.0	2.0
1420000	0.6514995002474432	0.7452196435357961	1.0	1.0	2.0
1430000	0.7117604631384767	1.289644711937136	1.0	1.0	2.0
1440000	0.7044010070734079	1.1834645403468074	1.0	1.0	2.0
1450000	0.34088153037942637	0.2687487436878744	1.0	1.0	2.0
1460000	0.95395412979911	0.14091878525989504	1.0	1.0	2.0
1470000	1.9818276648882098	0.927521096089941	1.0	1.0	2.0
1480000	1.0894938096005569	3.2528614116442904	1.0	1.0	2.0
1490000	1.1942958103373487	1.0844983958372074	1.0	1.0	2.0
1500000	1.1880356158425198	0.654042871942535	1.0	1.0	2.0
1510000	0.9340431276582666	0.22098957728457932	1.0	1.0	2.0
1520000	1.0025426665603734	0.21896136141016576	1.0	1.0	2.0
1530000	0.14910170318424687	0.09103063306763638	1.0	1.0	2.0
1540000	1.615109753177891	0.8931166588976954	1.0	1.0	2.0
1550000	1.3164405645767483	0.17046211465551284	1.0	1.0	2.0
1560000	0.5189008109385025	0.5830863062090365	1.0	1.0	2.0
1570000	1.1218620619908442	0.5041040789398553	1.0	1.0	2.0
1580000	0.6708308038908344	0.4816840707211066	1.0	1.0	2.0
1590000	1.7445502562591892	0.4876382103504875	1.0	1.0	2.0
1600000	0.3488063135306414	0.26183387325369917	1.0	1.0	2.0
1610000	0.84651863211747	0.8723589663810004	1.0	1.0	2.0
1620000	0.7964524335658801	0.5093624132289151	1.0	1.0	2.0
1630000	0.4301619951285882	0.03549163157582474	1.0	1.0	2.0
1640000	0.6920804304312187	0.3772598436283028	1.0	1.0	2.0
1650000	0.4773431049091281	0.16829972965248946	1.0	1.0	2.0
1660000	0.7795592391763645	0.22286574564781908	1.0	1.0	2.0
1670000	0.8287037082333938	0.024519404189109965	1.0	1.0	2.0
1680000	3.1969073128932606	0.11085033629045037	1.0	1.0	2.0
1690000	1.6289261690262267	0.023293770542427754	1.0	1.0	2.0
1700000	0.12325745309168662	0.07556877496295838	1.0	1.0	2.0
1710000	0.5124328091640062	0.027085134172592357	1.0	1.0	2.0
1720000	0.8520112902745738	0.079178106408703	1.0	1.0	2.0
1730000	2.069630912992599	1.235108116110325	1.0	1.0	2.0
1740000	0.5102178082102302	0.7055008009144568	1.0	1.0	2.0
1750000	0.3415513269348754	1.0055103590844674	1.0	1.0	2.0
1760000	0.9706436934706438	1.1017922670875255	1.0	1.0	2.0
1770000	3.719732588362345	1.251389125152752	1.0	1.0	2.0
1780000	0.8291210828304915	0.09463193414457284	1.0	1.0	2.0
1790000	1.1788970636595921	0.005600465311679799	1.0	1.0	2.0
1800000	1.7741987820673208	1.6226201464952843	1.0	1.0	2.0
1810000	1.7788742964956121	0.11629262076152894	1.0	1.0	2.0
1820000	1.7204150074967355	1.6906573011714854	1.0	1.0	2.0
1830000	0.9656197420458545	1.9285728025569029	1.0	1.0	2.0
1840000	1.193907851821331	0.11117808253315398	1.0	1.0	2.0
1850000	0.343521696100099	0.5653576720564868	1.0	1.0	2.0
1860000	4.703523754703532	1.859670739173732	1.0	1.0	2.0
1870000	1.060841269001477	0.014907113578949992	1.0	1.0	2.0
1880000	0.7377694102935634	0.7396515301828778	1.0	1.0	2.0
1890000	0.6642876198037586	0.16642501545369406	1.0	1.0	2.0
1900000	2.1093606673144354	0.8001874404658201	1.0	1.0	2.0
1910000	1.1281682495821097	0.12266861118067436	1.0	1.0	2.0
1920000	0.9601687035172528	0.7451746368461787	1.0	1.0	2.0
1930000	1.6056177423349276	0.0728606237455764	1.0	1.0	2.0
1940000	1.089966461432163	0.35540636623962935	1.0	1.0	2.0
1950000	1.4012264036728486	0.01867050722401183	1.0	1.0	2.0
1960000	1.97218358435185	0.4202375664496796	1.0	1.0	2.0
1970000	2.358818488201766	1.2953770501592772	1.0	1.0	2.0
1980000	1.8324434995478263	0.06167204380594588	1.0	1.0	2.0
1990000	0.4841979585603513	0.836403473660809	1.0	1.0	2.0
2000000	2.353665196966987	0.008544279932967844	1.0	1.0	2.0
2010000	0.7674724993913308	0.274183590024365	1.0	1.0	2.0
2020000	1.486601135911645	0.3774064909854233	1.0	1.0	2.0
2030000	0.2443372900138446	0.16491932889004404	1.0	1.0	2.0
2040000	0.3706893576716803	0.2979994422530064	1.0	1.0	2.0
2050000	0.8616212745682233	0.13389904156841648	1.0	1.0	2.0
2060000	2.359912345556816	2.000941830067608	1.0	1.0	2.0
2070000	0.7172205382095851	0.8645547013029024	1.0	1.0	2.0
2080000	0.6952154080450381	1.0158658582578814	1.0	1.0	2.0
2090000	0.744939299719105	0.19952964800711878	1.0	1.0	2.0
2100000	0.3323519529996633	0.2137393244522672	1.0	1.0	2.0
2110000	1.0014651312760017	0.3234778109443102	1.0	1.0	2.0
2120000	0.7499619307382982	0.6255309364206009	1.0	1.0	2.0
2130000	1.2169233146474785	0.5754330242155765	1.0	1.0	2.0
2140000	0.07560963530743142	0.035216633239988984	1.0	1.0	2.0
2150000	0.7144079539918676	0.8442135620153154	1.0	1.0	2.0
2160000	1.07777415502035	0.18223247482326435	1.0	1.0	2.0
2170000	0.13497348735540685	0.14905678467913516	1.0	1.0	2.0
2180000	1.697989702548347	0.18637932212585465	1.0	1.0	2.0
2190000	1.6149294010945303	2.1483716761261853	1.0	1.0	2.0
2200000	0.6563413914248324	0.2389675708671775	1.0	1.0	2.0
2210000	1.8389274843261139	0.12411804045506389	1.0	1.0	2.0
2220000	3.073941722781296	1.305970863580077	1.0	1.0	2.0
2230000	2.555487938889642	0.22370374260150472	1.0	1.0	2.0
2240000	0.22107613711113044	0.5597734119140003	1.0	1.0	2.0
2250000	1.555921708609582	0.2705632208159491	1.0	1.0	2.0
2260000	1.120885973369718	0.30102039830290644	1.0	1.0	2.0
2270000	0.19729706881853723	0.34688946667625636	1.0	1.0	2.0
2280000	1.4242363742502129	0.2352952759323501	1.0	1.0	2.0
2290000	2.933504566671571	0.1628225162975759	1.0	1.0	2.0
2300000	3.391868233257613	0.497532767367133	1.0	1.0	2.0
2310000	3.359356448167155	0.15008910872727513	1.0	1.0	2.0
2320000	1.0256506451751068	0.8104621534511647	1.0	1.0	2.0
2330000	1.1071919454442183	0.19087131178945682	1.0	1.0	2.0
2340000	1.7309505422231415	0.5914083092914701	1.0	1.0	2.0
2350000	4.716966715807766	0.34585104850080106	1.0	1.0	2.0
2360000	3.7854677872881526	0.05048967179026126	1.0	1.0	2.0
2370000	0.9459191866103418	0.21573332120489933	1.0	1.0	2.0
2380000	0.6941224374239707	1.0406427322013945	1.0	1.0	2.0
2390000	2.024084059453412	0.8201462373310068	1.0	1.0	2.0
2400000	0.691845619845155	1.0992509799059995	1.0	1.0	2.0
2410000	0.6562480547544741	0.23578359862139864	1.0	1.0	2.0
2420000	1.174613619982233	1.0311663747941933	1.0	1.0	2.0
2430000	0.729732536311807	0.8823790473931091	1.0	1.0	2.0
2440000	2.3512677133394053	1.399428505509983	1.0	1.0	2.0
2450000	1.4810176516655975	0.05972275971968	1.0	1.0	2.0
2460000	2.865887408911812	1.2305141545430247	1.0	1.0	2.0
2470000	3.633343260816124	1.1911987944902833	1.0	1.0	2.0
2480000	0.461084004939652	0.43785395614793726	1.0	1.0	2.0
2490000	0.18924650121707143	0.1685429515052356	1.0	1.0	2.0
2500000	2.9089980068980177	0.1902803362492507	1.0	1.0	2.0
2510000	2.0201041833586166	0.6175149690883288	1.0	1.0	2.0
2520000	1.3928276105075723	0.07145826549327529	1.0	1.0	2.0
2530000	1.2410406477209586	1.7379053088093597	1.0	1.0	2.0
2540000	0.9759935905536502	0.21797251331759432	1.0	1.0	2.0
2550000	3.5534085813326493	1.2703808246451336	1.0	1.0	2.0
2560000	2.1853944872446753	0.5133134282741031	1.0	1.0	2.0
2570000	2.6574330778120054	0.31359734317791765	1.0	1.0	2.0
2580000	0.6338856234468946	0.3986354656148962	1.0	1.0	2.0
2590000	0.23027328766722052	0.16265535830198746	1.0	1.0	2.0
2600000	0.30358286882527485	0.1330480759306235	1.0	1.0	2.0
2610000	0.8935878319080782	0.24182871568012165	1.0	1.0	2.0
2620000	0.960125708816646	0.05056886865756818	1.0	1.0	2.0
2630000	0.5411883137553856	0.1293567370817489	1.0	1.0	2.0
2640000	2.4095150425058955	0.6850233191671663	1.0	1.0	2.0
2650000	0.9094554561245429	0.05693542714654797	1.0	1.0	2.0
2660000	0.7237917345803359	0.3132345204378863	1.0	1.0	2.0
2670000	1.9156719805152373	0.006857997033780953	1.0	1.0	2.0
2680000	1.590223364217862	0.1445344761370395	1.0	1.0	2.0
2690000	0.3296372346314393	0.39774237459219164	1.0	1.0	2.0
2700000	1.4615620930202569	0.6574430536273282	1.0	1.0	2.0
2710000	0.6414855650025835	0.7454656771745888	1.0	1.0	2.0
2720000	4.238266316861196	0.8835783667088996	1.0	1.0	2.0
2730000	1.488126680547251	0.13233124012739098	1.0	1.0	2.0
2740000	1.7051183558724174	0.976448682141559	1.0	1.0	2.0
2750000	1.1663022907480682	0.4590113600017145	1.0	1.0	2.0
2760000	0.35201064222853923	1.271855987053565	1.0	1.0	2.0
2770000	3.0022903591783194	0.11927140537670176	1.0	1.0	2.0
2780000	4.378815753914778	0.8025909607367605	1.0	1.0	2.0
2790000	0.645498743091775	0.6265481878574366	1.0	1.0	2.0
2800000	2.1947892476861433	0.6431573278430031	1.0	1.0	2.0
2810000	0.10226063691251029	0.28498792482968077	0.0	1.0	1.0
2820000	1.6306913856165646	0.7066670635820661	1.0	1.0	2.0
2830000	0.5270762362108595	0.10436005306187583	1.0	1.0	2.0
2840000	1.0644659030626118	0.19808453762832665	1.0	1.0	2.0
2850000	1.7904198092011707	0.027325484165821173	1.0	1.0	2.0
2860000	0.5033424378227127	0.48380541714943454	1.0	1.0	2.0
2870000	0.8137411093379611	0.37868722605838584	1.0	1.0	2.0
2880000	0.19351241175037526	0.16976705177119078	1.0	1.0	2.0
2890000	1.9799246420554482	1.6585325298432096	1.0	1.0	2.0
2900000	0.9469432834677605	0.4710010955560262	1.0	1.0	2.0
2910000	0.4909995554629415	0.024681019115409722	1.0	1.0	2.0
2920000	1.2839028356939135	0.06115750943719282	1.0	1.0	2.0
2930000	1.4255146049811387	0.13715407974106214	1.0	1.0	2.0
2940000	0.7583684614194832	0.7638050178081209	1.0	1.0	2.0
2950000	1.9114919496887588	0.13386499110234792	1.0	1.0	2.0
2960000	3.1716111383921155	0.7319612289226011	1.0	1.0	2.0
2970000	0.9419051661483655	0.8323170307989988	1.0	1.0	2.0
2980000	1.8191509941377584	0.4987879856107513	1.0	1.0	2.0
2990000	2.822275276030329	0.17007038372796318	1.0	1.0	2.0
3000000	0.07172732292804931	0.5709625162630061	1.0	1.0	2.0
3010000	1.0917909478085956	0.10737921462446835	1.0	1.0	2.0
3020000	0.5818493371741259	0.0753793524049144	1.0	1.0	2.0
3030000	0.443662533516924	0.47012916639722485	1.0	1.0	2.0
3040000	0.39742548430003105	0.07902297591804833	1.0	1.0	2.0
3050000	0.2610856382644355	0.39080204509543487	1.0	1.0	2.0
3060000	0.8438117629686923	0.4082973888289585	1.0	1.0	2.0
3070000	1.2423489810044153	0.5168934349533938	1.0	1.0	2.0
3080000	2.039831285837696	1.6242671013856098	1.0	1.0	2.0
3090000	5.144205688393358	0.11490156410661395	1.0	1.0	2.0
3100000	1.579650717586927	0.5973521455692652	1.0	1.0	2.0
3110000	0.06885527127285375	0.15011448453890575	1.0	1.0	2.0
3120000	1.3973465212126919	0.14413032581608223	1.0	1.0	2.0
3130000	0.3132689965152086	0.23315047253584897	1.0	1.0	2.0
3140000	0.8420627037427479	0.2833153198291919	1.0	1.0	2.0
3150000	1.4201374339971482	1.2863505751340485	1.0	1.0	2.0
3160000	2.467530506630616	0.30927062025514446	1.0	1.0	2.0
3170000	0.5500790306613628	0.2717985641739534	1.0	1.0	2.0
3180000	1.935646319244267	0.02290203235046341	1.0	1.0	2.0
3190000	1.2957677815143154	1.3187138395796694	1.0	1.0	2.0
3200000	1.8394054920231608	0.7896110000281481	1.0	1.0	2.0
3210000	3.3009378642804696	0.8194526512389246	1.0	1.0	2.0
3220000	0.19760706299476047	0.395416160562902	1.0	1.0	2.0
3230000	1.434183709659559	0.4934514732751247	1.0	1.0	2.0
3240000	0.390936957537253	0.4751214803016605	1.0	1.0	2.0
3250000	0.6219150813434872	0.2559446626447303	1.0	1.0	2.0
3260000	1.4347790559948341	2.32677010381392	1.0	1.0	2.0
3270000	1.254954123960242	0.33725670065878977	1.0	1.0	2.0
3280000	0.5190378359203628	0.44508098428312154	1.0	1.0	2.0
3290000	0.3127905396397694	0.17147026001881716	1.0	1.0	2.0
3300000	1.5184239928222656	0.5727297633328917	1.0	1.0	2.0
3310000	1.2971974118342209	0.5918045714839569	1.0	1.0	2.0
3320000	0.9827808488013322	0.01909428484090072	1.0	1.0	2.0
3330000	1.4072871726185512	0.8118928611005961	1.0	1.0	2.0
3340000	1.1445297462909623	1.3678279518817618	1.0	1.0	2.0
3350000	0.5729387000977489	1.310010321913302	1.0	1.0	2.0
3360000	1.7927593658960224	0.24160094305504945	1.0	1.0	2.0
3370000	1.5033933779229185	0.2011009372938255	1.0	1.0	2.0
3380000	0.9701760284490611	0.599609236408797	1.0	1.0	2.0
3390000	0.9023898679406441	0.39109384535545344	1.0	1.0	2.0
3400000	1.0950555898775274	0.7059521111845461	1.0	1.0	2.0
3410000	0.25209737273397903	1.2666519017506477	1.0	1.0	2.0
3420000	0.3867964934658448	0.5260457447516993	1.0	1.0	2.0
3430000	1.0609919171376494	0.17850215310417542	1.0	1.0	2.0
3440000	1.023881709171782	0.6287140338661805	1.0	1.0	2.0
3450000	1.3911808785782729	0.8268209981927803	1.0	1.0	2.0
3460000	4.563224884242303	1.0307284377241315	1.0	1.0	2.0
3470000	2.0396731246191635	1.0147063429098742	1.0	1.0	2.0
3480000	0.2380001659228518	0.9162462463891035	1.0	1.0	2.0
3490000	0.3514640932476408	0.16160330977936901	1.0	1.0	2.0
3500000	2.1562749520463487	0.35222964601718953	1.0	1.0	2.0
3510000	0.8410284380682033	0.017280302437888074	1.0	1.0	2.0
3520000	0.6049645558276302	0.5713324333558555	1.0	1.0	2.0
3530000	1.513215325657537	1.1014583524668773	1.0	1.0	2.0
3540000	0.7991807731027556	0.28237512392045655	1.0	1.0	2.0
3550000	1.1449841511075027	0.672352985866725	1.0	1.0	2.0
3560000	1.215747660319901	0.4446680408519203	1.0	1.0	2.0
3570000	1.7981360373270217	0.18098362479167066	1.0	1.0	2.0
3580000	0.9322805461757223	1.879342585200564	1.0	1.0	2.0
3590000	0.7402514393051898	0.1779799027938105	1.0	1.0	2.0
3600000	1.470680365447195	0.16451828105768762	1.0	1.0	2.0
3610000	0.8671536835381903	0.4730912330705469	1.0	1.0	2.0
3620000	1.421937008889232	1.7674151893752301	1.0	1.0	2.0
3630000	1.3405486168451322	0.34320459655873164	1.0	1.0	2.0
3640000	1.0804051671895663	1.0513282479229982	1.0	1.0	2.0
3650000	0.9531620091324134	0.3779422226198281	1.0	1.0	2.0
3660000	0.03973448668062579	0.2497342601003145	1.0	1.0	2.0
3670000	2.4838345410075906	0.08404484798189162	1.0	1.0	2.0
3680000	1.1997494748170174	0.3963752903037261	1.0	1.0	2.0
3690000	1.3600729620890357	0.4958643146907138	1.0	1.0	2.0
3700000	0.7981949492613787	1.1078133534799306	1.0	1.0	2.0
3710000	1.2956906431244086	1.1162437477536042	1.0	1.0	2.0
3720000	0.14900534522873565	0.052313585342769725	1.0	1.0	2.0
3730000	1.6916034158803543	0.1898121260035971	1.0	1.0	2.0
3740000	2.1995863565524574	0.47634277932073177	1.0	1.0	2.0
3750000	0.35851861454253847	0.24114776942312643	1.0	1.0	2.0
3760000	1.3272882094380027	0.8324709901655332	1.0	1.0	2.0
3770000	0.4826543684825558	0.5870493445075646	1.0	1.0	2.0
3780000	0.4361193321482465	0.15845555924459234	1.0	1.0	2.0
3790000	1.6195381001121243	0.2050645836560371	1.0	1.0	2.0
3800000	1.8370606504728262	0.30223689810826937	1.0	1.0	2.0
3810000	2.3473365331592824	0.5491033196320562	1.0	1.0	2.0
3820000	1.6430915302060407	0.6286287513844091	1.0	1.0	2.0
3830000	2.057540555050658	0.8922365202342654	1.0	1.0	2.0
3840000	1.2059275525543853	0.33908849878011593	1.0	1.0	2.0
3850000	1.1637962771140966	0.601119143637087	1.0	1.0	2.0
3860000	0.5303734156949149	0.4343647628142172	1.0	1.0	2.0
3870000	1.0978475954174134	0.2720455335196247	1.0	1.0	2.0
3880000	1.4829680326343617	0.9395727787265752	1.0	1.0	2.0
3890000	0.5940226697697125	2.427670315618316	1.0	1.0	2.0
3900000	1.5315784191628976	0.27414728577655634	1.0	1.0	2.0
3910000	0.4710682606590983	0.08682186156900923	1.0	1.0	2.0
3920000	0.5562536194986887	1.1997630150027903	1.0	1.0	2.0
3930000	2.078922703349849	0.49917208250764855	1.0	1.0	2.0
3940000	1.8750360566832618	0.21265139258403565	1.0	1.0	2.0
3950000	1.4597876806722299	0.282907601030464	1.0	1.0	2.0
3960000	1.2741896779062631	0.12169176947369616	1.0	1.0	2.0
3970000	0.4504181135049765	0.5113808851337981	1.0	1.0	2.0
3980000	1.0028781893943108	0.1923377920237193	1.0	1.0	2.0
3990000	0.7136019737886365	2.360712413892353	1.0	1.0	2.0
4000000	0.7114329664689764	0.33878652627297556	1.0	1.0	2.0
4010000	1.3764411889277282	0.439072905874987	1.0	1.0	2.0
4020000	0.693438897097094	0.9053725469203028	1.0	1.0	2.0
4030000	0.399894860134877	0.5847215466596142	1.0	1.0	2.0
4040000	4.783262172876446	1.4746177293596885	1.0	1.0	2.0
4050000	3.2034132964115627	0.2135792497902177	1.0	1.0	2.0
4060000	2.199295569665128	0.08860813875452468	1.0	1.0	2.0
4070000	1.5702138970757042	1.5616234346953954	1.0	1.0	2.0
4080000	1.1312113114261182	0.3563457494180579	1.0	1.0	2.0
4090000	1.552606767674207	0.014249458373921815	1.0	1.0	2.0
4100000	2.261447272662837	1.1208038574064014	1.0	1.0	2.0
4110000	1.408046339739132	0.09426868878306864	1.0	1.0	2.0
4120000	0.19259163807191637	0.08982821504298331	1.0	1.0	2.0
4130000	0.5798239809965336	0.6901043051512405	1.0	1.0	2.0
4140000	0.4596474521097787	0.03689627996327602	1.0	1.0	2.0
4150000	2.514478006702316	0.4195297979773557	1.0	1.0	2.0
4160000	0.6800975468002196	0.4657935536881876	1.0	1.0	2.0
4170000	0.9892261839626322	0.6707203559181322	1.0	1.0	2.0
4180000	1.8327063276343691	1.5871106257037273	1.0	1.0	2.0
4190000	1.8169847914914803	0.37117867277368	1.0	1.0	2.0
4200000	1.6677600079269612	0.2777792546926944	1.0	1.0	2.0
4210000	1.4754502990643559	0.4292099437714905	1.0	1.0	2.0
4220000	0.9321840137867126	0.6129648120486514	0.0	1.0	1.0
4230000	0.43687307567807065	0.371761471287582	1.0	1.0	2.0
4240000	1.034702168261781	0.08852907196620782	1.0	1.0	2.0
4250000	0.45724454073512016	0.6754824267558306	1.0	1.0	2.0
4260000	1.50567834833939	0.08015396409671478	1.0	1.0	2.0
4270000	1.4477116243421233	0.5458827936744814	1.0	1.0	2.0
4280000	2.1997909332041683	0.7316615156383574	1.0	1.0	2.0
4290000	1.399532310897872	0.382671755018456	1.0	1.0	2.0
4300000	1.6163781407504587	0.9932635781365234	1.0	1.0	2.0
4310000	0.4499495669190704	0.1724999936507501	1.0	1.0	2.0
4320000	0.7453149033791512	0.5137080854533684	1.0	1.0	2.0
4330000	0.6626112684901344	0.9198614286032312	1.0	1.0	2.0
4340000	2.1877986682016353	0.15996953221220292	1.0	1.0	2.0
4350000	5.7520638850246595	2.0502922576591893	1.0	1.0	2.0
4360000	2.5084486906858126	0.2992856108490615	1.0	1.0	2.0
4370000	1.7793078773203317	1.1740834665820967	1.0	1.0	2.0
4380000	1.2372366319538497	0.6659127376945434	1.0	1.0	2.0
4390000	1.1351556114923027	0.8903768228810188	1.0	1.0	2.0
4400000	0.9798352346470036	0.017523456090854168	1.0	1.0	2.0
4410000	0.4467826076146162	0.22276199328853644	1.0	1.0	2.0
4420000	0.8823522486704697	0.7868698814587151	1.0	1.0	2.0
4430000	0.6579016194022246	0.8166681478722475	1.0	1.0	2.0
4440000	0.7399701976404951	0.8074714596623062	1.0	1.0	2.0
4450000	1.2249171575588078	0.13185033290769044	1.0	1.0	2.0
4460000	0.2182406052839144	0.2199044793662468	1.0	1.0	2.0
4470000	1.2972706647051266	1.116639976179959	1.0	1.0	2.0
4480000	1.9665315296623054	0.04436283360756375	1.0	1.0	2.0
4490000	0.4076513444548181	0.11016375473915577	1.0	1.0	2.0
4500000	0.36169045054299465	2.2988373243464504	1.0	1.0	2.0
4510000	1.3338176062356135	0.11487123393918734	1.0	1.0	2.0
4520000	1.7319114815061276	1.3449768328793807	1.0	1.0	2.0
4530000	2.5880160278746733	0.5052648213029555	1.0	1.0	2.0
4540000	1.1115798300254982	1.5763010996820725	1.0	1.0	2.0
4550000	0.7773273199457784	0.898586349071014	1.0	1.0	2.0
4560000	2.613487794038811	0.3095664051180311	1.0	1.0	2.0
4570000	0.9941955139734818	1.0015763877226616	1.0	1.0	2.0
4580000	0.7525020019835127	0.40300971947803	1.0	1.0	2.0
4590000	0.8128176912862273	0.20753510546763973	1.0	1.0	2.0
4600000	1.2292497562343248	0.052428762381838315	1.0	1.0	2.0
4610000	0.9521002182405602	1.7808961794107612	1.0	1.0	2.0
4620000	1.140663327881553	0.6549739647625401	1.0	1.0	2.0
4630000	0.41554412374588384	0.15861189107846388	1.0	1.0	2.0
4640000	1.063102482917824	0.6938392620841002	1.0	1.0	2.0
4650000	1.9118693450564592	0.00640319618720328	1.0	1.0	2.0
4660000	0.7822688030074143	1.615374162219562	1.0	1.0	2.0
4670000	2.732251279571802	0.05687598195969992	1.0	1.0	2.0
4680000	0.6584243340853075	1.2885746263017779	1.0	1.0	2.0
4690000	2.0129396431180147	0.06275086202332462	1.0	1.0	2.0
4700000	0.213465462361376	3.147139702778625E-4	1.0	1.0	2.0
4710000	0.5468490925770588	0.1626598706710709	1.0	1.0	2.0
4720000	1.13480801301391	0.4079726999086097	1.0	1.0	2.0
4730000	0.1580722685739659	0.0972093099167104	1.0	1.0	2.0
4740000	0.5649578671050071	0.43670067149173863	1.0	1.0	2.0
4750000	0.8911565178476927	0.673103551596907	1.0	1.0	2.0
4760000	0.1091238536981221	0.07699744127562733	1.0	1.0	2.0
4770000	4.049606997745788	2.6161388946460304	1.0	1.0	2.0
4780000	3.402810903472071	1.834119694937945	1.0	1.0	2.0
4790000	1.3107281727928293	0.9192206512217619	1.0	1.0	2.0
4800000	2.2953039343635964	0.7979384023434608	1.0	1.0	2.0
4810000	1.7727067628719853	0.10128987341487022	1.0	1.0	2.0
4820000	0.4008227766228221	0.11219976204533326	1.0	1.0	2.0
4830000	1.3797215101964289	0.16606926454465254	1.0	1.0	2.0
4840000	1.1732647948730628	0.03097624128903543	1.0	1.0	2.0
4850000	1.9244319501082643	0.27224103115571596	1.0	1.0	2.0
4860000	0.7756446271620566	0.48676842899408296	1.0	1.0	2.0
4870000	1.795545478235993	1.1367442915801005	1.0	1.0	2.0
4880000	0.1431238351760142	0.2462884964944218	1.0	1.0	2.0
4890000	3.0991042752293487	0.7140006822927445	1.0	1.0	2.0
4900000	0.9231226991875245	0.02075096164425049	1.0	1.0	2.0
4910000	0.14847434311797597	0.5767061923751611	1.0	1.0	2.0
4920000	1.7446209907393617	0.4398979997624122	1.0	1.0	2.0
4930000	0.5149918848132716	0.06294127007649955	1.0	1.0	2.0
4940000	4.109269340787422	0.01782201551939608	1.0	1.0	2.0
4950000	0.45551564364733593	0.09056265910908039	1.0	1.0	2.0
4960000	4.065456939531376	0.04432382899618611	1.0	1.0	2.0
4970000	0.48146335410448526	0.3158770682782522	1.0	1.0	2.0
4980000	0.48806505973186415	0.16144790197494624	1.0	1.0	2.0
4990000	1.231857344211713	1.3864709195720135	1.0	1.0	2.0
5000000	1.4509262263456204	0.2367324102175383	1.0	1.0	2.0
5010000	0.27322143101629687	0.18645781463562708	1.0	1.0	2.0
5020000	1.0730691367226364	0.062451151150112814	1.0	1.0	2.0
5030000	1.2574402926768333	0.7342244907982416	1.0	1.0	2.0
5040000	0.2415560908679238	0.21678387144444947	1.0	1.0	2.0
5050000	0.47693202719266503	0.7508607164748597	1.0	1.0	2.0
5060000	0.9196930910739539	0.19817651100480524	1.0	1.0	2.0
5070000	2.1355682777706924	0.16657874962426447	1.0	1.0	2.0
5080000	0.798584092095216	0.2759731429264134	1.0	1.0	2.0
5090000	1.047654750423505	2.079730797767069	1.0	1.0	2.0
5100000	1.2343030611627408	0.2787200821116175	1.0	1.0	2.0
5110000	0.8686892271597383	0.971626786655201	1.0	1.0	2.0
5120000	1.013813266115366	0.8894817988276505	1.0	1.0	2.0
5130000	3.815884797996682	0.06325602418350697	1.0	1.0	2.0
5140000	0.43476022771720896	0.2329879395535187	1.0	1.0	2.0
5150000	0.5157516319392911	0.06167065202016446	1.0	1.0	2.0
5160000	0.3743580290722525	0.27856414260061213	1.0	1.0	2.0
5170000	1.0682578810789112	0.9764747749384447	1.0	1.0	2.0
5180000	2.895698139139446	0.1943048069654435	1.0	1.0	2.0
5190000	0.09404560436474224	0.365437744324388	1.0	1.0	2.0
5200000	0.8223506743976418	0.5010577583347195	1.0	1.0	2.0
5210000	0.9835171727440558	0.4604450335319143	1.0	1.0	2.0
5220000	1.1010103996009455	0.26131291175193766	1.0	1.0	2.0
5230000	0.43714564961295466	0.07503162129077327	1.0	1.0	2.0
5240000	0.17290532987842386	0.37663401034093635	1.0	1.0	2.0
5250000	0.3612180478238961	0.23549532579715238	1.0	1.0	2.0
5260000	1.1865479935997498	0.00520796701448976	1.0	1.0	2.0
5270000	1.1311814782844287	0.025979062678281317	1.0	1.0	2.0
5280000	0.7078699208565716	0.6362631305563053	1.0	1.0	2.0
5290000	1.1515607328472963	0.7048954322211497	1.0	1.0	2.0
5300000	2.2113287966500197	0.6183134466848563	1.0	1.0	2.0
5310000	0.8614138387975818	0.10198135970443735	1.0	1.0	2.0
5320000	0.1793916842069362	0.2200566029970706	1.0	1.0	2.0
5330000	0.9391989610799863	0.23190274415624415	1.0	1.0	2.0
5340000	3.070878523483448	0.8430732265274375	1.0	1.0	2.0
5350000	0.5634639625518403	0.1794115503470206	1.0	1.0	2.0
5360000	0.34476200371477284	0.002485152088143394	1.0	1.0	2.0
5370000	1.0450801755939902	0.7574625551403046	1.0	1.0	2.0
5380000	0.7294756003008173	0.29104328217179753	1.0	1.0	2.0
5390000	1.4383712064190135	0.0553505557735641	1.0	1.0	2.0
5400000	1.142698893259268	2.489287416860739	1.0	1.0	2.0
5410000	0.6554030044504467	0.24397880522122758	1.0	1.0	2.0
5420000	0.40517433085227106	0.3089468047138499	1.0	1.0	2.0
5430000	0.609731641242611	1.6308306054018535	1.0	1.0	2.0
5440000	0.8892890393105729	0.14275700469077296	1.0	1.0	2.0
5450000	0.5258742870972289	0.11046056127945487	1.0	1.0	2.0
5460000	0.10468440668504297	0.04563053636876815	1.0	1.0	2.0
5470000	0.8609675055017774	0.39035705326381803	1.0	1.0	2.0
5480000	2.427266551593767	0.9789434292462179	1.0	1.0	2.0
5490000	0.6857427838346546	1.6453029104305021	1.0	1.0	2.0
5500000	0.8205732379893906	0.33254154902710753	1.0	1.0	2.0
5510000	0.1719586800263789	0.0930550760319445	1.0	1.0	2.0
5520000	1.9012053889599327	0.28979558889803225	1.0	1.0	2.0
5530000	1.26001811934785	1.199032627992431	1.0	1.0	2.0
5540000	4.779712441100321	1.7490253428111608	1.0	1.0	2.0
5550000	2.397718516133197	1.0628922814475925	1.0	1.0	2.0
5560000	0.24991729721769465	0.059689108993418685	1.0	1.0	2.0
5570000	1.3328161632861129	1.0504057339614745	1.0	1.0	2.0
5580000	1.7144757781125861	0.3099523416668593	1.0	1.0	2.0
5590000	1.7596387095163442	0.5950631800544411	1.0	1.0	2.0
5600000	0.07736976190997769	0.038089672058203496	1.0	1.0	2.0
5610000	0.7244724185769625	0.35782148485941273	1.0	1.0	2.0
5620000	0.07087107885129625	0.026902000529586134	1.0	1.0	2.0
5630000	3.150614072102715	0.6974408421531197	1.0	1.0	2.0
5640000	2.1349916409550307	1.3339694464755563	1.0	1.0	2.0
5650000	0.3643388327548335	0.3952187966950446	1.0	1.0	2.0
5660000	0.18562071033397712	0.3045951291404155	1.0	1.0	2.0
5670000	1.644095627489374	0.4104797527705672	1.0	1.0	2.0
5680000	2.530151478231481	0.6732125767711172	1.0	1.0	2.0
5690000	0.3423635044280132	0.2764528032591125	1.0	1.0	2.0
5700000	0.16764282890716822	0.24105242574516048	1.0	1.0	2.0
5710000	2.932119699493353	1.5471849805347135	1.0	1.0	2.0
5720000	0.7141035818150816	0.5375392236655917	1.0	1.0	2.0
5730000	0.8551435226484647	0.12187555553249496	1.0	1.0	2.0
5740000	0.21319282622885052	0.18796316825906853	1.0	1.0	2.0
5750000	0.3352063664543825	0.020180138556779862	1.0	1.0	2.0
5760000	0.47434798789389454	0.23301848519600157	1.0	1.0	2.0
5770000	1.252767287937988	0.6379274215734805	1.0	1.0	2.0
5780000	0.30391884643539546	0.2582329575256028	1.0	1.0	2.0
5790000	0.1364355649182262	0.4644517792090698	1.0	1.0	2.0
5800000	0.6229292613668496	0.3389588590701197	1.0	1.0	2.0
5810000	0.7618180264311087	0.5846950152889172	1.0	1.0	2.0
5820000	3.8721551170369928	0.38389015860253006	1.0	1.0	2.0
5830000	5.5139839759408815	0.042346499197960775	1.0	1.0	2.0
5840000	0.7554390710341427	1.4333318002893198	1.0	1.0	2.0
5850000	0.9220498941412196	0.4977168817549989	1.0	1.0	2.0
5860000	5.016554422246796	0.18413658857993911	1.0	1.0	2.0
5870000	1.2346701395491362	0.16855806236427454	1.0	1.0	2.0
5880000	1.5100046532965046	5.128698083552943E-4	1.0	1.0	2.0
5890000	3.2383801882393497	0.3239643568969961	1.0	1.0	2.0
5900000	0.02470928941375472	0.029352581965430453	1.0	1.0	2.0
5910000	0.5993964516605266	0.1493833985396285	1.0	1.0	2.0
5920000	1.4313662261804438	0.44840830497418294	1.0	1.0	2.0
5930000	0.961194371702289	0.8497958789423687	1.0	1.0	2.0
5940000	0.8780568720759929	0.20442980183757772	1.0	1.0	2.0
5950000	4.028463164240985	1.0455103081211252	1.0	1.0	2.0
5960000	3.0782987938495454	1.0671263940455133	1.0	1.0	2.0
5970000	2.8807935138932828	0.42849539421485555	1.0	1.0	2.0
5980000	1.139952973681691	0.8811080879285696	1.0	1.0	2.0
5990000	1.826713689457396	2.9467674518016516	1.0	1.0	2.0
6000000	1.8766059026645725	0.23624810508375038	1.0	1.0	2.0
6010000	0.4916944777192623	0.24300030451313798	1.0	1.0	2.0
6020000	1.7842521569421061	1.5172624989496748	1.0	1.0	2.0
6030000	0.6275471389920315	0.40982665751582076	1.0	1.0	2.0
6040000	2.2608928952753833	0.7406650957622563	1.0	1.0	2.0
6050000	1.4786355547377295	0.07119658680643688	1.0	1.0	2.0
6060000	1.5455518712374616	0.3671087202632685	1.0	1.0	2.0
6070000	3.1224661783532466	0.4012512836871591	1.0	1.0	2.0
6080000	0.21485051954571194	0.44287564872193935	1.0	1.0	2.0
6090000	0.8483915903504885	0.5440535730335683	1.0	1.0	2.0
6100000	0.46946047191209017	0.4324648277280061	1.0	1.0	2.0
6110000	0.5662184657855204	0.5288797027276909	1.0	1.0	2.0
6120000	5.306090840045069	0.9822717530711674	1.0	1.0	2.0
6130000	0.7566091313645239	0.38049581065342974	1.0	1.0	2.0
6140000	0.7683742950973447	0.18525173185157146	1.0	1.0	2.0
6150000	1.9350967876404994	0.019642895964083144	1.0	1.0	2.0
6160000	0.6845092741547152	1.410708083255792	1.0	1.0	2.0
6170000	0.1001072446265362	0.6021254540464125	1.0	1.0	2.0
6180000	1.1846123762260359	0.3624721498019605	1.0	1.0	2.0
6190000	0.5019126132772898	0.23383957026931543	1.0	1.0	2.0
6200000	0.6300494729792396	0.5209636267075275	1.0	1.0	2.0
6210000	2.5761046376005865	0.07373168841357738	1.0	1.0	2.0
6220000	0.2641864070156238	0.28383144451008396	1.0	1.0	2.0
6230000	0.21882884435759892	0.20354694484604002	1.0	1.0	2.0
6240000	2.177059631198419	1.7970126955119563	1.0	1.0	2.0
6250000	2.482209876811055	1.6118406895377584	1.0	1.0	2.0
6260000	0.7195872974697805	0.12575216554376445	1.0	1.0	2.0
6270000	0.7393541445640607	0.003702942395533141	1.0	1.0	2.0
6280000	1.2685327602827967	0.048222465803402295	1.0	1.0	2.0
6290000	2.746396080153175	1.634971960114896	1.0	1.0	2.0
6300000	0.5005532247698755	0.02042020632900777	1.0	1.0	2.0
6310000	0.7362952278697836	1.2975270500932479	1.0	1.0	2.0
6320000	0.671444944703133	0.5608417092162422	1.0	1.0	2.0
6330000	1.002295825616365	0.006141031173300463	1.0	1.0	2.0
6340000	4.2121399664582055	0.7859291072849497	1.0	1.0	2.0
6350000	0.6889470361440182	0.37369609651207286	1.0	1.0	2.0
6360000	0.05369286507424576	0.0020153275126182963	1.0	1.0	2.0
6370000	1.5611766205930206	0.6054719446739106	1.0	1.0	2.0
6380000	2.3761000105002195	0.7406943111399109	1.0	1.0	2.0
6390000	0.9117850948782658	0.2048246533340637	1.0	1.0	2.0
6400000	0.03768252915600395	1.8582566444175116E-4	0.0	1.0	1.0
6410000	1.3764143717698278	2.3412600140351985	1.0	1.0	2.0
6420000	2.2984213750485694	0.905893259987617	1.0	1.0	2.0
6430000	0.5701454051916512	0.15607570248681174	1.0	1.0	2.0
6440000	2.8592282915076037	1.6179161034780445	1.0	1.0	2.0
6450000	1.5761261701532998	0.030146977271528007	1.0	1.0	2.0
6460000	2.2593189306748216	0.5716388449637626	1.0	1.0	2.0
6470000	0.5026943800261511	0.04156398603908429	1.0	1.0	2.0
6480000	0.9648161701997598	0.6664222157346642	1.0	1.0	2.0
6490000	4.73629812074683	0.2876675520566871	1.0	1.0	2.0
6500000	0.4473479506423582	0.04875897670049326	1.0	1.0	2.0
6510000	0.6511265597044386	0.032328446340495934	1.0	1.0	2.0
6520000	1.0699512821070596	0.5896418878864625	1.0	1.0	2.0
6530000	0.5701108443209543	0.4413965639082007	1.0	1.0	2.0
6540000	1.4012529811094767	0.17442900065823783	1.0	1.0	2.0
6550000	1.2010776002012817	0.2589422879087174	1.0	1.0	2.0
6560000	2.3021067377469207	0.7775149606979264	1.0	1.0	2.0
6570000	2.462435583780043	0.22337929006826276	1.0	1.0	2.0
6580000	0.6587747507824483	0.4079671319044285	0.0	1.0	1.0
6590000	4.336354616096539	0.48320423928107487	1.0	1.0	2.0
6600000	0.38527876567253166	1.352261666488759	1.0	1.0	2.0
6610000	3.472246444703909	0.9502227890960434	1.0	1.0	2.0
6620000	0.4776954129979086	0.1730339193033415	1.0	1.0	2.0
6630000	1.0744342996716834	1.1364180709882958	1.0	1.0	2.0
6640000	1.475273457300842	0.49493424627955396	1.0	1.0	2.0
6650000	0.527304970799714	0.7253197282582404	1.0	1.0	2.0
6660000	1.409110234861245	0.054370120714528555	1.0	1.0	2.0
6670000	3.4833349615966456	0.10991484240074016	1.0	1.0	2.0
6680000	4.570134729425945	0.5371923663369493	1.0	1.0	2.0
6690000	2.121104657577524	0.36754467246304134	1.0	1.0	2.0
6700000	0.7451281802255969	0.13390840251346803	1.0	1.0	2.0
6710000	0.526556873668709	0.24588355085226002	1.0	1.0	2.0
6720000	1.832053963921499	1.3987245192635112	1.0	1.0	2.0
6730000	0.15109759763443056	0.26680267267540636	1.0	1.0	2.0
6740000	0.9673907408695466	1.7134918950075777	1.0	1.0	2.0
6750000	0.8231474283621137	2.2830772922626945	1.0	1.0	2.0
6760000	0.4170154764540315	0.06085452006862511	1.0	1.0	2.0
6770000	0.2850852777438063	0.5857394700880523	1.0	1.0	2.0
6780000	1.23828315805782	0.5011543594808849	1.0	1.0	2.0
6790000	1.87644441169474	1.2453518771722247	1.0	1.0	2.0
6800000	0.28912856224998384	0.1788418513873445	1.0	1.0	2.0
6810000	0.4402941962277902	1.146599300373719	1.0	1.0	2.0
6820000	1.2638518031138304	0.8954549983248983	1.0	1.0	2.0
6830000	4.573697322827264	2.1096506150596235	1.0	1.0	2.0
6840000	0.2092942684656869	0.3098149041057158	1.0	1.0	2.0
6850000	0.23329154763733642	0.14326503139130176	1.0	1.0	2.0
6860000	1.2081862459196464	2.0348024283170827	1.0	1.0	2.0
6870000	1.0291828883681784	1.473282881681074	1.0	1.0	2.0
6880000	0.4985140745192504	0.3805015285219959	1.0	1.0	2.0
6890000	2.311258078228695	0.19811704618127846	1.0	1.0	2.0
6900000	0.18177463575196504	0.718362051931421	1.0	1.0	2.0
6910000	1.89224693765867	0.5233580654581084	1.0	1.0	2.0
6920000	0.2206514188128156	0.4766616397059697	1.0	1.0	2.0
6930000	2.4961008940839764	0.03233027342150995	1.0	1.0	2.0
6940000	0.19943227711887432	0.33544367253499807	1.0	1.0	2.0
6950000	2.786290553148552	0.032803980542174996	1.0	1.0	2.0
6960000	0.973418769580542	1.3443013984965904	1.0	1.0	2.0
6970000	1.288447386922261	1.295217333053609	1.0	1.0	2.0
6980000	0.197074941927647	0.3428765037836677	1.0	1.0	2.0
6990000	0.3848923324665713	0.42106733679683334	1.0	1.0	2.0
7000000	0.371010751223906	0.17955689787357393	1.0	1.0	2.0
7010000	0.3941340257574942	0.07185772737745977	1.0	1.0	2.0
7020000	2.1944514207245702	0.9587210776582156	1.0	1.0	2.0
7030000	2.4916686965176487	0.6634641672601574	1.0	1.0	2.0
7040000	5.600415932560965	0.6078924665082419	1.0	1.0	2.0
7050000	0.3712894530253428	0.3082168402355296	1.0	1.0	2.0
7060000	0.11094773752759382	0.11835574889918708	1.0	1.0	2.0
7070000	1.1239476263303596	1.416925189670515	1.0	1.0	2.0
7080000	3.6514694321481076	1.2198378471352846	1.0	1.0	2.0
7090000	0.6633258226458473	0.2556281913925202	1.0	1.0	2.0
7100000	2.369869963662673	0.3109007745710685	1.0	1.0	2.0
7110000	0.9537264570967995	0.29884017307881	1.0	1.0	2.0
7120000	1.247939893162619	0.6724466964594821	1.0	1.0	2.0
7130000	2.2523012999390755	0.850968394043364	1.0	1.0	2.0
7140000	0.4855753373548674	0.08565266491217911	1.0	1.0	2.0
7150000	1.1174143240654222	0.21639030961970607	1.0	1.0	2.0
7160000	1.9342386932686886	0.4009450510681923	1.0	1.0	2.0
7170000	1.0719648918600013	0.7049988224254513	1.0	1.0	2.0
7180000	0.4056273248606634	0.3051951297398769	1.0	1.0	2.0
7190000	0.8405651726753374	0.2115919027083366	1.0	1.0	2.0
7200000	0.6882090994273193	0.05450864984718159	1.0	1.0	2.0
7210000	1.0162113418917944	0.03112828386761034	1.0	1.0	2.0
7220000	2.036193391968839	0.8701652621561874	1.0	1.0	2.0
7230000	1.203398903038538	0.318721530403473	1.0	1.0	2.0
7240000	1.6783304518269475	1.0334822508627162	1.0	1.0	2.0
7250000	1.1505168181970762	1.6508739632711484	1.0	1.0	2.0
7260000	0.5565771947450153	0.10924814112020947	1.0	1.0	2.0
7270000	1.463681291774025	0.59558238211146	1.0	1.0	2.0
7280000	0.3918865616353953	0.3721775294592899	1.0	1.0	2.0
7290000	0.5935023584793316	0.40022931570229653	1.0	1.0	2.0
7300000	0.13220176130829572	0.2588623971013176	1.0	1.0	2.0
7310000	3.654308327025505	1.7089059044336177	1.0	1.0	2.0
7320000	2.4891193064894774	0.5376021145361704	1.0	1.0	2.0
7330000	2.168688629541426	0.3032184144402084	1.0	1.0	2.0
7340000	1.3169825914696203	0.24755945641268604	1.0	1.0	2.0
7350000	1.120077636935852	0.8365876105665536	1.0	1.0	2.0
7360000	0.8336602840689024	0.7004251231698791	1.0	1.0	2.0
7370000	1.0886273585189696	0.21710730098224995	1.0	1.0	2.0
7380000	0.8399249730102872	1.5223314734068987	1.0	1.0	2.0
7390000	1.2991724231534543	0.36081328246778427	1.0	1.0	2.0
7400000	0.22391802873952207	0.19263347454464544	1.0	1.0	2.0
7410000	1.9330580745730517	0.2384260891330973	1.0	1.0	2.0
7420000	0.33316185250236774	0.9184288964723742	1.0	1.0	2.0
7430000	1.2950624346114434	1.6396524660051317	1.0	1.0	2.0
7440000	4.061223892708275	0.16726586209773373	1.0	1.0	2.0
7450000	1.1340413329840542	0.7200396682249196	1.0	1.0	2.0
7460000	3.336953827961966	2.0892241075695743	1.0	1.0	2.0
7470000	2.153092420053555	0.9571049391561846	1.0	1.0	2.0
7480000	0.43282327254242253	1.1859466842052375	1.0	1.0	2.0
7490000	0.6878097352061716	0.20378977082339822	1.0	1.0	2.0
7500000	0.6928474197298098	0.01697813875437035	1.0	1.0	2.0
7510000	0.40736469627552035	0.29237995564749264	1.0	1.0	2.0
7520000	0.13660531199396658	0.5981815137069305	1.0	1.0	2.0
7530000	2.56910579910417	2.0001251874477646	1.0	1.0	2.0
7540000	1.8202487274575634	0.7357957973182654	1.0	1.0	2.0
7550000	0.3554106379982664	0.9743144078347601	1.0	1.0	2.0
7560000	0.7792099783474522	0.1971158163029682	1.0	1.0	2.0
7570000	0.1779116038586656	0.10033115656804552	1.0	1.0	2.0
7580000	0.1905009712671098	1.0376794702910231E-4	1.0	1.0	2.0
7590000	0.30935076428091307	1.0911969372080048	1.0	1.0	2.0
7600000	4.280562000023033	0.20206291409677735	1.0	1.0	2.0
7610000	2.6137033182930405	0.6146632508719753	1.0	1.0	2.0
7620000	0.9892217180596187	0.5348741564017769	1.0	1.0	2.0
7630000	2.0121297188399083	0.8416198896514401	1.0	1.0	2.0
7640000	0.6797614669156331	1.7879243567913086	1.0	1.0	2.0
7650000	0.8856085911527815	0.1730336744029115	1.0	1.0	2.0
7660000	1.9343529396345367	0.18273434380570708	1.0	1.0	2.0
7670000	0.41936420318321044	0.41057090762335324	1.0	1.0	2.0
7680000	0.91228090260377	0.6576338714354026	1.0	1.0	2.0
7690000	1.302819981835088	0.0769194332566189	1.0	1.0	2.0
7700000	0.3206935572980148	0.15282882060053182	1.0	1.0	2.0
7710000	0.11257357433798218	0.23906663037508585	1.0	1.0	2.0
7720000	0.28424642697931407	0.23532997378102022	1.0	1.0	2.0
7730000	2.0146188362402353	0.027585486004349694	1.0	1.0	2.0
7740000	3.0343955017845543	0.21835017573982637	1.0	1.0	2.0
7750000	1.1021254919208017	0.22492418584443102	1.0	1.0	2.0
7760000	2.4909342711602243	0.254126828392975	1.0	1.0	2.0
7770000	0.9310160644179516	1.0056665656331938	1.0	1.0	2.0
7780000	1.2782844033005751	1.3920540260937584	1.0	1.0	2.0
7790000	0.6505356890702604	0.01771575749482413	1.0	1.0	2.0
7800000	0.3459526176309509	0.29896766018540766	1.0	1.0	2.0
7810000	0.4200428945882829	0.21164747246521076	1.0	1.0	2.0
7820000	0.6979523972238874	0.021353075468181864	1.0	1.0	2.0
7830000	0.5349096015040881	1.043816001712132	1.0	1.0	2.0
7840000	4.825460223132623	1.4993457345745964	1.0	1.0	2.0
7850000	0.6734836046394318	0.21959162480662953	1.0	1.0	2.0
7860000	1.037538879177213	0.5993012031435643	1.0	1.0	2.0
7870000	1.4127224851574218	0.13239104408681082	1.0	1.0	2.0
7880000	1.628337420263537	0.6296401036515512	1.0	1.0	2.0
7890000	1.9347991947294223	0.9084514388272689	1.0	1.0	2.0
7900000	1.4720053087281366	1.0893442676087903	1.0	1.0	2.0
7910000	0.5800340974105788	0.673780469049906	1.0	1.0	2.0
7920000	2.6742384499886867	0.669296957828006	1.0	1.0	2.0
7930000	1.7464002035831439	0.4148047179359003	1.0	1.0	2.0
7940000	0.6563357258130054	0.053670540641393	1.0	1.0	2.0
7950000	0.19177448401710104	0.19703175767635378	1.0	1.0	2.0
7960000	0.9439769779522451	1.4096744296820647	1.0	1.0	2.0
7970000	0.18195133188539248	0.30029611465197475	1.0	1.0	2.0
7980000	0.2754790863063684	0.30521014053754353	1.0	1.0	2.0
7990000	4.981005047459361	0.9407398753799904	1.0	1.0	2.0
8000000	1.4586078281357147	0.42410787598708205	1.0	1.0	2.0
8010000	2.6283116928007644	0.1367354950380978	1.0	1.0	2.0
8020000	2.7387560231549952	0.9651442189502251	1.0	1.0	2.0
8030000	0.9584784228641986	0.6809540359487877	1.0	1.0	2.0
8040000	0.5282959175791634	0.6933333835830424	1.0	1.0	2.0
8050000	1.2375538678040623	0.24522362669546996	1.0	1.0	2.0
8060000	0.6211011058395284	0.19559197241700563	1.0	1.0	2.0
8070000	1.1574134562666658	0.4772384280867046	1.0	1.0	2.0
8080000	1.8503399279943615	0.34422249222164225	1.0	1.0	2.0
8090000	0.4314507218651461	0.35012501280204605	1.0	1.0	2.0
8100000	0.48446441993656786	1.0760576389250205	1.0	1.0	2.0
8110000	0.38487820602530154	0.8696293985049354	1.0	1.0	2.0
8120000	0.39011652576411116	0.0900288629038472	1.0	1.0	2.0
8130000	0.6654982953900447	0.0049765458079103365	1.0	1.0	2.0
8140000	3.180412867098467	0.07151929412036236	1.0	1.0	2.0
8150000	0.86117999943632	0.00381857845248963	1.0	1.0	2.0
8160000	0.5574981876438946	0.10015182875219782	1.0	1.0	2.0
8170000	2.777090808920244	0.46136290195987606	1.0	1.0	2.0
8180000	0.9539369983033477	2.541975625262075	1.0	1.0	2.0
8190000	1.5152043862318627	0.08058794505112876	1.0	1.0	2.0
8200000	1.4861839332532836	1.6124187379485444	1.0	1.0	2.0
8210000	0.6042521450395322	1.3095713659022588	1.0	1.0	2.0
8220000	3.0114943154874143	0.2839405835447985	1.0	1.0	2.0
8230000	1.2622935531158956	0.08078211027490426	1.0	1.0	2.0
8240000	0.3129348711887509	0.1531365156926503	1.0	1.0	2.0
8250000	0.5971494349189022	0.2973454452706956	1.0	1.0	2.0
8260000	2.344729034041048	0.521298004508972	1.0	1.0	2.0
8270000	0.9607199315243291	0.06759430387703995	1.0	1.0	2.0
8280000	1.797208105070526	0.4810889239944674	1.0	1.0	2.0
8290000	0.8748106234577497	0.49594057077590586	1.0	1.0	2.0
8300000	0.2822030295603991	0.019123341396314875	1.0	1.0	2.0
8310000	0.9671517340678276	0.34040360347582455	1.0	1.0	2.0
8320000	0.7128450391619696	0.14618304687282546	1.0	1.0	2.0
8330000	2.180962199127393	0.9455395402269441	1.0	1.0	2.0
8340000	1.3222626964256026	0.5067719369900565	1.0	1.0	2.0
8350000	1.36470366296913	0.805582378172101	1.0	1.0	2.0
8360000	1.6213701004647498	0.4220285970671072	1.0	1.0	2.0
8370000	0.033357503435903456	0.01758530839701009	1.0	1.0	2.0
8380000	0.45769057207626007	1.4250733997905742	1.0	1.0	2.0
8390000	0.6427548158396429	0.11890303040080369	1.0	1.0	2.0
8400000	1.5110623443131128	1.181967236528325	1.0	1.0	2.0
8410000	4.340931438760689	0.5430408515212115	1.0	1.0	2.0
8420000	0.49842128544845826	1.3260583568760784	1.0	1.0	2.0
8430000	0.48764221945261876	1.4561307712760818	1.0	1.0	2.0
8440000	0.29107891394141444	0.3303950251037617	1.0	1.0	2.0
8450000	0.9224672916371627	0.5308529731417742	1.0	1.0	2.0
8460000	0.6720560828099276	0.48419049035308004	1.0	1.0	2.0
8470000	0.2066896948488963	0.5362948668820868	1.0	1.0	2.0
8480000	2.1339377972546707	1.1324029668907223	1.0	1.0	2.0
8490000	3.9994037622714886	1.1768830930819953	1.0	1.0	2.0
8500000	0.7172631063778636	0.37253537763990424	1.0	1.0	2.0
8510000	0.503687544253607	0.36288401305236445	1.0	1.0	2.0
8520000	0.17329307518403958	0.33069971417851585	1.0	1.0	2.0
8530000	2.783833608871988	0.6895767112213196	1.0	1.0	2.0
8540000	0.39224132420177105	0.013041296878723995	1.0	1.0	2.0
8550000	0.6290519782903572	1.100601558595562	1.0	1.0	2.0
8560000	1.0803476863864658	1.0662522064619953	1.0	1.0	2.0
8570000	0.15811348288354884	0.4677672330796224	1.0	1.0	2.0
8580000	0.11893461436953229	0.049166162718732004	1.0	1.0	2.0
8590000	1.6754262347823254	0.40938230166122375	1.0	1.0	2.0
8600000	3.6164306930235433	0.6008376150237721	1.0	1.0	2.0
8610000	0.7378610452573252	0.6508511908997778	1.0	1.0	2.0
8620000	1.3586042664986677	0.39141767643522646	1.0	1.0	2.0
8630000	0.12781393471130206	0.33971900772760866	1.0	1.0	2.0
8640000	2.5749073198243617	2.17013073176376	1.0	1.0	2.0
8650000	0.7529387095755832	1.5038926440268	1.0	1.0	2.0
8660000	0.6033348443547585	0.3982043273926802	1.0	1.0	2.0
8670000	2.6225824312865536	0.030121697859585565	1.0	1.0	2.0
8680000	3.2896528456924896	2.4722411381390805	1.0	1.0	2.0
8690000	2.376160392079802	2.9956962934387787	1.0	1.0	2.0
8700000	1.0881500842064704	0.09574687008620837	1.0	1.0	2.0
8710000	0.5771966188486721	0.5574507507747429	1.0	1.0	2.0
8720000	1.6548698399508466	1.23799179666915	1.0	1.0	2.0
8730000	1.5078987199861726	0.5604393034878453	1.0	1.0	2.0
8740000	0.6578346095309996	0.3214429319133935	1.0	1.0	2.0
8750000	1.6264468034651347	0.1216358523018644	1.0	1.0	2.0
8760000	0.6295212500835036	0.1011909721270244	1.0	1.0	2.0
8770000	0.6265527030430418	1.12242868612075	1.0	1.0	2.0
8780000	0.15579440622651577	0.28097941763836537	1.0	1.0	2.0
8790000	1.4113281427197595	0.3375016917311212	1.0	1.0	2.0
8800000	1.9682745591976247	0.24357260472160586	1.0	1.0	2.0
8810000	1.706421807261886	1.2468967531416826	1.0	1.0	2.0
8820000	1.0428246333329885	1.1785840384589372	1.0	1.0	2.0
8830000	1.3313286594642089	0.4823645542908454	1.0	1.0	2.0
8840000	2.1056885122478906	0.5840183722770314	1.0	1.0	2.0
8850000	2.235767270282661	0.15314131353520782	1.0	1.0	2.0
8860000	1.0638047024692285	0.060041280195055745	1.0	1.0	2.0
8870000	0.4075535957457649	0.06976961327736905	1.0	1.0	2.0
8880000	2.1218578507392447	0.5495223890614213	1.0	1.0	2.0
8890000	1.4560430220392453	1.9932716180758754	1.0	1.0	2.0
8900000	2.945213079451821	1.177541942466493	1.0	1.0	2.0
8910000	0.22174765866317103	0.2578642530398948	1.0	1.0	2.0
8920000	0.8669237564063788	0.79578939361842	1.0	1.0	2.0
8930000	0.670037384012387	0.5048431657893544	1.0	1.0	2.0
8940000	1.4645231986822462	0.9491087150576978	1.0	1.0	2.0
8950000	2.0723873470919054	0.12635443974885852	1.0	1.0	2.0
8960000	0.5760987211160716	0.24289089556524202	1.0	1.0	2.0
8970000	3.684038534771817	0.9936516617280411	1.0	1.0	2.0
8980000	1.5918401867580392	1.0526393840309782	1.0	1.0	2.0
8990000	1.784073947822347	0.4765838343948444	1.0	1.0	2.0
9000000	0.35367569166979723	0.24197578430765596	1.0	1.0	2.0
9010000	0.31366415286529203	0.8090585294866018	1.0	1.0	2.0
9020000	1.1236550102783294	0.287157329219195	1.0	1.0	2.0
9030000	1.0654176012985077	0.3762513620100299	1.0	1.0	2.0
9040000	1.6225929092938225	0.30975867619184877	1.0	1.0	2.0
9050000	0.40048585022527605	1.297318902390161	1.0	1.0	2.0
9060000	2.867482978211119	0.220910973697766	1.0	1.0	2.0
9070000	0.8721404975323221	0.9727557061445702	1.0	1.0	2.0
9080000	1.8720920522848716	0.1687112438884044	1.0	1.0	2.0
9090000	2.473154069028753	1.2863296763679803	1.0	1.0	2.0
9100000	1.9850227770972035	0.23954873382290856	1.0	1.0	2.0
9110000	0.8868494663366733	0.405021493103293	1.0	1.0	2.0
9120000	0.9915228838805249	0.24458191532165813	1.0	1.0	2.0
9130000	2.4801838902881554	0.9514014337105713	1.0	1.0	2.0
9140000	0.9161193427913918	3.251778308668821	1.0	1.0	2.0
9150000	1.441371650023099	1.013035032142837	1.0	1.0	2.0
9160000	2.5795000683254456	0.21546640718931453	1.0	1.0	2.0
9170000	0.5903168948483577	0.3570195638648317	1.0	1.0	2.0
9180000	1.7147943928744656	1.0899205460367356	1.0	1.0	2.0
9190000	3.1147232968894967	2.2949174646711157	1.0	1.0	2.0
9200000	2.2461956279796262	0.45172398239720035	1.0	1.0	2.0
9210000	1.2865855844613767	0.13874423345183703	1.0	1.0	2.0
9220000	6.777933059866335	0.07763762891329892	1.0	1.0	2.0
9230000	0.35559753835075053	0.3615272963565497	1.0	1.0	2.0
9240000	1.4586445766881504	0.02405601564030162	1.0	1.0	2.0
9250000	2.9329655802171954	0.19807643929967164	1.0	1.0	2.0
9260000	1.3680044204157966	0.8575433950956507	1.0	1.0	2.0
9270000	1.4353370305756397	0.43020203949500224	1.0	1.0	2.0
9280000	0.9931939054120665	1.203971574835257	1.0	1.0	2.0
9290000	0.5064970424455313	0.33378163595609134	1.0	1.0	2.0
9300000	1.2800579864834387	0.3839113238515541	1.0	1.0	2.0
9310000	1.5187204643229804	0.03664657406639594	1.0	1.0	2.0
9320000	0.4633555349802049	0.6107915790120942	1.0	1.0	2.0
9330000	2.0831474674162807	0.3762636796673821	1.0	1.0	2.0
9340000	0.9123262126562138	0.0698941100039476	1.0	1.0	2.0
9350000	1.4149947014665576	1.0543257212170767	1.0	1.0	2.0
9360000	1.6600835074030305	0.03790065399148725	1.0	1.0	2.0
9370000	2.2303095608189816	0.6274056956504904	1.0	1.0	2.0
9380000	6.174011703077782	2.814410343370174	1.0	1.0	2.0
9390000	0.6358615870262361	0.12427854211704073	1.0	1.0	2.0
9400000	1.5183785108287093	1.7566139020412632	1.0	1.0	2.0
9410000	0.7175070043165784	0.031087878780254128	1.0	1.0	2.0
9420000	1.6563654943849138	0.7373255642298885	1.0	1.0	2.0
9430000	3.1744191400519677	0.01622330605828116	1.0	1.0	2.0
9440000	0.8760522941482325	0.49400711156859767	1.0	1.0	2.0
9450000	0.10057218998757922	0.013035933648408032	1.0	1.0	2.0
9460000	1.8325267979667308	0.19122443650123191	1.0	1.0	2.0
9470000	2.5948800716781184	1.169506518930646	1.0	1.0	2.0
9480000	0.3766909964076805	0.4119153004716086	1.0	1.0	2.0
9490000	2.8562398660922264	1.3302670441269109	1.0	1.0	2.0
9500000	0.2070933886633184	0.17728928942483999	1.0	1.0	2.0
9510000	2.3287893993037843	0.2736964630508745	1.0	1.0	2.0
9520000	2.973752561256726	0.5121224661293423	1.0	1.0	2.0
9530000	0.3995608551604	0.21117130920041502	1.0	1.0	2.0
9540000	0.5079987498183567	0.5790550498271492	1.0	1.0	2.0
9550000	0.6990928255335146	0.6936976603296294	0.0	1.0	1.0
9560000	0.13636054066800532	0.28254391718339267	1.0	1.0	2.0
9570000	0.0807124624111589	0.3375343772954713	1.0	1.0	2.0
9580000	1.048473578227224	1.837937640946338	1.0	1.0	2.0
9590000	2.143523484749169	2.063776989567773	1.0	1.0	2.0
9600000	2.954285704623424	0.929824562813184	1.0	1.0	2.0
9610000	1.0218402493667365	0.6786781778147061	1.0	1.0	2.0
9620000	1.4494056026811903	0.47523040515986686	1.0	1.0	2.0
9630000	1.8923411562796122	0.16894189623371522	1.0	1.0	2.0
9640000	0.5570454094729811	0.12194259139145319	1.0	1.0	2.0
9650000	2.2759600996486022	0.1702472990834178	1.0	1.0	2.0
9660000	4.9694087051975995	0.3601075111247495	1.0	1.0	2.0
9670000	1.4944794872967966	0.19773026068069016	1.0	1.0	2.0
9680000	1.0742488513606163	1.3575871407986162	1.0	1.0	2.0
9690000	0.4817302284764476	0.3206790429956493	1.0	1.0	2.0
9700000	3.3158553235433517	0.14222619489119678	1.0	1.0	2.0
9710000	0.6009667649467717	0.24750506934920755	1.0	1.0	2.0
9720000	1.6332374110835162	0.30106092890331165	1.0	1.0	2.0
9730000	1.1493730119600236	0.7430885595809024	1.0	1.0	2.0
9740000	0.7610269498937141	0.056892521698603635	1.0	1.0	2.0
9750000	0.7844544017707173	0.19343495709387115	1.0	1.0	2.0
9760000	2.638796824037149	0.1981766408466636	1.0	1.0	2.0
9770000	1.7483068650021765	0.08107946066126051	1.0	1.0	2.0
9780000	1.1242618090846555	0.4354606827689026	1.0	1.0	2.0
9790000	3.6969186837575982	0.24993696757209194	1.0	1.0	2.0
9800000	1.4522921439791123	0.173308245624033	1.0	1.0	2.0
9810000	1.9814173300913205	0.902819273812629	1.0	1.0	2.0
9820000	0.044214280177940865	0.010466788180689598	1.0	1.0	2.0
9830000	1.6834865172480673	0.18471235561953567	1.0	1.0	2.0
9840000	0.6937256522542744	0.3575292510236185	1.0	1.0	2.0
9850000	2.2619990052791255	0.4592882844679139	1.0	1.0	2.0
9860000	0.5561804201154406	0.7599060649290597	1.0	1.0	2.0
9870000	1.7571132331353112	0.0021622821911389573	1.0	1.0	2.0
9880000	1.3526372227449275	1.720362008707956	1.0	1.0	2.0
9890000	1.5224407812944203	0.808658267066992	1.0	1.0	2.0
9900000	0.6563563766551388	0.06456712403482012	1.0	1.0	2.0
9910000	0.7163484870975688	1.4185265478723263	1.0	1.0	2.0
9920000	2.511823721510379	1.431377247179242	1.0	1.0	2.0
9930000	0.3196338635787521	0.8575783910118706	1.0	1.0	2.0
9940000	1.8003399661630124	0.11081255045780243	1.0	1.0	2.0
9950000	3.891245288037111	0.5424167253180462	1.0	1.0	2.0
9960000	0.6052170729577251	0.9165404301980928	1.0	1.0	2.0
9970000	3.5408359963202636	2.186170654297259	1.0	1.0	2.0
9980000	0.3908060022333636	0.4338593676767822	1.0	1.0	2.0
9990000	1.3565893034840621	0.6896961116282755	1.0	1.0	2.0
10000000	3.284512334660496	0.710545378800482	1.0	1.0	2.0
10010000	0.6970921543416565	0.6092471081235225	1.0	1.0	2.0
10020000	2.3403896675372486	1.1843195694282196	1.0	1.0	2.0
10030000	1.1392372313067594	0.5614763547153874	1.0	1.0	2.0
10040000	0.49084920081555666	0.46223910717673483	1.0	1.0	2.0
10050000	2.1522191416552503	0.07743043831409699	1.0	1.0	2.0
10060000	1.1943121682955433	0.4980222702095956	1.0	1.0	2.0
10070000	0.09120750272824518	0.21832411696600842	1.0	1.0	2.0
10080000	1.4506149687016856	0.12182091967697638	1.0	1.0	2.0
10090000	1.8114603496808293	0.15735412662231293	1.0	1.0	2.0
10100000	1.2853516930570326	1.9051069533194227	1.0	1.0	2.0
10110000	0.5563948238033282	1.179162317942649	1.0	1.0	2.0
10120000	0.8370830922520041	0.8982671369069144	1.0	1.0	2.0
10130000	0.5028534588758331	0.06130652752006905	1.0	1.0	2.0
10140000	0.8228678152066137	1.084906055123754	1.0	1.0	2.0
10150000	6.824513578825819	2.8157141839428044	1.0	1.0	2.0
10160000	0.4973899170100898	0.12240160297464406	1.0	1.0	2.0
10170000	2.031406454019693	0.7479603404740544	1.0	1.0	2.0
10180000	0.9019506237239653	0.11812976997437939	1.0	1.0	2.0
10190000	0.6671693399436633	1.6088221765390855	1.0	1.0	2.0
10200000	1.5257638491883423	0.16037214913530012	1.0	1.0	2.0
10210000	1.581034754932711	1.0301744240567177	1.0	1.0	2.0
10220000	1.6464055820089434	1.3364620837720158	1.0	1.0	2.0
10230000	0.5833416523220042	0.1048897857701744	1.0	1.0	2.0
10240000	0.836111532210207	2.1604173305703736	1.0	1.0	2.0
10250000	0.7212904916177998	0.1447952453537309	1.0	1.0	2.0
10260000	1.0746574880591333	0.9872039031965844	1.0	1.0	2.0
10270000	2.9023684084028467	0.2983501868952544	1.0	1.0	2.0
10280000	1.935875255740789	0.21082431826083695	1.0	1.0	2.0
10290000	0.17836042069917765	0.12679045519217239	1.0	1.0	2.0
10300000	0.3920127120514167	0.7103260883963378	1.0	1.0	2.0
10310000	0.9774112826463388	0.07535033434304486	1.0	1.0	2.0
10320000	2.756610092155075	1.0551846658638075	1.0	1.0	2.0
10330000	0.35639084837985846	0.008295979986375107	1.0	1.0	2.0
10340000	0.13302808306127017	0.04341649311197076	1.0	1.0	2.0
10350000	2.8194389974515723	1.717023659860825	1.0	1.0	2.0
10360000	0.5674057971430874	0.10083861292340565	1.0	1.0	2.0
10370000	0.5715701959330413	0.017678839501971938	1.0	1.0	2.0
10380000	0.33100411452541056	0.30653265643287647	1.0	1.0	2.0
10390000	2.426469884690642	1.558280977811677	1.0	1.0	2.0
10400000	1.0184906157969114	0.5770948528293516	1.0	1.0	2.0
10410000	2.6132272876768154	0.04933897070969759	1.0	1.0	2.0
10420000	0.44574821107734786	0.04383369678998666	1.0	1.0	2.0
10430000	3.0695958150432077	2.480642995609208	1.0	1.0	2.0
10440000	0.16345643303963023	0.17262793262057718	1.0	1.0	2.0
10450000	0.6957157709158122	0.040056937268000616	1.0	1.0	2.0
10460000	4.570109544271231	2.68222721173363	1.0	1.0	2.0
10470000	1.7550525904896368	1.1457638431725918	1.0	1.0	2.0
10480000	2.149002214721675	0.07020460892188561	1.0	1.0	2.0
10490000	0.6101020709493564	0.486475426747011	1.0	1.0	2.0
10500000	4.555523562134458	3.062960239335344	1.0	1.0	2.0
10510000	0.43334044525230453	0.2802264978852831	1.0	1.0	2.0
10520000	0.41630204501939105	0.7237403791985011	1.0	1.0	2.0
10530000	0.11052811962053692	0.5968146902015506	1.0	1.0	2.0
10540000	0.8439961226090202	0.26060074901362473	1.0	1.0	2.0
10550000	1.293117362392498	0.03198600301361298	1.0	1.0	2.0
10560000	1.9582376729082556	0.8748252785018441	1.0	1.0	2.0
10570000	2.8753605486748572	0.0526213709934016	1.0	1.0	2.0
10580000	0.5059532105625022	0.7786612747461413	1.0	1.0	2.0
10590000	0.17378840508477986	0.19531043516507732	1.0	1.0	2.0
10600000	1.8813961273944853	0.0982426604287622	1.0	1.0	2.0
10610000	0.7787242169814348	1.2794462150938473	1.0	1.0	2.0
10620000	0.47990591375010927	1.6071279916152068	1.0	1.0	2.0
10630000	1.8827348080514978	0.27930802167449253	1.0	1.0	2.0
10640000	0.4040574232137118	0.033854288536646036	1.0	1.0	2.0
10650000	1.4845253634751536	0.5406757463263252	1.0	1.0	2.0
10660000	3.0862936428946797	0.41531315945889263	1.0	1.0	2.0
10670000	0.8347455923083094	0.6879637093991015	1.0	1.0	2.0
10680000	0.9383058353972654	0.27239561072809215	1.0	1.0	2.0
10690000	0.7797295834117091	0.5689122835072333	1.0	1.0	2.0
10700000	0.7474197203775359	0.04971965886832178	1.0	1.0	2.0
10710000	1.6158743400059499	0.17634287400015594	1.0	1.0	2.0
10720000	0.5299373615489034	0.6835902545362308	1.0	1.0	2.0
10730000	1.5648642880297063	0.18488658200176664	1.0	1.0	2.0
10740000	0.9458671601804627	0.5424158069472054	1.0	1.0	2.0
10750000	0.20650569887032472	0.12429810599368567	1.0	1.0	2.0
10760000	1.28966241523146	0.11902495791547889	1.0	1.0	2.0
10770000	1.7985171528006225	0.2829319780012702	1.0	1.0	2.0
10780000	2.059975023859014	1.1523778950802148	1.0	1.0	2.0
10790000	1.8535072161361104	0.4871390808886235	1.0	1.0	2.0
10800000	0.4000194715078337	0.7984540287922894	1.0	1.0	2.0
10810000	1.2559647329910748	0.029182807562360642	1.0	1.0	2.0
10820000	2.7213987358935086	0.2791106434830751	1.0	1.0	2.0
10830000	1.134178563162706	0.02835159676965021	1.0	1.0	2.0
10840000	0.8252238889747752	1.011476787538256	1.0	1.0	2.0
10850000	1.43072674109191	1.3230267561577143	1.0	1.0	2.0
10860000	1.1711732277614135	0.07612891964479168	1.0	1.0	2.0
10870000	1.697341330839096	0.31348625486760484	1.0	1.0	2.0
10880000	1.0971848547208658	0.5274755087407338	1.0	1.0	2.0
10890000	1.4735709902856438	1.3817967284634944	1.0	1.0	2.0
10900000	0.5404849695178793	0.9014030727118865	1.0	1.0	2.0
10910000	1.38507994447152	3.150738526261083	1.0	1.0	2.0
10920000	1.422560288197469	0.21314538095007438	1.0	1.0	2.0
10930000	0.10453588427659019	0.28397377251738015	1.0	1.0	2.0
10940000	0.37146049084993205	0.040125743077880735	1.0	1.0	2.0
10950000	0.7747454826622905	0.07903774546534384	1.0	1.0	2.0
10960000	0.32265188660097877	0.14356685564463345	1.0	1.0	2.0
10970000	1.310823415448332	0.3821927690115256	1.0	1.0	2.0
10980000	2.6241705935758275	2.4781223930187077	1.0	1.0	2.0
10990000	0.39471159377992077	0.15141149922899746	1.0	1.0	2.0
11000000	1.5428788000872111	1.8171535977926585	1.0	1.0	2.0
11010000	2.042585303670834	1.0518292037650685	1.0	1.0	2.0
11020000	0.526327983397629	0.3157033188491542	1.0	1.0	2.0
11030000	1.035962177965292	0.02921854114236072	1.0	1.0	2.0
11040000	3.609842086348369	0.6170795370676401	1.0	1.0	2.0
11050000	1.1824480404541253	0.09661109019051838	0.0	1.0	1.0
11060000	1.8282094573706602	0.08811550521936708	1.0	1.0	2.0
11070000	0.28906157693580004	0.023671660670971064	1.0	1.0	2.0
11080000	1.4783225501892108	0.2700991741981689	1.0	1.0	2.0
11090000	0.4168788204875687	0.2420942041481164	1.0	1.0	2.0
11100000	0.6078859174183081	0.11296485893789913	1.0	1.0	2.0
11110000	0.18760510589124912	0.4842246868002178	1.0	1.0	2.0
11120000	0.352607549289423	0.10428933069722406	1.0	1.0	2.0
11130000	2.540625172309287	0.10169687218626973	1.0	1.0	2.0
11140000	2.8972074001599566	0.21678260191548726	1.0	1.0	2.0
11150000	0.6577601798035093	0.8819226141620176	1.0	1.0	2.0
11160000	0.1716734606990939	0.4764951151641425	1.0	1.0	2.0
11170000	0.5741975353969683	0.15923446741669803	1.0	1.0	2.0
11180000	0.9206896945425517	0.5184929749377931	1.0	1.0	2.0
11190000	3.5008873978429187	0.3790589328863742	1.0	1.0	2.0
11200000	2.0230901107961223	0.37405967057234185	1.0	1.0	2.0
11210000	0.022372964790086748	0.41530596716321955	1.0	1.0	2.0
11220000	1.4132644864617037	0.5438157242425616	1.0	1.0	2.0
11230000	2.4213189296625948	0.05885560438092081	1.0	1.0	2.0
11240000	2.178355450918317	0.9305091630034235	1.0	1.0	2.0
11250000	1.2062886770798023	0.1802569615458992	1.0	1.0	2.0
11260000	3.3054470789426946	0.8963507891614031	1.0	1.0	2.0
11270000	0.15447794763350617	0.30019086771597375	1.0	1.0	2.0
11280000	0.3338394427877333	0.32634700185455884	1.0	1.0	2.0
11290000	1.3150124658659992	0.2912499723052874	1.0	1.0	2.0
11300000	2.946930266752857	0.5990457708778725	1.0	1.0	2.0
11310000	0.2633580022897556	0.14797242047371806	1.0	1.0	2.0
11320000	1.7273444509358789	0.8343785407280085	1.0	1.0	2.0
11330000	3.103753924346474	0.1329933171145425	1.0	1.0	2.0
11340000	1.4174596735876859	0.27765495583284494	1.0	1.0	2.0
11350000	0.6572235917079373	0.8240298185420962	1.0	1.0	2.0
11360000	2.7888281761135367	0.11057937846691074	1.0	1.0	2.0
11370000	0.35246085505602626	0.9325503657046755	1.0	1.0	2.0
11380000	0.954032574969431	0.6627678784993947	1.0	1.0	2.0
11390000	0.9495596022562864	0.04702666690209041	1.0	1.0	2.0
11400000	1.3253033970097836	0.6368353200439305	1.0	1.0	2.0
11410000	0.08837012204209128	0.028033195974809806	1.0	1.0	2.0
11420000	1.5948676728483897	0.3519719484466087	1.0	1.0	2.0
11430000	3.6986569483449414	0.6161175241886794	1.0	1.0	2.0
11440000	0.21818323561633135	0.13663449035530081	1.0	1.0	2.0
11450000	0.49027111837814974	0.6339571127607626	1.0	1.0	2.0
11460000	1.7356333914141944	2.3822973797893394	1.0	1.0	2.0
11470000	1.2448533208133155	0.06301443936538875	1.0	1.0	2.0
11480000	0.43387161548511255	0.14023178385937646	1.0	1.0	2.0
11490000	2.9617539968313005	0.08020577803951762	1.0	1.0	2.0
11500000	1.0697093163947802	2.4894892968502624	1.0	1.0	2.0
11510000	3.787827965934122	1.5816766505820963	1.0	1.0	2.0
11520000	0.5617819429178078	1.3089034688194654	1.0	1.0	2.0
11530000	0.37550129648758884	1.8904183672347097	1.0	1.0	2.0
11540000	0.49508366543118004	1.075923728541199	1.0	1.0	2.0
11550000	0.5413627732601503	0.2009387916104941	1.0	1.0	2.0
11560000	3.037712171793417	0.20372180060618755	1.0	1.0	2.0
11570000	2.0467550716138145	3.5637190590367576	1.0	1.0	2.0
11580000	0.4346918541797771	0.2543464111843531	1.0	1.0	2.0
11590000	2.980321248455382	0.45219806094582404	1.0	1.0	2.0
11600000	1.9821406194223539	0.5518588028088901	1.0	1.0	2.0
11610000	0.36054220602168446	0.27743899667623495	1.0	1.0	2.0
11620000	6.712418903398216	0.27562340211136593	1.0	1.0	2.0
11630000	1.0452864004313096	0.4458519606669713	1.0	1.0	2.0
11640000	0.795528912380242	0.4829900852256435	1.0	1.0	2.0
11650000	0.40818340665897945	0.36641926697566074	1.0	1.0	2.0
11660000	0.9317808982385019	0.3390216303537349	1.0	1.0	2.0
11670000	0.9367421221867323	0.6995449838382708	1.0	1.0	2.0
11680000	1.1837487995774476	2.0894828293684933	1.0	1.0	2.0
11690000	0.5394218487347688	0.36522471907229415	1.0	1.0	2.0
11700000	1.404795414897799	0.011246891272692369	1.0	1.0	2.0
11710000	0.8909668003813179	0.011198863940048777	1.0	1.0	2.0
11720000	0.4571216782947566	0.4707072247494065	1.0	1.0	2.0
11730000	0.3640836186205089	0.5962583091388534	1.0	1.0	2.0
11740000	0.26921892735365144	0.49784337221253316	1.0	1.0	2.0
11750000	0.2570024339209562	0.020169523729574777	1.0	1.0	2.0
11760000	0.3325533420895744	0.1962952427023782	1.0	1.0	2.0
11770000	0.2502269601235783	0.1299305017820762	1.0	1.0	2.0
11780000	0.32559392551143784	0.16224151070647216	1.0	1.0	2.0
11790000	3.747736987841896	2.037423883206096	1.0	1.0	2.0
11800000	3.242756424230721	1.060998775679716	1.0	1.0	2.0
11810000	0.5734624017283886	0.02956032227654908	1.0	1.0	2.0
11820000	0.763512017323947	0.1326147676843121	1.0	1.0	2.0
11830000	0.9686011351418089	0.026100180376352564	1.0	1.0	2.0
11840000	1.61780178289206	0.5356286921710124	1.0	1.0	2.0
11850000	1.3983241434843874	0.023022413830898644	1.0	1.0	2.0
11860000	0.13857340764558634	0.2385496599185878	1.0	1.0	2.0
11870000	2.1688968027887214	1.021449066487158	1.0	1.0	2.0
11880000	0.4055292746406111	0.5268611082719652	1.0	1.0	2.0
11890000	0.7861313838746028	0.4965235651988721	1.0	1.0	2.0
11900000	0.41375708854638593	0.2746048874662207	1.0	1.0	2.0
11910000	3.349035227566897	1.0201824478727588	1.0	1.0	2.0
11920000	0.7624865470908774	0.25824209414051513	1.0	1.0	2.0
11930000	1.237127344035768	0.06484434377455035	1.0	1.0	2.0
11940000	0.8917142097901759	1.5001983126330651	1.0	1.0	2.0
11950000	0.3833379643004319	0.17959688373575902	1.0	1.0	2.0
11960000	0.933864462725153	1.4408778608181814	1.0	1.0	2.0
11970000	0.39088352048742286	0.465088353936064	1.0	1.0	2.0
11980000	0.8988791269718808	0.28083391849575584	1.0	1.0	2.0
11990000	0.993016083335319	0.8206469344399976	1.0	1.0	2.0
12000000	0.376635698707257	0.0432342486854696	1.0	1.0	2.0
12010000	1.0924635169656005	0.4875983006343232	1.0	1.0	2.0
12020000	0.6115207645595403	0.9458797730074616	1.0	1.0	2.0
12030000	1.2189632857584123	0.015983563559832825	1.0	1.0	2.0
12040000	1.2018152227268	0.10233220383384214	1.0	1.0	2.0
12050000	1.109228715924329	0.42264572797190014	1.0	1.0	2.0
12060000	1.3182358820052023	0.07024007631514638	1.0	1.0	2.0
12070000	1.4345154356561887	0.0026928100553065535	1.0	1.0	2.0
12080000	2.477655998098163	0.21357733423439135	1.0	1.0	2.0
12090000	3.7953468316395917	0.257622421099627	1.0	1.0	2.0
12100000	2.0914726979337965	2.4795887955486116	1.0	1.0	2.0
12110000	0.3340109775210405	0.10979365953271904	1.0	1.0	2.0
12120000	0.39643412014527646	0.26369758660912623	1.0	1.0	2.0
12130000	3.3644476858030203	1.0978588877695779	1.0	1.0	2.0
12140000	1.0646049142226088	0.23602415471890453	1.0	1.0	2.0
12150000	3.8044024841943846	0.8580513704417788	1.0	1.0	2.0
12160000	0.38804435579324253	0.5291798912929909	1.0	1.0	2.0
12170000	0.38456370023509445	0.4482229656620671	1.0	1.0	2.0
12180000	0.2556422296395744	2.7606193443607417E-4	1.0	1.0	2.0
12190000	0.3801880335793218	0.0661473763458435	1.0	1.0	2.0
12200000	0.47111215425810504	0.9451678995117346	1.0	1.0	2.0
12210000	1.1089207964746068	1.1989544196741486	1.0	1.0	2.0
12220000	3.8218570606806384	1.9692915331188594	1.0	1.0	2.0
12230000	0.24031821413550403	0.8024889239330691	1.0	1.0	2.0
12240000	1.1856464070756207	0.41241362614392535	1.0	1.0	2.0
12250000	0.8636054916209938	0.1368637036446836	1.0	1.0	2.0
12260000	0.8794293099346773	0.1369739636289691	1.0	1.0	2.0
12270000	0.15914719045826528	0.09763173013137603	1.0	1.0	2.0
12280000	0.2508683176099335	0.17449629716606604	1.0	1.0	2.0
12290000	0.14381912720306506	0.1833613387931794	1.0	1.0	2.0
12300000	3.7669363274784007	1.8217741213613652	1.0	1.0	2.0
12310000	0.3169709297008721	0.06438784280555868	1.0	1.0	2.0
12320000	2.120585510960731	1.7184934161248373	1.0	1.0	2.0
12330000	2.0518895852241745	0.5634421011422841	1.0	1.0	2.0
12340000	0.4583088933856281	0.03138650394277916	1.0	1.0	2.0
12350000	1.9735355135173311	0.5644697534023054	1.0	1.0	2.0
12360000	0.7318691446602144	0.06298502961889793	1.0	1.0	2.0
12370000	1.2286620461057713	1.2008684165726202	1.0	1.0	2.0
12380000	1.9865974591322122	0.20114342491765028	1.0	1.0	2.0
12390000	2.3535964521605064	0.036350648357780437	1.0	1.0	2.0
12400000	2.7852111927676915	0.5912462295094467	1.0	1.0	2.0
12410000	3.3246320029034355	0.08031106662957974	1.0	1.0	2.0
12420000	3.4281393575936456	0.6807023493205872	1.0	1.0	2.0
12430000	0.7718935052435439	0.6396876839836818	1.0	1.0	2.0
12440000	1.584845249830355	0.1637736615340592	1.0	1.0	2.0
12450000	0.42730164837955015	0.09502018588291952	1.0	1.0	2.0
12460000	1.6321942798495575	0.28674430919217664	1.0	1.0	2.0
12470000	0.9631433263421121	1.3857498465761433	1.0	1.0	2.0
12480000	1.356747899630139	0.31147067553809926	1.0	1.0	2.0
12490000	0.7114813988186276	0.033754130154941345	1.0	1.0	2.0
12500000	5.624986841316335	0.2708025697017978	1.0	1.0	2.0
12510000	2.9220997596130633	0.21337333597526414	1.0	1.0	2.0
12520000	0.16737868835244993	1.0352552460135245	1.0	1.0	2.0
12530000	1.8875259824373831	0.2553393731567967	1.0	1.0	2.0
12540000	5.079031721254053	1.1232803558218238	1.0	1.0	2.0
12550000	2.2781990070391114	1.215239363587775	1.0	1.0	2.0
12560000	0.37834073860029255	0.42397036102022745	1.0	1.0	2.0
12570000	0.834629954229517	2.152558750944419	1.0	1.0	2.0
12580000	0.3616949665423278	0.010946721627420148	1.0	1.0	2.0
12590000	1.4230843623390796	0.27189976593338844	1.0	1.0	2.0
12600000	2.2545146460734955	1.0686235807607656	1.0	1.0	2.0
12610000	1.1183196547119265	0.1376592181247725	1.0	1.0	2.0
12620000	0.8441517035188782	0.6368295464887402	1.0	1.0	2.0
12630000	2.0987923496430163	0.32826663451715005	1.0	1.0	2.0
12640000	1.5212815356850724	0.08007751145156225	1.0	1.0	2.0
12650000	0.6843453476546931	1.8863925749932604	1.0	1.0	2.0
12660000	3.229182762149743	1.0949745260993704	1.0	1.0	2.0
12670000	2.8780943750203303	0.7765948141142992	1.0	1.0	2.0
12680000	1.2649921855019193	0.28934312919710337	1.0	1.0	2.0
12690000	1.7090674059806497	0.8435898431572093	1.0	1.0	2.0
12700000	1.6877583936132867	0.657383883158198	1.0	1.0	2.0
12710000	2.945606561002428	2.6121304496926596	1.0	1.0	2.0
12720000	2.376597203127937	1.204349705717724	1.0	1.0	2.0
12730000	2.978151952050304	0.08835042635962781	1.0	1.0	2.0
12740000	3.9337000263488577	0.3204086020389178	1.0	1.0	2.0
12750000	0.31454859954197645	0.3453597249401253	1.0	1.0	2.0
12760000	0.22520652734606628	0.22621653722800178	1.0	1.0	2.0
12770000	2.3118872006138624	1.5524339869140378	1.0	1.0	2.0
12780000	1.0714912837620378	1.0136518492619897	1.0	1.0	2.0
12790000	0.5163975089295484	0.15221224745605128	1.0	1.0	2.0
12800000	0.5377387936850228	0.19254664497611557	1.0	1.0	2.0
12810000	3.5416405640492457	0.15605356793297476	1.0	1.0	2.0
12820000	0.2779768038047427	0.06903167316158021	1.0	1.0	2.0
12830000	1.2583587683148738	0.712869397665458	1.0	1.0	2.0
12840000	0.4595338722467623	0.041386856621151984	1.0	1.0	2.0
12850000	0.3280202358564716	0.6463129825315082	1.0	1.0	2.0
12860000	0.7001181211558669	0.16855170288803228	1.0	1.0	2.0
12870000	0.11191455881089042	0.0700658943985331	1.0	1.0	2.0
12880000	1.0266466011002768	0.16145347084522385	1.0	1.0	2.0
12890000	1.0857314409442596	0.25829100378083636	1.0	1.0	2.0
12900000	3.8888573329302836	0.6260556791559994	1.0	1.0	2.0
12910000	2.2088554213135425	0.0648349512553801	1.0	1.0	2.0
12920000	1.1676872737376918	0.017416517179940503	1.0	1.0	2.0
12930000	0.6950482814219459	0.11504694239696563	1.0	1.0	2.0
12940000	0.17670929408598404	0.14868544908279072	1.0	1.0	2.0
12950000	1.1734808999140895	0.1289695881672459	1.0	1.0	2.0
12960000	0.4681507287258767	0.5607997427786778	1.0	1.0	2.0
12970000	0.831169329755363	1.4190719098257716	1.0	1.0	2.0
12980000	2.0279365181232825	0.04827127565794898	1.0	1.0	2.0
12990000	1.5360553074228136	0.6439898133534401	1.0	1.0	2.0
13000000	0.34236751766325824	0.423439659380214	1.0	1.0	2.0
13010000	2.235220900375436	0.25674493572905743	1.0	1.0	2.0
13020000	4.2803002988742405	0.248202057704565	1.0	1.0	2.0
13030000	1.7712724787684588	0.011597994391580256	1.0	1.0	2.0
13040000	0.5363430492754034	1.0693782275206059	1.0	1.0	2.0
13050000	2.2938748059903404	0.1369350053465135	1.0	1.0	2.0
13060000	0.7836822659851508	1.2425992193812263	1.0	1.0	2.0
13070000	0.916013955438945	1.0746073758112882	1.0	1.0	2.0
13080000	0.8127866167603024	1.1736547303105855	1.0	1.0	2.0
13090000	1.5692524301171913	0.10960247344933693	1.0	1.0	2.0
13100000	2.4547438447596366	0.10577588122558214	1.0	1.0	2.0
13110000	0.2544780243435255	0.4589983408553375	1.0	1.0	2.0
13120000	0.765371634341626	0.4275636246017005	1.0	1.0	2.0
13130000	0.5457973221010503	0.40005312470737114	1.0	1.0	2.0
13140000	1.4893987796245374	0.10714025464459134	1.0	1.0	2.0
13150000	1.3078486433927436	0.6162086441468597	1.0	1.0	2.0
13160000	3.168114647694991	1.161213825487375	1.0	1.0	2.0
13170000	3.4894485407207836	0.4396185169869626	1.0	1.0	2.0
13180000	1.3484278704996802	0.8058790030212077	1.0	1.0	2.0
13190000	2.1275278532561557	0.3847426386025477	1.0	1.0	2.0
13200000	1.9631530580248655	1.294848625948564	1.0	1.0	2.0
13210000	0.5378662927953194	0.8305187530096709	1.0	1.0	2.0
13220000	2.350175996299535	0.6639703076180364	1.0	1.0	2.0
13230000	1.0062326369811267	0.32993049354266374	1.0	1.0	2.0
13240000	1.1607468567173282	0.649679342878572	1.0	1.0	2.0
13250000	1.6847180489954212	1.9891134421059997	1.0	1.0	2.0
13260000	0.36813950462716927	0.27656528810204006	1.0	1.0	2.0
13270000	0.4751240727404691	0.4907997376609344	1.0	1.0	2.0
13280000	6.134498966334876	1.610439186039131	1.0	1.0	2.0
13290000	0.634947976222262	0.28191643793897064	1.0	1.0	2.0
13300000	0.6814443889979156	0.7093767970879935	1.0	1.0	2.0
13310000	0.9406658446067807	0.03408940650520789	1.0	1.0	2.0
13320000	1.4093066569098247	0.26093714605253227	1.0	1.0	2.0
13330000	0.6235130996197848	0.07191071827045997	1.0	1.0	2.0
13340000	0.12215438310126542	0.1730366823209024	1.0	1.0	2.0
13350000	1.9303912592597545	1.0222162603098062	1.0	1.0	2.0
13360000	0.1727869443802886	0.0023348737378089553	1.0	1.0	2.0
13370000	1.2177230111747974	0.3881116544566982	1.0	1.0	2.0
13380000	2.515274186187448	0.3212196718391204	1.0	1.0	2.0
13390000	1.5091654755459472	0.37394039237006976	1.0	1.0	2.0
13400000	0.04463519612137263	0.13894257358959577	1.0	1.0	2.0
13410000	0.41463726999236766	0.1904222793314267	1.0	1.0	2.0
13420000	0.4719111357978572	0.16502765064189603	1.0	1.0	2.0
13430000	2.3843079480763	1.1629309128362175	1.0	1.0	2.0
13440000	0.8576128410237347	1.0402596992340252	1.0	1.0	2.0
13450000	0.36367234332797554	0.33695522105028974	1.0	1.0	2.0
13460000	1.1455282648776601	1.5820486283928819	1.0	1.0	2.0
13470000	2.528620265016757	0.6176579401099407	1.0	1.0	2.0
13480000	3.1776223464434907	0.42334710330783837	1.0	1.0	2.0
13490000	1.3877564115624867	0.42623062007748486	1.0	1.0	2.0
13500000	0.3652907094901635	0.3946391074588222	1.0	1.0	2.0
13510000	2.2492986093958267	1.1463675558739321	1.0	1.0	2.0
13520000	3.754662443551743	0.399741283448287	1.0	1.0	2.0
13530000	1.0075733213348483	0.26044480641201084	1.0	1.0	2.0
13540000	3.457073756563296	1.407328749825857	1.0	1.0	2.0
13550000	2.522469553841257	0.6525938683999113	1.0	1.0	2.0
13560000	2.3026532751201256	1.0435747321956197	1.0	1.0	2.0
13570000	0.03764334335353541	0.005719165361021596	1.0	1.0	2.0
13580000	0.7585331645829678	0.06214046236584839	1.0	1.0	2.0
13590000	0.9741148286189113	0.03772540175802153	1.0	1.0	2.0
13600000	0.8386888819220372	0.18549890148199705	1.0	1.0	2.0
13610000	1.5313958106991687	1.254839822823423	1.0	1.0	2.0
13620000	0.002982620349552849	0.32340987080625394	0.0	1.0	1.0
13630000	2.952765668558614	0.6613643817565308	1.0	1.0	2.0
13640000	0.3577164305352405	1.0349384677404714	1.0	1.0	2.0
13650000	0.7979517929621431	0.17854351919970987	1.0	1.0	2.0
13660000	2.103605505696278	1.4934868242280448	1.0	1.0	2.0
13670000	5.211964733838379	0.30346583819785716	1.0	1.0	2.0
13680000	0.5174581171160544	0.11353326747658564	1.0	1.0	2.0
13690000	2.3604852481283833	1.6810803901822389	1.0	1.0	2.0
13700000	0.9911158193201041	0.21192903650135422	1.0	1.0	2.0
13710000	0.37706450611336934	0.1529818511495615	1.0	1.0	2.0
13720000	3.8029372406040163	2.5167569718448	1.0	1.0	2.0
13730000	0.7191361946776361	0.5256264602434965	1.0	1.0	2.0
13740000	0.3845582094603295	0.17551372800912976	1.0	1.0	2.0
13750000	0.06517591625428125	0.033308113018383816	1.0	1.0	2.0
13760000	1.2572970455928798	0.4172088907730356	1.0	1.0	2.0
13770000	1.0988545289005105	0.07133340984832805	1.0	1.0	2.0
13780000	0.5082975702394612	0.11161091318311556	1.0	1.0	2.0
13790000	0.9685547238975616	0.2543516052514995	1.0	1.0	2.0
13800000	2.1516217833270375	0.30974644927099143	1.0	1.0	2.0
13810000	1.4662072594505897	0.6603327593585013	1.0	1.0	2.0
13820000	0.07670093783395893	0.09059387405888483	1.0	1.0	2.0
13830000	1.3442571822058733	0.1006764343584217	1.0	1.0	2.0
13840000	1.454652353581888	0.315942572936283	1.0	1.0	2.0
13850000	1.1713517951435872	0.013995588840847778	1.0	1.0	2.0
13860000	0.310913842247185	0.5441202423926672	1.0	1.0	2.0
13870000	1.0550358750579003	0.31636213375404987	1.0	1.0	2.0
13880000	0.771249245698119	0.2840402846515266	1.0	1.0	2.0
13890000	0.8361142308812988	0.8750140954195937	1.0	1.0	2.0
13900000	2.089192326051546	0.0983873310729203	1.0	1.0	2.0
13910000	0.8600647454744503	1.424998017612525	1.0	1.0	2.0
13920000	2.117614147571227	0.7235950171622476	1.0	1.0	2.0
13930000	0.47051199452440534	0.16788289163415626	1.0	1.0	2.0
13940000	0.2993895145340824	0.5427282359620752	1.0	1.0	2.0
13950000	1.2423793323852503	0.2299919533407563	1.0	1.0	2.0
13960000	1.8755748215020864	0.1743350310299019	1.0	1.0	2.0
13970000	0.8338343404354014	0.8819574172597048	1.0	1.0	2.0
13980000	0.7770863244104717	0.45143851205895524	1.0	1.0	2.0
13990000	0.5678595429315565	0.11014116463830975	1.0	1.0	2.0
14000000	1.1094240451895745	0.26612475560537585	1.0	1.0	2.0
14010000	0.22507938090346238	0.9039636538453466	1.0	1.0	2.0
14020000	2.863065409477448	0.10507784856124652	1.0	1.0	2.0
14030000	0.8224421380949895	0.35083355078782574	1.0	1.0	2.0
14040000	0.7677824470133198	1.4029371885327424	1.0	1.0	2.0
14050000	1.6015199133541285	0.19353003491463514	1.0	1.0	2.0
14060000	0.7586329995282707	0.12826026501349425	1.0	1.0	2.0
14070000	0.17289984578274156	0.07384108233571156	1.0	1.0	2.0
14080000	1.065082983541095	0.28545261326103344	1.0	1.0	2.0
14090000	0.19209636433725408	0.24969564468115613	1.0	1.0	2.0
14100000	1.9536196106105692	1.6276075529383187	1.0	1.0	2.0
14110000	0.8841785748299823	0.3513007523118093	1.0	1.0	2.0
14120000	2.2233976312051578	0.3012885973172465	1.0	1.0	2.0
14130000	0.9813981690722944	1.5383484107711831	1.0	1.0	2.0
14140000	1.131720458475648	1.062784403193311	1.0	1.0	2.0
14150000	0.8724964505272493	0.13034592887657262	1.0	1.0	2.0
14160000	0.2765667355756087	0.3708712976466214	1.0	1.0	2.0
14170000	0.8606458423727139	0.9083606876391598	1.0	1.0	2.0
14180000	0.15864027791901517	0.3706636422205949	1.0	1.0	2.0
14190000	1.988614660770135	0.5765458148604082	1.0	1.0	2.0
14200000	2.118469623807936	0.5737424100172615	1.0	1.0	2.0
14210000	1.1883785387846084	2.0905521714590316	1.0	1.0	2.0
14220000	0.2749349622545498	0.18512705282526315	1.0	1.0	2.0
14230000	2.4726100663090516	0.6501871364787488	1.0	1.0	2.0
14240000	1.657376705970367	0.4713775117316714	1.0	1.0	2.0
14250000	0.35163638851042667	0.08620994458987864	1.0	1.0	2.0
14260000	2.5060091598673395	0.0109869578856013	1.0	1.0	2.0
14270000	1.8892503383414858	1.5186333657294546	1.0	1.0	2.0
14280000	0.6154209200288412	0.5617150611104585	1.0	1.0	2.0
14290000	1.7798270326182133	0.7054273031426292	1.0	1.0	2.0
14300000	0.46995799043891856	0.10038154159135661	1.0	1.0	2.0
14310000	0.7575048179004944	1.1277484440207997	1.0	1.0	2.0
14320000	0.8185661381203762	0.23424712772977244	1.0	1.0	2.0
14330000	0.23569703416472415	0.010284636403690295	1.0	1.0	2.0
14340000	0.653995107139557	0.30670849726094235	1.0	1.0	2.0
14350000	1.5718838722017756	0.22473977520723298	1.0	1.0	2.0
14360000	0.5471141679767973	0.21976352666531468	1.0	1.0	2.0
14370000	2.7224985161468305	1.8125620762736196	1.0	1.0	2.0
14380000	1.0735650165618613	0.563119868837607	1.0	1.0	2.0
14390000	0.5984935603366742	0.3674887167794583	1.0	1.0	2.0
14400000	0.7649314103129607	0.12117876595794519	1.0	1.0	2.0
14410000	0.9325963877657477	1.2716620147420676	1.0	1.0	2.0
14420000	1.2471140672558556	0.35915925849843167	1.0	1.0	2.0
14430000	0.5880882071435081	0.009044660275908556	1.0	1.0	2.0
14440000	1.461646201781862	1.4657741056402993	1.0	1.0	2.0
14450000	0.27421282666833957	0.4092297135707152	1.0	1.0	2.0
14460000	0.3717127162231537	0.029655429430203016	1.0	1.0	2.0
14470000	0.6630140153994171	0.4065710329202404	1.0	1.0	2.0
14480000	1.0946508107790902	1.3633382353791488	1.0	1.0	2.0
14490000	0.36498321934569555	0.20033005217761868	1.0	1.0	2.0
14500000	0.4127777285485479	0.05769077221361078	1.0	1.0	2.0
14510000	1.299675619705751	0.5894068344619818	1.0	1.0	2.0
14520000	1.902001106331601	0.018536739657647017	1.0	1.0	2.0
14530000	0.1304249519962397	0.06922808733142904	1.0	1.0	2.0
14540000	0.7875962527683791	0.5205979945756103	1.0	1.0	2.0
14550000	0.29520359207882463	0.0019816121293605624	1.0	1.0	2.0
14560000	3.094227376244112	0.6553408736270777	1.0	1.0	2.0
14570000	1.4793963629973792	0.06825987831131539	1.0	1.0	2.0
14580000	3.231455787087378	1.7071676603609702	1.0	1.0	2.0
14590000	0.40599358932520935	0.04203426782765008	1.0	1.0	2.0
14600000	3.1311715095628925	0.5520428691164455	1.0	1.0	2.0
14610000	0.9323931675879833	0.5818773822218671	1.0	1.0	2.0
14620000	3.4333145168696846	0.04675410339875424	1.0	1.0	2.0
14630000	4.506154852270023	0.3434164714494232	1.0	1.0	2.0
14640000	0.5063694712887915	0.21890542768987897	1.0	1.0	2.0
14650000	1.538054518810399	0.052721916738832315	1.0	1.0	2.0
14660000	2.5148375261239684	1.026140429662535	1.0	1.0	2.0
14670000	0.4443239712311996	0.15564062283258684	1.0	1.0	2.0
14680000	1.6741537873263108	1.2431023950520608	1.0	1.0	2.0
14690000	1.5559102203924549	1.5788080453602722	1.0	1.0	2.0
14700000	2.010348410707567	0.5297995034760935	1.0	1.0	2.0
14710000	0.11718339619186967	0.08232868221220957	1.0	1.0	2.0
14720000	1.8830190703428475	0.030863187211578397	1.0	1.0	2.0
14730000	1.1710357860212166	0.26073031019567106	1.0	1.0	2.0
14740000	4.612615151493181	0.9089397682586765	1.0	1.0	2.0
14750000	0.6257588230025769	1.2950132816882287	1.0	1.0	2.0
14760000	1.301335197025635	0.34366074146952574	1.0	1.0	2.0
14770000	0.9076472659826003	0.17594122903307358	1.0	1.0	2.0
14780000	0.6562821068280112	0.3865921623144584	1.0	1.0	2.0
14790000	2.2518090823229735	0.20375154473102136	1.0	1.0	2.0
14800000	0.35837465206041813	0.2437977262643845	1.0	1.0	2.0
14810000	0.6644548042075056	0.019916175701205154	1.0	1.0	2.0
14820000	0.5174333379398055	0.23021684429566633	1.0	1.0	2.0
14830000	1.1352083064951468	0.098235786573023	1.0	1.0	2.0
14840000	0.6399941282332525	0.3091384489567916	1.0	1.0	2.0
14850000	2.7492296749138543	0.25604481912690463	1.0	1.0	2.0
14860000	1.2195722619504341	0.2803017347600847	1.0	1.0	2.0
14870000	0.3180524407990206	0.5920959861982097	1.0	1.0	2.0
14880000	0.7336411589447306	0.1251017313573538	1.0	1.0	2.0
14890000	1.0794168125519967	0.9742860153739074	1.0	1.0	2.0
14900000	0.4205749060235493	0.37831337234575224	1.0	1.0	2.0
14910000	1.1348206326478392	0.27853816291281114	1.0	1.0	2.0
14920000	0.5487633964618794	0.09531940173452107	1.0	1.0	2.0
14930000	0.21044089155838008	0.2887201840240358	1.0	1.0	2.0
14940000	0.20828138790796794	0.4556879304340653	1.0	1.0	2.0
14950000	0.6787325163843145	0.5746791366333089	1.0	1.0	2.0
14960000	0.02447396414182956	0.018052414665670393	1.0	1.0	2.0
14970000	0.5830644810595879	0.21333907736272437	1.0	1.0	2.0
14980000	1.7372106887507512	0.5616304328242901	1.0	1.0	2.0
14990000	0.07906577893196845	1.5353016037634577	1.0	1.0	2.0
15000000	0.8384539943788633	0.2977677855199095	1.0	1.0	2.0
15010000	0.17324418799810076	0.16678229547725068	1.0	1.0	2.0
15020000	0.8319556912020848	1.2651016559223514	1.0	1.0	2.0
15030000	2.196530833461455	0.1599382933931214	1.0	1.0	2.0
15040000	2.165014647858694	0.7463907695807698	1.0	1.0	2.0
15050000	0.2948521224458235	0.04292497459829449	1.0	1.0	2.0
15060000	2.3557396485635844	0.25183660814933306	1.0	1.0	2.0
15070000	0.17177024059772578	1.2627512777418874	1.0	1.0	2.0
15080000	0.5038703730188971	0.09149548076216177	1.0	1.0	2.0
15090000	1.0386029086640514	0.2718605756059867	1.0	1.0	2.0
15100000	1.7540846043376208	1.562789196756067	1.0	1.0	2.0
15110000	0.3235039250796097	0.4272771190842168	1.0	1.0	2.0
15120000	1.2349096544820606	1.1459861780137832	1.0	1.0	2.0
15130000	0.16116468164803446	0.6238926511771915	1.0	1.0	2.0
15140000	0.23981813325208193	0.5636505770797173	1.0	1.0	2.0
15150000	1.5545659343647953	0.6830260591098885	1.0	1.0	2.0
15160000	1.1460237115979037	1.7191530157347135	1.0	1.0	2.0
15170000	0.45765805094625794	0.4985774105703806	1.0	1.0	2.0
15180000	0.6074495260772427	0.743199316074241	1.0	1.0	2.0
15190000	1.2199786476261334	0.047302733545762775	1.0	1.0	2.0
15200000	0.428577926444041	0.16455465216404608	1.0	1.0	2.0
15210000	1.129094836747244	0.010746909971149242	1.0	1.0	2.0
15220000	1.3497413650633159	0.3923322428461505	1.0	1.0	2.0
15230000	2.574870053530787	0.04284334169385892	1.0	1.0	2.0
15240000	3.2312889321490985	1.3149824674226822	1.0	1.0	2.0
15250000	2.902950352715021	0.3155659377081404	1.0	1.0	2.0
15260000	1.0379196599867824	0.4720257307241909	1.0	1.0	2.0
15270000	0.7733307617700234	0.06754303341118661	1.0	1.0	2.0
15280000	0.414466010130218	0.018791107380294485	1.0	1.0	2.0
15290000	0.7330631879511647	0.05497875410642442	1.0	1.0	2.0
15300000	0.2891069164372635	0.3300200837816618	1.0	1.0	2.0
15310000	0.3969258674767884	0.1330919418239933	1.0	1.0	2.0
15320000	2.4786930316623126	0.04352093007865455	1.0	1.0	2.0
15330000	0.5913101599316086	1.0680070471231504	1.0	1.0	2.0
15340000	0.466396134804136	0.09663879210371559	1.0	1.0	2.0
15350000	0.8019874998159381	1.0234444214699603	1.0	1.0	2.0
15360000	4.162285973957034	0.662615660467836	1.0	1.0	2.0
15370000	1.4333165583138858	0.6874393274061601	1.0	1.0	2.0
15380000	0.5034200423294017	0.9457308655763159	1.0	1.0	2.0
15390000	1.4056298525162632	0.00804273177657626	1.0	1.0	2.0
15400000	1.5309433597069526	0.0012187510051677826	1.0	1.0	2.0
15410000	3.0245079126833043	0.5283467830274159	1.0	1.0	2.0
15420000	1.1191921364347288	0.8695967962751466	1.0	1.0	2.0
15430000	1.8195006087125951	0.4426300409396687	1.0	1.0	2.0
15440000	2.4098851484494554	0.19146645597161538	1.0	1.0	2.0
15450000	1.399308445515014	0.867854200571095	1.0	1.0	2.0
15460000	0.7470678856501742	0.042042710093068064	1.0	1.0	2.0
15470000	3.0864228567197483	0.6297293380901346	1.0	1.0	2.0
15480000	0.8883554958000012	0.2770148734538085	1.0	1.0	2.0
15490000	3.4483554666489895	1.784020033253901	1.0	1.0	2.0
15500000	1.609957892215467	0.04625184028388706	1.0	1.0	2.0
15510000	0.46562510742773194	0.2585867882171884	1.0	1.0	2.0
15520000	0.25437350128483693	0.49449028551664226	1.0	1.0	2.0
15530000	0.5910846922346439	0.509260752106565	1.0	1.0	2.0
15540000	0.7471788764871389	0.5481666236039263	1.0	1.0	2.0
15550000	0.2701393844977289	0.9248750914526561	1.0	1.0	2.0
15560000	2.170326981706845	0.06491726561461415	1.0	1.0	2.0
15570000	0.8465361911377722	0.08049663386526282	1.0	1.0	2.0
15580000	0.9639149092880493	0.44783933650757435	1.0	1.0	2.0
15590000	0.8422406601349465	0.13494348452717522	1.0	1.0	2.0
15600000	0.8600476924266592	4.4900390493905284	1.0	1.0	2.0
15610000	0.6477136005668882	0.4397575069215654	1.0	1.0	2.0
15620000	2.826636829143383	0.06079253275731203	1.0	1.0	2.0
15630000	1.759866800754061	0.033974432708346575	1.0	1.0	2.0
15640000	0.5547200444620232	0.38459006603830836	1.0	1.0	2.0
15650000	1.7099644609972682	1.0719432576449193	1.0	1.0	2.0
15660000	0.18411765927284	0.20822906816262154	1.0	1.0	2.0
15670000	0.5779145285637782	0.005783194470484261	1.0	1.0	2.0
15680000	0.4304672037164807	0.4806786862339174	1.0	1.0	2.0
15690000	0.010428563319753854	0.6581532507713411	1.0	1.0	2.0
15700000	0.7240151186361304	0.15812994324040575	1.0	1.0	2.0
15710000	1.1421401387640158	0.8203232390513704	1.0	1.0	2.0
15720000	2.1086960027691743	0.25916313141823927	1.0	1.0	2.0
15730000	0.5860517630480184	0.40331695585120997	1.0	1.0	2.0
15740000	3.1186973190586795	0.10668860425859336	1.0	1.0	2.0
15750000	2.039816984623118	2.029744674282442	1.0	1.0	2.0
15760000	1.226503657824136	0.056596369061143306	1.0	1.0	2.0
15770000	0.5315327658562565	0.4588214406110522	1.0	1.0	2.0
15780000	3.7524908366603276	2.6773103102509914	1.0	1.0	2.0
15790000	2.3584954306155486	0.27608356206637774	1.0	1.0	2.0
15800000	1.3712795268067166	1.2155435922992248	1.0	1.0	2.0
15810000	0.8348492705863404	1.104901987780182	1.0	1.0	2.0
15820000	0.4837664845753591	0.5947919763457219	0.0	1.0	1.0
15830000	0.8188114401171678	0.2768820843264039	1.0	1.0	2.0
15840000	5.605025288342863	0.6070102615193683	1.0	1.0	2.0
15850000	2.741139985910761	0.23410091862495452	1.0	1.0	2.0
15860000	3.218870390497184	1.456295204928944	1.0	1.0	2.0
15870000	0.6536135442658466	0.01792437758766264	1.0	1.0	2.0
15880000	1.557126157380907	0.018974181977167163	1.0	1.0	2.0
15890000	0.16291512175535103	0.07138692439608159	1.0	1.0	2.0
15900000	0.6786627884490992	0.006786490503246633	1.0	1.0	2.0
15910000	0.9747604742487261	0.42475792101512894	1.0	1.0	2.0
15920000	0.31582276445481094	0.18143922932000547	1.0	1.0	2.0
15930000	2.1969587322165567	0.7413486380362657	1.0	1.0	2.0
15940000	0.3689860303139002	0.1972951328716319	1.0	1.0	2.0
15950000	3.392675071277568	0.8531028116787073	1.0	1.0	2.0
15960000	1.6536209913722708	1.0114484134138526	1.0	1.0	2.0
15970000	1.8287300616391333	2.9541316074550177	1.0	1.0	2.0
15980000	0.6588079365541063	0.10092547210236856	1.0	1.0	2.0
15990000	2.6131173103505296	0.7718696766103305	1.0	1.0	2.0
16000000	0.6315507426910013	0.18957934294291412	0.0	1.0	1.0
16010000	3.0415422136473276	0.6036033374129205	1.0	1.0	2.0
16020000	1.066455130119847	1.142575680922484	1.0	1.0	2.0
16030000	1.5345622680915496	1.9739615139928648	1.0	1.0	2.0
16040000	2.5739320403646935	0.6810169427003757	1.0	1.0	2.0
16050000	1.0247300428070152	0.0572292890437549	1.0	1.0	2.0
16060000	0.5420503279651614	0.4023584663381208	1.0	1.0	2.0
16070000	1.4624925046696162	1.0401172441992372	1.0	1.0	2.0
16080000	3.652128925132259	0.20299454474678233	1.0	1.0	2.0
16090000	0.39594750396439016	1.0022486294106079	1.0	1.0	2.0
16100000	0.6282259084222724	0.73222189283383	1.0	1.0	2.0
16110000	0.46940581232077205	0.053850117449734336	1.0	1.0	2.0
16120000	0.286103012459736	0.18088912395746579	1.0	1.0	2.0
16130000	1.407068158773819	0.06782392531308791	1.0	1.0	2.0
16140000	0.3881404177554336	0.04115391543786266	1.0	1.0	2.0
16150000	1.1481926562942861	0.2157661733157546	0.0	1.0	1.0
16160000	0.9241631129005553	0.06090196757453421	1.0	1.0	2.0
16170000	1.1017793797562376	0.004103590183382621	1.0	1.0	2.0
16180000	0.2865890395870993	0.1405519742340404	1.0	1.0	2.0
16190000	2.025731507114847	0.08371639082588302	1.0	1.0	2.0
16200000	0.9948214553085576	0.17654823893186458	1.0	1.0	2.0
16210000	0.4979069632449902	0.6602377905545748	1.0	1.0	2.0
16220000	1.9560190308677303	0.43965090378199595	1.0	1.0	2.0
16230000	2.322013067642548	0.5214578356051421	1.0	1.0	2.0
16240000	0.7830080716940595	0.6787775585722381	1.0	1.0	2.0
16250000	0.3075476299760108	0.1754917921235737	0.0	1.0	1.0
16260000	0.721482575078989	1.7640801665198427	1.0	1.0	2.0
16270000	2.638468978609673	0.17279733289209007	1.0	1.0	2.0
16280000	3.6321099766193963	0.48857612569807807	1.0	1.0	2.0
16290000	0.6461459393128942	0.4357442755321647	1.0	1.0	2.0
16300000	0.6060258430281206	0.030212087902070365	1.0	1.0	2.0
16310000	0.9169516956840583	0.25664172799917145	1.0	1.0	2.0
16320000	0.5840856182510828	0.16549292789805048	1.0	1.0	2.0
16330000	2.2116935915457057	0.2265027432868434	1.0	1.0	2.0
16340000	1.6980533975942087	0.12053106572149902	1.0	1.0	2.0
16350000	2.0718414662930913	1.7848731028089078	1.0	1.0	2.0
16360000	0.08540930575947721	0.006377931682839854	1.0	1.0	2.0
16370000	2.9758110189999822	0.40291555647814264	1.0	1.0	2.0
16380000	2.316770738531426	0.34716084208181275	1.0	1.0	2.0
16390000	0.41563943679755394	0.24277838145470834	1.0	1.0	2.0
16400000	1.0263954525872532	1.0160122338267952	1.0	1.0	2.0
16410000	1.1966276427689422	1.7721232556356368	1.0	1.0	2.0
16420000	0.5180934655784006	0.0920750937964875	1.0	1.0	2.0
16430000	0.4436139249996806	1.0754189831515375	1.0	1.0	2.0
16440000	0.6013188327845858	0.5553604615134278	1.0	1.0	2.0
16450000	1.6555707499360497	0.7882789807906199	1.0	1.0	2.0
16460000	2.3934346114650666	0.3623323613242106	1.0	1.0	2.0
16470000	1.3844016845723806	1.0685689832281322	1.0	1.0	2.0
16480000	2.6217932086322677	2.461431186261591	1.0	1.0	2.0
16490000	3.1777939645429174	0.1474957222132192	1.0	1.0	2.0
16500000	1.6946577355924437	1.2510220789968065	1.0	1.0	2.0
16510000	0.7166887014194075	0.6604340540619914	1.0	1.0	2.0
16520000	0.21895808728729854	0.10213291467600324	1.0	1.0	2.0
16530000	0.7567684254717026	0.3332790293370015	1.0	1.0	2.0
16540000	0.9417586366584931	0.48828493004892043	1.0	1.0	2.0
16550000	1.7692097797790707	0.389654987457241	1.0	1.0	2.0
16560000	0.5386084098213245	0.10544989909098977	1.0	1.0	2.0
16570000	2.9176069168161485	0.027912335041699154	1.0	1.0	2.0
16580000	0.28694260953800765	0.4077783286941734	1.0	1.0	2.0
16590000	3.795154626930632	1.4199019286850219	1.0	1.0	2.0
16600000	2.2747733413405746	0.6517168084485117	1.0	1.0	2.0
16610000	0.5997750704183612	0.6579884827783785	1.0	1.0	2.0
16620000	0.6793666146326383	0.2877415302312928	1.0	1.0	2.0
16630000	0.4571415312000823	0.08974681999929679	1.0	1.0	2.0
16640000	0.9382601919710746	0.41837805639557096	1.0	1.0	2.0
16650000	1.0150677719189996	0.5031765062369389	1.0	1.0	2.0
16660000	2.1835174950389775	0.04331190464242027	1.0	1.0	2.0
16670000	1.4072171760396677	1.3138833660387839	1.0	1.0	2.0
16680000	2.2025478794568847	0.40840029386779403	1.0	1.0	2.0
16690000	0.887195350144788	0.0907633788739674	1.0	1.0	2.0
16700000	0.27852385853045925	0.06817373244652364	1.0	1.0	2.0
16710000	2.414352524753139	1.8284319474146329	1.0	1.0	2.0
16720000	1.6684262600478486	1.1795767093872114	1.0	1.0	2.0
16730000	1.259606128087472	0.8504918150686558	1.0	1.0	2.0
16740000	2.8785904803944558	0.6442962715816059	1.0	1.0	2.0
16750000	0.34232206844756496	0.009920983821110391	1.0	1.0	2.0
16760000	0.8323822773739986	1.196521601986558	1.0	1.0	2.0
16770000	0.4148611203497426	0.7150171543844579	1.0	1.0	2.0
16780000	0.6009095958009318	0.08830392639221087	1.0	1.0	2.0
16790000	0.4339352188171657	0.05544131236820297	1.0	1.0	2.0
16800000	3.1192459004407693	0.6585986527173111	1.0	1.0	2.0
16810000	2.352142357788457	0.4943775053043506	1.0	1.0	2.0
16820000	0.29547565280756405	0.21692937214330585	1.0	1.0	2.0
16830000	0.3487563985716721	0.14475854045076575	1.0	1.0	2.0
16840000	1.515011750036673	1.305860275896405	1.0	1.0	2.0
16850000	0.45781227454213	0.05853381791261928	1.0	1.0	2.0
16860000	0.7148965369861331	0.08565184626580243	1.0	1.0	2.0
16870000	1.053224572473899	0.09873484663986544	1.0	1.0	2.0
16880000	2.6724935570932526	0.6346117530938014	1.0	1.0	2.0
16890000	0.5281157808351986	1.6585736154150297	1.0	1.0	2.0
16900000	0.5244196622382071	0.16080587451129952	1.0	1.0	2.0
16910000	2.6242662082531063	1.7590716280487715	1.0	1.0	2.0
16920000	2.226099681602622	0.7361125585880048	1.0	1.0	2.0
16930000	1.3314301728532778	0.05255000736191232	1.0	1.0	2.0
16940000	2.8489184188301206	0.3021556233460072	1.0	1.0	2.0
16950000	0.47592749460593753	0.3695321257935055	1.0	1.0	2.0
16960000	1.4031467178275452	0.49646866560811725	1.0	1.0	2.0
16970000	1.7586402080892474	0.8666246176435297	1.0	1.0	2.0
16980000	2.379848857201778	0.7459684025381885	1.0	1.0	2.0
16990000	1.973033815363246	0.6410471210980703	1.0	1.0	2.0
17000000	1.0737366912692792	0.7371620001055482	1.0	1.0	2.0
17010000	1.079654851261452	0.106140415860678	1.0	1.0	2.0
17020000	0.7289229890005905	0.26852568775696883	1.0	1.0	2.0
17030000	2.796955142881124	0.0026119067259327625	1.0	1.0	2.0
17040000	0.6449263783245469	0.37321131426662724	1.0	1.0	2.0
17050000	0.8173646369937935	1.1109802870208654	1.0	1.0	2.0
17060000	1.3054810302535222	0.16076502233653173	1.0	1.0	2.0
17070000	3.3903156692719185	0.44676691566492627	1.0	1.0	2.0
17080000	0.6462529293019167	1.1286955659203586	1.0	1.0	2.0
17090000	2.764076805417971	0.8608954457818281	1.0	1.0	2.0
17100000	0.9689280575024145	1.4072942125911019	1.0	1.0	2.0
17110000	1.461490239213883	0.04244573266376673	1.0	1.0	2.0
17120000	1.824678145658427	0.7819835715344572	1.0	1.0	2.0
17130000	1.1503812695410391	0.07114369638413301	1.0	1.0	2.0
17140000	0.4960714815774936	1.2145660687570257	1.0	1.0	2.0
17150000	1.060839665657347	0.5526871839415545	1.0	1.0	2.0
17160000	0.7078592105442472	0.018007628678241367	1.0	1.0	2.0
17170000	2.272430592392848	0.444001567262417	1.0	1.0	2.0
17180000	2.5066872571880827	0.49530414251220756	1.0	1.0	2.0
17190000	2.649244955860872	0.14089182028660327	1.0	1.0	2.0
17200000	0.8703635737819645	0.06663798002389781	1.0	1.0	2.0
17210000	0.5952158068964792	0.987917490108792	1.0	1.0	2.0
17220000	2.6949958887155296	0.688096244878407	1.0	1.0	2.0
17230000	0.9206776992997376	0.24855240576322946	1.0	1.0	2.0
17240000	0.9364113867256184	0.21896399349864398	1.0	1.0	2.0
17250000	0.7741441471214664	0.3370700834214873	1.0	1.0	2.0
17260000	0.39699487602747674	0.5234578914527088	1.0	1.0	2.0
17270000	3.250312529049312	0.07938307149812152	1.0	1.0	2.0
17280000	2.353245503960628	0.1138199080110668	1.0	1.0	2.0
17290000	1.1183128383540648	0.28257500281369335	1.0	1.0	2.0
17300000	0.7098262948920283	0.25114479881651175	1.0	1.0	2.0
17310000	1.0756849499584296	0.35768327196703786	1.0	1.0	2.0
17320000	0.4778606335815861	0.02806819615850821	1.0	1.0	2.0
17330000	0.5283831157811376	0.09733215600204013	1.0	1.0	2.0
17340000	0.48664197454330543	1.5369212187980352	1.0	1.0	2.0
17350000	0.1673224028886202	0.018160667592509724	1.0	1.0	2.0
17360000	0.224053701999612	0.1520663775334016	1.0	1.0	2.0
17370000	2.9633272404575206	0.3786284516691054	1.0	1.0	2.0
17380000	0.4779011867956963	0.3375597359944867	1.0	1.0	2.0
17390000	0.9454421850030651	3.3549419195373806	1.0	1.0	2.0
17400000	0.8900861836985602	0.4993324989212846	1.0	1.0	2.0
17410000	0.5147152377698276	0.5801823553199887	1.0	1.0	2.0
17420000	0.1821757509698531	1.2303241141595485	1.0	1.0	2.0
17430000	0.5605828748262548	0.8106090810896867	1.0	1.0	2.0
17440000	0.7990171074438959	0.37826372391570817	1.0	1.0	2.0
17450000	0.2922758213094935	0.5369164878701329	1.0	1.0	2.0
17460000	0.8297537083248717	0.31271219404111056	1.0	1.0	2.0
17470000	1.1540557648723635	0.9751468875999006	1.0	1.0	2.0
17480000	1.8942279973407454	0.24061532752298423	1.0	1.0	2.0
17490000	2.265767621895782	0.1018982153196345	1.0	1.0	2.0
17500000	0.45745789551759664	0.07290342753157779	1.0	1.0	2.0
17510000	3.372155968064034	0.3339270211472064	1.0	1.0	2.0
17520000	0.17759644149495174	0.032474209493507815	1.0	1.0	2.0
17530000	0.129549630434071	0.05092498353225965	1.0	1.0	2.0
17540000	1.1022133065177389	0.6964971505596754	1.0	1.0	2.0
17550000	1.8976161293507354	0.4395834362871151	1.0	1.0	2.0
17560000	0.14868433779262558	0.5957235990075678	1.0	1.0	2.0
17570000	4.216389141141599	0.13193844600085125	1.0	1.0	2.0
17580000	0.8802869606922579	0.9736327731657538	1.0	1.0	2.0
17590000	1.032049483962176	0.25284270266279196	1.0	1.0	2.0
17600000	0.6221419015334293	0.13488769351520738	1.0	1.0	2.0
17610000	0.79098299976033	0.7114955916823138	1.0	1.0	2.0
17620000	0.6904742023949558	0.1555331857648792	1.0	1.0	2.0
17630000	1.2556048303786354	0.08792043847171649	1.0	1.0	2.0
17640000	3.631655640061176	0.545018397833227	1.0	1.0	2.0
17650000	0.09628170873855038	0.8750364040544477	1.0	1.0	2.0
17660000	0.3517555928109362	0.17021442198951398	1.0	1.0	2.0
17670000	0.34030325053566635	0.04453859006428073	1.0	1.0	2.0
17680000	2.945994622562809	0.5516602665747888	1.0	1.0	2.0
17690000	2.063485925844523	0.6851764259183007	1.0	1.0	2.0
17700000	0.4198266441976861	0.01828695389973772	1.0	1.0	2.0
17710000	0.765091160130887	0.034339636288342294	1.0	1.0	2.0
17720000	1.7300803094503496	0.4407666830885261	1.0	1.0	2.0
17730000	3.8441982523152687	0.2235964253010167	1.0	1.0	2.0
17740000	0.3131806335541457	0.13785176501589175	1.0	1.0	2.0
17750000	0.38387837143897924	0.7862267539891447	1.0	1.0	2.0
17760000	1.4280266463819697	0.6005160143193747	1.0	1.0	2.0
17770000	1.3681874705370767	0.3336815978827493	1.0	1.0	2.0
17780000	0.4044780126274136	0.030055923039248096	1.0	1.0	2.0
17790000	2.1348297403004026	0.5508937675728093	1.0	1.0	2.0
17800000	0.7655715599543452	0.26668473956064376	1.0	1.0	2.0
17810000	0.91084474968419	0.05172759830168256	1.0	1.0	2.0
17820000	1.1408429719973179	0.012937952589397507	1.0	1.0	2.0
17830000	0.5586033385708213	0.11031627240962488	1.0	1.0	2.0
17840000	1.8865238182132054	0.07341830426916787	1.0	1.0	2.0
17850000	1.2563710534434869	1.8563854918213558	1.0	1.0	2.0
17860000	2.927702250980213	0.36587887394159285	1.0	1.0	2.0
17870000	0.5246564024105642	0.09413166926277407	1.0	1.0	2.0
17880000	0.8800525851803578	0.5506201735663635	1.0	1.0	2.0
17890000	0.7848718793291759	0.03711429652629639	1.0	1.0	2.0
17900000	1.1794743694321423	0.2442037282116002	1.0	1.0	2.0
17910000	0.6819903478537284	0.195577924028123	1.0	1.0	2.0
17920000	6.4460040751516265	2.230004451707423	1.0	1.0	2.0
17930000	2.0677908414141526	0.41409774679335354	1.0	1.0	2.0
17940000	0.6222600563638607	0.24467294298206502	1.0	1.0	2.0
17950000	2.992314490918445	0.14198036064245784	1.0	1.0	2.0
17960000	1.7697507935394166	1.579335438918061	1.0	1.0	2.0
17970000	2.7891881599409842	0.02539665036294853	1.0	1.0	2.0
17980000	0.4532734657273153	0.005852388939990109	1.0	1.0	2.0
17990000	1.5449233245445464	0.8001868639165586	1.0	1.0	2.0
18000000	1.4134223859903632	0.34889531763041837	1.0	1.0	2.0
18010000	0.3363041678273519	0.12676468721869	1.0	1.0	2.0
18020000	1.0480272326317437	0.2736560657291988	1.0	1.0	2.0
18030000	2.00832197441951	0.15754725510715334	1.0	1.0	2.0
18040000	2.8536717018423645	0.9311693103034827	1.0	1.0	2.0
18050000	2.800945050273072	0.8159108528770022	1.0	1.0	2.0
18060000	0.7322804491451463	0.20660920054132081	1.0	1.0	2.0
18070000	1.0757079731528065	0.3820716319388801	1.0	1.0	2.0
18080000	0.36336956807835585	0.045383597885303176	1.0	1.0	2.0
18090000	0.29853981660305834	0.1997812134419326	1.0	1.0	2.0
18100000	0.9480766460967679	0.06113916584970829	1.0	1.0	2.0
18110000	1.6830930920910543	0.7144038590378069	1.0	1.0	2.0
18120000	3.456192448857184	0.5665743470844402	1.0	1.0	2.0
18130000	2.4064655495734106	0.6904436135226387	1.0	1.0	2.0
18140000	1.1897376089945468	0.2354821885560704	1.0	1.0	2.0
18150000	1.3388408767599445	0.67278449982144	1.0	1.0	2.0
18160000	1.0329074508062783	0.18853030859964173	1.0	1.0	2.0
18170000	1.2980323713903397	0.24260502118516444	1.0	1.0	2.0
18180000	1.3341898110069532	0.8807564613674825	1.0	1.0	2.0
18190000	2.9460147620089945	1.1278038935497348	1.0	1.0	2.0
18200000	1.3172749714056826	0.6811511657911391	1.0	1.0	2.0
18210000	1.086146109438796	0.28656747033427415	1.0	1.0	2.0
18220000	0.7660799263249014	0.33074976974772596	1.0	1.0	2.0
18230000	0.5500323979897794	0.7322554643702254	1.0	1.0	2.0
18240000	1.9944382702712986	0.23143582505973623	1.0	1.0	2.0
18250000	0.24224888218076612	0.016603445842589035	1.0	1.0	2.0
18260000	6.566839156236167	1.2548805256201931	1.0	1.0	2.0
18270000	2.0422700832488156	1.4169564398663361	1.0	1.0	2.0
18280000	0.3553064103902736	0.8468249761557715	1.0	1.0	2.0
18290000	0.7041224112993292	0.8783245573766668	1.0	1.0	2.0
18300000	1.777672521595656	1.1034741849483318	1.0	1.0	2.0
18310000	1.5767110061997902	0.5972124001992528	1.0	1.0	2.0
18320000	0.557702995174941	0.11224464720653766	1.0	1.0	2.0
18330000	1.4845739521120183	0.20842143208845282	1.0	1.0	2.0
18340000	1.276747992453876	1.593446311324115	1.0	1.0	2.0
18350000	1.3800263578159566	0.53806476493	1.0	1.0	2.0
18360000	0.14319103436011635	0.17803323575950178	1.0	1.0	2.0
18370000	0.15933000788766966	0.43812183729272064	1.0	1.0	2.0
18380000	0.1890110516475296	0.11175135609115219	1.0	1.0	2.0
18390000	0.8700850408986799	0.20966851106421097	1.0	1.0	2.0
18400000	0.43910198418606855	0.16946127804052338	1.0	1.0	2.0
18410000	4.36272936872113	0.3713374777959782	1.0	1.0	2.0
18420000	3.8617469503789703	0.5319995174096729	1.0	1.0	2.0
18430000	2.1242372398916944	0.5047414530200488	1.0	1.0	2.0
18440000	0.26630381899198413	0.42286111686662753	1.0	1.0	2.0
18450000	3.527529614103525	0.442893963305086	1.0	1.0	2.0
18460000	0.44987852321494615	0.027510111130205708	1.0	1.0	2.0
18470000	1.4064437605924915	0.2779669080776646	1.0	1.0	2.0
18480000	0.6641217986183061	0.0750524196263285	1.0	1.0	2.0
18490000	0.3325639918379825	0.053155896524228086	1.0	1.0	2.0
18500000	1.2935038337444287	0.1469744645299518	1.0	1.0	2.0
18510000	0.48224629673687464	0.3644451549431684	1.0	1.0	2.0
18520000	0.8455134257002864	0.06630411835051465	1.0	1.0	2.0
18530000	0.9334403989474915	0.08566210280717113	1.0	1.0	2.0
18540000	2.045744274565867	0.2803273745509157	1.0	1.0	2.0
18550000	0.0392482785875525	0.7394774705308318	0.0	1.0	1.0
18560000	0.8791156885956348	0.14943062891055908	1.0	1.0	2.0
18570000	1.435499986757222	0.20224561399494614	1.0	1.0	2.0
18580000	0.5227821819144425	0.8158627437786207	1.0	1.0	2.0
18590000	1.345743628173874	0.06214831148110534	1.0	1.0	2.0
18600000	0.9051800035787273	0.6219904335128892	1.0	1.0	2.0
18610000	0.498421596749528	0.09194768419115215	1.0	1.0	2.0
18620000	3.150865954700525	0.6171868350796155	1.0	1.0	2.0
18630000	0.8129746367163414	0.5491557584779153	1.0	1.0	2.0
18640000	0.2861140437511857	0.10373898932555146	1.0	1.0	2.0
18650000	0.24015147837558584	0.15502540406976245	1.0	1.0	2.0
18660000	1.0751070788968726	0.9819571830629937	1.0	1.0	2.0
18670000	0.9398129097456843	0.343062312763556	1.0	1.0	2.0
18680000	0.39515497913533676	0.35026421161770516	1.0	1.0	2.0
18690000	3.4244061302294675	0.07714108548385536	1.0	1.0	2.0
18700000	0.9577477073028311	1.5480428027758906	1.0	1.0	2.0
18710000	1.6150707076510835	0.23528929730571807	1.0	1.0	2.0
18720000	2.6064074139912603	1.0879801216073004	1.0	1.0	2.0
18730000	0.6687747527780967	0.07548818402326074	1.0	1.0	2.0
18740000	0.7065069969818425	0.050324358938692394	1.0	1.0	2.0
18750000	0.6085025289348905	1.12276460867077	1.0	1.0	2.0
18760000	0.9113538277790738	0.08698639436392619	1.0	1.0	2.0
18770000	2.1272762815778172	0.305650156694864	1.0	1.0	2.0
18780000	0.2159068921508269	0.6586686275699014	1.0	1.0	2.0
18790000	0.8338194932764073	1.3735999702048163	1.0	1.0	2.0
18800000	0.9278866084769588	0.061662718455255394	1.0	1.0	2.0
18810000	1.089970296095762	0.17837456603274396	1.0	1.0	2.0
18820000	1.6954746905040226	0.06675741221410811	1.0	1.0	2.0
18830000	0.9248710202967154	2.5343024837952184	1.0	1.0	2.0
18840000	2.5033232798684595	0.3383522498455711	1.0	1.0	2.0
18850000	2.9036251130874153	1.6484151014069108	1.0	1.0	2.0
18860000	1.5084774987864193	0.7475357983925214	1.0	1.0	2.0
18870000	0.6048988184456976	0.28383656234573584	1.0	1.0	2.0
18880000	5.209788807475102	1.554637417508851	1.0	1.0	2.0
18890000	0.3411064708802005	0.23418324131445922	1.0	1.0	2.0
18900000	0.49224672547723664	0.6018793748601345	1.0	1.0	2.0
18910000	0.15283200803622696	0.19746201743053507	1.0	1.0	2.0
18920000	0.8108088743065442	0.06290928757294692	1.0	1.0	2.0
18930000	0.31392851042838643	0.2526843993651975	1.0	1.0	2.0
18940000	2.010707953994658	0.6733121109065001	1.0	1.0	2.0
18950000	0.7682760517068404	1.0947761582493303	1.0	1.0	2.0
18960000	1.647363004728357	3.4926026140131685	1.0	1.0	2.0
18970000	0.6242336220727125	0.35505432713514257	1.0	1.0	2.0
18980000	1.9480667351497971	0.046286221131776085	1.0	1.0	2.0
18990000	0.3095226692533807	0.0015682628977270031	1.0	1.0	2.0
19000000	2.310798687395372	0.3202815162797729	1.0	1.0	2.0
19010000	1.0744144209641617	0.08742774039584035	1.0	1.0	2.0
19020000	1.3435457291910795	1.033191380588807	1.0	1.0	2.0
19030000	1.5402911060561644	0.40375572120218467	1.0	1.0	2.0
19040000	3.2601505274804388	1.0357626640524744	1.0	1.0	2.0
19050000	3.077048162952655	0.5393536039994729	1.0	1.0	2.0
19060000	0.8096117786937883	1.093432559342096	1.0	1.0	2.0
19070000	0.414321820840209	0.018049139533314124	1.0	1.0	2.0
19080000	1.2397403710680484	0.29504778326889036	1.0	1.0	2.0
19090000	1.5683353714380974	0.2771347212988425	1.0	1.0	2.0
19100000	1.0322052576443037	0.07870913355235411	1.0	1.0	2.0
19110000	0.37348550215394766	0.3950883071255535	1.0	1.0	2.0
19120000	1.5078226290670602	0.9745860101461314	1.0	1.0	2.0
19130000	0.5666521857595442	0.15659371401662064	1.0	1.0	2.0
19140000	0.8034308100015756	1.6118839610934963	1.0	1.0	2.0
19150000	1.0920312845453275	0.0256188625319892	1.0	1.0	2.0
19160000	0.36874295055680695	0.7260318904676628	1.0	1.0	2.0
19170000	1.867123974867471	0.3183161135449758	1.0	1.0	2.0
19180000	0.24033626495493124	0.12026885810638857	1.0	1.0	2.0
19190000	1.3349093367359441	0.20984438238460892	1.0	1.0	2.0
19200000	2.0762666360805166	0.7484998809306845	1.0	1.0	2.0
19210000	5.5308677572671145	0.42606214890214117	1.0	1.0	2.0
19220000	2.0729779944944697	1.6305788330691138	1.0	1.0	2.0
19230000	1.0578927336426514	0.4190666336345293	1.0	1.0	2.0
19240000	1.1609570143785422	0.7202585786239893	1.0	1.0	2.0
19250000	3.5553248521685012	1.1000631219913268	1.0	1.0	2.0
19260000	2.879229857693035	0.6978867209298405	1.0	1.0	2.0
19270000	0.9927521519528524	0.32304782948471694	1.0	1.0	2.0
19280000	0.2681610886046135	0.6363920949215458	1.0	1.0	2.0
19290000	0.09742490888937488	0.5823503743118104	1.0	1.0	2.0
19300000	3.3141814044804065	0.03657187545883809	1.0	1.0	2.0
19310000	0.7516155191427151	0.1067920514069892	1.0	1.0	2.0
19320000	2.0102275576463593	0.40112948715308533	1.0	1.0	2.0
19330000	0.1732429714937905	0.04220362500157839	1.0	1.0	2.0
19340000	1.1094873242721046	0.6580582386645659	1.0	1.0	2.0
19350000	0.7929487897136981	1.269176462227005	1.0	1.0	2.0
19360000	0.2711961184059101	0.0513264433848578	1.0	1.0	2.0
19370000	2.2299318899586953	3.626183572038323	1.0	1.0	2.0
19380000	1.9624539715929625	1.3562962704805046	1.0	1.0	2.0
19390000	1.81938465845909	0.07693513614220322	1.0	1.0	2.0
19400000	0.9999859400849145	0.36231437341775385	1.0	1.0	2.0
19410000	0.9729307326545868	0.10737195067175938	1.0	1.0	2.0
19420000	0.7568988902283327	0.6564869088917638	1.0	1.0	2.0
19430000	0.7426569835128705	0.011542987409596422	1.0	1.0	2.0
19440000	1.8413230244103338	0.28531411699298104	1.0	1.0	2.0
19450000	0.8278917591838558	0.26936199713573256	1.0	1.0	2.0
19460000	1.695884168108086	0.9837254382257267	1.0	1.0	2.0
19470000	1.131347666184808	0.10575322572021903	1.0	1.0	2.0
19480000	0.4614672908316202	0.11296176456702281	1.0	1.0	2.0
19490000	0.2541905791838978	0.0636947081034778	1.0	1.0	2.0
19500000	0.5674088008148932	0.10960333488192671	1.0	1.0	2.0
19510000	0.18118340657607115	0.4554477815026923	1.0	1.0	2.0
19520000	1.358310355827103	0.2811437890758549	1.0	1.0	2.0
19530000	0.2944312222377309	0.22382975769046937	1.0	1.0	2.0
19540000	0.7144765822656945	0.17313625703032304	1.0	1.0	2.0
19550000	1.5541653380061473	0.9806376767313792	1.0	1.0	2.0
19560000	1.7664623625516287	0.30613060774179746	1.0	1.0	2.0
19570000	3.3186764116654173	0.5416217142924177	1.0	1.0	2.0
19580000	0.47609796318315534	0.1828386668886475	1.0	1.0	2.0
19590000	2.2710331627501636	0.3863024891063628	1.0	1.0	2.0
19600000	1.2925134917532326	0.83650340728568	1.0	1.0	2.0
19610000	0.3596461271803957	0.3210340504505131	1.0	1.0	2.0
19620000	0.8711644300867767	0.5804156004716419	1.0	1.0	2.0
19630000	0.45964617499425436	0.5193714273709856	1.0	1.0	2.0
19640000	1.1581255435179107	0.2957874030968649	1.0	1.0	2.0
19650000	1.1882795750426316	0.501738568689875	1.0	1.0	2.0
19660000	0.592699258872861	0.2934120318859951	1.0	1.0	2.0
19670000	1.5575328601239053	0.23218396183336565	1.0	1.0	2.0
19680000	3.0271199034324985	0.04180953229619467	1.0	1.0	2.0
19690000	0.08513810585219754	0.22133395117511023	1.0	1.0	2.0
19700000	0.5649518526899164	0.68516169280972	1.0	1.0	2.0
19710000	2.7577909230677684	0.8421373429945954	1.0	1.0	2.0
19720000	0.3371140834640913	0.05258730776379635	1.0	1.0	2.0
19730000	0.077888775563703	0.09019988819716931	1.0	1.0	2.0
19740000	1.3263381127643692	1.016773957100829	1.0	1.0	2.0
19750000	1.360100573440825	1.4300379996103227	1.0	1.0	2.0
19760000	0.442568416539109	0.41064506444033483	1.0	1.0	2.0
19770000	0.4473245935067798	0.05072339882407799	1.0	1.0	2.0
19780000	0.4414783441421799	0.0566120896030096	1.0	1.0	2.0
19790000	3.838934530639703	0.7530309336427219	1.0	1.0	2.0
19800000	0.4182682312906247	0.03543170739772609	1.0	1.0	2.0
19810000	2.9710780382319544	0.8728040427826702	1.0	1.0	2.0
19820000	2.4195614985755443	4.533749061006147	1.0	1.0	2.0
19830000	1.0265755014357816	0.21935543467065868	1.0	1.0	2.0
19840000	0.3932508486991414	0.30174881900231976	1.0	1.0	2.0
19850000	0.5347540072853013	0.01591561248218538	1.0	1.0	2.0
19860000	0.9000101353758531	1.8111419711406807	1.0	1.0	2.0
19870000	1.5410467249907294	0.27205663862271856	1.0	1.0	2.0
19880000	5.484940970556775	0.09329695313746494	1.0	1.0	2.0
19890000	0.9166155005643936	0.23133612443451151	1.0	1.0	2.0
19900000	0.5576167595177728	0.09112547671209158	1.0	1.0	2.0
19910000	0.4046344471556503	0.26293604642514734	1.0	1.0	2.0
19920000	2.075825909694245	1.890161883959239	1.0	1.0	2.0
19930000	1.500056635651657	0.08975045801644525	1.0	1.0	2.0
19940000	1.6762756511854782	0.6035030665843336	1.0	1.0	2.0
19950000	0.33770626288966094	0.4670236344609137	1.0	1.0	2.0
19960000	1.5198614708047715	0.4805739121383791	1.0	1.0	2.0
19970000	1.5692711177888137	1.5894923522802635	1.0	1.0	2.0
19980000	0.2097488145120542	0.3093665520793565	1.0	1.0	2.0
19990000	2.393182052341019	0.5347680786076001	1.0	1.0	2.0
20000000	0.7757324544773704	0.09441151787347841	1.0	1.0	2.0
20010000	0.7252382351821755	0.01591250548896433	1.0	1.0	2.0
20020000	0.7469242240807694	0.22124704753395785	1.0	1.0	2.0
20030000	1.5928084768488893	0.1880394359955689	1.0	1.0	2.0
20040000	1.5032305321508062	0.006134720537011662	1.0	1.0	2.0
20050000	1.1059508589487599	0.25905936863780876	1.0	1.0	2.0
20060000	1.0418121732252623	0.7242010370252745	1.0	1.0	2.0
20070000	2.8830534842403157	0.703062280542673	1.0	1.0	2.0
20080000	0.8979501306891725	1.139266848269531	1.0	1.0	2.0
20090000	0.12244384543228025	0.14887110991402863	1.0	1.0	2.0
20100000	0.4436887659222848	0.1384260273690144	1.0	1.0	2.0
20110000	0.7417561253212993	1.9486394390343063	1.0	1.0	2.0
20120000	0.22910959133765774	0.5936009763930407	1.0	1.0	2.0
20130000	1.968828481581346	0.430635045060928	1.0	1.0	2.0
20140000	1.3536263405166116	1.2776821564639445	1.0	1.0	2.0
20150000	0.9182960746736875	0.11931460999829036	1.0	1.0	2.0
20160000	1.2101512357509128	0.8655747781246362	1.0	1.0	2.0
20170000	4.708345846948623	0.027012272943221803	1.0	1.0	2.0
20180000	0.6003167906640191	0.9932419376092507	1.0	1.0	2.0
20190000	0.5727601865824365	0.10185076689475121	1.0	1.0	2.0
20200000	1.9691111059892852	0.5343807549125013	1.0	1.0	2.0
20210000	0.8039854087407438	0.06792470871178362	1.0	1.0	2.0
20220000	0.22188430327843414	0.08502068106908137	1.0	1.0	2.0
20230000	1.1854428162708777	0.8724199239204573	1.0	1.0	2.0
20240000	1.409279370596314	0.8648340176245404	1.0	1.0	2.0
20250000	2.2897434087793287	0.6429411528068921	1.0	1.0	2.0
20260000	2.6665024915449704	0.9340826226952014	1.0	1.0	2.0
20270000	0.27169365521126015	0.31500512267823283	1.0	1.0	2.0
20280000	5.835092435991026	0.5603790359636595	1.0	1.0	2.0
20290000	2.563671807116677	0.07622308827471011	1.0	1.0	2.0
20300000	1.0015646320576566	2.0438511328684323	1.0	1.0	2.0
20310000	1.0286678490514471	0.3250442092161119	1.0	1.0	2.0
20320000	0.8245428577044995	1.9582316489987819	1.0	1.0	2.0
20330000	0.6077817577021055	0.23607995423213984	1.0	1.0	2.0
20340000	1.7013530820458518	0.813172473469317	1.0	1.0	2.0
20350000	1.7195211198139746	0.8555964897399789	1.0	1.0	2.0
20360000	2.0691938427398697	0.283355610899875	1.0	1.0	2.0
20370000	1.182690071114514	0.23477712798682587	1.0	1.0	2.0
20380000	1.0695031393863246	1.0739683223162522	1.0	1.0	2.0
20390000	0.13796445125946527	1.960086212190497	0.0	1.0	1.0
20400000	0.33841117995262193	0.2952116678524851	1.0	1.0	2.0
20410000	1.6214284171653992	0.18016963747287587	1.0	1.0	2.0
20420000	0.9542769780502659	0.5703944512978754	1.0	1.0	2.0
20430000	3.2615564753892605	0.9899705074158777	1.0	1.0	2.0
20440000	0.701582096020261	1.2647231609826315	1.0	1.0	2.0
20450000	2.6648155482999236	0.21492893932877274	1.0	1.0	2.0
20460000	1.2984664816763898	0.3125722160856847	1.0	1.0	2.0
20470000	0.16989229040749756	0.6763293550646262	1.0	1.0	2.0
20480000	0.8231532998814315	1.326310347119181	1.0	1.0	2.0
20490000	0.7515980474956807	0.06266723081267936	1.0	1.0	2.0
20500000	0.036830602996875315	0.13558833598047051	1.0	1.0	2.0
20510000	0.5930147689114558	0.16897942380804318	1.0	1.0	2.0
20520000	0.7599610885791953	1.0828146433241346	1.0	1.0	2.0
20530000	0.8108292832674863	0.1705910337710255	1.0	1.0	2.0
20540000	1.849224602959992	1.0222266375055415	1.0	1.0	2.0
20550000	0.2994553131889661	1.5730736967089798	1.0	1.0	2.0
20560000	0.35913583551114014	0.13052283165815565	1.0	1.0	2.0
20570000	1.545927152513349	0.4779456377518364	1.0	1.0	2.0
20580000	0.9438251923141149	0.09920866153980301	1.0	1.0	2.0
20590000	4.6780699637606515	0.16800321252530037	1.0	1.0	2.0
20600000	0.8843367859440401	0.1478333175258702	1.0	1.0	2.0
20610000	0.9534151468972631	0.21972159685969242	1.0	1.0	2.0
20620000	1.1324395335944142	0.5833764373328726	1.0	1.0	2.0
20630000	0.9574847929490293	0.5019662500867873	1.0	1.0	2.0
20640000	0.9593298702539741	0.06250037978917798	1.0	1.0	2.0
20650000	3.6075386441066986	0.3719741884253245	1.0	1.0	2.0
20660000	0.9371443502731759	0.8849301391350504	1.0	1.0	2.0
20670000	1.5509691102408432	0.2570979979014407	1.0	1.0	2.0
20680000	0.24967843289378802	0.02190274636599765	1.0	1.0	2.0
20690000	1.0093638891757648	0.4159603656402094	1.0	1.0	2.0
20700000	0.6722618302193989	1.326269602025757	1.0	1.0	2.0
20710000	2.452164277169367	0.8183281940052753	1.0	1.0	2.0
20720000	2.15367691430726	1.0781477175933993	1.0	1.0	2.0
20730000	6.605905434384154	0.48222763033038457	1.0	1.0	2.0
20740000	1.8920617163179416	0.17876495402253592	1.0	1.0	2.0
20750000	1.3146899080216183	2.6721421495227258	1.0	1.0	2.0
20760000	1.3891431576310316	0.414105843614312	1.0	1.0	2.0
20770000	1.7729630926416786	0.9419155205906561	1.0	1.0	2.0
20780000	0.8545139836934819	0.6065668780944145	1.0	1.0	2.0
20790000	0.1907519176028655	1.3755878766837457	1.0	1.0	2.0
20800000	0.6097596752625205	0.2610013827547611	1.0	1.0	2.0
20810000	2.028928325587278	0.5850500656534	1.0	1.0	2.0
20820000	7.211101822866694	0.6603537921318416	1.0	1.0	2.0
20830000	0.4894458384788898	0.48788269956375435	1.0	1.0	2.0
20840000	4.823018338425747	0.4793320269710635	1.0	1.0	2.0
20850000	0.4455187282560047	0.6545931722619165	1.0	1.0	2.0
20860000	1.0469826441301728	0.8332735770893277	1.0	1.0	2.0
20870000	0.5686765942885721	0.012248287268031337	1.0	1.0	2.0
20880000	2.0047427057668803	0.4483618502674464	1.0	1.0	2.0
20890000	2.974034280855736	0.17139287935393777	1.0	1.0	2.0
20900000	0.5008674787530559	0.4334392228023018	1.0	1.0	2.0
20910000	0.6028426031024638	0.14285653081593536	1.0	1.0	2.0
20920000	2.212938769686583	0.11973820242813969	1.0	1.0	2.0
20930000	0.27644344777784063	0.07703836329785851	1.0	1.0	2.0
20940000	0.4351562167325841	0.09652793845357456	1.0	1.0	2.0
20950000	0.5530237880794466	1.1258930825622846	1.0	1.0	2.0
20960000	3.4684078032130086	1.3414578197676252	1.0	1.0	2.0
20970000	1.097145216723576	1.5626961308272878	1.0	1.0	2.0
20980000	0.33781057742038917	0.5324384780447369	1.0	1.0	2.0
20990000	2.092501780407532	0.20770370452672035	1.0	1.0	2.0
21000000	2.8669051135715926	0.6204095670419142	1.0	1.0	2.0
21010000	0.24008543801643978	0.06507416380687985	1.0	1.0	2.0
21020000	0.36473985505581685	0.2008567283466143	1.0	1.0	2.0
21030000	0.3150315918350266	0.08348813559510561	1.0	1.0	2.0
21040000	1.1104380017582898	1.034529637232317	1.0	1.0	2.0
21050000	1.7099715440896643	0.6693728850921005	1.0	1.0	2.0
21060000	1.1661060840965725	1.4044763998688612	1.0	1.0	2.0
21070000	0.35379705639031883	0.4097981220361563	1.0	1.0	2.0
21080000	0.09106427461641244	0.5522103587519156	1.0	1.0	2.0
21090000	0.7131849008620961	0.17839520930820507	1.0	1.0	2.0
21100000	5.387741793853539	0.4971612003711945	1.0	1.0	2.0
21110000	1.2389769293644717	0.2705465237922994	1.0	1.0	2.0
21120000	1.1689437419710822	0.7468430334026637	1.0	1.0	2.0
21130000	1.7368413455843033	0.6480406322788882	1.0	1.0	2.0
21140000	0.16251222613623717	0.2574817936697251	1.0	1.0	2.0
21150000	0.5381878933080593	0.3658553104865713	1.0	1.0	2.0
21160000	2.895068215982797	0.6326648793812989	1.0	1.0	2.0
21170000	1.1890541336839153	1.6297948852520003	1.0	1.0	2.0
21180000	1.7577133484524563	0.0879791577670884	1.0	1.0	2.0
21190000	0.17895610577006787	0.2124970768199465	1.0	1.0	2.0
21200000	2.851962101066418	1.0387062128125728	1.0	1.0	2.0
21210000	1.3330347220374423	0.14109292672716237	1.0	1.0	2.0
21220000	0.6894705658291478	1.0105070221268093	1.0	1.0	2.0
21230000	1.8585350752032659	0.05242424516818673	1.0	1.0	2.0
21240000	0.6806582457332784	2.320929999722854	1.0	1.0	2.0
21250000	0.36850800146119483	0.10746778095527107	1.0	1.0	2.0
21260000	1.37238185966705	0.692254976635554	1.0	1.0	2.0
21270000	0.7547188673563384	0.3172781801789611	1.0	1.0	2.0
21280000	2.1256384480154056	0.6938865054319651	1.0	1.0	2.0
21290000	0.44680828151911534	0.001424465452954784	1.0	1.0	2.0
21300000	1.1280219165088867	0.2751857312763971	1.0	1.0	2.0
21310000	0.05712160887886312	0.056462274699142105	1.0	1.0	2.0
21320000	1.2735942676855403	0.4411270396029442	1.0	1.0	2.0
21330000	1.2337199997687545	0.21561237724521198	1.0	1.0	2.0
21340000	0.27196065286678545	0.12007946073429754	1.0	1.0	2.0
21350000	0.1847979387731143	0.09337163972874066	1.0	1.0	2.0
21360000	1.180878586632607	0.21830965368146704	1.0	1.0	2.0
21370000	1.9780843669711408	0.20933510152137666	1.0	1.0	2.0
21380000	2.548289081464706	2.238633242630223	1.0	1.0	2.0
21390000	3.0648025611992487	0.929197563418477	1.0	1.0	2.0
21400000	0.7057250366597388	2.9010457975436834	1.0	1.0	2.0
21410000	2.77463549076027	0.274479594893568	1.0	1.0	2.0
21420000	0.293128711075497	0.2254311683709963	1.0	1.0	2.0
21430000	1.5822829693706233	0.8408041501957404	1.0	1.0	2.0
21440000	0.2303683252446791	0.21201942368707888	1.0	1.0	2.0
21450000	4.352628926547804	0.39246843608034143	1.0	1.0	2.0
21460000	1.9133463933386676	0.43448850115984083	1.0	1.0	2.0
21470000	0.5646336692652275	0.2593170762376939	1.0	1.0	2.0
21480000	1.1233565178893623	0.09867153503267939	1.0	1.0	2.0
21490000	1.3615515275399583	0.1517477670351122	1.0	1.0	2.0
21500000	1.1840280685310243	0.5418541523629988	1.0	1.0	2.0
21510000	1.2492773792050604	0.3616173295713241	1.0	1.0	2.0
21520000	0.731756447021246	2.29996275983735	1.0	1.0	2.0
21530000	0.2924114502857515	0.516039119251958	1.0	1.0	2.0
21540000	1.3216815500061976	0.20240030020751612	1.0	1.0	2.0
21550000	1.765268851469485	1.1119308290160699	1.0	1.0	2.0
21560000	0.6317762546766444	0.6807901386267871	1.0	1.0	2.0
21570000	1.7018799622334149	1.3607386742283052	1.0	1.0	2.0
21580000	3.123974692437814	1.12773076987624	1.0	1.0	2.0
21590000	3.1359279200577324	1.3823243393837326	1.0	1.0	2.0
21600000	0.7197875879334378	0.11667299512621869	1.0	1.0	2.0
21610000	0.8117221477742576	0.07496581498897724	1.0	1.0	2.0
21620000	0.01459117844448166	0.026229349000924863	1.0	1.0	2.0
21630000	0.17725901200165464	0.0746564553277116	1.0	1.0	2.0
21640000	0.6121953064808323	0.21033046558732302	1.0	1.0	2.0
21650000	1.6739533120702417	0.17277228148678064	1.0	1.0	2.0
21660000	0.8641841271614097	0.9252981530845936	1.0	1.0	2.0
21670000	1.5373104258929922	0.2631451157777114	1.0	1.0	2.0
21680000	0.3172214036429793	0.2868994975183654	1.0	1.0	2.0
21690000	1.5493627075332501	0.8247171638849882	1.0	1.0	2.0
21700000	6.0844249925034655	1.611655083011209	1.0	1.0	2.0
21710000	0.5577008539947613	0.01526484422675031	1.0	1.0	2.0
21720000	0.7721947687653092	0.1656780814211682	1.0	1.0	2.0
21730000	0.39081412720674363	0.02171889149657545	1.0	1.0	2.0
21740000	0.2927756005209719	0.8989758307831858	1.0	1.0	2.0
21750000	0.5352230363171264	0.5133857708819018	1.0	1.0	2.0
21760000	1.3754551302709856	0.5411968095092498	1.0	1.0	2.0
21770000	0.7695917158362799	1.1933153134098486	1.0	1.0	2.0
21780000	1.0866776305779406	0.9539942966030502	1.0	1.0	2.0
21790000	0.4350450498091721	0.41031988106650363	1.0	1.0	2.0
21800000	1.688339592495487	0.7454816838160085	1.0	1.0	2.0
21810000	0.3327388249689169	0.5802535427972954	1.0	1.0	2.0
21820000	0.3816738012022935	0.0779027564232877	1.0	1.0	2.0
21830000	0.6625656633679808	1.4384622709862132	1.0	1.0	2.0
21840000	0.038385207708397505	0.1747940457487594	1.0	1.0	2.0
21850000	1.1124679782967142	0.5209616791272095	1.0	1.0	2.0
21860000	0.5446231850971482	0.4708685783971364	1.0	1.0	2.0
21870000	5.008279496101319	0.6265076711565092	1.0	1.0	2.0
21880000	3.5101156543452334	1.5087354160145958	1.0	1.0	2.0
21890000	0.9725374772894301	0.0983166771127137	1.0	1.0	2.0
21900000	0.5672938934260516	0.11016171446756241	1.0	1.0	2.0
21910000	2.4114695383900706	0.8574690703003721	1.0	1.0	2.0
21920000	1.1155119296578655	0.7573264183845224	1.0	1.0	2.0
21930000	1.1660515947409886	0.04932235017622558	1.0	1.0	2.0
21940000	0.7480146855290831	0.8804686797174159	1.0	1.0	2.0
21950000	1.4946947004727473	0.024983805239384073	1.0	1.0	2.0
21960000	3.2632012749163484	0.0611315324183069	1.0	1.0	2.0
21970000	0.46926246990065945	0.17659757515738822	1.0	1.0	2.0
21980000	1.6491116895232856	0.48462906834004876	1.0	1.0	2.0
21990000	0.1681180556638454	0.21272252495056274	1.0	1.0	2.0
22000000	1.4484154173108277	0.028425791391451734	1.0	1.0	2.0
22010000	1.0571138405520657	0.274209264540451	1.0	1.0	2.0
22020000	0.9755945174613678	0.3723711153570745	1.0	1.0	2.0
22030000	4.1788345650783105	0.8638817647303895	1.0	1.0	2.0
22040000	0.6569777716293986	0.7633371975310729	1.0	1.0	2.0
22050000	1.7835046787098365	0.5549226422575776	1.0	1.0	2.0
22060000	0.18894027876906053	0.2503782038056757	1.0	1.0	2.0
22070000	0.5824476067695866	1.1675917666326603	1.0	1.0	2.0
22080000	0.7552492262935486	0.41863295246497984	1.0	1.0	2.0
22090000	4.94421524061255	1.630039114854834	1.0	1.0	2.0
22100000	3.714509671316774	0.03578008597222585	1.0	1.0	2.0
22110000	0.4817905263045451	0.16941656864459023	1.0	1.0	2.0
22120000	2.531193238585393	0.1847356373771154	1.0	1.0	2.0
22130000	2.518199652330184	0.3084841791783448	1.0	1.0	2.0
22140000	0.2863888224952661	1.0299941253799134	1.0	1.0	2.0
22150000	1.8807715968664178	1.0034510565526447	1.0	1.0	2.0
22160000	1.1327985993773748	0.4813080886003232	1.0	1.0	2.0
22170000	0.327612206719108	0.2733705318059602	1.0	1.0	2.0
22180000	0.5457208075498714	0.6352334958131689	1.0	1.0	2.0
22190000	1.1579169550801764	0.3459441016832202	1.0	1.0	2.0
22200000	0.7503347665168403	0.3639753952617318	1.0	1.0	2.0
22210000	0.923982681815653	2.2567078328212995	1.0	1.0	2.0
22220000	0.4319157193134182	0.026751997323294033	1.0	1.0	2.0
22230000	1.6656881155565624	0.6989608859294362	1.0	1.0	2.0
22240000	0.852236032734549	0.7825201302047085	1.0	1.0	2.0
22250000	2.444629525531979	0.35955819980470044	1.0	1.0	2.0
22260000	0.47639027892984126	0.054833594907984576	1.0	1.0	2.0
22270000	0.5289324299616238	0.4187462510376051	1.0	1.0	2.0
22280000	0.5168738583286023	0.19889492546702392	1.0	1.0	2.0
22290000	3.5300863698870426	0.27923250939516026	1.0	1.0	2.0
22300000	0.3735134353078853	0.030268626679525325	1.0	1.0	2.0
22310000	2.252452301107934	0.05234473756605609	1.0	1.0	2.0
22320000	1.3039980497457602	0.19996475694914123	1.0	1.0	2.0
22330000	1.2884585011609704	2.2820836067174213	1.0	1.0	2.0
22340000	0.46591622281957035	0.2649738501060403	1.0	1.0	2.0
22350000	1.1712030342796464	0.11519417391994992	1.0	1.0	2.0
22360000	1.058857322884121	0.1887020242816757	1.0	1.0	2.0
22370000	0.7345430220928253	0.27012663501773554	1.0	1.0	2.0
22380000	0.3703611750805038	0.3655136212728107	1.0	1.0	2.0
22390000	0.9118958085246535	0.7134295539576399	1.0	1.0	2.0
22400000	0.792018003217943	0.11291892939156357	1.0	1.0	2.0
22410000	0.13652968138288385	0.10485876980250308	1.0	1.0	2.0
22420000	4.654589884922422	1.05095872224183	1.0	1.0	2.0
22430000	1.1689327303775774	0.2574876229299711	1.0	1.0	2.0
22440000	0.34742686254889144	0.41609133329168096	1.0	1.0	2.0
22450000	0.18839579833962347	0.20348187150417782	1.0	1.0	2.0
22460000	4.85893922168751	0.49321328766320904	1.0	1.0	2.0
22470000	1.2902892801837522	1.3164669392925947	1.0	1.0	2.0
22480000	0.649108458105231	0.3087281263842059	1.0	1.0	2.0
22490000	3.126817275620561	0.026087161024398328	1.0	1.0	2.0
22500000	3.175056879658793	0.2544714200558967	1.0	1.0	2.0
22510000	0.8602445666969651	0.4392282131201523	1.0	1.0	2.0
22520000	0.53692579407074	1.357664734752349	1.0	1.0	2.0
22530000	1.8649154491406963	0.7431845079452835	1.0	1.0	2.0
22540000	1.4568616108202157	1.515276326401027	1.0	1.0	2.0
22550000	0.7454308720199669	0.5915250082223352	1.0	1.0	2.0
22560000	0.3243161397722412	0.20538068595919082	1.0	1.0	2.0
22570000	0.31022365457471995	2.2364967798832307	1.0	1.0	2.0
22580000	0.7006095592903738	1.1034164678516265	1.0	1.0	2.0
22590000	0.7095424531770639	0.0162838332625946	1.0	1.0	2.0
22600000	0.828259329303428	0.04466413198247027	1.0	1.0	2.0
22610000	0.7116026242068574	0.4379283079639858	1.0	1.0	2.0
22620000	2.276613819040551	0.8600196688155376	1.0	1.0	2.0
22630000	3.4450347220689257	0.12090597987234171	1.0	1.0	2.0
22640000	0.8655268499228843	1.7018458451123963	1.0	1.0	2.0
22650000	2.1834908578436587	1.2882856522407566	1.0	1.0	2.0
22660000	1.5033072848129678	0.09519144035674763	1.0	1.0	2.0
22670000	2.000644919843723	1.2854756033710804	1.0	1.0	2.0
22680000	0.21519800319559032	0.05679598044616391	1.0	1.0	2.0
22690000	1.1142118421406284	1.7176013288218623	1.0	1.0	2.0
22700000	2.043352608584412	0.6952904204985633	1.0	1.0	2.0
22710000	1.8730262972201461	0.43914427092374214	1.0	1.0	2.0
22720000	0.6280128656297529	0.7334459467204121	1.0	1.0	2.0
22730000	1.1347042426778025	0.1600479239691866	1.0	1.0	2.0
22740000	1.8436225256759078	2.0195665869679202	1.0	1.0	2.0
22750000	0.23981530052715483	1.0334545826092716	1.0	1.0	2.0
22760000	8.882276798984048	1.8576878595827864	1.0	1.0	2.0
22770000	1.3091292520298823	0.39251611509876083	1.0	1.0	2.0
22780000	3.804843369533958	1.9232972322664543	1.0	1.0	2.0
22790000	1.6221200017506878	0.18639603914052896	1.0	1.0	2.0
22800000	1.3065317088396986	0.3619731029273893	1.0	1.0	2.0
22810000	0.5535693386057551	0.5906284604604597	1.0	1.0	2.0
22820000	0.5188402911022767	0.08975890018435792	1.0	1.0	2.0
22830000	1.3039736934451183	0.12030548101839288	1.0	1.0	2.0
22840000	0.9267239183399056	0.20345134919994012	1.0	1.0	2.0
22850000	0.7122315122385928	0.23202212997325364	1.0	1.0	2.0
22860000	0.341945691744922	0.07815604374674907	1.0	1.0	2.0
22870000	1.3466691913785513	3.2601550767301393	1.0	1.0	2.0
22880000	4.161039582450188	0.962422978354315	1.0	1.0	2.0
22890000	0.29664412501888193	0.08701471795832734	1.0	1.0	2.0
22900000	0.566282559882468	0.5239480350142844	1.0	1.0	2.0
22910000	0.34658027582120915	0.3874121495255549	1.0	1.0	2.0
22920000	0.5121913631519486	0.16832458583057733	1.0	1.0	2.0
22930000	1.432073027488994	0.4242273052981633	1.0	1.0	2.0
22940000	0.9857388167589698	2.151787139824918	1.0	1.0	2.0
22950000	0.6459144914137128	0.15341806461179874	1.0	1.0	2.0
22960000	1.646333728656979	0.2463166072315337	1.0	1.0	2.0
22970000	0.2256362134240556	0.37819139386380785	1.0	1.0	2.0
22980000	5.92206665256316	0.4033016540067538	1.0	1.0	2.0
22990000	3.4022660421273754	0.5796624133699801	1.0	1.0	2.0
23000000	0.7783312956167397	0.4744479941208968	1.0	1.0	2.0
23010000	0.6837062673164519	0.3098282665269799	1.0	1.0	2.0
23020000	1.648681836457671	2.4796102716358117	1.0	1.0	2.0
23030000	1.9146267944579332	1.1211250550229412	1.0	1.0	2.0
23040000	2.441889553945352	0.9386213881339419	1.0	1.0	2.0
23050000	0.7239799131206754	0.1206380102569095	1.0	1.0	2.0
23060000	1.9324410088637833	0.3363167590332589	1.0	1.0	2.0
23070000	2.1473219307000826	1.8827063546395735	1.0	1.0	2.0
23080000	0.5371601638679961	0.4208984603643401	1.0	1.0	2.0
23090000	1.4788477852499904	0.030657081591158212	1.0	1.0	2.0
23100000	1.2704966826847313	0.21935907961650095	1.0	1.0	2.0
23110000	0.3190067392111297	0.6639185246213439	1.0	1.0	2.0
23120000	0.3026846426182696	0.6393220626294663	1.0	1.0	2.0
23130000	1.5604232103183668	0.08998420575123076	1.0	1.0	2.0
23140000	3.0930271172217934	0.3813933224952071	1.0	1.0	2.0
23150000	1.869870929519308	1.1083614053174615	1.0	1.0	2.0
23160000	1.2171169615430444	0.46683518306450733	1.0	1.0	2.0
23170000	0.4743252986109147	0.08168110750520205	1.0	1.0	2.0
23180000	0.33529506929178166	0.8822387058742854	1.0	1.0	2.0
23190000	0.8678963868173033	0.328524163361699	1.0	1.0	2.0
23200000	0.4782457077876416	0.005895321750847136	1.0	1.0	2.0
23210000	4.092397095825176	0.8362948017383907	1.0	1.0	2.0
23220000	1.1213705227754698	0.45619657951314174	1.0	1.0	2.0
23230000	1.3713821719858448	3.3766954534322444	1.0	1.0	2.0
23240000	3.688455633313361	0.4099733901528424	1.0	1.0	2.0
23250000	0.3361079140845021	0.4499104921096125	1.0	1.0	2.0
23260000	0.46708927209181217	0.0025198854401873006	1.0	1.0	2.0
23270000	2.0934358369450163	0.0383910800683891	1.0	1.0	2.0
23280000	1.4210166738169125	0.12410484330057664	1.0	1.0	2.0
23290000	4.4106980632659765	0.6175924319101234	1.0	1.0	2.0
23300000	0.624716235030469	0.5638783137474375	1.0	1.0	2.0
23310000	1.9230338939314668	0.4514070379737483	1.0	1.0	2.0
23320000	0.7318805725743409	1.283356205206769	1.0	1.0	2.0
23330000	0.563115281364929	1.2106427041452608	1.0	1.0	2.0
23340000	0.8563861143152812	1.14694367416142	1.0	1.0	2.0
23350000	0.32456092130618996	0.8363342638245501	1.0	1.0	2.0
23360000	0.5442399391892273	0.019489330541175246	1.0	1.0	2.0
23370000	0.6733250601735566	0.2276531832659117	1.0	1.0	2.0
23380000	2.0445463472315684	0.004199545152547137	1.0	1.0	2.0
23390000	1.126587397945634	0.5246627205512041	1.0	1.0	2.0
23400000	2.3889716550673064	0.7266585669393631	1.0	1.0	2.0
23410000	2.1617710883615824	0.6674471751716622	1.0	1.0	2.0
23420000	0.8086174978106457	0.15995191283675053	1.0	1.0	2.0
23430000	3.5784390925819776	0.373059987972553	1.0	1.0	2.0
23440000	0.9412645680721899	0.06952517698833804	1.0	1.0	2.0
23450000	1.7108714426903022	0.8065827601426239	1.0	1.0	2.0
23460000	1.0529455602814926	0.05140531339060928	1.0	1.0	2.0
23470000	0.3503268859886636	1.279481946445177	1.0	1.0	2.0
23480000	1.5415085499861956	0.13075676100479156	1.0	1.0	2.0
23490000	0.6454096031761111	0.7431103820420301	1.0	1.0	2.0
23500000	4.562019403970893	0.00370881975029743	1.0	1.0	2.0
23510000	2.0405692054744	1.6471603675712865	1.0	1.0	2.0
23520000	0.20151788228770146	0.020578045571643163	1.0	1.0	2.0
23530000	2.224439674806351	0.1621846622932781	1.0	1.0	2.0
23540000	0.5604116462046954	0.8244476465137874	1.0	1.0	2.0
23550000	4.370763338697963	0.8399155090622936	1.0	1.0	2.0
23560000	0.42566122578419285	0.42890486696036545	1.0	1.0	2.0
23570000	2.344082490784429	0.25478427969172474	1.0	1.0	2.0
23580000	1.1133189547696787	1.589257936763879	1.0	1.0	2.0
23590000	4.382731556014471	0.9226391230395793	1.0	1.0	2.0
23600000	0.9358003936460898	0.21552995501919947	1.0	1.0	2.0
23610000	0.4732020736366106	1.5021090572133413	1.0	1.0	2.0
23620000	2.1714954857627022	0.7665426440895983	1.0	1.0	2.0
23630000	1.0061263576622368	0.17399949540337753	1.0	1.0	2.0
23640000	1.5033319233145634	2.141902173297678	1.0	1.0	2.0
23650000	0.3024711971228995	0.33942042467728567	1.0	1.0	2.0
23660000	3.1353701641534837	1.5025079681027487	1.0	1.0	2.0
23670000	1.61449238405338	1.022748352212628	1.0	1.0	2.0
23680000	2.111156788468464	0.030413211213372073	1.0	1.0	2.0
23690000	0.06557004410611691	0.0020009797882719416	1.0	1.0	2.0
23700000	1.0675121540577739	1.3215060596360444	1.0	1.0	2.0
23710000	0.14303715468509137	0.6059667267910422	1.0	1.0	2.0
23720000	1.0285667951891724	0.21355189233524627	1.0	1.0	2.0
23730000	1.1581828773268787	0.614183728687989	1.0	1.0	2.0
23740000	0.8774851842776464	0.824767149978392	1.0	1.0	2.0
23750000	1.6313489927831557	1.2203130284667427	1.0	1.0	2.0
23760000	2.306655599156087	0.2614380252783368	1.0	1.0	2.0
23770000	0.8009501083003715	0.27020984339068166	1.0	1.0	2.0
23780000	0.9299024846603987	1.0685999004845599	1.0	1.0	2.0
23790000	1.275339433338649	2.4984422766653416	1.0	1.0	2.0
23800000	0.4480063232631985	0.4011106306696122	1.0	1.0	2.0
23810000	0.19323760368159407	0.4686192433612372	1.0	1.0	2.0
23820000	0.21154795059538814	0.3459892549626356	1.0	1.0	2.0
23830000	0.9124649540832748	0.556574766720068	1.0	1.0	2.0
23840000	1.6792184784839774	0.03379068141941542	1.0	1.0	2.0
23850000	3.085070603011596	0.23293679004951715	1.0	1.0	2.0
23860000	0.16381961583204718	0.04634175208408684	1.0	1.0	2.0
23870000	2.185277180694288	1.4999379794448404	1.0	1.0	2.0
23880000	1.0130809036952622	0.49948206364812986	1.0	1.0	2.0
23890000	0.2665535408962459	0.5061042148276211	1.0	1.0	2.0
23900000	1.2442895836252446	0.5604013264648874	1.0	1.0	2.0
23910000	1.8786513404789875	0.03881175923752241	1.0	1.0	2.0
23920000	0.5571316969755482	2.242524209396844	1.0	1.0	2.0
23930000	1.4565379010360386	0.5020311930632869	1.0	1.0	2.0
23940000	0.21105584159261254	0.48134318346077926	1.0	1.0	2.0
23950000	0.3931285188447658	0.13399274509063674	1.0	1.0	2.0
23960000	1.306614708358153	0.25798241700609265	1.0	1.0	2.0
23970000	1.1776935019225077	0.07162294770978478	1.0	1.0	2.0
23980000	2.231033038383174	0.5215799313435028	1.0	1.0	2.0
23990000	0.9805128574895299	0.19101618744014248	1.0	1.0	2.0
24000000	0.23853337087636897	0.2024503397365652	1.0	1.0	2.0
24010000	1.857633714429521	0.10561322899760336	1.0	1.0	2.0
24020000	6.728307209583669	2.681852768208484	1.0	1.0	2.0
24030000	0.3825422732850309	1.5125558197358493	1.0	1.0	2.0
24040000	1.7308770081894598	0.4266218369312998	1.0	1.0	2.0
24050000	0.9421818667873614	0.0801838653196684	1.0	1.0	2.0
24060000	1.4469042622061945	0.006129117406411786	1.0	1.0	2.0
24070000	0.7241029295763383	0.4228702775022179	1.0	1.0	2.0
24080000	1.8201550235569581	0.20268157614451876	1.0	1.0	2.0
24090000	1.022076301281381	0.07451479565543173	1.0	1.0	2.0
24100000	0.39682208931226504	0.4247336074350285	1.0	1.0	2.0
24110000	0.8696772702145751	0.6609105979660498	1.0	1.0	2.0
24120000	1.9611315300963237	1.1973410897191459	1.0	1.0	2.0
24130000	1.3143965691825892	0.007367610975645118	1.0	1.0	2.0
24140000	0.6335173618125596	0.6533779044839713	0.0	1.0	1.0
24150000	3.7696979666593204	3.695978041775233	1.0	1.0	2.0
24160000	0.5262121177167327	0.1004143084144348	1.0	1.0	2.0
24170000	1.8296705402111444	0.05013176275983369	1.0	1.0	2.0
24180000	0.25933769933745343	0.4876759652264472	1.0	1.0	2.0
24190000	1.425364036420742	0.3810125767451163	1.0	1.0	2.0
24200000	1.7817802928947264	0.19941198154061907	1.0	1.0	2.0
24210000	1.8325210312121454	0.6402293107446109	1.0	1.0	2.0
24220000	2.118161115062079	0.13478047896694967	1.0	1.0	2.0
24230000	0.7766541171275094	0.7520789910707091	1.0	1.0	2.0
24240000	0.9771414719630779	0.016589663745580196	1.0	1.0	2.0
24250000	1.3574768236711763	0.4342318655808339	1.0	1.0	2.0
24260000	0.5577344043832916	2.6162864165581463	1.0	1.0	2.0
24270000	1.6690522318783247	1.25543038019939	1.0	1.0	2.0
24280000	0.07448299320583915	0.14464038620539071	1.0	1.0	2.0
24290000	4.234139812482857	0.07228512770766703	1.0	1.0	2.0
24300000	0.9696535286779449	0.3292662723393301	1.0	1.0	2.0
24310000	0.9774688539523313	0.4444054730595431	1.0	1.0	2.0
24320000	1.0100681951901342	0.45748412324452414	1.0	1.0	2.0
24330000	0.320934678708316	0.9159135570780453	1.0	1.0	2.0
24340000	3.5136982886010903	0.1418802739448592	1.0	1.0	2.0
24350000	0.15156310895483055	0.0300958170160657	1.0	1.0	2.0
24360000	1.925699571705677	0.9805611358858821	1.0	1.0	2.0
24370000	1.7847488931864057	0.5466171304706788	1.0	1.0	2.0
24380000	0.36850035433966466	0.1307753380154929	1.0	1.0	2.0
24390000	1.501712395464623	1.1520890059875986	1.0	1.0	2.0
24400000	0.8729371412449755	0.09027212798276808	1.0	1.0	2.0
24410000	0.6965275738512593	0.34744548583198825	1.0	1.0	2.0
24420000	1.8602849557895689	1.7721182306450685	1.0	1.0	2.0
24430000	0.9578819035459484	0.028124839853036893	1.0	1.0	2.0
24440000	0.6528617543267383	1.0047151138270611	1.0	1.0	2.0
24450000	0.18282786650305796	0.813046120751208	1.0	1.0	2.0
24460000	1.4256821090339555	1.645847184514315	1.0	1.0	2.0
24470000	0.8616382341647633	0.07457692008564012	1.0	1.0	2.0
24480000	1.5021236438448773	1.9003833844503792	1.0	1.0	2.0
24490000	0.4819470835138682	0.16033435340113558	1.0	1.0	2.0
24500000	3.693458666236609	0.3054089417486059	1.0	1.0	2.0
24510000	1.5120695950497114	0.5673137150517508	1.0	1.0	2.0
24520000	0.971761789542378	0.8231817543950912	1.0	1.0	2.0
24530000	0.5621285179412988	0.13099050485704591	1.0	1.0	2.0
24540000	2.5359965968623817	0.23909454525501272	1.0	1.0	2.0
24550000	0.16104026544574776	1.1933918987740009	1.0	1.0	2.0
24560000	2.3419973603921935	0.39646087461661966	1.0	1.0	2.0
24570000	1.5116702461139626	0.4595134958174812	1.0	1.0	2.0
24580000	2.055304857970744	2.554999848362102	1.0	1.0	2.0
24590000	4.822299907069131	2.480050765211438	1.0	1.0	2.0
24600000	1.6380439932128243	0.25945373325167354	1.0	1.0	2.0
24610000	0.4120525957587083	0.46666590792773077	1.0	1.0	2.0
24620000	0.49973611365141696	0.04785000140932834	1.0	1.0	2.0
24630000	0.790433023460448	0.4732973824557411	1.0	1.0	2.0
24640000	2.6856481326138804	0.8604023921953032	1.0	1.0	2.0
24650000	0.9948641486851901	0.2485156750927552	1.0	1.0	2.0
24660000	1.251734720409812	0.0010643540099432537	1.0	1.0	2.0
24670000	3.026805821167332	0.031364137533880065	1.0	1.0	2.0
24680000	0.8440453462311145	3.029707547692561	1.0	1.0	2.0
24690000	1.271098610540504	1.1384157633123293	1.0	1.0	2.0
24700000	0.8676168516030047	0.4482946989086439	1.0	1.0	2.0
24710000	3.209707198750128	2.7015006290110986	1.0	1.0	2.0
24720000	1.50912880837685	3.5183552422142705	1.0	1.0	2.0
24730000	0.5232712490275363	0.9387929887206363	1.0	1.0	2.0
24740000	0.012041183884337833	0.010699976341766127	1.0	1.0	2.0
24750000	4.729686478023398	0.44498634315588204	1.0	1.0	2.0
24760000	0.1496018367448941	0.16876629759367723	1.0	1.0	2.0
24770000	2.0770070510075427	0.3556958345932897	1.0	1.0	2.0
24780000	1.455285300885194	0.43723777889602783	1.0	1.0	2.0
24790000	2.2407227444889983	0.6452242763069727	1.0	1.0	2.0
24800000	0.512204562568575	0.3571258970364375	1.0	1.0	2.0
24810000	1.4155442469358672	0.9535840279769509	1.0	1.0	2.0
24820000	0.3142078893366743	0.17182927218056385	1.0	1.0	2.0
24830000	1.0562103647010674	2.8791621472643563E-5	1.0	1.0	2.0
24840000	2.7828793652934465	0.0182056645536658	1.0	1.0	2.0
24850000	0.4027804497153166	0.5380622847667996	1.0	1.0	2.0
24860000	1.788691762474416	0.5929280266925925	1.0	1.0	2.0
24870000	0.6611646905032339	0.32523537459475416	1.0	1.0	2.0
24880000	2.11568373359152	0.8236860065013518	1.0	1.0	2.0
24890000	2.2273454237512555	0.8525725337866377	1.0	1.0	2.0
24900000	1.6531974742525009	0.5913071350596358	1.0	1.0	2.0
24910000	0.6670438476857679	1.8339794837084582	1.0	1.0	2.0
24920000	1.303400323074708	0.051886091178227164	1.0	1.0	2.0
24930000	1.7413698905819914	1.7649631362979556	1.0	1.0	2.0
24940000	2.245091393250399	0.15949854438647493	1.0	1.0	2.0
24950000	0.14739636405409393	0.10090842909588439	1.0	1.0	2.0
24960000	1.914566514559616	0.44218768317473695	1.0	1.0	2.0
24970000	1.9368927251428347	0.7123014954770256	1.0	1.0	2.0
24980000	1.722754517170247	1.2129545533128216	1.0	1.0	2.0
24990000	1.230182703914663	2.458167669106193	1.0	1.0	2.0
25000000	2.690364755794124	0.8077542972290406	1.0	1.0	2.0
25010000	1.6802309341663142	0.4013738016802873	1.0	1.0	2.0
25020000	2.0310906191013083	0.9566167837175712	1.0	1.0	2.0
25030000	3.1863653787554984	1.3636368990704673	1.0	1.0	2.0
25040000	0.752915725395687	0.6185180655979975	0.0	1.0	1.0
25050000	0.8342047358875484	0.07917883459380859	1.0	1.0	2.0
25060000	0.5423283650335053	0.2484547270404605	1.0	1.0	2.0
25070000	0.7788170182798495	0.3094449376622806	1.0	1.0	2.0
25080000	0.6991493168911866	0.1213738478972535	1.0	1.0	2.0
25090000	1.2789057535740047	0.8987658212766694	1.0	1.0	2.0
25100000	2.4955527856831887	0.6204491069226439	1.0	1.0	2.0
25110000	0.7051723768915591	0.009865935604071691	1.0	1.0	2.0
25120000	3.2414289275878736	1.5632166049508645	1.0	1.0	2.0
25130000	1.0651193272823136	0.5303656454508074	1.0	1.0	2.0
25140000	2.9630142105199293	0.14517523869829654	1.0	1.0	2.0
25150000	1.060980941054137	0.028762505486803036	1.0	1.0	2.0
25160000	1.545790816353584	0.946619853059619	1.0	1.0	2.0
25170000	1.7048462193781477	0.32323096856643213	1.0	1.0	2.0
25180000	1.9021913187001906	0.09128077377255597	1.0	1.0	2.0
25190000	1.2746685430573914	0.40026776236089084	1.0	1.0	2.0
25200000	3.2553896689364743	0.08152641937244992	1.0	1.0	2.0
25210000	0.2548823463649677	0.06382675778046831	1.0	1.0	2.0
25220000	2.577953919154006	0.9473314335085229	1.0	1.0	2.0
25230000	0.9620132086079304	0.025203291262012234	1.0	1.0	2.0
25240000	1.6850953721511557	0.02741744594216147	1.0	1.0	2.0
25250000	4.661589442825756	1.0592383714696572	1.0	1.0	2.0
25260000	2.0640117546917613	1.2420056372137274	1.0	1.0	2.0
25270000	5.396629013025817	2.130504309053861	1.0	1.0	2.0
25280000	1.7671384106585941	0.6430708076071434	1.0	1.0	2.0
25290000	1.3223733072077597	0.7860778525883815	1.0	1.0	2.0
25300000	0.9476959805951303	0.6366349227466886	1.0	1.0	2.0
25310000	0.299567973166515	0.4637676352184294	1.0	1.0	2.0
25320000	0.5711076773446508	0.40360517417476016	1.0	1.0	2.0
25330000	2.3255968149470614	0.13336446250272535	1.0	1.0	2.0
25340000	0.9993410201374698	0.03195530113254702	1.0	1.0	2.0
25350000	0.33784700757006747	0.4084339543670741	1.0	1.0	2.0
25360000	1.1448263508848968	0.3125853574378796	1.0	1.0	2.0
25370000	0.02408209478529303	0.005309511121918149	1.0	1.0	2.0
25380000	0.6124702676083086	0.22097940709477185	1.0	1.0	2.0
25390000	3.236018935071745	1.5169993902332946	1.0	1.0	2.0
25400000	0.1255131171171151	0.8091118236348332	1.0	1.0	2.0
25410000	2.0219020799485743	0.08949418359143431	1.0	1.0	2.0
25420000	1.1916014568859432	0.3946775799137955	1.0	1.0	2.0
25430000	2.2119403784216822	0.2770488797567662	1.0	1.0	2.0
25440000	1.3269077886662164	1.2818567626750903	1.0	1.0	2.0
25450000	1.1376537111231089	0.0986598854682681	1.0	1.0	2.0
25460000	0.7462595972502096	0.5694282059768344	1.0	1.0	2.0
25470000	0.43661464549535467	3.6007599655488063	1.0	1.0	2.0
25480000	3.3061964517706044	2.98444544651538	1.0	1.0	2.0
25490000	0.6775264359795082	0.7519408725775384	1.0	1.0	2.0
25500000	1.1175718517174513	0.6482493874930413	1.0	1.0	2.0
25510000	2.0901810001053396	0.5400602633807862	1.0	1.0	2.0
25520000	1.2000463756593176	0.06991311672676306	1.0	1.0	2.0
25530000	4.40557806197632	0.0996509370337707	1.0	1.0	2.0
25540000	2.642952497099724	0.016356189222134627	1.0	1.0	2.0
25550000	2.6781977692691328	0.5278211771726282	1.0	1.0	2.0
25560000	2.5650398184842538	0.02240573647651419	1.0	1.0	2.0
25570000	0.5760357859017748	0.19888050438072383	1.0	1.0	2.0
25580000	0.1489154492889026	0.3077656371829233	1.0	1.0	2.0
25590000	2.1223418333858937	1.0486111681459258	1.0	1.0	2.0
25600000	3.0121034683881636	0.21660459179781152	1.0	1.0	2.0
25610000	0.3078686289134711	0.10419309810833458	1.0	1.0	2.0
25620000	1.4216643240572986	1.0730104650400505	1.0	1.0	2.0
25630000	0.06052927745088651	0.0014984063115116401	1.0	1.0	2.0
25640000	0.7703219637483583	0.6893522699317067	1.0	1.0	2.0
25650000	0.65377077880946	0.1600886613038036	1.0	1.0	2.0
25660000	1.4440064682989215	0.3824243565333426	1.0	1.0	2.0
25670000	0.5234875048906857	0.4762002638785071	1.0	1.0	2.0
25680000	0.44873216309193587	0.4821154225820659	1.0	1.0	2.0
25690000	0.7425506568374618	0.7827191144702493	1.0	1.0	2.0
25700000	0.5614931235898747	0.5210211096500608	1.0	1.0	2.0
25710000	0.6371092145274894	0.019822126807242015	1.0	1.0	2.0
25720000	1.2105795245527189	1.0558059408775222	1.0	1.0	2.0
25730000	0.060190778445678286	0.013220810740499358	1.0	1.0	2.0
25740000	0.12131861184203879	0.12170171287141744	1.0	1.0	2.0
25750000	0.7982650442890967	2.1018815342732386	1.0	1.0	2.0
25760000	0.9091272766286131	0.5337047822101474	1.0	1.0	2.0
25770000	0.7225390224537599	0.9052810594721024	1.0	1.0	2.0
25780000	0.5225352732668302	0.012179141483367071	1.0	1.0	2.0
25790000	0.5511143946669529	0.2934838954198817	1.0	1.0	2.0
25800000	1.6302789932628436	0.28774302684150305	1.0	1.0	2.0
25810000	2.700413233595312	1.851420224471102	1.0	1.0	2.0
25820000	2.015395571405485	0.26667569274772873	1.0	1.0	2.0
25830000	0.3703631661306653	0.06322209691985577	0.0	1.0	1.0
25840000	2.3043039693407743	0.23072299405228672	1.0	1.0	2.0
25850000	0.7524820471109706	0.33501405491423125	1.0	1.0	2.0
25860000	2.828431151781668	0.9697531850846698	1.0	1.0	2.0
25870000	1.3064420551081766	0.3467450629289966	1.0	1.0	2.0
25880000	1.7837632594822617	0.35956096317334973	1.0	1.0	2.0
25890000	0.33630879257829416	0.19726947923185284	1.0	1.0	2.0
25900000	0.3759532032887134	0.0833559322029155	1.0	1.0	2.0
25910000	2.1902537299271234	0.3608372747228978	1.0	1.0	2.0
25920000	2.0162248748138323	1.9498260352940675	1.0	1.0	2.0
25930000	0.4430459398931808	0.5005735074889252	1.0	1.0	2.0
25940000	0.5187761687823893	0.008084413802975615	1.0	1.0	2.0
25950000	1.7151692019877869	0.3652222437486618	1.0	1.0	2.0
25960000	1.1517020672113776	1.4180889171133795	1.0	1.0	2.0
25970000	2.2363128401221553	0.2707361219837955	1.0	1.0	2.0
25980000	0.5163148819541475	0.33560776829955585	1.0	1.0	2.0
25990000	0.4964061019392871	0.11967671295550385	1.0	1.0	2.0
26000000	0.5389704795631873	0.5674972714214584	1.0	1.0	2.0
26010000	2.2371597012288538	0.907367791358779	1.0	1.0	2.0
26020000	0.3878450426901262	0.017088883600460417	1.0	1.0	2.0
26030000	1.953438864886508	0.02694828916059771	1.0	1.0	2.0
26040000	1.0621322715042916	0.20558498369332032	1.0	1.0	2.0
26050000	0.998935936503259	0.6537460221788594	1.0	1.0	2.0
26060000	4.471049658049435	0.2697316351274884	1.0	1.0	2.0
26070000	2.362421004246308	0.2226101471163582	1.0	1.0	2.0
26080000	0.45661987922374997	0.020288480680843064	1.0	1.0	2.0
26090000	3.387111803326592	2.076799377644636	1.0	1.0	2.0
26100000	1.2532467162221412	0.07779654840105607	1.0	1.0	2.0
26110000	3.9121129152511145	1.0563465378449104	1.0	1.0	2.0
26120000	1.4912567750870829	0.47904735356735206	1.0	1.0	2.0
26130000	0.9050149321961014	5.814758166570516E-4	1.0	1.0	2.0
26140000	0.8239846166700695	0.2105254447983937	1.0	1.0	2.0
26150000	0.5085977447733743	0.06220151063946103	1.0	1.0	2.0
26160000	0.6931219452495999	0.006166088097041039	1.0	1.0	2.0
26170000	1.7463774909833438	0.42228929053960357	1.0	1.0	2.0
26180000	2.3216562893929003	6.040035203235504	1.0	1.0	2.0
26190000	1.105022855761404	0.24060852866826557	1.0	1.0	2.0
26200000	0.5831325561606734	0.3117507637025845	1.0	1.0	2.0
26210000	1.9348289127274045	0.1555553999679895	1.0	1.0	2.0
26220000	4.014397262424209	0.267133367356179	1.0	1.0	2.0
26230000	1.9157090012370421	0.8235305855472412	1.0	1.0	2.0
26240000	3.197479511708187	0.20914122422151263	1.0	1.0	2.0
26250000	1.0534577316206415	0.5113631912810034	1.0	1.0	2.0
26260000	0.3767878294964502	1.552828119406091	1.0	1.0	2.0
26270000	1.044360528650101	0.08998756954574244	1.0	1.0	2.0
26280000	0.5445710860177249	0.5870625181145173	1.0	1.0	2.0
26290000	3.680603137845341	1.0706026566206601	1.0	1.0	2.0
26300000	0.34850181057140694	1.352826449726341	1.0	1.0	2.0
26310000	0.8781486681050039	0.5157392130515159	1.0	1.0	2.0
26320000	0.4337209856602608	0.42559172281525365	1.0	1.0	2.0
26330000	2.5481672674332856	0.8042464679657939	1.0	1.0	2.0
26340000	0.3738609153462978	0.16445332195969053	1.0	1.0	2.0
26350000	1.8190901601600251	0.6479293347313404	1.0	1.0	2.0
26360000	0.5985080581839938	0.10542795976683512	1.0	1.0	2.0
26370000	0.8707204844996933	0.0887696814060795	1.0	1.0	2.0
26380000	1.3653507510255158	0.48893458306436566	1.0	1.0	2.0
26390000	0.7313326640645988	0.014536812188232471	1.0	1.0	2.0
26400000	1.38026091830843	0.3708898952668912	1.0	1.0	2.0
26410000	0.7110019860192324	0.05652237155854337	1.0	1.0	2.0
26420000	1.7343747487353907	0.18454533488996816	1.0	1.0	2.0
26430000	0.1558375735501615	0.3036016468610923	1.0	1.0	2.0
26440000	0.6671606201388122	0.3639990130357905	1.0	1.0	2.0
26450000	0.46650714560022033	0.1331948589642182	1.0	1.0	2.0
26460000	1.8101800520213385	0.16129056720041565	1.0	1.0	2.0
26470000	0.8046791841595676	0.06965728024529592	1.0	1.0	2.0
26480000	0.34613249293513987	0.026807153611210666	1.0	1.0	2.0
26490000	1.5443288747708777	0.04868193608306449	1.0	1.0	2.0
26500000	1.2346359823415078	2.70478171620835	1.0	1.0	2.0
26510000	0.4414070560789409	0.0642129467137426	1.0	1.0	2.0
26520000	0.4667956692088812	0.26791242140613236	1.0	1.0	2.0
26530000	1.5638460444007258	2.743600774729526	1.0	1.0	2.0
26540000	1.4106970012889959	0.31921662485199936	1.0	1.0	2.0
26550000	2.0818537779910384	0.0965703808313709	1.0	1.0	2.0
26560000	0.6380597949331583	0.7369528363149169	1.0	1.0	2.0
26570000	2.350799219070703	0.805620252650237	1.0	1.0	2.0
26580000	1.1398464406256672	3.211196850118421	1.0	1.0	2.0
26590000	1.376737900406534	0.38596075125515267	1.0	1.0	2.0
26600000	2.650669638476742	0.6002254652362286	1.0	1.0	2.0
26610000	0.9525690717177906	0.42904065041151895	1.0	1.0	2.0
26620000	3.1279706346828693	0.018658039741117568	1.0	1.0	2.0
26630000	1.0795623642186385	0.175385179849793	1.0	1.0	2.0
26640000	0.9171383790673451	1.486604679018702	1.0	1.0	2.0
26650000	0.3071139310047195	0.020806085207007965	1.0	1.0	2.0
26660000	3.08374288355317	0.06848482364740219	1.0	1.0	2.0
26670000	4.440151844718798	1.4866413922819053	1.0	1.0	2.0
26680000	1.9409734727188692	0.5085774764083341	1.0	1.0	2.0
26690000	0.8913696676360942	0.11060193097022386	1.0	1.0	2.0
26700000	2.874229202933518	0.11953866349012819	1.0	1.0	2.0
26710000	1.7180607810473976	0.029524306171239693	1.0	1.0	2.0
26720000	0.2934798463965214	0.021545512058910418	1.0	1.0	2.0
26730000	0.916611513412852	0.5804028642632016	1.0	1.0	2.0
26740000	2.0282212617840885	0.5813864795111303	1.0	1.0	2.0
26750000	0.3257004253385514	0.19094595554323748	1.0	1.0	2.0
26760000	1.5662470129372787	0.06387427315509356	1.0	1.0	2.0
26770000	2.993587725471179	0.14730523238722923	1.0	1.0	2.0
26780000	2.054383442264182	0.19823117325233874	1.0	1.0	2.0
26790000	2.6687143350408684	0.4989710338930055	1.0	1.0	2.0
26800000	0.499344969837704	0.10757854658710454	1.0	1.0	2.0
26810000	2.7609974811671614	1.8142919956926333	1.0	1.0	2.0
26820000	1.0171946128965517	0.9342982139079979	1.0	1.0	2.0
26830000	0.42330546791758017	0.2008215019731758	1.0	1.0	2.0
26840000	2.9936580627074174	0.08044547376865557	1.0	1.0	2.0
26850000	0.45251566823446765	0.449359259957267	1.0	1.0	2.0
26860000	1.7927030521081178	0.641358945272106	1.0	1.0	2.0
26870000	1.3492596768949967	0.3568833976739913	1.0	1.0	2.0
26880000	0.8097945430846116	1.6003965138221952	1.0	1.0	2.0
26890000	3.1853024078025602	0.12969365316244763	1.0	1.0	2.0
26900000	3.6066537324049257	0.6269283219095355	1.0	1.0	2.0
26910000	3.4501841353350335	0.7546855798148868	1.0	1.0	2.0
26920000	0.6084709035403566	0.18781979616813146	1.0	1.0	2.0
26930000	0.8835756290214004	0.18918245041135137	1.0	1.0	2.0
26940000	1.5703815356837878	1.4995066535740291	1.0	1.0	2.0
26950000	1.5266780828911697	0.5055978689278604	1.0	1.0	2.0
26960000	0.2371364257109434	0.31479192276035856	1.0	1.0	2.0
26970000	0.38793428615884085	0.21873931100042196	1.0	1.0	2.0
26980000	0.7327278014649832	0.17007042887538254	1.0	1.0	2.0
26990000	0.3288157520593809	1.4988696667076327	1.0	1.0	2.0
27000000	0.9112127825028863	0.17088782763123908	1.0	1.0	2.0
27010000	2.1750660265465744	0.13980995943192406	1.0	1.0	2.0
27020000	5.38198059941445	0.08198462740051207	1.0	1.0	2.0
27030000	1.2903865834105892	0.21933286007856626	1.0	1.0	2.0
27040000	0.6755571165637551	0.798523779512411	1.0	1.0	2.0
27050000	0.8795179005535915	0.0265231106915179	1.0	1.0	2.0
27060000	0.26834935353452266	0.04858119680326235	1.0	1.0	2.0
27070000	1.0281647368890583	0.12054555397019906	1.0	1.0	2.0
27080000	0.5339238677803734	0.013947171161614931	1.0	1.0	2.0
27090000	0.7057425320013461	0.1029703523010661	1.0	1.0	2.0
27100000	0.21701954529915438	0.07594366829883833	1.0	1.0	2.0
27110000	1.1215967261479278	0.2018032206323297	1.0	1.0	2.0
27120000	0.8273319514348225	1.8598761143331415	1.0	1.0	2.0
27130000	0.8470374222708139	0.3225850068109185	1.0	1.0	2.0
27140000	0.6457013339540464	0.5773151661075391	1.0	1.0	2.0
27150000	2.8570138038483797	0.21640675527154643	1.0	1.0	2.0
27160000	0.7778116994462653	0.2722997603911754	1.0	1.0	2.0
27170000	0.1767034310230011	0.00149940541608805	1.0	1.0	2.0
27180000	0.05839362014776726	0.13421251324682687	1.0	1.0	2.0
27190000	1.8822319823899711	0.0032270298916836147	1.0	1.0	2.0
27200000	0.8802062639864299	2.0591165970446093	1.0	1.0	2.0
27210000	1.5147850913974161	0.33449805808303584	1.0	1.0	2.0
27220000	1.690407728386404	0.11198775115365148	1.0	1.0	2.0
27230000	0.40905845559661336	1.850777322830921	1.0	1.0	2.0
27240000	2.0809762330370574	0.34364262180513677	1.0	1.0	2.0
27250000	0.8659789813451926	0.020176878245308276	1.0	1.0	2.0
27260000	1.7265192042209858	0.3619261136407621	1.0	1.0	2.0
27270000	0.8233274323991973	1.6591065380038956	1.0	1.0	2.0
27280000	0.8536457188446569	1.2225283009619259	1.0	1.0	2.0
27290000	0.4847357129488257	0.4942946593596899	1.0	1.0	2.0
27300000	0.20923116343718023	0.09429626685811442	1.0	1.0	2.0
27310000	0.24052958714956563	0.18193839415639884	1.0	1.0	2.0
27320000	0.6017084687226645	0.0401538941081376	1.0	1.0	2.0
27330000	2.4496541162147603	0.589010580832011	1.0	1.0	2.0
27340000	0.3846446717324785	0.24399065306330767	1.0	1.0	2.0
27350000	1.4302736685879667	0.11582707436080995	1.0	1.0	2.0
27360000	1.6914005370406182	0.12426005049766839	1.0	1.0	2.0
27370000	0.31869905944462945	1.1133371053011445	1.0	1.0	2.0
27380000	1.281978845201215	0.031062095364369987	1.0	1.0	2.0
27390000	0.1365111557115377	0.08492171972441444	1.0	1.0	2.0
27400000	0.6900918501620221	0.05525247562851566	1.0	1.0	2.0
27410000	0.8079279206895005	0.23437212572549557	1.0	1.0	2.0
27420000	0.7827529948975716	0.2625298053866354	1.0	1.0	2.0
27430000	1.5959944090583194	0.5382446847272284	1.0	1.0	2.0
27440000	1.059733679862898	0.24875159761653412	1.0	1.0	2.0
27450000	6.51302479569578	0.49572928858847615	1.0	1.0	2.0
27460000	0.1843977523310483	0.1399194644594289	1.0	1.0	2.0
27470000	3.3921934823790143	0.48997792645450927	1.0	1.0	2.0
27480000	1.4838883481442016	0.5595704020031717	1.0	1.0	2.0
27490000	0.09072480044373346	0.10579676222846753	1.0	1.0	2.0
27500000	1.6955694910135413	0.6710432753567386	1.0	1.0	2.0
27510000	0.516606075401046	0.04092516886647356	1.0	1.0	2.0
27520000	0.06862364865085221	0.17420936976807033	1.0	1.0	2.0
27530000	0.5919524032520858	0.09796335709316349	1.0	1.0	2.0
27540000	1.6515295809447834	0.3764194206289037	1.0	1.0	2.0
27550000	0.18678563534714243	0.20220388382826263	1.0	1.0	2.0
27560000	1.3020224111861736	0.43773276399155225	1.0	1.0	2.0
27570000	0.49935073910033806	0.2681013019740623	1.0	1.0	2.0
27580000	2.2049770278514926	2.9960821657587924	1.0	1.0	2.0
27590000	1.1574155114086664	0.7790225914556678	1.0	1.0	2.0
27600000	1.3025079224707288	0.06965190516126804	1.0	1.0	2.0
27610000	0.2647382866984112	0.6390675601516556	1.0	1.0	2.0
27620000	3.0215068924186403	0.014713007102873037	1.0	1.0	2.0
27630000	1.4962249589209233	0.3251431803114388	1.0	1.0	2.0
27640000	0.21658563554550722	0.036802554268055766	1.0	1.0	2.0
27650000	0.8641904332626402	0.6310843851003641	1.0	1.0	2.0
27660000	0.5421858447975859	0.1509223554030886	1.0	1.0	2.0
27670000	0.6332202412635379	0.644512630310537	1.0	1.0	2.0
27680000	3.950338516244567	0.09752342034279403	1.0	1.0	2.0
27690000	0.6262405344209286	0.49455643488501994	1.0	1.0	2.0
27700000	0.9373117484266126	0.5886750591754568	1.0	1.0	2.0
27710000	0.31760350772007284	0.29518862302928245	1.0	1.0	2.0
27720000	0.9534880016466352	0.10143734004278257	1.0	1.0	2.0
27730000	1.677415083751407	0.963341322002552	1.0	1.0	2.0
27740000	1.6642903615065556	0.22426232580406705	1.0	1.0	2.0
27750000	5.558932644964498	0.30435378836445187	1.0	1.0	2.0
27760000	0.9293608117064135	0.2714408966117263	1.0	1.0	2.0
27770000	0.7811386446326471	0.5588541736254813	1.0	1.0	2.0
27780000	0.4753849666318855	0.02936935545474287	1.0	1.0	2.0
27790000	0.058752773932431814	0.03247381937343119	1.0	1.0	2.0
27800000	2.919162180437043	0.5012636795303769	1.0	1.0	2.0
27810000	1.4814837068385163	0.565467944594885	1.0	1.0	2.0
27820000	0.7995457371685573	0.6939783823441964	1.0	1.0	2.0
27830000	1.0838977424468492	0.46435333097615633	1.0	1.0	2.0
27840000	1.2707178778745865	0.43626623686536614	1.0	1.0	2.0
27850000	0.9000327353695284	0.5266855074505818	0.0	1.0	1.0
27860000	3.332881787908119	0.47096748390150667	1.0	1.0	2.0
27870000	0.8961884580853924	0.05325199370009192	1.0	1.0	2.0
27880000	1.25418074116789	0.1536650708396314	1.0	1.0	2.0
27890000	0.27901943297925186	0.3317343693405269	1.0	1.0	2.0
27900000	0.25623123176407886	0.3138665900167417	1.0	1.0	2.0
27910000	4.069289124716848	1.9596342031268834	1.0	1.0	2.0
27920000	0.4650578658670095	0.7711671398753346	1.0	1.0	2.0
27930000	0.9803890286816217	0.2248127297604058	1.0	1.0	2.0
27940000	0.68563262010006	0.1096724703899782	1.0	1.0	2.0
27950000	0.8726937703246177	0.8323691951218569	1.0	1.0	2.0
27960000	1.4140270546839955	0.8309270759215936	1.0	1.0	2.0
27970000	3.293694016767486	0.2888422419140019	1.0	1.0	2.0
27980000	1.4632294428118064	0.5982850296528178	1.0	1.0	2.0
27990000	0.7986009793795698	0.9594691602302566	1.0	1.0	2.0
28000000	0.5923081370098034	0.602577643842585	1.0	1.0	2.0
28010000	0.4457423871136584	0.3039451441090733	1.0	1.0	2.0
28020000	3.459557867207597	0.26056005915722574	1.0	1.0	2.0
28030000	0.12772798500733862	0.03341222678252092	1.0	1.0	2.0
28040000	1.6976543635014965	2.3892752192295577	1.0	1.0	2.0
28050000	0.6579844201323108	0.1150642057910126	1.0	1.0	2.0
28060000	0.520485404199877	0.08978857127808029	1.0	1.0	2.0
28070000	5.600792522711199	0.9045572539410109	1.0	1.0	2.0
28080000	1.1859778347693966	0.18241777596533876	1.0	1.0	2.0
28090000	0.8502295473488395	0.8873441664036174	1.0	1.0	2.0
28100000	0.8737585835001324	0.01874802332919282	1.0	1.0	2.0
28110000	1.7633681934085244	0.3315648071734969	1.0	1.0	2.0
28120000	1.2767596124746994	0.06274393245380172	1.0	1.0	2.0
28130000	0.3847138162909856	0.29711934873230805	1.0	1.0	2.0
28140000	0.6831698900982904	0.8692670831404601	1.0	1.0	2.0
28150000	0.3874890940319819	0.1133759247072901	1.0	1.0	2.0
28160000	0.9896908554071057	0.8066572211677263	1.0	1.0	2.0
28170000	1.024271366560922	1.1459561735694972	1.0	1.0	2.0
28180000	0.4549932405025684	0.19255320488964348	1.0	1.0	2.0
28190000	1.223904049148409	0.2191407419230855	1.0	1.0	2.0
28200000	4.136846813201633	0.006470622723979553	1.0	1.0	2.0
28210000	1.0509532068715897	0.015046270229806506	1.0	1.0	2.0
28220000	2.886753730227787	0.346304513095258	1.0	1.0	2.0
28230000	3.0730076591419806	0.07961485560571811	1.0	1.0	2.0
28240000	1.3611150834212216	0.7050093258521024	1.0	1.0	2.0
28250000	1.751171330682183	0.21017311704734778	1.0	1.0	2.0
28260000	1.4061857664568602	0.18896074779252658	1.0	1.0	2.0
28270000	0.5574689156550858	0.8019187783124774	1.0	1.0	2.0
28280000	0.18634611559610958	0.27111720266573475	1.0	1.0	2.0
28290000	1.3082774450124854	1.3789891085412644	1.0	1.0	2.0
28300000	0.37555908464031335	0.04922995883526817	1.0	1.0	2.0
28310000	0.7667873370561086	1.5739686289453947	1.0	1.0	2.0
28320000	0.3133577245043942	0.04126685967452026	1.0	1.0	2.0
28330000	0.7779366079899531	0.07598113784753137	1.0	1.0	2.0
28340000	0.7733076640764931	1.2803501160892865	1.0	1.0	2.0
28350000	0.7372959627354115	0.17504888404503394	1.0	1.0	2.0
28360000	0.9325584701155823	0.7059673625302691	1.0	1.0	2.0
28370000	1.1771276478743276	0.7368649902470146	1.0	1.0	2.0
28380000	0.43123333862371466	0.22547595831107115	1.0	1.0	2.0
28390000	0.5388244970851889	0.02277465251567951	1.0	1.0	2.0
28400000	0.564530863367065	0.3352310160324637	1.0	1.0	2.0
28410000	2.588317696031582	0.7823435514366786	1.0	1.0	2.0
28420000	0.763233510780473	0.5910416681959061	1.0	1.0	2.0
28430000	0.13050567223999282	0.1865451464626904	1.0	1.0	2.0
28440000	0.1626693049850843	0.6647954184255039	1.0	1.0	2.0
28450000	0.5971815665334876	0.4693298179992118	1.0	1.0	2.0
28460000	0.7296091239946643	0.19050156204917337	1.0	1.0	2.0
28470000	0.5792133341282711	0.18200565382268802	1.0	1.0	2.0
28480000	1.3522609899121836	0.4631399282932646	1.0	1.0	2.0
28490000	1.9572506440830142	0.7358306113617342	1.0	1.0	2.0
28500000	1.2376397546504534	2.697595164395248	1.0	1.0	2.0
28510000	3.1477166572458524	0.630064758867565	1.0	1.0	2.0
28520000	1.1840241094962114	0.20979718350599633	1.0	1.0	2.0
28530000	1.8754424050561525	0.06487790761533567	1.0	1.0	2.0
28540000	1.9162290855626163	1.0903565232346588	1.0	1.0	2.0
28550000	1.3509597257949377	0.10416688626727356	1.0	1.0	2.0
28560000	0.7780387440648153	0.22043243387247277	1.0	1.0	2.0
28570000	1.0751774137025125	1.0280856452370761	1.0	1.0	2.0
28580000	0.4631923644283291	0.8406489430983395	1.0	1.0	2.0
28590000	0.48223823706906255	1.1447637402858517	1.0	1.0	2.0
28600000	0.9904249909609463	0.8138606579230195	1.0	1.0	2.0
28610000	1.7980036482040556	7.171996906049471E-4	1.0	1.0	2.0
28620000	0.5242856808171166	0.022289396941469718	1.0	1.0	2.0
28630000	0.9612183241800754	0.1953862395168815	1.0	1.0	2.0
28640000	5.241750103350635	0.9752071249015563	1.0	1.0	2.0
28650000	0.42310705419153966	0.11597122722947692	1.0	1.0	2.0
28660000	0.7407244488368734	2.123188744446666	1.0	1.0	2.0
28670000	0.8460261749830512	1.0651627501603917	1.0	1.0	2.0
28680000	0.5433749861207794	1.2674535769394377	1.0	1.0	2.0
28690000	1.2921817196801102	0.13048516494443865	1.0	1.0	2.0
28700000	2.1647085148533733	1.3436313796510078	1.0	1.0	2.0
28710000	0.3292552592235548	0.3509651248521842	1.0	1.0	2.0
28720000	0.4333197692590153	2.47380277414868	1.0	1.0	2.0
28730000	0.593152048110923	0.3817911485024776	1.0	1.0	2.0
28740000	2.8823314831329525	1.594298843779032	1.0	1.0	2.0
28750000	0.06332125099868864	0.07604540364795258	1.0	1.0	2.0
28760000	0.3910639905409223	0.14578611392111882	1.0	1.0	2.0
28770000	0.12890261353561078	0.1841146417911915	1.0	1.0	2.0
28780000	2.610103134554525	0.3341230274301661	1.0	1.0	2.0
28790000	0.563648361266689	0.8282961886805681	1.0	1.0	2.0
28800000	1.162598423136488	0.6346221772092503	1.0	1.0	2.0
28810000	0.5475958230737333	0.9531594857115087	1.0	1.0	2.0
28820000	1.0453351860279676	0.8134955734051944	1.0	1.0	2.0
28830000	0.28232837934899097	0.25394134351197495	1.0	1.0	2.0
28840000	0.34512970832502265	0.6748164362964411	1.0	1.0	2.0
28850000	2.7568157727110427	0.04533393788811571	1.0	1.0	2.0
28860000	1.3916247494568983	0.2758396963271267	1.0	1.0	2.0
28870000	1.4280578410432028	0.7574640371004152	1.0	1.0	2.0
28880000	0.7736953766344075	0.7525455374927953	1.0	1.0	2.0
28890000	0.49195281942133284	0.2358449085310545	1.0	1.0	2.0
28900000	0.9353160129173785	0.15394717446027015	1.0	1.0	2.0
28910000	1.1617708325147598	0.5462848956425003	1.0	1.0	2.0
28920000	1.7897425145465578	0.11451477137298079	1.0	1.0	2.0
28930000	2.3918954275869773	0.4800096364967429	1.0	1.0	2.0
28940000	0.3392422106987957	0.08185810409403785	1.0	1.0	2.0
28950000	0.8381423885235861	0.251538249661641	1.0	1.0	2.0
28960000	2.8329181152464313	0.3674563604413662	1.0	1.0	2.0
28970000	1.71390833040967	0.4206828573886307	1.0	1.0	2.0
28980000	0.23420788306658438	0.032836066923061985	1.0	1.0	2.0
28990000	1.241401929049547	0.49319906343162917	1.0	1.0	2.0
29000000	0.4081961831719716	0.0034742179405313385	1.0	1.0	2.0
29010000	0.24758754118214124	0.03335080859454773	1.0	1.0	2.0
29020000	1.5075119837125412	0.21405459317520317	1.0	1.0	2.0
29030000	1.061864472123272	0.3818980192968346	1.0	1.0	2.0
29040000	1.2172769352632262	1.738108841192666	1.0	1.0	2.0
29050000	2.438249924609439	0.39547545744201035	1.0	1.0	2.0
29060000	1.1242998931368928	0.40549885521340173	1.0	1.0	2.0
29070000	0.8293030474054648	0.021538957836264704	1.0	1.0	2.0
29080000	1.0642255048950695	0.177134998907842	1.0	1.0	2.0
29090000	1.0886227537697026	0.007807800062745483	1.0	1.0	2.0
29100000	1.006297847328076	0.052965721378082135	1.0	1.0	2.0
29110000	0.4215510223453291	0.188213467911156	1.0	1.0	2.0
29120000	0.8932675958688859	1.2484824149038436	1.0	1.0	2.0
29130000	0.7082119575011406	1.0017058536691412	1.0	1.0	2.0
29140000	1.185172710460587	0.5061641146853219	1.0	1.0	2.0
29150000	1.0928665485294307	0.6535409270809067	1.0	1.0	2.0
29160000	0.48700710907731676	0.1935329106847195	1.0	1.0	2.0
29170000	0.5922379002393182	0.36710917070249294	1.0	1.0	2.0
29180000	2.44898688358776	0.08375348104304069	1.0	1.0	2.0
29190000	2.1534377913881304	1.8335596173853377	1.0	1.0	2.0
29200000	1.1059023622939577	0.8249250694287855	1.0	1.0	2.0
29210000	2.11911288347479	3.5250282820570917	1.0	1.0	2.0
29220000	3.1071354353885043	0.38138658975533735	1.0	1.0	2.0
29230000	8.252222187249412	1.434275715713216	1.0	1.0	2.0
29240000	0.25810936164055903	0.2388788647239718	1.0	1.0	2.0
29250000	1.107855758669357	0.008156507595814422	1.0	1.0	2.0
29260000	0.8981101020811568	0.2060380100781434	1.0	1.0	2.0
29270000	2.1563897335346933	0.5193396343128783	1.0	1.0	2.0
29280000	0.7181467881593545	0.18165600854095307	1.0	1.0	2.0
29290000	2.2525026037224993	1.046617737124263	1.0	1.0	2.0
29300000	2.297928876281445	0.577510428943645	1.0	1.0	2.0
29310000	3.1586031670209263	0.4173649032466972	1.0	1.0	2.0
29320000	0.8098606046231255	0.5782193980579998	1.0	1.0	2.0
29330000	1.224056981858431	0.5877439388785523	1.0	1.0	2.0
29340000	0.8825541686395483	0.05643536396076939	1.0	1.0	2.0
29350000	0.6258810189341446	0.43353618248822495	1.0	1.0	2.0
29360000	2.216836238958162	0.3922584422665952	1.0	1.0	2.0
29370000	3.260830215177192	0.26586962966462435	1.0	1.0	2.0
29380000	0.9439618038527897	0.3339328790530782	1.0	1.0	2.0
29390000	1.2943690792053224	0.6539714503340207	1.0	1.0	2.0
29400000	0.8484915848463465	1.795301539654752	1.0	1.0	2.0
29410000	1.4507390191318907	2.372911310404378	1.0	1.0	2.0
29420000	2.5982529463407	1.1389692327735126	1.0	1.0	2.0
29430000	0.7495414397662208	0.025130564033398535	1.0	1.0	2.0
29440000	3.650573006642878	0.8311560052817828	1.0	1.0	2.0
29450000	1.963672985847636	0.31961495863238437	1.0	1.0	2.0
29460000	1.3775677495449787	0.1480842153401464	1.0	1.0	2.0
29470000	0.6442431040142875	0.17197155529517497	1.0	1.0	2.0
29480000	0.5846666790271305	0.8572741280255647	1.0	1.0	2.0
29490000	1.108401230068543	0.6444358152779459	1.0	1.0	2.0
29500000	1.5192219062214303	0.32725436766694144	1.0	1.0	2.0
29510000	1.441480130776031	0.721424132434323	1.0	1.0	2.0
29520000	0.48851622791834237	0.18898201394594077	1.0	1.0	2.0
29530000	0.3963111498341725	0.3020829346353882	1.0	1.0	2.0
29540000	1.361192873320647	0.928693034950991	1.0	1.0	2.0
29550000	3.491606946544199	0.37690160069083656	1.0	1.0	2.0
29560000	3.2871499831825295	0.7059171040411484	1.0	1.0	2.0
29570000	1.543056844249873	1.0468407187726265	1.0	1.0	2.0
29580000	2.321612198517321	0.28104304237389893	1.0	1.0	2.0
29590000	0.7242825133027863	1.2166688388184734	1.0	1.0	2.0
29600000	0.29086008308545486	0.09073370466579822	1.0	1.0	2.0
29610000	0.9165830195783746	0.9700782820744133	1.0	1.0	2.0
29620000	0.19930485429805153	0.46632584547873585	1.0	1.0	2.0
29630000	2.838876461522874	1.8741393388591012	1.0	1.0	2.0
29640000	2.7438388010767207	0.34664692298714306	1.0	1.0	2.0
29650000	0.23340383525999842	0.30510306089373673	1.0	1.0	2.0
29660000	0.1387073966996586	0.24610205422660192	1.0	1.0	2.0
29670000	1.2460878159666329	0.023633611450639254	1.0	1.0	2.0
29680000	0.9992109030353095	0.6307369182493617	1.0	1.0	2.0
29690000	2.2654968153593233	1.3736635404528392	1.0	1.0	2.0
29700000	1.165813900954093	0.010567885125060177	1.0	1.0	2.0
29710000	0.5501007187877385	0.4430563253077013	1.0	1.0	2.0
29720000	0.5799688620419019	0.384089616623546	1.0	1.0	2.0
29730000	2.4093070942474717	0.8945530388526456	1.0	1.0	2.0
29740000	1.1669971978656042	1.826073905011443	1.0	1.0	2.0
29750000	1.792616895220168	0.6462304608893358	1.0	1.0	2.0
29760000	1.8547049945699063	0.46704822811309743	1.0	1.0	2.0
29770000	2.48344787840413	0.5872514902316821	1.0	1.0	2.0
29780000	1.541075334292979	0.6073849495142098	1.0	1.0	2.0
29790000	6.80780789166811	1.3216192860094895	1.0	1.0	2.0
29800000	1.358451110190454	0.18212643317573776	1.0	1.0	2.0
29810000	1.4117453476836839	0.05737867755049171	1.0	1.0	2.0
29820000	2.053340527623626	0.06468472930469177	1.0	1.0	2.0
29830000	2.2196396406503838	1.0076172707207542	1.0	1.0	2.0
29840000	1.0228216423535994	0.8891820607065797	1.0	1.0	2.0
29850000	1.8004471505627972	0.10825963729296176	1.0	1.0	2.0
29860000	1.0625797357242062	2.2486257388029136	1.0	1.0	2.0
29870000	0.3794675400452299	0.08850869473831957	1.0	1.0	2.0
29880000	0.11914925916140023	0.013099788173705213	1.0	1.0	2.0
29890000	0.06008683987392914	0.04625456429098388	1.0	1.0	2.0
29900000	0.6905188938982975	0.3263237159212351	1.0	1.0	2.0
29910000	1.0277637506619772	0.03515833690987507	1.0	1.0	2.0
29920000	3.4226908387034136	0.9983150390859382	1.0	1.0	2.0
29930000	2.0269870150569367	0.4119127940002479	1.0	1.0	2.0
29940000	2.1461197785473534	0.8890971666515401	1.0	1.0	2.0
29950000	3.389990790807005	0.11355145483039045	1.0	1.0	2.0
29960000	1.350378601551983	0.1262589537248473	1.0	1.0	2.0
29970000	0.3701142381966043	0.022592035752280023	1.0	1.0	2.0
29980000	1.749056923241891	0.35597512291734623	1.0	1.0	2.0
29990000	0.8210848917724397	0.5374795822896069	1.0	1.0	2.0
30000000	3.0534697226386283	0.3592757158868712	1.0	1.0	2.0
30010000	0.45348630154513386	0.4783997453769743	1.0	1.0	2.0
30020000	0.18308049222360842	0.17438391592409033	1.0	1.0	2.0
30030000	0.3372054272042893	0.4195095422654473	1.0	1.0	2.0
30040000	5.214412820929858	0.5232210469573233	1.0	1.0	2.0
30050000	2.999516277768176	0.28898437710127695	1.0	1.0	2.0
30060000	2.08164181097069	1.9235527531235381	1.0	1.0	2.0
30070000	1.108274758581547	2.511452722156828	1.0	1.0	2.0
30080000	1.0109801610261406	0.05155168013413751	1.0	1.0	2.0
30090000	0.7732165590378536	0.0666134387898339	1.0	1.0	2.0
30100000	0.9929564055239537	1.4802757953998618	1.0	1.0	2.0
30110000	0.6484264129498492	0.18165744868027153	1.0	1.0	2.0
30120000	1.0981667380897	0.6183403168260462	1.0	1.0	2.0
30130000	3.7614778268735978	0.567451617063384	1.0	1.0	2.0
30140000	0.4393239944822335	0.020136192362196596	1.0	1.0	2.0
30150000	2.0850409021431	0.17146697938198774	1.0	1.0	2.0
30160000	0.6271282408494522	0.15987440889169244	1.0	1.0	2.0
30170000	1.7835461553432255	1.954348035191176	1.0	1.0	2.0
30180000	0.9382869159846025	0.2359357416775412	1.0	1.0	2.0
30190000	2.7027993503027474	3.2425302910795093	1.0	1.0	2.0
30200000	1.0818085898785466	0.5702470899011419	1.0	1.0	2.0
30210000	0.7250266548859247	0.34897456148128586	1.0	1.0	2.0
30220000	0.46310027391102543	0.20938024240858163	1.0	1.0	2.0
30230000	5.095131054783569	0.5419709741676423	1.0	1.0	2.0
30240000	1.602806969850335	0.5129548442674281	1.0	1.0	2.0
30250000	0.09897821606653232	0.19030575535167188	1.0	1.0	2.0
30260000	0.21929757765545696	0.00555450748177355	1.0	1.0	2.0
30270000	1.3526588359762641	0.057914619044952376	1.0	1.0	2.0
30280000	1.035554019274721	0.7026934714980151	1.0	1.0	2.0
30290000	3.3414503955494346	2.5126877598209583	1.0	1.0	2.0
30300000	1.3350211371386969	0.5528976034017201	1.0	1.0	2.0
30310000	0.734617663807529	0.23161894278543216	1.0	1.0	2.0
30320000	2.1125920301403407	1.4022113776255005	1.0	1.0	2.0
30330000	0.7248622098544163	0.6289469734472761	1.0	1.0	2.0
30340000	1.6268055150417386	0.675969351687272	1.0	1.0	2.0
30350000	2.244650021648285	0.869724120851905	1.0	1.0	2.0
30360000	0.712892060898821	0.0611516164438868	1.0	1.0	2.0
30370000	2.2362921717970234	1.411259376240023	1.0	1.0	2.0
30380000	0.7705443155664873	0.3291433799057824	1.0	1.0	2.0
30390000	0.8212204292759707	0.05217353977027807	1.0	1.0	2.0
30400000	1.9560404763965513	0.13479387337672785	1.0	1.0	2.0
30410000	1.1867112524297017	0.24714081680778233	1.0	1.0	2.0
30420000	0.6507652720940037	1.2094692937462568	1.0	1.0	2.0
30430000	0.5700341846359914	0.24467852884520336	1.0	1.0	2.0
30440000	0.621673259446122	0.33034662987496993	1.0	1.0	2.0
30450000	1.218165991031642	0.8175763810482698	1.0	1.0	2.0
30460000	0.6238253882093747	0.6904495227934303	1.0	1.0	2.0
30470000	0.13281198030771224	0.011879510615292958	1.0	1.0	2.0
30480000	0.997273749394923	1.1639057355260254	1.0	1.0	2.0
30490000	1.8748719356992989	0.0760497856334302	1.0	1.0	2.0
30500000	0.26319729759468974	0.5801339679441826	1.0	1.0	2.0
30510000	0.5590403289141963	0.1274764338327217	1.0	1.0	2.0
30520000	0.4193388007740571	0.13781332433300628	1.0	1.0	2.0
30530000	1.45452841037526	0.5710835939238614	1.0	1.0	2.0
30540000	1.7744428832655994	0.13514484600243662	1.0	1.0	2.0
30550000	2.42457672663229	0.5186825222748528	1.0	1.0	2.0
30560000	0.29069906907578946	0.1596784622986242	1.0	1.0	2.0
30570000	0.3832977347148583	0.1117925175137604	1.0	1.0	2.0
30580000	1.3456645957312239	1.4058122400521742	1.0	1.0	2.0
30590000	2.85628579346644	0.9252837594738611	1.0	1.0	2.0
30600000	0.9473750757360067	0.21854687102987655	1.0	1.0	2.0
30610000	1.340862964081073	0.6694100804817219	1.0	1.0	2.0
30620000	2.3183866820591406	0.16778351297727495	1.0	1.0	2.0
30630000	1.4665940938225894	0.005131924862532788	1.0	1.0	2.0
30640000	1.6161656544957377	0.07032224250284234	1.0	1.0	2.0
30650000	2.258153784912644	2.4770379020768396	1.0	1.0	2.0
30660000	0.2297640988067954	0.45544305291257464	1.0	1.0	2.0
30670000	0.8159717797847259	0.24829519371595565	1.0	1.0	2.0
30680000	1.6974059328192894	0.5493043642518068	1.0	1.0	2.0
30690000	0.7684594222690246	0.4363271413001157	1.0	1.0	2.0
30700000	0.8562770928162647	0.05174153527508347	1.0	1.0	2.0
30710000	0.6266912526300407	0.622083227589712	0.0	1.0	1.0
30720000	1.2145822901777763	0.06475780966684111	1.0	1.0	2.0
30730000	0.9605480959225432	0.4017483306275649	1.0	1.0	2.0
30740000	0.5291570435213072	0.7895330606782868	1.0	1.0	2.0
30750000	0.2680547371312638	1.1368977299837135	1.0	1.0	2.0
30760000	1.3480687348794798	0.05964177138453287	1.0	1.0	2.0
30770000	1.2515049128538887	0.09287063382892694	1.0	1.0	2.0
30780000	0.8482000964372034	0.014117704307638842	1.0	1.0	2.0
30790000	0.13860933166770908	0.22467778286035303	1.0	1.0	2.0
30800000	1.507069332786045	0.20975483294764405	1.0	1.0	2.0
30810000	0.43053821518906343	0.7806149661924137	1.0	1.0	2.0
30820000	0.4712856458725275	0.5904718258642565	1.0	1.0	2.0
30830000	1.140030441994989	0.1293626959698999	1.0	1.0	2.0
30840000	1.6104317264770158	2.385323633083871	1.0	1.0	2.0
30850000	2.4911961663452677	1.680608472952691	1.0	1.0	2.0
30860000	0.6668580402052066	0.15842070011091502	1.0	1.0	2.0
30870000	0.9867097593547481	0.2785022667573941	1.0	1.0	2.0
30880000	3.3360979071573693	0.0020664781949927226	1.0	1.0	2.0
30890000	0.3064186720677012	1.2151731018438623	1.0	1.0	2.0
30900000	1.291863814777146	0.1864995238408868	1.0	1.0	2.0
30910000	0.7104943820205715	0.314642428550914	1.0	1.0	2.0
30920000	2.40053521646786	0.5982951067160338	1.0	1.0	2.0
30930000	0.9773901272192441	1.1539933289944289	1.0	1.0	2.0
30940000	0.7325064377906063	0.5745627102837276	1.0	1.0	2.0
30950000	0.9277228490525572	0.12126650305457574	1.0	1.0	2.0
30960000	3.0305545865015513	0.6843017730180143	1.0	1.0	2.0
30970000	1.6466669933069655	0.08881028914612583	1.0	1.0	2.0
30980000	1.1109345667801547	0.44111970384927585	1.0	1.0	2.0
30990000	2.410481329311031	0.4329230186441983	1.0	1.0	2.0
31000000	1.0158345381540066	0.5381970915016149	1.0	1.0	2.0
31010000	1.3401693446556344	0.5598210406329648	1.0	1.0	2.0
31020000	0.5957838747599635	0.056314045967880186	1.0	1.0	2.0
31030000	0.8987464023196482	0.1751355138055249	1.0	1.0	2.0
31040000	0.8849366040771014	0.7566264022129567	1.0	1.0	2.0
31050000	0.3638562347995093	0.2676062053292278	1.0	1.0	2.0
31060000	1.303900621389927	0.00217123372668083	1.0	1.0	2.0
31070000	2.5488795461639824	0.48028241640112007	1.0	1.0	2.0
31080000	0.9998208969660569	0.3196957622606153	1.0	1.0	2.0
31090000	1.430047467835328	0.17181165440351903	1.0	1.0	2.0
31100000	1.5411344744452256	1.8793883603780066	1.0	1.0	2.0
31110000	0.005461310566060878	7.176491274585511E-4	1.0	1.0	2.0
31120000	0.4498984061124986	0.3989175501663793	1.0	1.0	2.0
31130000	1.2662326030048898	0.2479789508544209	1.0	1.0	2.0
31140000	1.6614778867181395	1.4150184679846924	1.0	1.0	2.0
31150000	0.44956818866259335	0.2593254890022732	1.0	1.0	2.0
31160000	0.4183925409256203	0.4316636094469862	1.0	1.0	2.0
31170000	1.6362823692350124	1.1929507172225302	1.0	1.0	2.0
31180000	0.1706033214178528	0.09395847583992012	1.0	1.0	2.0
31190000	4.20221438930976	0.6763421357655847	1.0	1.0	2.0
31200000	1.3535527817829907	0.2840441542121247	1.0	1.0	2.0
31210000	1.1007571758126629	0.3808824187946688	1.0	1.0	2.0
31220000	0.9085977172087265	0.4926950172903765	1.0	1.0	2.0
31230000	0.2655086214633787	0.06324170169960817	1.0	1.0	2.0
31240000	2.0660110705684303	0.820424915764087	1.0	1.0	2.0
31250000	1.1634632003547114	0.4243917552771973	1.0	1.0	2.0
31260000	4.244018969972011	0.0652331472727374	1.0	1.0	2.0
31270000	2.9859106978227197	0.3383977380953461	1.0	1.0	2.0
31280000	0.5847578946577349	1.7864891034232304	1.0	1.0	2.0
31290000	0.8782051470862782	0.18218340797618604	1.0	1.0	2.0
31300000	1.8327952281601976	0.05186299309848847	1.0	1.0	2.0
31310000	0.9373392379118618	0.3449374278609363	1.0	1.0	2.0
31320000	0.15979133159613443	0.17639320532662903	1.0	1.0	2.0
31330000	1.5667324347917377	0.911664112160048	1.0	1.0	2.0
31340000	0.8790334936833177	0.11367711575367523	1.0	1.0	2.0
31350000	1.0203539967459603	0.0065236557988381854	1.0	1.0	2.0
31360000	0.6417032381263028	1.408468415767474	1.0	1.0	2.0
31370000	1.4212783431627263	2.003899620486098	1.0	1.0	2.0
31380000	0.8888231965383057	0.17760349185303054	1.0	1.0	2.0
31390000	0.5489822379367462	0.5441436151138589	1.0	1.0	2.0
31400000	1.8511285439130964	0.7551256972182353	1.0	1.0	2.0
31410000	1.0968936643140954	0.8345655461275255	1.0	1.0	2.0
31420000	0.38778919120752586	0.0656656590055975	1.0	1.0	2.0
31430000	2.3796268347295575	0.9137805040738777	1.0	1.0	2.0
31440000	0.01901466651400571	0.06068677104453169	1.0	1.0	2.0
31450000	1.8408077158239742	0.04039798939958926	1.0	1.0	2.0
31460000	2.228526356419444	0.8370310894689722	1.0	1.0	2.0
31470000	1.4506414528578913	0.4863513081401419	1.0	1.0	2.0
31480000	0.31816181798271637	0.5368486348589719	1.0	1.0	2.0
31490000	0.601024847288284	0.11542591338004973	1.0	1.0	2.0
31500000	1.4101802247156026	0.10952848295229395	1.0	1.0	2.0
31510000	2.7106047913947906	1.1845446152375598	1.0	1.0	2.0
31520000	1.1586047606160677	2.2113608308751758	1.0	1.0	2.0
31530000	0.4076819782737412	0.08722004105630642	1.0	1.0	2.0
31540000	1.5893637338811661	1.015099837492908	1.0	1.0	2.0
31550000	0.3614358537634084	0.6027333176571112	1.0	1.0	2.0
31560000	1.544875424231858	1.193950831208495	1.0	1.0	2.0
31570000	1.5146368631992861	0.410939256274303	1.0	1.0	2.0
31580000	1.8172610850988542	0.2859480116972741	1.0	1.0	2.0
31590000	0.9305789494855133	0.09356725788727263	1.0	1.0	2.0
31600000	0.2765729936535131	0.2669662056301808	1.0	1.0	2.0
31610000	1.7458599808378623	1.311951684810918	1.0	1.0	2.0
31620000	0.5514990727679285	0.7727270947629671	1.0	1.0	2.0
31630000	1.5248166779467525	0.9654261911935108	1.0	1.0	2.0
31640000	0.3078959404827908	0.3024922222682669	1.0	1.0	2.0
31650000	0.3682623794130458	0.024943439569530396	1.0	1.0	2.0
31660000	1.5562359712783054	0.7930143035320641	1.0	1.0	2.0
31670000	0.5445048892244311	0.8850716540672858	1.0	1.0	2.0
31680000	4.235849266644056	0.7373167686206058	1.0	1.0	2.0
31690000	0.8876349548407303	0.7007140327415722	1.0	1.0	2.0
31700000	0.9486553680071568	0.5727095205543107	1.0	1.0	2.0
31710000	1.525700721763004	0.6135400395817239	1.0	1.0	2.0
31720000	1.0232934391801651	1.126420423990985	1.0	1.0	2.0
31730000	2.891953168428516	0.11462096880823122	1.0	1.0	2.0
31740000	0.2909018903488973	0.10739841809155959	1.0	1.0	2.0
31750000	1.0455896772141435	0.005691128898828505	1.0	1.0	2.0
31760000	2.707455812677398	0.32298828821791103	1.0	1.0	2.0
31770000	0.8919478477212812	0.15442373502024773	1.0	1.0	2.0
31780000	1.0038124387984477	0.5120126800469561	1.0	1.0	2.0
31790000	0.7310740160293646	0.41793463220102683	1.0	1.0	2.0
31800000	0.5876993288351826	0.3054868755895593	1.0	1.0	2.0
31810000	0.5577360354333112	0.3883594216465515	1.0	1.0	2.0
31820000	3.4654882334925485	2.8260160661442417	1.0	1.0	2.0
31830000	0.16333302002998507	0.161033427273016	1.0	1.0	2.0
31840000	0.7980495940197312	0.11212943912097482	1.0	1.0	2.0
31850000	3.2028213607047493	0.5538723738077064	1.0	1.0	2.0
31860000	0.747077807753581	0.31954445133020193	1.0	1.0	2.0
31870000	0.17500352231486044	0.32520904026641234	1.0	1.0	2.0
31880000	0.3418625113612842	0.0770563619799778	1.0	1.0	2.0
31890000	2.8151503025602005	0.2553975059157611	1.0	1.0	2.0
31900000	5.0258774867861105	0.7515482147910513	1.0	1.0	2.0
31910000	0.8134331383027408	0.5142202711467191	1.0	1.0	2.0
31920000	1.7861999230719856	0.33887705061809414	1.0	1.0	2.0
31930000	0.7430972237321493	1.4721784731837748	1.0	1.0	2.0
31940000	2.649996834999995	0.011516398954820765	1.0	1.0	2.0
31950000	1.3016013789341292	0.18521342616082442	1.0	1.0	2.0
31960000	0.7232772208445682	1.4705006828333789	1.0	1.0	2.0
31970000	3.714366483229714	1.1452853541081347	1.0	1.0	2.0
31980000	4.940725116019024	0.3613824341162337	1.0	1.0	2.0
31990000	1.5409585432611672	0.06618256700793976	1.0	1.0	2.0
32000000	0.6536654673430664	1.6353766118855544	1.0	1.0	2.0
32010000	0.6284621763096782	0.09604298268914427	1.0	1.0	2.0
32020000	0.7692315320108968	1.160251869730155	1.0	1.0	2.0
32030000	5.275903832934495	0.12281372165187779	1.0	1.0	2.0
32040000	1.2791164456646598	1.0886354344430194	1.0	1.0	2.0
32050000	0.2945755637862153	0.6273779229125319	1.0	1.0	2.0
32060000	1.8074517644913435	0.34787665521536765	1.0	1.0	2.0
32070000	0.8197249603643224	0.40233337321859447	1.0	1.0	2.0
32080000	4.369663838032092	0.1690216695620333	1.0	1.0	2.0
32090000	1.6490302733008988	0.5064509051243836	1.0	1.0	2.0
32100000	0.24907202150997196	0.7290029905746801	1.0	1.0	2.0
32110000	1.9103747272949978	1.0671221757239584	1.0	1.0	2.0
32120000	1.0974563487088966	0.24512099382237612	1.0	1.0	2.0
32130000	0.5315413410959882	0.552739751103647	1.0	1.0	2.0
32140000	1.84130689232756	1.6293395027565265	1.0	1.0	2.0
32150000	0.42482032532899544	0.22939811428813076	1.0	1.0	2.0
32160000	1.3369158865964426	0.724517477849893	1.0	1.0	2.0
32170000	1.2987575500252424	0.3012129874789811	1.0	1.0	2.0
32180000	4.066068618959881	1.2103884727374876	1.0	1.0	2.0
32190000	2.2252364915900538	0.025990042038216407	1.0	1.0	2.0
32200000	0.3939060567963338	0.09973353118980754	1.0	1.0	2.0
32210000	1.2706048558432754	0.2329491505053459	1.0	1.0	2.0
32220000	0.2763360843493097	0.01551556647430375	1.0	1.0	2.0
32230000	1.4319706753336605	0.4707855773941801	1.0	1.0	2.0
32240000	0.09523077876182284	0.13270907361490064	1.0	1.0	2.0
32250000	0.8904263611475896	0.2710797314862453	1.0	1.0	2.0
32260000	1.0928079601374068	0.32595030639539097	1.0	1.0	2.0
32270000	0.6527877227196236	0.17802777953673482	1.0	1.0	2.0
32280000	1.590044377124351	0.07820574872977701	1.0	1.0	2.0
32290000	0.9366089991026518	0.9724602997457161	1.0	1.0	2.0
32300000	0.3295368270511873	1.552273509808362	1.0	1.0	2.0
32310000	2.5488423452673503	0.6365628212605102	1.0	1.0	2.0
32320000	0.1584148325064796	0.0670962359511066	1.0	1.0	2.0
32330000	0.6642086273848796	0.2106853018789961	1.0	1.0	2.0
32340000	0.5965770371656622	0.035017545619487216	1.0	1.0	2.0
32350000	0.783739606346241	0.12200049223248033	1.0	1.0	2.0
32360000	0.14854948734184778	0.12296818594883936	1.0	1.0	2.0
32370000	2.185847351637661	0.531490411870604	1.0	1.0	2.0
32380000	0.9220091537421554	1.7878243603396287	1.0	1.0	2.0
32390000	2.399965744928723	0.03725943539295003	1.0	1.0	2.0
32400000	0.8754048709007025	0.9693534443919484	1.0	1.0	2.0
32410000	1.8191292652435787	0.7547439781940718	1.0	1.0	2.0
32420000	0.8109674879801309	0.049233119821175224	1.0	1.0	2.0
32430000	0.4196385865470979	1.216830066312963	1.0	1.0	2.0
32440000	0.9766746216319813	1.1260557443142682	1.0	1.0	2.0
32450000	1.3291292734487212	0.2564429510504153	1.0	1.0	2.0
32460000	1.1852164817973816	0.324496094506786	1.0	1.0	2.0
32470000	1.4684826662190429	0.3863262128379324	1.0	1.0	2.0
32480000	0.558341492315701	0.41322025007346236	1.0	1.0	2.0
32490000	1.3189438686373174	0.13411526082574304	1.0	1.0	2.0
32500000	0.2662907448143792	0.16218091239345242	1.0	1.0	2.0
32510000	0.7896926320572986	0.02381059282488424	1.0	1.0	2.0
32520000	0.46340651883577805	2.1112260915543075	1.0	1.0	2.0
32530000	0.31411209249753314	0.14892911413541932	1.0	1.0	2.0
32540000	0.16946463633055545	0.03619738089779114	1.0	1.0	2.0
32550000	3.862863171693354	2.525906370756443	1.0	1.0	2.0
32560000	2.4626206555216523	1.3976173746509337	1.0	1.0	2.0
32570000	2.612801771988003	1.0354372500599696	1.0	1.0	2.0
32580000	0.26312661586062963	0.052781720381619615	1.0	1.0	2.0
32590000	2.4570910208228884	0.32193498064772447	1.0	1.0	2.0
32600000	0.11874922755962224	0.23861026476271127	1.0	1.0	2.0
32610000	1.3711980970262807	0.008799699866984144	1.0	1.0	2.0
32620000	0.047823307112567034	0.08912554597099763	1.0	1.0	2.0
32630000	0.5556205699829252	0.8364995471736764	1.0	1.0	2.0
32640000	0.4233342299942424	0.3902751075774727	1.0	1.0	2.0
32650000	1.8979464822274656	0.10182383589730644	1.0	1.0	2.0
32660000	0.12373318697665715	0.2463579186141677	1.0	1.0	2.0
32670000	0.5839952694287613	0.21785595006785824	1.0	1.0	2.0
32680000	1.7605156452016013	0.5407813821686039	1.0	1.0	2.0
32690000	1.6571610402631116	0.01876461543245615	1.0	1.0	2.0
32700000	2.2980889910067166	0.008531419078610951	1.0	1.0	2.0
32710000	0.22887799605370904	0.014275320445660012	1.0	1.0	2.0
32720000	1.241602381651277	0.9281079312043085	1.0	1.0	2.0
32730000	0.6923865860165564	1.3024121202145962	1.0	1.0	2.0
32740000	1.280411418706381	0.9316294824277781	1.0	1.0	2.0
32750000	1.0473245659261572	0.5005425969657111	1.0	1.0	2.0
32760000	1.2326314391102209	0.2809799224128624	1.0	1.0	2.0
32770000	1.2138297666657694	0.16883607508911347	1.0	1.0	2.0
32780000	0.2368228292337726	0.10578827907325125	1.0	1.0	2.0
32790000	2.0289547568409634	4.517408102814945	1.0	1.0	2.0
32800000	2.3834061465667946	0.2276683748496225	1.0	1.0	2.0
32810000	1.2101074406167398	0.7261283481619328	1.0	1.0	2.0
32820000	2.0555416688956516	0.20250492585013885	1.0	1.0	2.0
32830000	2.0233873783871865	1.0043997758010779	1.0	1.0	2.0
32840000	0.4688770407588649	0.48351863654246147	1.0	1.0	2.0
32850000	1.1022916740244066	0.061709759806620385	1.0	1.0	2.0
32860000	1.7375653286176782	0.5630366287069214	1.0	1.0	2.0
32870000	1.9570270618601275	0.7331510455574595	1.0	1.0	2.0
32880000	1.3715671635941147	0.24176903974635694	1.0	1.0	2.0
32890000	0.3937888181632478	0.27045536047723606	1.0	1.0	2.0
32900000	0.3607966696918746	0.0911971279852285	1.0	1.0	2.0
32910000	1.1521421275115928	0.391228616139768	1.0	1.0	2.0
32920000	1.5053083397499276	0.09797370142742066	1.0	1.0	2.0
32930000	0.5536870482763798	0.8048675013461173	1.0	1.0	2.0
32940000	0.7588713392308598	0.9131318370134693	1.0	1.0	2.0
32950000	0.4380820245155879	0.27261935095718165	1.0	1.0	2.0
32960000	1.7778057864437924	0.2575247163400409	1.0	1.0	2.0
32970000	0.8015375055508506	0.37078295144288537	1.0	1.0	2.0
32980000	0.13852980932751802	0.009525768036503051	1.0	1.0	2.0
32990000	0.11282549235035508	0.013828280153387648	1.0	1.0	2.0
33000000	1.0836987302467715	0.5168871431814231	1.0	1.0	2.0
33010000	0.23985772328858204	0.8918561321800419	1.0	1.0	2.0
33020000	1.0843369930557851	0.35127033593600643	1.0	1.0	2.0
33030000	0.49823930455190385	0.02615100183740696	1.0	1.0	2.0
33040000	2.4915721137048545	0.6657188047902007	1.0	1.0	2.0
33050000	2.942155397274513	0.4436674036274602	1.0	1.0	2.0
33060000	1.134808029074686	1.0593091272363304	1.0	1.0	2.0
33070000	1.2027929723123376	0.29463732701781487	1.0	1.0	2.0
33080000	1.2208522387717144	0.058919156217895986	1.0	1.0	2.0
33090000	0.6340517095070766	0.06597341628060803	1.0	1.0	2.0
33100000	0.1432956346691556	0.19111860688935886	1.0	1.0	2.0
33110000	0.1382592976752637	0.8921309839311351	1.0	1.0	2.0
33120000	0.22453245911592992	0.22348689949923167	1.0	1.0	2.0
33130000	0.7264204787775507	1.4969862647962378	1.0	1.0	2.0
33140000	1.1539974616139246	2.659900515061007	1.0	1.0	2.0
33150000	1.3827155649240264	0.907782086710582	1.0	1.0	2.0
33160000	0.054534893460445114	0.10285057966737769	1.0	1.0	2.0
33170000	2.1770324512405383	0.6193739700188738	1.0	1.0	2.0
33180000	1.5878914270701987	0.08908219475210749	1.0	1.0	2.0
33190000	1.2544963741849928	1.5486750696776057	1.0	1.0	2.0
33200000	0.8806563949825128	0.025813841818467752	1.0	1.0	2.0
33210000	0.9616171492331368	0.6061719316335933	1.0	1.0	2.0
33220000	0.3373198221912014	0.1280883295545077	1.0	1.0	2.0
33230000	0.6164451914760851	0.027749658011102622	1.0	1.0	2.0
33240000	1.8320724121741752	1.3996743856642324	1.0	1.0	2.0
33250000	1.5330388058895876	0.006775395873998484	1.0	1.0	2.0
33260000	0.8859661401963536	0.5269673534401018	1.0	1.0	2.0
33270000	0.7973565555582925	0.2771440537940173	1.0	1.0	2.0
33280000	2.1321469674866345	0.2564190788409253	1.0	1.0	2.0
33290000	1.109205307591962	1.709042840561291	1.0	1.0	2.0
33300000	0.4824212886866091	0.37863456901332854	1.0	1.0	2.0
33310000	4.44267719918825	1.3602338322951522	1.0	1.0	2.0
33320000	0.37779223247223703	0.04890920770984783	1.0	1.0	2.0
33330000	1.2677420558135484	0.5054834282993458	1.0	1.0	2.0
33340000	1.2095884996537714	0.042223229142367986	1.0	1.0	2.0
33350000	1.2940882511894118	0.0849458881620171	1.0	1.0	2.0
33360000	1.196304405978715	0.026054356056692037	1.0	1.0	2.0
33370000	0.5180635276784398	0.07759372338391429	1.0	1.0	2.0
33380000	2.2511927608105045	1.4830001914845408	1.0	1.0	2.0
33390000	2.0762889764493737	0.17495203863381498	1.0	1.0	2.0
33400000	0.5569028313493832	1.201764926093098	1.0	1.0	2.0
33410000	0.5287995996530619	0.46158805760900035	1.0	1.0	2.0
33420000	0.8963982462384738	0.6605257026695462	1.0	1.0	2.0
33430000	0.3671856357628656	1.9110098061400114	1.0	1.0	2.0
33440000	0.3292833878582212	0.1577576386967298	1.0	1.0	2.0
33450000	0.5893119795076227	0.7570223183051857	1.0	1.0	2.0
33460000	0.3402868681818219	0.051468152205819094	1.0	1.0	2.0
33470000	0.4927069016775511	0.5102645831002385	1.0	1.0	2.0
33480000	0.5172135689404246	0.383998697151266	1.0	1.0	2.0
33490000	1.097085922928317	0.5663024653193024	1.0	1.0	2.0
33500000	0.6937513340029345	1.480762675685091	1.0	1.0	2.0
33510000	1.1847930235288897	0.9821135135252436	1.0	1.0	2.0
33520000	2.749607347325767	0.4010609293730964	1.0	1.0	2.0
33530000	1.5733363061776307	0.013074046875253618	1.0	1.0	2.0
33540000	0.936933193278918	0.2769952600951125	1.0	1.0	2.0
33550000	0.29785537631309306	0.1312082078705355	1.0	1.0	2.0
33560000	2.743246399101446	0.07439277508755382	1.0	1.0	2.0
33570000	0.563792316360924	1.1228353972137974	1.0	1.0	2.0
33580000	0.5506232940274248	0.20157480016046578	1.0	1.0	2.0
33590000	0.748301124863193	0.3889684318540717	1.0	1.0	2.0
33600000	1.7887470965178156	0.18408134431303513	1.0	1.0	2.0
33610000	1.2369200444189714	0.08015429467319507	1.0	1.0	2.0
33620000	2.75970634761319	0.33370910572956275	1.0	1.0	2.0
33630000	1.0337490633838273	1.2038695351811743	1.0	1.0	2.0
33640000	0.19354678311651238	1.0105220303473652	1.0	1.0	2.0
33650000	1.6243240906700949	0.3219421992908118	1.0	1.0	2.0
33660000	4.647599369824784	0.448251336490031	1.0	1.0	2.0
33670000	3.3317143412597225	1.1967083826419742	1.0	1.0	2.0
33680000	1.2117054700085959	1.3711847339434216	1.0	1.0	2.0
33690000	0.7047021916325834	0.10238780566627488	1.0	1.0	2.0
33700000	0.7644762663497865	0.011131576696125241	1.0	1.0	2.0
33710000	1.1515818812403942	0.9800721996032364	1.0	1.0	2.0
33720000	0.07609744687528926	0.05006822073565126	1.0	1.0	2.0
33730000	2.5684593342230295	1.2321079278273188	1.0	1.0	2.0
33740000	0.4087627610488168	0.09178321320288692	1.0	1.0	2.0
33750000	0.44277601574484016	1.1337303521984075	1.0	1.0	2.0
33760000	1.1919878525418868	0.5829156216156682	1.0	1.0	2.0
33770000	1.083623575319483	0.8352614935122117	1.0	1.0	2.0
33780000	0.43718944608454574	0.833068169777305	1.0	1.0	2.0
33790000	1.181350081223215	0.2573620211882985	1.0	1.0	2.0
33800000	0.6233774246844405	0.04538146599499316	1.0	1.0	2.0
33810000	2.020326178606861	2.4852199390773464	1.0	1.0	2.0
33820000	2.009123415867859	0.5284400250584247	1.0	1.0	2.0
33830000	1.4533851695749347	1.9753862662819086	1.0	1.0	2.0
33840000	2.4732285762134936	0.6312397707586315	1.0	1.0	2.0
33850000	1.3206318935975452	0.2257216435995528	1.0	1.0	2.0
33860000	0.7005696439921975	0.25121297225209804	1.0	1.0	2.0
33870000	1.1807955107311083	2.018760016867945	1.0	1.0	2.0
33880000	4.51572973329706	0.022311895321470276	1.0	1.0	2.0
33890000	0.6541590520274995	0.1753130772823725	1.0	1.0	2.0
33900000	0.9487933404934483	0.24101111368920528	1.0	1.0	2.0
33910000	0.6626324355284248	1.4258123094163473	1.0	1.0	2.0
33920000	1.2386655151863204	0.24302897582674177	1.0	1.0	2.0
33930000	3.9190326185730693	0.0352814733054279	1.0	1.0	2.0
33940000	1.173850825935704	0.08101529478858222	1.0	1.0	2.0
33950000	2.815834634937576	0.30808737962480687	1.0	1.0	2.0
33960000	1.208672785939429	0.16375168857863803	1.0	1.0	2.0
33970000	1.8720546485342024	3.9043068735481956	1.0	1.0	2.0
33980000	2.0220779084156644	0.3417618602888135	1.0	1.0	2.0
33990000	0.509947911042462	0.005391512876635041	1.0	1.0	2.0
34000000	0.9995472054837161	0.5120032489349067	1.0	1.0	2.0
34010000	2.1995907381777116	0.1440734437958933	1.0	1.0	2.0
34020000	1.858247729026394	0.5393819475109793	1.0	1.0	2.0
34030000	2.119884069782119	0.15211174445352346	1.0	1.0	2.0
34040000	0.7659379155274484	0.9234923230210008	1.0	1.0	2.0
34050000	1.1949140003312932	0.9590365936126815	1.0	1.0	2.0
34060000	0.25194786594401286	0.15467158591206479	1.0	1.0	2.0
34070000	1.9216334282419703	0.053065468173335295	1.0	1.0	2.0
34080000	2.42991498991426	1.447406379634707	1.0	1.0	2.0
34090000	1.5308070502383964	0.13601334181845237	1.0	1.0	2.0
34100000	0.41884036823385085	0.46729681745211643	1.0	1.0	2.0
34110000	0.6750794134574738	0.3228054143756321	1.0	1.0	2.0
34120000	2.1367307872854364	0.24190700801666376	1.0	1.0	2.0
34130000	2.1707175441617372	0.8955968838701244	1.0	1.0	2.0
34140000	0.7255691365253942	0.8649894923470937	1.0	1.0	2.0
34150000	0.20657503149747158	0.042619896715532526	1.0	1.0	2.0
34160000	1.9803768934747417	0.05021791231933478	1.0	1.0	2.0
34170000	0.7182412026139344	0.06851476430558552	1.0	1.0	2.0
34180000	2.900262305595135	0.7857983226480257	1.0	1.0	2.0
34190000	0.5428015666039039	0.6737939141869926	1.0	1.0	2.0
34200000	2.210386465647868	0.45828414431764825	1.0	1.0	2.0
34210000	0.5751933084568664	0.10272073841110807	1.0	1.0	2.0
34220000	0.7027988078423186	0.6538247371440253	1.0	1.0	2.0
34230000	0.7812013190588698	0.31477673071966344	1.0	1.0	2.0
34240000	3.683937290286807	1.2913784953636933	1.0	1.0	2.0
34250000	1.4698806961440278	1.0833085172079127	1.0	1.0	2.0
34260000	1.8549378010557667	0.08776343858303509	1.0	1.0	2.0
34270000	3.5255202980383533	0.22230070057679369	1.0	1.0	2.0
34280000	2.7550066971056864	0.45284374057536547	1.0	1.0	2.0
34290000	1.6928010091220276	0.38258639038342096	1.0	1.0	2.0
34300000	1.828928988670618	0.09162599880728556	1.0	1.0	2.0
34310000	1.641980499428749	1.1059871006642616	1.0	1.0	2.0
34320000	1.2148902090171645	1.2168132176013013	1.0	1.0	2.0
34330000	1.0254970584302867	1.214832222127264	1.0	1.0	2.0
34340000	0.7551432150499403	0.37391090074111105	1.0	1.0	2.0
34350000	1.1578816305180326	0.5357352741802046	1.0	1.0	2.0
34360000	0.4693887657437732	0.9689597867581257	1.0	1.0	2.0
34370000	5.059398268412333	0.06569215908882609	1.0	1.0	2.0
34380000	0.7410544791844451	0.06025533081249371	1.0	1.0	2.0
34390000	0.6884549150818635	0.6142174958585831	1.0	1.0	2.0
34400000	0.9866171731969368	0.16733661830752766	1.0	1.0	2.0
34410000	0.9255235600714199	0.5989743700663741	1.0	1.0	2.0
34420000	0.5370405267309482	0.5023147869667252	1.0	1.0	2.0
34430000	1.1056512826897689	0.023697382228210714	1.0	1.0	2.0
34440000	0.8171701689625127	0.3208914693641502	1.0	1.0	2.0
34450000	0.6109333084319755	0.09765251636346028	1.0	1.0	2.0
34460000	0.1656710232895813	0.0014660531583386275	1.0	1.0	2.0
34470000	0.663432944040655	1.5587333973719097	1.0	1.0	2.0
34480000	1.5087753582103252	0.1414191637513451	1.0	1.0	2.0
34490000	0.6518334842324355	0.014807183812379762	1.0	1.0	2.0
34500000	0.8751928856022909	0.2955374371184093	1.0	1.0	2.0
34510000	1.2660496533678245	1.0509855732649	1.0	1.0	2.0
34520000	1.2310413532893836	0.4241139506165953	1.0	1.0	2.0
34530000	1.1435483947255354	0.23764434668185647	1.0	1.0	2.0
34540000	2.167779936012256	0.6135443096005312	1.0	1.0	2.0
34550000	2.4257012334041774	0.4826289307720364	1.0	1.0	2.0
34560000	1.0811537672367264	3.7149403371710714	1.0	1.0	2.0
34570000	0.5221422023423826	0.5045614516109268	1.0	1.0	2.0
34580000	0.9544467162226222	0.42312542245127516	1.0	1.0	2.0
34590000	1.011204835408754	0.7415509492814888	1.0	1.0	2.0
34600000	1.0356463927606065	1.1498461895978809	1.0	1.0	2.0
34610000	1.0655894972315185	0.08495093286367371	1.0	1.0	2.0
34620000	0.99061489511054	0.16060081496922549	1.0	1.0	2.0
34630000	1.0203352457600803	2.0801400724321213	1.0	1.0	2.0
34640000	1.1545704496691858	0.09338308732416398	1.0	1.0	2.0
34650000	0.14210014586083092	1.5893454276014172	1.0	1.0	2.0
34660000	3.2113901152537783	2.8689253132235883	1.0	1.0	2.0
34670000	0.592718174718652	0.27223391427448435	1.0	1.0	2.0
34680000	0.5913542652027346	0.39894126850874906	1.0	1.0	2.0
34690000	1.7173048762311864	1.010023140953554	1.0	1.0	2.0
34700000	1.8907939132428617	0.3536829973819442	1.0	1.0	2.0
34710000	1.3321362873496474	0.14471156061763432	1.0	1.0	2.0
34720000	0.3359014338639452	0.14278282575498105	1.0	1.0	2.0
34730000	0.1824845955995602	0.2663964730703888	1.0	1.0	2.0
34740000	0.19795132523117842	0.1921658925720399	1.0	1.0	2.0
34750000	0.45337755373280986	0.010412326068938183	1.0	1.0	2.0
34760000	0.33127306719010824	0.6699903109531261	1.0	1.0	2.0
34770000	0.10847976849523705	0.09343408169768655	1.0	1.0	2.0
34780000	1.569307377674432	1.9291873765770502	1.0	1.0	2.0
34790000	0.7147941590909094	0.12900708071489966	1.0	1.0	2.0
34800000	2.681386824739859	1.8737244008012766	1.0	1.0	2.0
34810000	0.6144259722614034	0.31572427048649176	1.0	1.0	2.0
34820000	1.3432645347749332	0.21690961114679255	1.0	1.0	2.0
34830000	0.7797301064377333	0.6060906587302981	1.0	1.0	2.0
34840000	1.3176831054195246	0.08414667106994723	1.0	1.0	2.0
34850000	0.2566875039715203	0.39944005130176125	1.0	1.0	2.0
34860000	1.2440780003329992	1.0343438296557863	1.0	1.0	2.0
34870000	0.49264902373256414	0.2870479885481306	1.0	1.0	2.0
34880000	2.6149079403586484	1.0509387694176928	1.0	1.0	2.0
34890000	0.8998360281981289	0.07522524386068874	1.0	1.0	2.0
34900000	1.8546793294193307	0.5772726001860686	1.0	1.0	2.0
34910000	0.6978328991912298	0.029127012188463048	1.0	1.0	2.0
34920000	3.122129879297248	0.4998900498674563	1.0	1.0	2.0
34930000	1.2991837215317257	0.12939204892427103	1.0	1.0	2.0
34940000	0.6164214328480254	0.6673198305966084	1.0	1.0	2.0
34950000	0.4096647826005371	0.41758635303442504	1.0	1.0	2.0
34960000	0.6672107418978555	1.1353498917040283	1.0	1.0	2.0
34970000	1.5790646424352617	0.020375749325406183	1.0	1.0	2.0
34980000	0.8717562881956362	0.5580801680153766	1.0	1.0	2.0
34990000	2.321736686217688	2.01449540284322	1.0	1.0	2.0
35000000	1.9573458953714642	0.09171547800297315	1.0	1.0	2.0
35010000	1.7841715136720564	1.1707775004874335	1.0	1.0	2.0
35020000	0.7928483068477069	1.1198047922766112	1.0	1.0	2.0
35030000	1.8042426765029553	0.24057872646071024	1.0	1.0	2.0
35040000	0.5454322588011594	0.049306779369021635	1.0	1.0	2.0
35050000	1.1264934543632439	0.5020672733591882	1.0	1.0	2.0
35060000	0.25518671871162163	0.08760278384215185	1.0	1.0	2.0
35070000	0.07556518530626691	0.05058971526937024	1.0	1.0	2.0
35080000	0.7800779216338571	0.062026875194487366	1.0	1.0	2.0
35090000	1.9083708977351617	0.11931801115238955	1.0	1.0	2.0
35100000	0.11858628892296284	0.2612606742523167	1.0	1.0	2.0
35110000	3.1909128576119077	3.4899077445697766	1.0	1.0	2.0
35120000	1.4525985542778956	0.1092382943863142	1.0	1.0	2.0
35130000	1.774983685199963	3.2138771710336185	1.0	1.0	2.0
35140000	1.6325365779508034	2.8020607881774193	1.0	1.0	2.0
35150000	1.1983224035060467	0.367559919536306	1.0	1.0	2.0
35160000	0.5611430232257492	0.05459425462780409	1.0	1.0	2.0
35170000	0.8727268634647125	0.15109271000615307	1.0	1.0	2.0
35180000	1.8044153820701205	1.206713554131727	1.0	1.0	2.0
35190000	1.5228371993848586	0.8888431254465844	1.0	1.0	2.0
35200000	1.0118729934320987	0.5642152277989015	1.0	1.0	2.0
35210000	3.6996082896868483	0.13997596301692616	1.0	1.0	2.0
35220000	0.6369917377669816	0.5748756263661042	1.0	1.0	2.0
35230000	1.7625230398476048	0.7492550849923335	1.0	1.0	2.0
35240000	0.8663076055272831	0.35329346038786386	1.0	1.0	2.0
35250000	2.3769359670218795	0.11717569970681478	1.0	1.0	2.0
35260000	3.442088486416225	1.2476468872918374	1.0	1.0	2.0
35270000	1.7031134482257504	0.08495681194558176	1.0	1.0	2.0
35280000	0.849892912729898	0.08643380201382415	1.0	1.0	2.0
35290000	0.4164297534536229	0.262832034252843	1.0	1.0	2.0
35300000	1.7841674661540394	0.3266371115090579	1.0	1.0	2.0
35310000	0.9532707244977863	0.15005940965998038	1.0	1.0	2.0
35320000	2.6397414464399165	0.1375545202258795	1.0	1.0	2.0
35330000	0.18482336664542573	0.6754056281526786	1.0	1.0	2.0
35340000	4.141099863308699	0.45783739827797115	1.0	1.0	2.0
35350000	2.3660435845524783	0.5766422833584628	1.0	1.0	2.0
35360000	0.4398120225302317	0.14000745363074862	1.0	1.0	2.0
35370000	0.46672647034871584	0.5148596058921054	1.0	1.0	2.0
35380000	2.7803109132265567	1.8838712620546145	1.0	1.0	2.0
35390000	1.4356437885214066	2.7035649246378424	1.0	1.0	2.0
35400000	0.938019159857266	1.413227840863295	1.0	1.0	2.0
35410000	0.44348408170781917	0.48201677543629706	1.0	1.0	2.0
35420000	2.0715358184055663	0.23034568943827852	1.0	1.0	2.0
35430000	0.8684601407066763	0.01609263335011688	1.0	1.0	2.0
35440000	4.194509056538764	1.615769096423235	1.0	1.0	2.0
35450000	1.1776565702248216	0.9800584007889558	1.0	1.0	2.0
35460000	0.17655373211710598	0.19222859363152783	1.0	1.0	2.0
35470000	1.4802554953796048	2.767067289525524	1.0	1.0	2.0
35480000	1.0444134779286234	0.17085408486780612	1.0	1.0	2.0
35490000	0.3752744150958295	0.01010792021958609	1.0	1.0	2.0
35500000	0.24392432194437721	0.2651152195399348	1.0	1.0	2.0
35510000	0.6413052561167126	0.10907659120178195	1.0	1.0	2.0
35520000	1.5879061182010292	0.15048903592498794	1.0	1.0	2.0
35530000	1.2138544791688617	0.05721392561515767	1.0	1.0	2.0
35540000	2.1867411486326924	1.9888285288579626	1.0	1.0	2.0
35550000	0.0989087969111997	0.06574958380226821	1.0	1.0	2.0
35560000	0.7232770815171338	0.18033106197566984	1.0	1.0	2.0
35570000	0.8765409866090283	0.2688494699815065	1.0	1.0	2.0
35580000	0.09864634824483105	0.062149123703871656	1.0	1.0	2.0
35590000	0.9446609255310497	1.0371027003579536	1.0	1.0	2.0
35600000	4.676013188114275	0.7319077259129217	1.0	1.0	2.0
35610000	0.598235248361093	0.09137805441198661	1.0	1.0	2.0
35620000	2.809088789441824	1.2037210200294146	1.0	1.0	2.0
35630000	1.952213892247955	0.5001062608434297	1.0	1.0	2.0
35640000	0.19517379588162131	0.046332899078737555	1.0	1.0	2.0
35650000	1.1955210941858705	0.909129557708389	1.0	1.0	2.0
35660000	1.1677768126910701	1.7036097754915056	1.0	1.0	2.0
35670000	0.949016953589197	0.4902149302540501	1.0	1.0	2.0
35680000	1.0294067401442941	0.8033833519611279	1.0	1.0	2.0
35690000	1.2145037303450597	0.10113468718493061	1.0	1.0	2.0
35700000	0.8929307424941313	1.2981833576792603	1.0	1.0	2.0
35710000	1.7193164303404782	0.4297673966056429	1.0	1.0	2.0
35720000	2.5796737918161723	0.9899178287426688	1.0	1.0	2.0
35730000	1.121278995584051	0.38050348183739363	1.0	1.0	2.0
35740000	1.013575754805262	1.0261535207263508	1.0	1.0	2.0
35750000	1.085648874456099	0.31770288209412817	1.0	1.0	2.0
35760000	0.440452267958024	0.7976378806597103	1.0	1.0	2.0
35770000	0.4110107392527574	0.021825411392788395	1.0	1.0	2.0
35780000	1.032752208665017	0.380173532554235	1.0	1.0	2.0
35790000	4.8586755945835085	0.8945174901738197	1.0	1.0	2.0
35800000	0.49780555571206114	0.5964585809594131	1.0	1.0	2.0
35810000	1.3455104638526143	0.7634571411717529	1.0	1.0	2.0
35820000	0.40266881238259206	0.41067450845856784	1.0	1.0	2.0
35830000	0.8231434900239712	0.09215396237411057	1.0	1.0	2.0
35840000	1.6090620912364164	2.2153541224539364	1.0	1.0	2.0
35850000	1.477826300825364	0.2690157101044691	1.0	1.0	2.0
35860000	0.24010523858427663	3.1032701704515023E-4	1.0	1.0	2.0
35870000	1.6904025967771	0.1363984366665622	1.0	1.0	2.0
35880000	1.5101896992135329	2.069729583612663	1.0	1.0	2.0
35890000	2.1849191301155773	1.8552990747241807	1.0	1.0	2.0
35900000	1.089405116837888	0.40596842429900243	1.0	1.0	2.0
35910000	1.9462598324144562	0.3273454907773822	1.0	1.0	2.0
35920000	2.499626259296197	1.7737884344772628	1.0	1.0	2.0
35930000	2.067183025785735	0.36583492347524155	1.0	1.0	2.0
35940000	2.0945189804247883	1.9551969146939936	1.0	1.0	2.0
35950000	1.0922805129026358	0.05860724125779844	1.0	1.0	2.0
35960000	2.6083286188369237	0.038229270121783655	1.0	1.0	2.0
35970000	2.526406784125323	0.6183788576433205	1.0	1.0	2.0
35980000	1.314395731504984	0.36839587065223317	1.0	1.0	2.0
35990000	0.14359392275575264	0.2055409980866167	1.0	1.0	2.0
36000000	0.7343011320214653	0.13196354763582022	1.0	1.0	2.0
36010000	0.7006102670602107	0.07901290283421832	1.0	1.0	2.0
36020000	0.7531897412802894	0.3356855804669653	1.0	1.0	2.0
36030000	0.8743715469021942	0.2860310110092631	1.0	1.0	2.0
36040000	0.16817134675639173	0.24848225157860945	1.0	1.0	2.0
36050000	1.4569891975514875	0.9969066135015332	1.0	1.0	2.0
36060000	0.3493767150901935	0.5759674088608135	1.0	1.0	2.0
36070000	1.1945886860642703	0.09214680464232453	1.0	1.0	2.0
36080000	1.2934636461104307	1.225305528389604	1.0	1.0	2.0
36090000	1.4241357006865665	0.4541589621797397	1.0	1.0	2.0
36100000	0.5595295464061555	0.22590871697150242	1.0	1.0	2.0
36110000	1.3792823416648199	0.3115688469176541	1.0	1.0	2.0
36120000	1.2070257718063442	0.41214547137509383	1.0	1.0	2.0
36130000	0.5704453259224949	0.5844591465133029	1.0	1.0	2.0
36140000	0.7930849224654337	0.04969108238806509	1.0	1.0	2.0
36150000	0.988957458058722	0.5947698240569035	1.0	1.0	2.0
36160000	1.8225191884225311	1.6431991506884476	1.0	1.0	2.0
36170000	0.22384636114414883	0.3684989818343642	1.0	1.0	2.0
36180000	1.5216742920969943	0.30699964464846247	1.0	1.0	2.0
36190000	4.0486312696178945	0.06969906891275425	1.0	1.0	2.0
36200000	1.4634750207069502	0.16853107323804364	1.0	1.0	2.0
36210000	4.331527837327807	0.6121302798124333	1.0	1.0	2.0
36220000	0.41396476070159616	0.022414756442770287	1.0	1.0	2.0
36230000	1.2667790594152286	0.04711628394163605	1.0	1.0	2.0
36240000	0.8422773665178457	0.5242242230247434	1.0	1.0	2.0
36250000	0.3411416272392697	0.8074171665312406	1.0	1.0	2.0
36260000	1.2338519252881326	0.19576578106874026	1.0	1.0	2.0
36270000	0.6339984589324303	1.4466435332557155	1.0	1.0	2.0
36280000	1.6774466411819613	0.6625377477921685	1.0	1.0	2.0
36290000	0.9768113186542354	0.9939644764624962	1.0	1.0	2.0
36300000	0.5045800432451883	0.12270259910841987	1.0	1.0	2.0
36310000	0.26360043246228093	0.380155207147225	1.0	1.0	2.0
36320000	0.3439149961211793	0.4170315018284234	1.0	1.0	2.0
36330000	0.5212863616200668	0.24975514466430182	1.0	1.0	2.0
36340000	1.008241247352951	0.13014283298800444	1.0	1.0	2.0
36350000	1.185505009249497	0.370616239474162	1.0	1.0	2.0
36360000	0.5030453467093835	0.34875018244162737	1.0	1.0	2.0
36370000	1.2999654862512564	0.22722511117629332	1.0	1.0	2.0
36380000	0.9634287055319674	0.8231759361342723	1.0	1.0	2.0
36390000	1.6882795778534507	0.4975550168693334	1.0	1.0	2.0
36400000	1.6787618097452919	0.572848342383683	1.0	1.0	2.0
36410000	0.2752645425005495	0.10634464393258461	1.0	1.0	2.0
36420000	2.5202829421160637	0.4035661563129605	1.0	1.0	2.0
36430000	3.3081096208268987	0.6681654062681956	1.0	1.0	2.0
36440000	1.4917505182172162	0.18870236840620677	1.0	1.0	2.0
36450000	1.91644384684638	2.2411278940055506	1.0	1.0	2.0
36460000	0.7001858161292891	0.766878717678535	1.0	1.0	2.0
36470000	0.8026731475665002	0.12064257015505009	1.0	1.0	2.0
36480000	0.274494044493306	0.30011638452645767	1.0	1.0	2.0
36490000	2.0598298997686513	1.2661204200537373	1.0	1.0	2.0
36500000	1.8131876147584183	0.903551609043409	1.0	1.0	2.0
36510000	0.35677780735522646	0.015460249340113788	1.0	1.0	2.0
36520000	1.4387774749512214	0.13590503008553995	1.0	1.0	2.0
36530000	4.11708108469933	1.6466230841775464	1.0	1.0	2.0
36540000	2.811531838846187	0.012921251292121192	1.0	1.0	2.0
36550000	0.3289150080982937	7.84682026960513E-4	1.0	1.0	2.0
36560000	2.1316702854445992	2.3083793699214197	1.0	1.0	2.0
36570000	1.516784954592406	0.09681282838776391	1.0	1.0	2.0
36580000	0.3147958512433057	0.03668996517173904	1.0	1.0	2.0
36590000	0.29632063993603747	0.20697374388804074	1.0	1.0	2.0
36600000	0.8262557577537677	1.815558633504768	1.0	1.0	2.0
36610000	1.507125674532584	1.8833467298280588	1.0	1.0	2.0
36620000	0.5794517529824957	0.2756521801882787	1.0	1.0	2.0
36630000	0.12733373968236794	0.10669399554912781	1.0	1.0	2.0
36640000	2.932180038579862	0.18366331025316424	1.0	1.0	2.0
36650000	0.5722366667977203	0.01629932552124322	1.0	1.0	2.0
36660000	2.0252130802353276	0.44621915488295627	1.0	1.0	2.0
36670000	0.008926183168529746	0.002967681934367562	1.0	1.0	2.0
36680000	2.061649749122131	0.10562837265843629	1.0	1.0	2.0
36690000	4.579022578382559	0.5866138726202809	1.0	1.0	2.0
36700000	0.21082076451117315	0.09710255375112681	1.0	1.0	2.0
36710000	1.9792648054433957	0.916541933392933	1.0	1.0	2.0
36720000	0.9649704746128862	1.1821802196174651	1.0	1.0	2.0
36730000	0.9749601129687236	0.1340404874675736	1.0	1.0	2.0
36740000	0.7137132368312717	0.09003410574878061	1.0	1.0	2.0
36750000	0.6440810585421561	0.9170510250169023	1.0	1.0	2.0
36760000	2.36277079968829	0.013417199818963542	1.0	1.0	2.0
36770000	3.377024435562251	1.6064507848032221	1.0	1.0	2.0
36780000	0.5399807383407255	0.19199777471464394	1.0	1.0	2.0
36790000	2.7874921425882127	2.0386334938945145	1.0	1.0	2.0
36800000	1.4755899307646914	0.22253951725603383	1.0	1.0	2.0
36810000	2.15005061035035	1.759135689821474	1.0	1.0	2.0
36820000	0.4527345157473634	0.16028624390664722	1.0	1.0	2.0
36830000	1.762835141422359	0.6573813242054832	1.0	1.0	2.0
36840000	2.8433648429535596	1.011188729507219	1.0	1.0	2.0
36850000	3.7504615319728916	0.17228849200461782	1.0	1.0	2.0
36860000	6.117611423000977	0.4783389973632284	1.0	1.0	2.0
36870000	0.2512540783964273	0.15655319987376662	1.0	1.0	2.0
36880000	0.8758787403983714	0.03143954286434095	1.0	1.0	2.0
36890000	2.280381694280102	0.030280442520292376	1.0	1.0	2.0
36900000	0.553295997107084	0.11140151252579486	1.0	1.0	2.0
36910000	0.5783091916401017	0.3261187825500301	1.0	1.0	2.0
36920000	0.589641117842507	0.5160859510095033	1.0	1.0	2.0
36930000	0.812397590778908	0.15726745594182737	1.0	1.0	2.0
36940000	1.3412474496972868	0.48273622196967814	1.0	1.0	2.0
36950000	2.306637165536661	1.0013051528474721	1.0	1.0	2.0
36960000	1.2904108422840914	0.12131052688301285	1.0	1.0	2.0
36970000	1.3581161973368265	1.2254793892199054	1.0	1.0	2.0
36980000	0.492789245467605	0.310651029717147	1.0	1.0	2.0
36990000	1.0155166316013005	0.3401197121172554	1.0	1.0	2.0
37000000	1.438805277521484	0.4920679625146695	1.0	1.0	2.0
37010000	0.5739168756844752	0.042193176112284514	1.0	1.0	2.0
37020000	4.394924305599527	2.0817639641781134	1.0	1.0	2.0
37030000	0.9433423434113771	0.2804106548881832	1.0	1.0	2.0
37040000	0.19460495587783408	0.7079758999673038	1.0	1.0	2.0
37050000	1.6084617131854568	0.1147163222254579	1.0	1.0	2.0
37060000	0.09897389603645168	1.3561499167600044	1.0	1.0	2.0
37070000	0.8526739675846849	0.08832770133910413	1.0	1.0	2.0
37080000	2.5987648983975546	1.0610468985520691	1.0	1.0	2.0
37090000	0.8813285570409641	0.25688740563700946	1.0	1.0	2.0
37100000	4.644373030234188	1.2955806788479538	1.0	1.0	2.0
37110000	0.3802839403753016	0.10338377876294415	1.0	1.0	2.0
37120000	1.5905212012283256	0.1735582016949221	1.0	1.0	2.0
37130000	1.4734449799209561	1.6869889845647483	1.0	1.0	2.0
37140000	0.10740936042930688	0.001976129543218104	1.0	1.0	2.0
37150000	2.265113565485597	0.3101656834436153	1.0	1.0	2.0
37160000	2.025108556593863	0.28209292001270403	1.0	1.0	2.0
37170000	0.5685797925449939	0.36484555866508783	1.0	1.0	2.0
37180000	0.4623773696385029	0.48589585603227137	1.0	1.0	2.0
37190000	3.2910235265531167	1.0668505079702142	1.0	1.0	2.0
37200000	1.4352010532123012	0.2501957942292417	1.0	1.0	2.0
37210000	1.3016466300972114	0.38637484433695507	1.0	1.0	2.0
37220000	1.8326005090156967	0.3316450585159357	1.0	1.0	2.0
37230000	0.6805812648698544	1.0161967821490852	1.0	1.0	2.0
37240000	0.5816752891854589	0.053037591141737006	1.0	1.0	2.0
37250000	0.8728256795333973	0.34900349127606406	1.0	1.0	2.0
37260000	1.5854379695309289	0.43351725319289375	1.0	1.0	2.0
37270000	0.41997239480676724	0.5917085852736302	1.0	1.0	2.0
37280000	3.692274528504605	0.38292569240630137	1.0	1.0	2.0
37290000	1.1899025294076024	0.32407175386452935	1.0	1.0	2.0
37300000	2.9529638201352237	1.7815010182995514	1.0	1.0	2.0
37310000	0.49242969496686445	0.06955294710007763	1.0	1.0	2.0
37320000	3.7666971138059684	0.852667727898177	1.0	1.0	2.0
37330000	0.8252470479000944	0.5309353108558632	1.0	1.0	2.0
37340000	2.4792083620275354	1.0644609384450123	1.0	1.0	2.0
37350000	0.05775968208724986	0.022001809979345106	1.0	1.0	2.0
37360000	0.16370565625375333	0.2859315594425075	1.0	1.0	2.0
37370000	0.39889611318391616	0.9662876170976106	1.0	1.0	2.0
37380000	0.7533462580501721	0.3401720496837424	1.0	1.0	2.0
37390000	3.44303266193551	0.00815933146656227	1.0	1.0	2.0
37400000	2.324211955402473	0.49111090740228247	1.0	1.0	2.0
37410000	1.3159424476747774	0.8706558971413851	1.0	1.0	2.0
37420000	4.343873369138406	0.5459854958524231	1.0	1.0	2.0
37430000	1.283227918399534	0.8339620177379129	1.0	1.0	2.0
37440000	0.7703337033419272	0.49297970747815106	1.0	1.0	2.0
37450000	0.5350362344421481	0.14547360587206393	1.0	1.0	2.0
37460000	1.052998676852548	0.8282505104203166	1.0	1.0	2.0
37470000	1.3617367776280582	0.08719089969578213	1.0	1.0	2.0
37480000	3.138754428087661	0.1944043157908136	1.0	1.0	2.0
37490000	0.05605479054992195	0.010392458219616624	1.0	1.0	2.0
37500000	0.044663940703990795	0.04883208917931669	1.0	1.0	2.0
37510000	1.159374177672575	0.2796219118156733	1.0	1.0	2.0
37520000	0.41140348711579733	0.724234968408184	1.0	1.0	2.0
37530000	0.6775689720514653	0.3559624688043604	1.0	1.0	2.0
37540000	0.630637125718362	0.009344016765458419	1.0	1.0	2.0
37550000	0.08798160918517219	0.3125818831375831	1.0	1.0	2.0
37560000	0.33004236422063654	0.0067100355174125135	1.0	1.0	2.0
37570000	0.5274182862623696	1.3679180743365644	1.0	1.0	2.0
37580000	1.2575607487245972	0.7364631355203809	1.0	1.0	2.0
37590000	1.406891736723436	0.002685356307182778	1.0	1.0	2.0
37600000	1.4213716516759956	1.5409254617185324	1.0	1.0	2.0
37610000	1.3159447582199781	1.2666206616162712	1.0	1.0	2.0
37620000	1.480982785483582	0.9356541406764071	1.0	1.0	2.0
37630000	0.21056311669707706	0.18784025812911176	1.0	1.0	2.0
37640000	1.824733430034572	0.4864450987311431	1.0	1.0	2.0
37650000	0.9521674229779392	1.1380864376099522	1.0	1.0	2.0
37660000	0.597682595031181	0.07161247822407064	1.0	1.0	2.0
37670000	2.2292932815829984	0.08551183168082489	1.0	1.0	2.0
37680000	1.5219365817762818	0.2667638673435123	1.0	1.0	2.0
37690000	0.3674486611615628	0.8027965770544988	1.0	1.0	2.0
37700000	0.4842418200555806	0.5438292481046493	1.0	1.0	2.0
37710000	0.7623621700852702	1.6371978221553105	1.0	1.0	2.0
37720000	0.5523409702771654	0.5752018915144461	1.0	1.0	2.0
37730000	0.7764614893614996	1.5925011161071267	1.0	1.0	2.0
37740000	0.03290307612747321	0.27736514120322225	1.0	1.0	2.0
37750000	0.5366659217655452	0.14811281705851315	1.0	1.0	2.0
37760000	0.16723284349246936	0.0387347016525539	1.0	1.0	2.0
37770000	0.880991923415743	0.2772469695716005	1.0	1.0	2.0
37780000	0.9537693747882295	0.008977047026975337	1.0	1.0	2.0
37790000	0.5478546636570596	0.4621526684845901	1.0	1.0	2.0
37800000	0.9626723506137447	0.6658423201681462	1.0	1.0	2.0
37810000	0.7759745532655301	1.2815097823757011	1.0	1.0	2.0
37820000	0.7372305620270446	0.05435975829493814	1.0	1.0	2.0
37830000	1.051579260037827	1.3300490287792939	1.0	1.0	2.0
37840000	1.5334363107443698	0.9488014928318543	1.0	1.0	2.0
37850000	1.1954402170288565	0.5137995356592405	1.0	1.0	2.0
37860000	2.6600763796660716	0.6538771894992368	1.0	1.0	2.0
37870000	1.0469810008766158	0.0196748214718667	1.0	1.0	2.0
37880000	0.6712873822461283	0.8431781503871595	1.0	1.0	2.0
37890000	0.46855391080704467	0.354051860542858	1.0	1.0	2.0
37900000	1.4951726093149245	0.5075946201320184	1.0	1.0	2.0
37910000	0.6982232568323513	0.5932771228890604	1.0	1.0	2.0
37920000	0.9267923876083579	1.4474680790967767	1.0	1.0	2.0
37930000	0.31100715702909854	0.23771822330986883	1.0	1.0	2.0
37940000	4.123419257940857	2.545878802548434	1.0	1.0	2.0
37950000	1.5068864501307073	0.11743701812752999	1.0	1.0	2.0
37960000	0.1698639331072129	0.21508569542843683	1.0	1.0	2.0
37970000	0.8822766039895703	0.2873155097206337	1.0	1.0	2.0
37980000	3.8781904897662125	0.24091136580894335	1.0	1.0	2.0
37990000	4.049300744031619	0.012797470869127397	1.0	1.0	2.0
38000000	1.639224280345816	1.6055972635818092	1.0	1.0	2.0
38010000	1.9541800228905242	1.3244791144631103	1.0	1.0	2.0
38020000	4.127765342498161	1.9665111916462568	1.0	1.0	2.0
38030000	0.6304246697281839	0.9529540556273409	1.0	1.0	2.0
38040000	0.2502358952865187	0.21361454946480818	1.0	1.0	2.0
38050000	3.770994972178352	0.7826193250781446	1.0	1.0	2.0
38060000	1.4488983043699708	1.0426540602988865	1.0	1.0	2.0
38070000	2.13098026344885	0.32197299384876266	1.0	1.0	2.0
38080000	4.030086862883971	0.4123850944864794	1.0	1.0	2.0
38090000	1.2943651000418326	2.1007067419889762	1.0	1.0	2.0
38100000	0.6065717344310978	0.2067640628976711	1.0	1.0	2.0
38110000	1.5707253227458076	0.7044000303621495	1.0	1.0	2.0
38120000	1.6239894523153562	0.40657548153268536	1.0	1.0	2.0
38130000	1.1173795547659973	0.6004366168934034	1.0	1.0	2.0
38140000	0.653532208317142	0.21388851722859722	1.0	1.0	2.0
38150000	1.4931422706351265	0.004681403212306861	1.0	1.0	2.0
38160000	0.4755413023100703	0.3045425442711521	1.0	1.0	2.0
38170000	1.7685532225600467	2.123048052303281	1.0	1.0	2.0
38180000	0.8969893919850433	1.0629322763453353	1.0	1.0	2.0
38190000	0.6140726097310687	0.4834154661374627	1.0	1.0	2.0
38200000	3.7561416519134045	0.10505859363977153	1.0	1.0	2.0
38210000	0.5975945348952808	0.1108585869457731	1.0	1.0	2.0
38220000	0.41242463737560003	0.03353759909430322	1.0	1.0	2.0
38230000	0.9689493650113646	0.5082604391530459	1.0	1.0	2.0
38240000	0.5512977079570877	0.5715729195502055	1.0	1.0	2.0
38250000	0.44417567155909327	0.06639202994548922	1.0	1.0	2.0
38260000	2.9551920344821228	0.5677526590363028	1.0	1.0	2.0
38270000	0.7550166019935207	0.294623803002593	1.0	1.0	2.0
38280000	1.1352860372704021	0.7292337896469464	1.0	1.0	2.0
38290000	2.1640023377953126	0.006240706350599609	1.0	1.0	2.0
38300000	2.7596479824955895	0.6979410186687136	1.0	1.0	2.0
38310000	1.4534186198976138	0.11579133688237143	1.0	1.0	2.0
38320000	0.9584523398662053	0.312054976440364	1.0	1.0	2.0
38330000	1.529887202249119	0.1379692222824503	1.0	1.0	2.0
38340000	2.773483207626509	0.4514088395284992	1.0	1.0	2.0
38350000	0.8902970611648048	0.056264082113447036	1.0	1.0	2.0
38360000	0.7908826282169629	0.42213149521205984	1.0	1.0	2.0
38370000	1.228333990314314	0.2251220743469333	1.0	1.0	2.0
38380000	0.7247762882531363	0.04810466653345356	1.0	1.0	2.0
38390000	0.3064932485884886	0.050750873346534255	1.0	1.0	2.0
38400000	1.5180378981317808	0.3833989790673506	1.0	1.0	2.0
38410000	1.0938884557984148	0.8684536619617909	1.0	1.0	2.0
38420000	3.6677817244601423	0.8785984158514876	1.0	1.0	2.0
38430000	1.61557015072957	0.3558664144214933	1.0	1.0	2.0
38440000	3.5535496768944492	0.13871962002118265	1.0	1.0	2.0
38450000	0.5099901352781897	0.40181385767981115	1.0	1.0	2.0
38460000	0.365175223390468	0.18114860595555782	1.0	1.0	2.0
38470000	1.2340724887628045	0.0619833580581816	1.0	1.0	2.0
38480000	0.5014571683659365	0.0027191220168427013	1.0	1.0	2.0
38490000	0.5816296814234208	0.3995900074334175	1.0	1.0	2.0
38500000	1.3753725251888593	1.9430642501102302	1.0	1.0	2.0
38510000	0.21320184864418237	0.12857189106719044	1.0	1.0	2.0
38520000	0.7948876023082654	0.35887707447033246	1.0	1.0	2.0
38530000	0.30849220943256606	0.1950620343845836	1.0	1.0	2.0
38540000	0.2681357147661471	0.03035579598466482	1.0	1.0	2.0
38550000	3.4811999212489932	0.4434547871518334	1.0	1.0	2.0
38560000	1.5870664907550074	1.260466501659128	1.0	1.0	2.0
38570000	0.444281743539273	1.1731096404092405	1.0	1.0	2.0
38580000	0.33120282335762097	0.06902225229784677	1.0	1.0	2.0
38590000	2.3906439916528353	0.49887524242888115	1.0	1.0	2.0
38600000	2.00773580091384	0.10122896096060365	1.0	1.0	2.0
38610000	0.8560193668858336	0.3160117605774826	1.0	1.0	2.0
38620000	1.826895577581493	0.14647247104139613	1.0	1.0	2.0
38630000	0.6955715471962257	0.19095216714273877	1.0	1.0	2.0
38640000	0.9284756052341518	0.6887913538983731	1.0	1.0	2.0
38650000	0.9697281315627516	0.02373009257841864	1.0	1.0	2.0
38660000	3.5246213689694836	0.48495129608938337	1.0	1.0	2.0
38670000	1.6870264039961946	0.11574639422747368	1.0	1.0	2.0
38680000	0.4149489214059691	0.6661281291053857	1.0	1.0	2.0
38690000	2.2203045850266325	0.4381329754508951	1.0	1.0	2.0
38700000	0.7653232389384701	1.0127022426706647	1.0	1.0	2.0
38710000	0.9533604396849233	0.24369619038104856	1.0	1.0	2.0
38720000	0.5127372900677295	0.6995376306219643	1.0	1.0	2.0
38730000	1.9820196482134365	0.1776582592618379	1.0	1.0	2.0
38740000	2.1370459773377277	0.10820224244530216	1.0	1.0	2.0
38750000	0.2903166757604687	0.6425439483838471	1.0	1.0	2.0
38760000	0.5360854356563128	0.16736566039702305	1.0	1.0	2.0
38770000	3.127169039815199	0.30890518234963116	1.0	1.0	2.0
38780000	0.8481556347386715	0.12082504412459602	1.0	1.0	2.0
38790000	0.13920495935820215	0.13765352594719724	1.0	1.0	2.0
38800000	0.47642692091616545	0.06253195838412424	1.0	1.0	2.0
38810000	1.340246018007925	0.10123032799059775	1.0	1.0	2.0
38820000	0.7013664723390822	0.2921788769885602	1.0	1.0	2.0
38830000	0.4760297456034038	0.09696324621423738	1.0	1.0	2.0
38840000	1.6314805514495325	1.4597659845086695	1.0	1.0	2.0
38850000	2.214952130610078	0.013780020351332653	1.0	1.0	2.0
38860000	1.7883317687645666	1.0117296545907977	1.0	1.0	2.0
38870000	0.37615952350876936	0.23443215982003165	1.0	1.0	2.0
38880000	2.8419622409376895	0.11495486320698135	1.0	1.0	2.0
38890000	0.38782799574894905	2.848781655911666	1.0	1.0	2.0
38900000	1.5886380911526792	0.5193885861521492	1.0	1.0	2.0
38910000	1.7898167750754144	0.08771710141094631	1.0	1.0	2.0
38920000	2.1688955918762036	0.9817026207183058	1.0	1.0	2.0
38930000	0.48148672134548154	0.23240583371110976	1.0	1.0	2.0
38940000	0.6951247095894971	0.35617578628993335	1.0	1.0	2.0
38950000	0.6027524169015255	0.6859604169796059	1.0	1.0	2.0
38960000	0.5798744126745701	0.7741139668753458	1.0	1.0	2.0
38970000	1.3993335181128428	1.507588312944697	1.0	1.0	2.0
38980000	1.1002269197587793	0.2842651378991577	1.0	1.0	2.0
38990000	0.4064214518077686	0.1668763107994525	1.0	1.0	2.0
39000000	1.2084280286226223	0.16539473150293257	1.0	1.0	2.0
39010000	0.15663008496787859	0.4086737661479293	1.0	1.0	2.0
39020000	0.19527954861926675	0.19990699643899426	1.0	1.0	2.0
39030000	3.3502313452447128	0.07968730371104431	1.0	1.0	2.0
39040000	2.707184609233502	0.15446725776303394	1.0	1.0	2.0
39050000	0.3911131317587109	0.37273571112946424	1.0	1.0	2.0
39060000	0.14855163120018985	0.10367812230078531	1.0	1.0	2.0
39070000	2.1405631201352624	0.2262918167160129	1.0	1.0	2.0
39080000	1.022972105778365	0.40833578466830106	1.0	1.0	2.0
39090000	1.7192734161284253	1.0790728211345728	1.0	1.0	2.0
39100000	1.8797068656308422	0.6960692975212786	1.0	1.0	2.0
39110000	0.7016121910406298	0.8676040733558494	1.0	1.0	2.0
39120000	3.6383590697076795	1.9607327848054763	1.0	1.0	2.0
39130000	2.228189945258961	0.6507088558965387	1.0	1.0	2.0
39140000	0.1576187308849973	0.532198281016172	1.0	1.0	2.0
39150000	0.10263846429023024	0.13661903646229623	1.0	1.0	2.0
39160000	0.7585898867630066	1.1404143264396862	1.0	1.0	2.0
39170000	4.439787229682912	0.7556864015808656	1.0	1.0	2.0
39180000	0.6418189911674594	1.2783741141984517	1.0	1.0	2.0
39190000	1.7298307539473652	0.48004054809296987	1.0	1.0	2.0
39200000	0.7477955316406737	0.1693547152537327	1.0	1.0	2.0
39210000	0.8993234294027093	0.6508127534421272	1.0	1.0	2.0
39220000	0.9721739435081959	0.24145380511401907	1.0	1.0	2.0
39230000	1.7497380974861798	0.945548083870921	1.0	1.0	2.0
39240000	0.5910538709319756	0.021923020230125833	1.0	1.0	2.0
39250000	0.681219264743632	1.1640960635161588	1.0	1.0	2.0
39260000	2.0800358469857363	0.6574325824923721	1.0	1.0	2.0
39270000	1.2330546379539578	0.4738907439991124	1.0	1.0	2.0
39280000	3.0847368753473883	0.6116896579727635	1.0	1.0	2.0
39290000	0.3025531317404002	0.2698204749707979	1.0	1.0	2.0
39300000	0.1957012928851487	0.12372551374211044	1.0	1.0	2.0
39310000	0.5106204568758492	0.8346814164036859	0.0	1.0	1.0
39320000	4.559942782734414	0.4998068981365249	1.0	1.0	2.0
39330000	0.783885214356447	1.2996584534075868	1.0	1.0	2.0
39340000	0.35486753066183746	0.7776278217179637	1.0	1.0	2.0
39350000	0.4076335153873733	0.006397203636339534	1.0	1.0	2.0
39360000	1.0805684099381498	0.19127649851922965	1.0	1.0	2.0
39370000	3.0600046841630477	0.7730188035061426	1.0	1.0	2.0
39380000	0.7171032776162667	0.1272456932957723	1.0	1.0	2.0
39390000	0.4095310303496592	0.03974611117710562	1.0	1.0	2.0
39400000	0.9645638338396593	0.19752969867547038	1.0	1.0	2.0
39410000	1.2480221928043373	1.9063038642710624	1.0	1.0	2.0
39420000	1.231058827718377	0.25975754649021193	1.0	1.0	2.0
39430000	0.7187336824950722	0.07921851053011737	1.0	1.0	2.0
39440000	1.2906906569608374	1.00839521847174	1.0	1.0	2.0
39450000	0.7039717318111223	0.11383236262108211	1.0	1.0	2.0
39460000	0.9314080863391434	0.7241533436591673	1.0	1.0	2.0
39470000	0.876907187304347	0.5196935409056734	1.0	1.0	2.0
39480000	0.23085624978915903	0.6438100835703265	1.0	1.0	2.0
39490000	0.5005324828116013	0.10873799954318808	1.0	1.0	2.0
39500000	2.2790073665643016	0.009069061596802137	1.0	1.0	2.0
39510000	0.45155131103953566	0.29086638365272843	1.0	1.0	2.0
39520000	0.8515014196247458	1.2015735182473157	1.0	1.0	2.0
39530000	1.741768192500486	1.011017666906584	1.0	1.0	2.0
39540000	0.4929129857449007	0.564820539407921	1.0	1.0	2.0
39550000	4.342696970538099	0.5584079170471902	1.0	1.0	2.0
39560000	1.003703233175074	0.2053621921487296	1.0	1.0	2.0
39570000	0.7922877168123769	1.8479068176817794	1.0	1.0	2.0
39580000	1.2979768525794424	0.34034036737955364	1.0	1.0	2.0
39590000	0.26455512033059103	0.04567567015147095	1.0	1.0	2.0
39600000	1.1764355368639305	0.02464591529409501	1.0	1.0	2.0
39610000	1.7778863514308196	2.3970695402737876	1.0	1.0	2.0
39620000	0.09362040745692855	0.07703066800914225	1.0	1.0	2.0
39630000	2.3029179519819527	0.5470691553796846	1.0	1.0	2.0
39640000	1.2256839691230839	2.007833252329231	1.0	1.0	2.0
39650000	0.41931249649897223	0.2123368516041533	1.0	1.0	2.0
39660000	0.6023169009884352	0.9764680948073996	1.0	1.0	2.0
39670000	1.6271542506282668	0.8506525448673092	1.0	1.0	2.0
39680000	0.7017044154062848	0.23553690849139725	1.0	1.0	2.0
39690000	0.8467256630859383	0.11364569168865608	1.0	1.0	2.0
39700000	0.4811867623320328	0.45282094012205737	1.0	1.0	2.0
39710000	2.849220375150433	3.0305186030370255	1.0	1.0	2.0
39720000	1.5038469187520118	0.4021554512407831	1.0	1.0	2.0
39730000	0.6120169615502319	0.7100188380521978	1.0	1.0	2.0
39740000	0.2546630535006933	0.06657584693937732	1.0	1.0	2.0
39750000	0.2732322451677686	0.0588371607154947	1.0	1.0	2.0
39760000	0.6164341755425765	0.23615337187965396	1.0	1.0	2.0
39770000	2.9178219103874	0.34264913410842707	1.0	1.0	2.0
39780000	1.1743734184019414	0.022118228634580316	1.0	1.0	2.0
39790000	1.2067206766522274	0.24325824396685844	1.0	1.0	2.0
39800000	1.3884498829202447	0.6336451464936868	1.0	1.0	2.0
39810000	4.362006084769851	0.3077403769002912	1.0	1.0	2.0
39820000	3.97527489164225	0.2294871735518267	1.0	1.0	2.0
39830000	0.9115947316237194	0.8272350779274624	1.0	1.0	2.0
39840000	1.7525394470906068	0.19687260615637664	1.0	1.0	2.0
39850000	0.26147526442502844	0.34899869710475406	1.0	1.0	2.0
39860000	2.1515138095560613	0.6759972999166203	1.0	1.0	2.0
39870000	3.5388439449130176	2.3453756990208383	1.0	1.0	2.0
39880000	0.7760563454478294	0.24737278399869636	1.0	1.0	2.0
39890000	1.77457268185188	0.4433518664382299	1.0	1.0	2.0
39900000	0.6537687828205829	0.3414591218630524	1.0	1.0	2.0
39910000	0.4842991235526175	0.003052270171066618	1.0	1.0	2.0
39920000	1.9405309404292215	0.16529574735969274	1.0	1.0	2.0
39930000	1.1329773065880324	0.3722912070919089	1.0	1.0	2.0
39940000	0.5417644492659938	0.2479026085952274	1.0	1.0	2.0
39950000	0.18129646156702575	0.4466440230913289	1.0	1.0	2.0
39960000	4.099071404526448	0.39370377635432713	1.0	1.0	2.0
39970000	0.9451554029054681	1.810024537680442	1.0	1.0	2.0
39980000	1.5680919086331404	0.8933837380420384	1.0	1.0	2.0
39990000	1.6181717822838682	1.0159532054928186	1.0	1.0	2.0
40000000	2.046711273203459	1.58886614606071	1.0	1.0	2.0
40010000	0.8238370894826011	0.39831753867228575	1.0	1.0	2.0
40020000	0.11601052256952361	0.003213952210053052	1.0	1.0	2.0
40030000	0.5236605306450092	0.3604864776024547	1.0	1.0	2.0
40040000	0.18842424632985616	0.11693268362275476	1.0	1.0	2.0
40050000	0.13077309516210275	0.015894644366241738	1.0	1.0	2.0
40060000	1.9633449496218858	0.8877091921571232	1.0	1.0	2.0
40070000	0.7092160599356855	0.358661064325887	1.0	1.0	2.0
40080000	0.8402910582525666	0.1418403262672258	1.0	1.0	2.0
40090000	0.6901489884580584	0.854496906537744	1.0	1.0	2.0
40100000	0.605781619927009	1.2812059679087304	1.0	1.0	2.0
40110000	0.5381633967773229	0.2422967701101304	1.0	1.0	2.0
40120000	0.9558253873554874	0.5463862553735853	1.0	1.0	2.0
40130000	2.4592002366558696	1.2193960278682472	1.0	1.0	2.0
40140000	0.1597701430773126	0.09788063258193219	1.0	1.0	2.0
40150000	0.6279484003662216	0.3333385756180419	1.0	1.0	2.0
40160000	0.7477542647120173	1.1541190782875497	1.0	1.0	2.0
40170000	2.2234076161725147	0.17378539186188105	1.0	1.0	2.0
40180000	1.6487895092798197	0.33689841382668695	1.0	1.0	2.0
40190000	5.8339675985666055	1.797058520999924	1.0	1.0	2.0
40200000	0.32727735120044604	0.04883474059340824	1.0	1.0	2.0
40210000	0.27824752977363143	0.3889584709203088	1.0	1.0	2.0
40220000	0.4972797607490928	2.0044199241026264	1.0	1.0	2.0
40230000	0.9568881315345426	0.5546250085589508	1.0	1.0	2.0
40240000	1.078497118553006	0.3247509305894255	1.0	1.0	2.0
40250000	0.6926090602165776	1.2864626148751968	1.0	1.0	2.0
40260000	0.396197835960945	0.03181581623148577	1.0	1.0	2.0
40270000	0.6257601892274844	0.1267668063000156	1.0	1.0	2.0
40280000	1.0137059820453074	0.9260024191429027	1.0	1.0	2.0
40290000	0.45783202849672955	0.8054420710517095	1.0	1.0	2.0
40300000	0.8533101186480153	0.4610007887877586	1.0	1.0	2.0
40310000	0.793657931631539	0.7167522851905186	1.0	1.0	2.0
40320000	0.5691928247260347	0.17705779090468465	1.0	1.0	2.0
40330000	1.2797165377940052	0.03743263471531282	1.0	1.0	2.0
40340000	3.152316425075265	1.511080600089343	1.0	1.0	2.0
40350000	0.11879733145305266	0.5504336211452304	1.0	1.0	2.0
40360000	1.076985040353644	0.3168820698930343	1.0	1.0	2.0
40370000	0.5061400837844354	0.6428924399489937	1.0	1.0	2.0
40380000	0.31053528019892185	0.8355972307765982	1.0	1.0	2.0
40390000	1.3412395466388167	3.580004755110393	1.0	1.0	2.0
40400000	1.3136545935493864	0.15901573642186712	1.0	1.0	2.0
40410000	1.582695255557365	0.12430840746680408	1.0	1.0	2.0
40420000	1.9902782323990214	1.4109236602255995	1.0	1.0	2.0
40430000	0.47062570111007973	0.5656224906432323	1.0	1.0	2.0
40440000	2.4973072244168484	1.1753793384699838	1.0	1.0	2.0
40450000	0.7670350487177092	0.2732462526319312	1.0	1.0	2.0
40460000	1.1629600695679256	0.53593814480881	1.0	1.0	2.0
40470000	1.0619877320304891	0.37106972659438253	1.0	1.0	2.0
40480000	0.29826221037823675	0.2568265403544799	1.0	1.0	2.0
40490000	2.0633053796905596	1.0830215901906377	1.0	1.0	2.0
40500000	3.456679533729962	0.7257081134265789	1.0	1.0	2.0
40510000	2.790247139173743	0.09985218450527676	1.0	1.0	2.0
40520000	1.4478650482531494	1.6930300064988155	1.0	1.0	2.0
40530000	2.0978787936239045	0.01619485977210119	1.0	1.0	2.0
40540000	0.8803885903410397	0.499126246963073	1.0	1.0	2.0
40550000	0.3221202170826868	0.7515704636295637	1.0	1.0	2.0
40560000	1.3264184802764811	1.2287395235046117	1.0	1.0	2.0
40570000	1.5393225573503653	1.4266110659792195	1.0	1.0	2.0
40580000	0.47871954213626394	0.835124667522476	1.0	1.0	2.0
40590000	0.697417571689973	0.9244797070731116	1.0	1.0	2.0
40600000	0.27194512078712324	0.08951635074761134	1.0	1.0	2.0
40610000	0.3509958937004117	1.0275184285200005	1.0	1.0	2.0
40620000	1.3888935724766678	0.10207252530340927	1.0	1.0	2.0
40630000	1.0283566717657255	1.9836853002619805	1.0	1.0	2.0
40640000	1.179630475030902	1.7724643765754238	1.0	1.0	2.0
40650000	0.9107264840756492	0.016521020667193582	1.0	1.0	2.0
40660000	1.2269223832888303	0.6222252926172837	1.0	1.0	2.0
40670000	2.524982693560243	0.9278365670310922	1.0	1.0	2.0
40680000	0.24325739849843797	0.18842787349702766	1.0	1.0	2.0
40690000	0.6443906225750381	0.45396382890565906	1.0	1.0	2.0
40700000	0.4714027178895902	0.021607094965172907	1.0	1.0	2.0
40710000	0.09724192872187301	1.538201023306541	1.0	1.0	2.0
40720000	0.3925078973783721	0.3339915872364367	1.0	1.0	2.0
40730000	1.1893666661240754	0.07362103532906075	1.0	1.0	2.0
40740000	0.0972505783785901	0.0908629974625644	1.0	1.0	2.0
40750000	1.9114269629804972	0.0012076120009672855	1.0	1.0	2.0
40760000	0.5251990561842628	0.45622398059566344	1.0	1.0	2.0
40770000	0.6628596401086008	1.8993331059077077	1.0	1.0	2.0
40780000	0.6118526515878586	0.20473264273325195	1.0	1.0	2.0
40790000	1.0143643980992132	0.7491942213109163	1.0	1.0	2.0
40800000	0.4421395903064294	0.3138990251346912	1.0	1.0	2.0
40810000	0.8746326194514837	0.19550135931305937	1.0	1.0	2.0
40820000	0.7116751404317834	0.029184744015592682	1.0	1.0	2.0
40830000	0.7907282807219326	2.0589316869030454	1.0	1.0	2.0
40840000	3.2818762453145496	0.8869971758573826	1.0	1.0	2.0
40850000	1.6667301903938678	0.22858014871027318	1.0	1.0	2.0
40860000	0.31637264016904115	0.4752866365720056	1.0	1.0	2.0
40870000	1.1134057221436382	0.10903427252855609	1.0	1.0	2.0
40880000	2.875435830728384	1.3205931967076585	1.0	1.0	2.0
40890000	1.1885340481031492	0.0030147276649028156	1.0	1.0	2.0
40900000	0.22148407409139365	0.4047317693979659	1.0	1.0	2.0
40910000	5.901335110440532	0.855877036404701	1.0	1.0	2.0
40920000	0.5736604817183883	0.44552480883928763	1.0	1.0	2.0
40930000	1.329711454473404	0.5810980686916115	1.0	1.0	2.0
40940000	1.4520351925477004	0.20522394355456378	1.0	1.0	2.0
40950000	2.342973284275525	0.12538097922909586	1.0	1.0	2.0
40960000	1.2813166861751037	0.07588773761762106	1.0	1.0	2.0
40970000	0.6617795822924233	0.3001439485318266	1.0	1.0	2.0
40980000	0.9014793207427425	0.40185725075584905	1.0	1.0	2.0
40990000	0.21660437053773274	0.1895551377912861	1.0	1.0	2.0
41000000	2.5890053862420985	0.6669278363272795	1.0	1.0	2.0
41010000	1.2654715551106077	0.13387172268775258	1.0	1.0	2.0
41020000	2.7400990214543928	2.216914495858257	1.0	1.0	2.0
41030000	0.2713821210506494	0.6725356919142058	1.0	1.0	2.0
41040000	0.4606659960365343	0.06676944945229064	1.0	1.0	2.0
41050000	0.3886879074098771	0.2855049403652734	1.0	1.0	2.0
41060000	1.9141035778813698	1.14231471565769	1.0	1.0	2.0
41070000	0.3274783485008393	0.9745111572485906	1.0	1.0	2.0
41080000	3.309416997004694	0.17414411095249108	1.0	1.0	2.0
41090000	1.1304688041209292	0.38665389447468557	1.0	1.0	2.0
41100000	0.9318667638166168	0.9073672453323501	1.0	1.0	2.0
41110000	3.8946785850139887	0.42524541417098005	1.0	1.0	2.0
41120000	1.5298457871594415	0.14379611783468038	1.0	1.0	2.0
41130000	0.7993998369258407	0.4524281005737326	1.0	1.0	2.0
41140000	0.9340041990003539	0.0047305803906078055	1.0	1.0	2.0
41150000	1.692350293008505	0.9346807109893864	1.0	1.0	2.0
41160000	0.8966698210423968	0.4295134397194434	1.0	1.0	2.0
41170000	0.8879546308712816	0.6992032228797889	1.0	1.0	2.0
41180000	0.04214746052879301	0.04980279539602106	1.0	1.0	2.0
41190000	0.7986355490760475	2.5306998208921347E-4	1.0	1.0	2.0
41200000	0.73091440560767	0.21631112871970518	1.0	1.0	2.0
41210000	1.0414041747539715	0.37127720487571203	1.0	1.0	2.0
41220000	2.620855195908796	0.1106292521934636	1.0	1.0	2.0
41230000	1.3576080846907232	0.37974822060403707	1.0	1.0	2.0
41240000	1.3419813349681649	0.7842119839495251	1.0	1.0	2.0
41250000	0.8429055700400488	0.014442488352126156	1.0	1.0	2.0
41260000	1.5322252219133752	0.008896995751867032	1.0	1.0	2.0
41270000	0.4623331773151398	0.4856738543076147	1.0	1.0	2.0
41280000	0.4644690628496525	0.3842541837503062	1.0	1.0	2.0
41290000	0.5689643626410151	0.5085851108534178	1.0	1.0	2.0
41300000	0.3814677781498178	1.1554350052470845	1.0	1.0	2.0
41310000	0.7868134395181882	0.9867131636389099	1.0	1.0	2.0
41320000	2.8304534630539018	0.9698490056173552	1.0	1.0	2.0
41330000	1.3147054545613366	0.29833519293218136	1.0	1.0	2.0
41340000	1.1615035929111126	0.596061819336563	1.0	1.0	2.0
41350000	4.488838708846229	1.4671284630903683	1.0	1.0	2.0
41360000	0.49767031085860747	1.180574670141098	1.0	1.0	2.0
41370000	1.9233984907780024	0.6734168113421616	1.0	1.0	2.0
41380000	1.101627591124923	0.07990675392340037	1.0	1.0	2.0
41390000	0.2608948288294708	0.2904084816579397	1.0	1.0	2.0
41400000	0.2962918873732338	0.06346313623693348	1.0	1.0	2.0
41410000	1.237738758524333	1.152975018926543	1.0	1.0	2.0
41420000	1.4734791402286855	0.0751891259248975	1.0	1.0	2.0
41430000	0.19450418786846913	0.020105458762000303	1.0	1.0	2.0
41440000	0.8215153986077426	1.2739327582358853	1.0	1.0	2.0
41450000	0.567317225794093	0.19531574274256525	1.0	1.0	2.0
41460000	0.4003791118158032	0.2184005838569155	1.0	1.0	2.0
41470000	0.836426446718017	0.5262310483850332	1.0	1.0	2.0
41480000	3.493261554688152	0.44999674720884003	1.0	1.0	2.0
41490000	0.4271678175982746	0.003921484340424802	1.0	1.0	2.0
41500000	0.832864106065931	0.391931652599642	1.0	1.0	2.0
41510000	1.11877464616556	0.0822858198781404	1.0	1.0	2.0
41520000	7.373268100919188	0.9496413632445199	1.0	1.0	2.0
41530000	0.7584459773460608	2.1636505896519638	1.0	1.0	2.0
41540000	0.7165773470654396	1.2549740134308485	1.0	1.0	2.0
41550000	2.5661463645868645	1.819053831056066	1.0	1.0	2.0
41560000	1.5734188523588082	0.7334327802804116	1.0	1.0	2.0
41570000	1.9676172316532083	0.8041568303890971	1.0	1.0	2.0
41580000	2.5400328684543716	0.9871224399177876	1.0	1.0	2.0
41590000	1.4908134819708654	0.17939054653238834	1.0	1.0	2.0
41600000	0.5047292437799776	0.2455047069611119	1.0	1.0	2.0
41610000	0.343831350020392	0.16146154238569085	1.0	1.0	2.0
41620000	0.6375345551561546	1.2696092445560603	1.0	1.0	2.0
41630000	1.490308781622495	0.052812376359426046	1.0	1.0	2.0
41640000	0.3808821939418743	0.029447086711443943	1.0	1.0	2.0
41650000	0.9761406200220564	0.16476683328924327	1.0	1.0	2.0
41660000	1.7202530188436231	0.49879620350501136	1.0	1.0	2.0
41670000	0.5331906100596424	0.37525893797096405	1.0	1.0	2.0
41680000	2.0588872079395957	0.44185223126905765	1.0	1.0	2.0
41690000	3.865479635268065	0.22326371106460957	1.0	1.0	2.0
41700000	0.059121278805127075	0.055575135053980214	1.0	1.0	2.0
41710000	0.791202063142682	0.058172285108956605	1.0	1.0	2.0
41720000	2.7737080624377652	1.4895676956201418	1.0	1.0	2.0
41730000	0.9336118731928761	1.429090357976698	1.0	1.0	2.0
41740000	1.3043250711334593	0.2763820684311406	1.0	1.0	2.0
41750000	2.1319027973619025	1.1958965492946434	1.0	1.0	2.0
41760000	1.2499243885256037	2.3675667966802068	1.0	1.0	2.0
41770000	0.15786614939421267	0.3271534958619524	1.0	1.0	2.0
41780000	2.753189665147476	0.8290965789197596	1.0	1.0	2.0
41790000	0.7128434144590714	0.05705354545914772	1.0	1.0	2.0
41800000	1.4217912172140412	0.09054883625697285	1.0	1.0	2.0
41810000	0.24777597452821642	0.4930943434169202	1.0	1.0	2.0
41820000	0.7272008497286306	0.3083880104184181	1.0	1.0	2.0
41830000	2.876083228534773	0.6253907666753308	1.0	1.0	2.0
41840000	0.881992759942493	0.456744725484477	1.0	1.0	2.0
41850000	0.2991456732642512	0.15202607658072007	1.0	1.0	2.0
41860000	1.2217550100976067	1.1596657189065502	1.0	1.0	2.0
41870000	2.6121625460991345	0.06752570825669367	1.0	1.0	2.0
41880000	0.34852410031306	0.10268165734628765	1.0	1.0	2.0
41890000	0.9855670187202663	0.13344063533676867	1.0	1.0	2.0
41900000	0.20534947293268088	0.054054308256551865	1.0	1.0	2.0
41910000	3.1810829439130086	0.5554697576635548	1.0	1.0	2.0
41920000	2.049059184533191	0.04022619431757432	1.0	1.0	2.0
41930000	0.8596297671178513	0.027635019576102354	1.0	1.0	2.0
41940000	0.9540219880768952	0.35099594343258705	1.0	1.0	2.0
41950000	5.9020479040466505	0.6215195982897352	1.0	1.0	2.0
41960000	0.13642899335621073	0.15081341437349755	1.0	1.0	2.0
41970000	0.803054537234824	0.23140578760318517	1.0	1.0	2.0
41980000	0.6299382471286719	0.03296589598161384	1.0	1.0	2.0
41990000	0.5917006448707719	0.6359169723302371	1.0	1.0	2.0
42000000	2.0938329071662576	0.5866605702205759	1.0	1.0	2.0
42010000	1.062521325827113	0.32382735578427124	1.0	1.0	2.0
42020000	0.13476260328050096	0.14425718648157107	1.0	1.0	2.0
42030000	3.106055942999198	0.08531341154287428	1.0	1.0	2.0
42040000	2.7367509982243403	2.1503917889098627	1.0	1.0	2.0
42050000	5.120280451688749	1.0512905606939569	1.0	1.0	2.0
42060000	0.42647822238438016	0.01591529090148182	1.0	1.0	2.0
42070000	0.7654236305242815	0.007353258117210561	1.0	1.0	2.0
42080000	0.9859213154351673	0.5301239804547735	1.0	1.0	2.0
42090000	0.47147959214995905	0.03413299879970765	1.0	1.0	2.0
42100000	0.11533500908151458	0.009225944632126414	1.0	1.0	2.0
42110000	2.2272119476824206	1.0015782535891045	1.0	1.0	2.0
42120000	2.7362866008644957	0.7017325620472112	1.0	1.0	2.0
42130000	0.4119461059266862	0.4650236392213958	1.0	1.0	2.0
42140000	2.3426621762660687	1.3189114421759498	1.0	1.0	2.0
42150000	0.13066199796506417	0.3505066542243285	1.0	1.0	2.0
42160000	2.498558632184324	0.38045493728963325	1.0	1.0	2.0
42170000	2.712297908832826	0.4312256853876881	1.0	1.0	2.0
42180000	1.0841594247380935	0.823754943728548	1.0	1.0	2.0
42190000	0.14266135058839907	0.0450521694285631	1.0	1.0	2.0
42200000	3.1487583498305187	0.6756427647425676	1.0	1.0	2.0
42210000	1.4237351979034794	0.020678804728900595	1.0	1.0	2.0
42220000	0.8026538680432262	0.9932177242155895	1.0	1.0	2.0
42230000	2.296080501387291	0.8787252018427895	1.0	1.0	2.0
42240000	0.3722489445173062	0.382919904176811	1.0	1.0	2.0
42250000	1.5164174570033317	0.6971133603607033	1.0	1.0	2.0
42260000	3.6716083772493278	1.4699186998169287	1.0	1.0	2.0
42270000	0.19920412985270855	0.07608272386625921	1.0	1.0	2.0
42280000	0.3512029789485017	0.20940951793695506	1.0	1.0	2.0
42290000	1.2442438671635987	0.7313138573514426	1.0	1.0	2.0
42300000	2.2202009034235703	2.5034227683181878	1.0	1.0	2.0
42310000	0.985455235026199	1.3281432788757457	1.0	1.0	2.0
42320000	2.203633960129832	0.7002065121534081	1.0	1.0	2.0
42330000	1.6665845895524285	0.5746152379923976	1.0	1.0	2.0
42340000	0.35674696400481526	1.4549486297385912	0.0	1.0	1.0
42350000	2.6750396731831483	0.10367441278753203	1.0	1.0	2.0
42360000	1.5810762172085577	0.15205339392001013	1.0	1.0	2.0
42370000	1.1336965853763312	0.7634414886597972	1.0	1.0	2.0
42380000	1.4116473368014955	1.2681922192427724	1.0	1.0	2.0
42390000	5.234551696473019	1.5212960688838542	1.0	1.0	2.0
42400000	1.3081438826154541	1.6470040506951933	1.0	1.0	2.0
42410000	0.6936778252480837	0.17312507669929791	1.0	1.0	2.0
42420000	0.2717051617083619	0.0760864227876451	1.0	1.0	2.0
42430000	0.454478795185259	0.45171730178935676	1.0	1.0	2.0
42440000	0.16017660934366756	2.0014071215735347	1.0	1.0	2.0
42450000	1.7226522809789173	0.2648702605785785	1.0	1.0	2.0
42460000	2.727553752269	0.018451457128460656	1.0	1.0	2.0
42470000	2.530076842520864	2.0870958837645373	1.0	1.0	2.0
42480000	1.6653165099833642	2.324274140640049	1.0	1.0	2.0
42490000	1.0429908667239143	0.20212599584160584	1.0	1.0	2.0
42500000	2.2951594035454135	1.0021537409060206	1.0	1.0	2.0
42510000	0.596293938299594	0.09948166843192122	1.0	1.0	2.0
42520000	0.8233836928254569	0.49606563187347336	1.0	1.0	2.0
42530000	0.45628329597480277	0.04091696224716956	1.0	1.0	2.0
42540000	4.358293110760896	0.22584221070332627	1.0	1.0	2.0
42550000	1.1028395711912247	0.3652421937774503	1.0	1.0	2.0
42560000	2.7559226115009516	4.076287925550331	1.0	1.0	2.0
42570000	2.7945821017797066	2.071351945100448	1.0	1.0	2.0
42580000	1.1638071915430126	0.38427940322305076	1.0	1.0	2.0
42590000	0.2499836835970062	0.05897236240629778	1.0	1.0	2.0
42600000	0.6251276826401728	1.9399781566962115	1.0	1.0	2.0
42610000	1.7442984393779895	0.6749232815376114	1.0	1.0	2.0
42620000	1.2154555623569845	0.094826050771917	1.0	1.0	2.0
42630000	3.672644379799835	1.2303714748730674	1.0	1.0	2.0
42640000	0.12413174293803855	0.004793789030944969	1.0	1.0	2.0
42650000	1.2292990023855002	0.4649444353379698	1.0	1.0	2.0
42660000	1.3566829293590024	0.3480659507435718	1.0	1.0	2.0
42670000	0.8890055350122636	1.4055147871942866	1.0	1.0	2.0
42680000	0.1500573095644316	0.7679257941117296	1.0	1.0	2.0
42690000	0.6766192936935675	0.005518360460439082	1.0	1.0	2.0
42700000	0.5453841943066366	0.11965579303371043	1.0	1.0	2.0
42710000	3.1112549930014857	0.06864336960837832	1.0	1.0	2.0
42720000	2.273305946018954	0.11872760939679647	1.0	1.0	2.0
42730000	0.9180002169212313	0.2699317204377712	1.0	1.0	2.0
42740000	0.7681367592884082	0.02329910696540066	1.0	1.0	2.0
42750000	0.6580848363617722	0.30883510604748027	1.0	1.0	2.0
42760000	0.35706083095447716	1.3123519641833068	1.0	1.0	2.0
42770000	0.7479851750099713	1.0024452920357732	1.0	1.0	2.0
42780000	0.5082209073385918	0.003630682840520015	1.0	1.0	2.0
42790000	1.1622590573055538	0.6573312618697393	1.0	1.0	2.0
42800000	0.39099320253442293	0.025660244813601515	1.0	1.0	2.0
42810000	2.1976238434307316	1.1299838702381484	1.0	1.0	2.0
42820000	1.1943106261486	0.1674024328364135	1.0	1.0	2.0
42830000	0.8949041635787371	0.3269307471747445	1.0	1.0	2.0
42840000	2.3555543662023837	0.009660677931416747	1.0	1.0	2.0
42850000	0.4414799985882077	0.08024678129348614	1.0	1.0	2.0
42860000	0.562474510276159	0.05339971104130773	1.0	1.0	2.0
42870000	0.736510526250036	0.6664803516352957	1.0	1.0	2.0
42880000	0.2949869176756328	0.23177998354430981	1.0	1.0	2.0
42890000	1.577021342581378	1.0204031821504231	1.0	1.0	2.0
42900000	1.3179365423953684	0.24487701041660248	1.0	1.0	2.0
42910000	2.354129618564739	0.11055774439124764	1.0	1.0	2.0
42920000	0.2087535538961678	0.6308665061795922	1.0	1.0	2.0
42930000	2.410837329218211	0.25210088082871107	1.0	1.0	2.0
42940000	1.074199531196028	0.5008848046835681	1.0	1.0	2.0
42950000	0.7070676564654471	1.0692098483486343	1.0	1.0	2.0
42960000	1.1038499447627936	1.220174101864788	1.0	1.0	2.0
42970000	0.6133965843236159	0.14240882832583693	1.0	1.0	2.0
42980000	0.799456226683458	0.22765312382596384	1.0	1.0	2.0
42990000	3.457669370343025	1.839570842104838	1.0	1.0	2.0
43000000	0.5580945907476696	0.2793588990033772	1.0	1.0	2.0
43010000	1.3153589245433455	0.3217023473711207	1.0	1.0	2.0
43020000	0.7996570739924941	0.1790817010964571	1.0	1.0	2.0
43030000	0.37072246496795397	0.5999351249921427	1.0	1.0	2.0
43040000	0.6728052049966093	0.3920146790309448	1.0	1.0	2.0
43050000	0.7180213539209048	1.1483754076135742	1.0	1.0	2.0
43060000	0.5487754946992676	1.1275012459583293	1.0	1.0	2.0
43070000	1.2473106635150286	0.04956558356689097	1.0	1.0	2.0
43080000	1.20384736890701	0.7731176524921991	1.0	1.0	2.0
43090000	1.0060377809830199	3.6425041200481147	1.0	1.0	2.0
43100000	2.318809622061469	1.0753161251282475	1.0	1.0	2.0
43110000	1.8466897741500918	0.09611973727932506	1.0	1.0	2.0
43120000	1.338208120205763	0.10104013639106693	1.0	1.0	2.0
43130000	0.5243153229073431	0.8259302539542543	1.0	1.0	2.0
43140000	0.3011636164368981	0.3080829347427454	1.0	1.0	2.0
43150000	0.5704407667100002	0.017040366246888674	1.0	1.0	2.0
43160000	0.6818208136566962	0.5668427207398449	1.0	1.0	2.0
43170000	1.0094956023569626	0.3797777555124012	1.0	1.0	2.0
43180000	0.23020011979697896	1.0617670404035888	1.0	1.0	2.0
43190000	2.3204668575871334	1.31799941538617	1.0	1.0	2.0
43200000	0.9048756499343096	0.5929819869888525	1.0	1.0	2.0
43210000	1.090528371171942	0.2763691196045641	1.0	1.0	2.0
43220000	1.1815851437884521	0.0064475688502859535	1.0	1.0	2.0
43230000	0.20587693153781594	0.23013678397119064	1.0	1.0	2.0
43240000	1.0791325097233044	1.144984197558454	1.0	1.0	2.0
43250000	4.891704393855373	0.8187957837699218	1.0	1.0	2.0
43260000	1.8868032320826778	0.22020966844606268	1.0	1.0	2.0
43270000	1.690056537457335	0.13043210424539675	1.0	1.0	2.0
43280000	1.347221529822058	0.4472912039279222	1.0	1.0	2.0
43290000	1.1966351393667465	0.5964722003774858	1.0	1.0	2.0
43300000	1.6454493823974077	2.2275706732420253	1.0	1.0	2.0
43310000	0.22485332439303873	0.10227655147177296	1.0	1.0	2.0
43320000	1.9054480445246185	0.689639695126971	1.0	1.0	2.0
43330000	2.134488196059873	0.2658132845184079	1.0	1.0	2.0
43340000	0.8298424527423818	0.3544991462607195	1.0	1.0	2.0
43350000	0.37210877840307266	0.03834233245084538	1.0	1.0	2.0
43360000	0.21755661594832593	0.04304553014277344	1.0	1.0	2.0
43370000	0.62737897441864	0.019015977356765534	1.0	1.0	2.0
43380000	5.634093725439536	0.4148453295303497	1.0	1.0	2.0
43390000	1.3041818541930725	0.5236131729072324	1.0	1.0	2.0
43400000	0.7689043156103722	2.7878138162083546	1.0	1.0	2.0
43410000	0.25731425259323176	0.3851109054272867	1.0	1.0	2.0
43420000	1.1384529955495812	0.19286941730115634	1.0	1.0	2.0
43430000	2.418970189297752	0.5997385128675349	1.0	1.0	2.0
43440000	0.39802101313852617	0.23805034113538404	1.0	1.0	2.0
43450000	0.3684962430177373	0.045594688228381614	1.0	1.0	2.0
43460000	1.179271471157688	0.7571293774062828	1.0	1.0	2.0
43470000	0.40611906640886636	0.162405659266353	1.0	1.0	2.0
43480000	0.13366049873154723	1.052279241020733	1.0	1.0	2.0
43490000	0.9581024320202995	0.35659671132097487	1.0	1.0	2.0
43500000	0.9770658624907943	0.047716046536386815	1.0	1.0	2.0
43510000	2.3082366293443624	0.04047933622531569	1.0	1.0	2.0
43520000	1.7050528988365878	0.3069528144640804	1.0	1.0	2.0
43530000	0.11289482087901405	0.06485082809393922	1.0	1.0	2.0
43540000	2.5299488226423947	0.25736681519740284	1.0	1.0	2.0
43550000	2.8258322400068847	2.5754899352492737	1.0	1.0	2.0
43560000	0.43141607393314135	0.10330290081682884	1.0	1.0	2.0
43570000	0.8337920449184286	0.11527970525301669	1.0	1.0	2.0
43580000	0.42494529803251263	0.5883877815976821	1.0	1.0	2.0
43590000	0.3060311271388816	0.07930156787393784	1.0	1.0	2.0
43600000	1.1762607787259438	0.9795721762936392	1.0	1.0	2.0
43610000	0.260136549575815	0.08551340965273674	1.0	1.0	2.0
43620000	0.1434750382540341	0.07583378469832022	1.0	1.0	2.0
43630000	0.5279037875729935	0.05382819341423301	1.0	1.0	2.0
43640000	0.27033537817713477	0.026394047147216777	1.0	1.0	2.0
43650000	3.4883930073058664	0.02296168748359231	1.0	1.0	2.0
43660000	0.07837667046356084	0.13721135342669602	1.0	1.0	2.0
43670000	1.9838585003322036	1.198240191240819	1.0	1.0	2.0
43680000	0.3771722863716084	0.13843263782101203	1.0	1.0	2.0
43690000	1.1198561577979937	0.1591024402442	1.0	1.0	2.0
43700000	1.6636109144246483	0.2268904762874202	1.0	1.0	2.0
43710000	0.10874975699978258	0.04920811071706505	1.0	1.0	2.0
43720000	2.7919262372885063	1.9088627779020337	1.0	1.0	2.0
43730000	1.488607577615107	1.4865273599969928	1.0	1.0	2.0
43740000	1.6247311686680597	0.1822676938261175	1.0	1.0	2.0
43750000	1.7556079497327952	0.1611559869243543	1.0	1.0	2.0
43760000	4.485267084197618	0.1685986677058573	1.0	1.0	2.0
43770000	0.25580243513201356	0.03702797658399288	1.0	1.0	2.0
43780000	0.41664516847585575	0.6835011531657433	1.0	1.0	2.0
43790000	1.662047632806712	0.9786992123587929	1.0	1.0	2.0
43800000	1.5808666848225794	0.2569779740474547	1.0	1.0	2.0
43810000	0.6608602552796382	0.14856238174304434	1.0	1.0	2.0
43820000	2.3801223546480488	0.04178473565216937	1.0	1.0	2.0
43830000	7.199952491199305	0.07706365230872199	1.0	1.0	2.0
43840000	2.242311474030642	0.8030010390951875	1.0	1.0	2.0
43850000	1.7049144101124978	1.3017722132856813	1.0	1.0	2.0
43860000	0.8103280993910267	0.004771228594980677	1.0	1.0	2.0
43870000	0.4945113014497478	0.27454182941139255	1.0	1.0	2.0
43880000	2.1967986080679576	0.26739228185485053	1.0	1.0	2.0
43890000	1.3345219019436028	0.21291746724266253	1.0	1.0	2.0
43900000	0.959773988557088	0.6270597739764112	1.0	1.0	2.0
43910000	2.550191007797312	0.7656671476752479	1.0	1.0	2.0
43920000	0.11822562788531986	0.00767598220460241	1.0	1.0	2.0
43930000	0.34086557412439034	0.19009016628731887	1.0	1.0	2.0
43940000	2.1925414819068365	0.4882674568308608	1.0	1.0	2.0
43950000	0.8299857486806009	0.49169051482574727	1.0	1.0	2.0
43960000	1.4441358541829195	0.6365719130595678	1.0	1.0	2.0
43970000	5.242344195319425	1.3063200515140565	1.0	1.0	2.0
43980000	1.4899544221254313	0.19688013576998076	1.0	1.0	2.0
43990000	0.42688091588365507	0.20414554711248753	1.0	1.0	2.0
44000000	3.852090891530797	0.13090682552920788	1.0	1.0	2.0
44010000	1.523604540309991	0.8006183923048218	1.0	1.0	2.0
44020000	0.46520031542044105	1.180853249097933	1.0	1.0	2.0
44030000	0.3186942655520482	0.24131524687254355	1.0	1.0	2.0
44040000	0.20846183135442223	0.01596384804705018	1.0	1.0	2.0
44050000	1.0902607278405991	0.053289503872639685	1.0	1.0	2.0
44060000	4.014471530256554	2.811366296348863	1.0	1.0	2.0
44070000	1.4830578501791034	0.668518813104669	1.0	1.0	2.0
44080000	0.9904059401930687	0.04416462097786647	1.0	1.0	2.0
44090000	1.0261219474838579	0.01728512784956062	1.0	1.0	2.0
44100000	1.8084968652390436	0.10855724094585695	1.0	1.0	2.0
44110000	2.3413730525436893	0.04863494040706629	1.0	1.0	2.0
44120000	1.326805421465993	0.9161288318818901	1.0	1.0	2.0
44130000	2.7678247658143924	0.4538137589294545	1.0	1.0	2.0
44140000	1.9297831742887066	2.4338286464621377	1.0	1.0	2.0
44150000	1.0901890428891396	0.47019714045374117	1.0	1.0	2.0
44160000	1.3556505209830239	0.09528672279885021	1.0	1.0	2.0
44170000	1.6664854009676033	0.9303807734395825	1.0	1.0	2.0
44180000	0.11856669897771717	1.040414349847416	1.0	1.0	2.0
44190000	3.339974475119739	0.8327631513153652	1.0	1.0	2.0
44200000	2.6619950883696113	0.04097711983479298	1.0	1.0	2.0
44210000	0.28676242628384474	0.1538660508963608	1.0	1.0	2.0
44220000	1.1730827406856388	0.258559812249498	1.0	1.0	2.0
44230000	0.5061916448412835	0.5848601726741666	1.0	1.0	2.0
44240000	1.893527299457362	0.21325441222419367	1.0	1.0	2.0
44250000	0.6805127659899323	1.0415631038052136	1.0	1.0	2.0
44260000	0.4759607576201505	0.4219214996927878	1.0	1.0	2.0
44270000	0.48377516778034935	0.9162061803481691	1.0	1.0	2.0
44280000	0.37624866967049103	0.8919730323455483	1.0	1.0	2.0
44290000	2.003003823484647	0.06650334340595392	1.0	1.0	2.0
44300000	1.4989888265634248	0.49736181317239037	1.0	1.0	2.0
44310000	1.378316245621524	0.1412045983020418	1.0	1.0	2.0
44320000	1.1600879001184825	1.4676515981493226	1.0	1.0	2.0
44330000	1.4219506964028792	0.07871745204366921	1.0	1.0	2.0
44340000	0.34205538166639204	0.07595992153983823	1.0	1.0	2.0
44350000	1.6948098308162827	0.5947461230340205	1.0	1.0	2.0
44360000	0.22994314901745036	0.18376789386221773	1.0	1.0	2.0
44370000	1.5629826726747038	0.6248835131983622	1.0	1.0	2.0
44380000	0.9669567202413212	0.05799749083815448	1.0	1.0	2.0
44390000	1.3296919074974292	0.7870683053586192	1.0	1.0	2.0
44400000	1.1625600932097144	0.1337993661875406	1.0	1.0	2.0
44410000	0.24251632427612682	1.1661149035223821	0.0	1.0	1.0
44420000	0.9546778756958558	0.9862178821329497	1.0	1.0	2.0
44430000	1.4386822619431265	0.5993420583098316	1.0	1.0	2.0
44440000	0.38058434144808523	0.22396951199808102	1.0	1.0	2.0
44450000	1.4699108840754278	0.6047799841468214	1.0	1.0	2.0
44460000	1.984780441238777	0.023438931268861544	1.0	1.0	2.0
44470000	0.9574293961028132	0.0014873512122943794	1.0	1.0	2.0
44480000	0.8160474515513272	0.5812046249804559	1.0	1.0	2.0
44490000	0.7826067397111661	0.002626892405638183	1.0	1.0	2.0
44500000	1.223946110908288	1.312012270546407	1.0	1.0	2.0
44510000	1.528461707342997	1.4320512447393712	1.0	1.0	2.0
44520000	0.5409881614199213	0.3043982942803719	1.0	1.0	2.0
44530000	0.6155081742722052	0.5630256375613001	1.0	1.0	2.0
44540000	1.867704144763199	0.10867646886560306	1.0	1.0	2.0
44550000	1.1244636761337339	1.1373445649340177	1.0	1.0	2.0
44560000	3.09979584614876	0.5927516644275512	1.0	1.0	2.0
44570000	0.11547842020715957	0.18184089653160881	1.0	1.0	2.0
44580000	0.8551820566467906	0.039881577847692355	1.0	1.0	2.0
44590000	1.2388844750477817	0.8744878105571076	1.0	1.0	2.0
44600000	1.4114881557214833	0.008234545595692267	1.0	1.0	2.0
44610000	2.410051323786928	0.9337311903434777	1.0	1.0	2.0
44620000	1.8250599730121464	0.4873767027772253	1.0	1.0	2.0
44630000	3.217970855727692	0.8172017726422998	1.0	1.0	2.0
44640000	1.3846796849673775	0.9605419470150806	1.0	1.0	2.0
44650000	0.4474049512417964	0.33605823117011474	1.0	1.0	2.0
44660000	0.5772184596921189	0.10191420057151347	1.0	1.0	2.0
44670000	1.5064432036651891	0.4925375551174278	1.0	1.0	2.0
44680000	0.14873232702924508	0.056626256540976236	1.0	1.0	2.0
44690000	0.5238946393886678	0.24027113568742378	1.0	1.0	2.0
44700000	0.2613370896264419	1.131457056121077	1.0	1.0	2.0
44710000	0.439944566486363	0.4406879064805996	1.0	1.0	2.0
44720000	0.766653682305401	0.05268188895548213	1.0	1.0	2.0
44730000	0.6276759270448597	0.7732827903668295	1.0	1.0	2.0
44740000	0.812665840984331	0.017308089726577294	1.0	1.0	2.0
44750000	0.5301726239022877	0.0308081031050256	1.0	1.0	2.0
44760000	2.3365680549440504	0.6100387661256288	1.0	1.0	2.0
44770000	1.6170324237090807	0.7310414210892531	1.0	1.0	2.0
44780000	3.172581850154071	1.5019308301414362	1.0	1.0	2.0
44790000	2.79550089391679	0.3601859981427477	1.0	1.0	2.0
44800000	0.2650897982590461	0.6619752411584403	1.0	1.0	2.0
44810000	2.4571059834925655	1.3423325724745392	1.0	1.0	2.0
44820000	0.6434041065543202	0.8874662687359067	1.0	1.0	2.0
44830000	0.33038002496357183	0.43385212265939155	1.0	1.0	2.0
44840000	1.7135759470168699	0.2525819117746734	1.0	1.0	2.0
44850000	0.9820930877681375	0.08676575363550154	1.0	1.0	2.0
44860000	3.091236031201311	1.2486651487162994	1.0	1.0	2.0
44870000	0.32821365712836204	1.154049960077711	1.0	1.0	2.0
44880000	0.13328008894624874	0.33477061192102064	1.0	1.0	2.0
44890000	1.0781859806671468	1.4209835842507728	1.0	1.0	2.0
44900000	0.41720048966657736	0.2848127972565557	1.0	1.0	2.0
44910000	0.47310822798089763	0.16530509502496146	1.0	1.0	2.0
44920000	4.467747031008494	2.089277405572764	1.0	1.0	2.0
44930000	0.982591611693323	0.09212462598670722	1.0	1.0	2.0
44940000	0.48721425522593437	0.09559831000916506	1.0	1.0	2.0
44950000	0.22831414506290643	0.0987879619967542	1.0	1.0	2.0
44960000	1.36813042999214	0.019833619058803043	1.0	1.0	2.0
44970000	1.2697252493952322	0.8992424183979374	1.0	1.0	2.0
44980000	2.0817467245609294	0.7653307492228959	1.0	1.0	2.0
44990000	0.6337725848753772	0.2701564902359122	1.0	1.0	2.0
45000000	4.8956650000287265	0.42494108929702323	1.0	1.0	2.0
45010000	0.5982135566654113	0.3476579347180788	1.0	1.0	2.0
45020000	3.601006059145363	1.1548963171711266	1.0	1.0	2.0
45030000	0.7895730400983603	0.068360202306	1.0	1.0	2.0
45040000	0.879971356378872	0.0036772667508912778	1.0	1.0	2.0
45050000	0.7185415669702174	0.3271116274899825	1.0	1.0	2.0
45060000	0.6630538122092339	0.09104914568657557	1.0	1.0	2.0
45070000	2.4326094577440665	2.2811105612562486	1.0	1.0	2.0
45080000	5.391936231344087	1.541506779847299	1.0	1.0	2.0
45090000	0.48135952332321946	0.10981306295151406	1.0	1.0	2.0
45100000	1.525101759811931	1.7235832634758974	1.0	1.0	2.0
45110000	4.667121663491402	0.10524437341997948	1.0	1.0	2.0
45120000	2.0972191724548415	0.37806923478760995	1.0	1.0	2.0
45130000	3.826116611605668	0.11138364100057965	1.0	1.0	2.0
45140000	0.366134136693725	0.3065177408874315	1.0	1.0	2.0
45150000	0.5004850217846204	0.05920720348310586	1.0	1.0	2.0
45160000	0.7891544466611208	0.04852916879270296	1.0	1.0	2.0
45170000	1.8288478224834501	1.7566566881156234	1.0	1.0	2.0
45180000	2.7329348872458494	0.5039750416973638	1.0	1.0	2.0
45190000	4.630340707790174	0.429903899470587	1.0	1.0	2.0
45200000	1.0042658275796064	1.937439670642792	1.0	1.0	2.0
45210000	3.439565110204707	1.415123191501329	1.0	1.0	2.0
45220000	0.7582802342127637	0.9992662383542872	1.0	1.0	2.0
45230000	0.5937735016849616	1.871257601474082	1.0	1.0	2.0
45240000	0.4066847827259629	0.6118392424124778	1.0	1.0	2.0
45250000	1.8887111890590724	0.8480386935818408	1.0	1.0	2.0
45260000	1.3723573018700919	0.7345194073342812	1.0	1.0	2.0
45270000	4.363639359368527	0.49099858743936997	1.0	1.0	2.0
45280000	0.19518015374683098	0.31831416549407593	1.0	1.0	2.0
45290000	0.3444861020253907	0.05022447900345654	1.0	1.0	2.0
45300000	1.6321020076661503	0.1279927301159987	1.0	1.0	2.0
45310000	1.7203080982029064	0.14527386227971864	1.0	1.0	2.0
45320000	4.374604970656843	0.7310581146041152	1.0	1.0	2.0
45330000	1.793236113161861	0.8619773362041226	1.0	1.0	2.0
45340000	3.8274619904676697	1.293132473619528	1.0	1.0	2.0
45350000	1.0410109303427482	0.4917205583175064	1.0	1.0	2.0
45360000	1.065848931207699	0.3959838163811965	1.0	1.0	2.0
45370000	0.5095614459963805	0.002221921309611246	1.0	1.0	2.0
45380000	1.236556008019645	1.0024237179672453	1.0	1.0	2.0
45390000	0.43044090519477113	0.4114225415339351	1.0	1.0	2.0
45400000	0.47312507199074755	0.14179488390956352	1.0	1.0	2.0
45410000	0.12350180440189967	0.01993928295313645	1.0	1.0	2.0
45420000	0.8799465867894343	0.7517124878021774	1.0	1.0	2.0
45430000	1.0527449143418008	0.14730612757606673	1.0	1.0	2.0
45440000	0.7757860952712216	0.11973336716125739	1.0	1.0	2.0
45450000	0.013936080927103646	0.036012702251701084	1.0	1.0	2.0
45460000	0.33283401526928563	0.33826261390227685	1.0	1.0	2.0
45470000	1.652962482300243	1.258409502717454	1.0	1.0	2.0
45480000	1.5321790885954585	2.0604928275847243	1.0	1.0	2.0
45490000	0.6175190146739371	0.2739331537775133	1.0	1.0	2.0
45500000	0.9902222778693128	0.6212620900520346	1.0	1.0	2.0
45510000	2.373438042466568	0.06743809687754339	1.0	1.0	2.0
45520000	1.3612995249903082	0.7183899603818831	1.0	1.0	2.0
45530000	1.9989013470854478	0.820588396849936	1.0	1.0	2.0
45540000	0.38732252269913703	0.033239242667815326	1.0	1.0	2.0
45550000	1.6037649893763217	0.16524283503544512	1.0	1.0	2.0
45560000	0.1850084943309963	0.021241298805908877	1.0	1.0	2.0
45570000	0.8595405571364042	0.15146053753859787	1.0	1.0	2.0
45580000	1.6679324446199648	0.25585598712352825	1.0	1.0	2.0
45590000	1.2061890553719286	1.4100068785966398	1.0	1.0	2.0
45600000	0.3103697568387321	0.04542210397041603	1.0	1.0	2.0
45610000	0.546082859860477	0.23449946201711447	1.0	1.0	2.0
45620000	1.6351975663518565	0.27010766997871527	1.0	1.0	2.0
45630000	0.8342730953773523	1.5190641846229682	1.0	1.0	2.0
45640000	0.7692061562061804	0.4669173287880329	1.0	1.0	2.0
45650000	1.0304370981055992	1.0040517828837452	1.0	1.0	2.0
45660000	0.49046481968760786	0.4178025422919829	1.0	1.0	2.0
45670000	1.5499379123036026	1.2642967600589006	1.0	1.0	2.0
45680000	1.3178538416704924	0.32049184562181654	1.0	1.0	2.0
45690000	0.47573773547551096	0.43119689360603153	1.0	1.0	2.0
45700000	0.9117023383550443	0.23362660026013848	1.0	1.0	2.0
45710000	1.3712516922589988	0.2532174253039984	1.0	1.0	2.0
45720000	0.3081517793714499	0.2679039321570274	1.0	1.0	2.0
45730000	0.25537338134639054	0.04868001499081775	1.0	1.0	2.0
45740000	0.2390928490067222	0.38869236482408565	1.0	1.0	2.0
45750000	0.6524171794771375	2.24239886458795	1.0	1.0	2.0
45760000	3.6141181525110704	1.1316806294206618	1.0	1.0	2.0
45770000	1.910513575961107	0.2131428795624033	1.0	1.0	2.0
45780000	4.088880051777435	0.40110001911067517	1.0	1.0	2.0
45790000	0.3316508302551456	0.35682093457697706	1.0	1.0	2.0
45800000	1.4416472700265133	0.09072786309525535	1.0	1.0	2.0
45810000	0.6851836150291554	0.1223585413073571	1.0	1.0	2.0
45820000	1.5895566423552276	2.9328421508180424	1.0	1.0	2.0
45830000	1.4374777995818377	0.8025898304055024	1.0	1.0	2.0
45840000	1.5576810009190218	0.19331653236499552	1.0	1.0	2.0
45850000	2.589434422379815	0.8101877963495013	1.0	1.0	2.0
45860000	3.3165326345087665	0.6332652982339062	1.0	1.0	2.0
45870000	0.6340504640088817	2.5397490277235457	1.0	1.0	2.0
45880000	2.1434494985255235	1.9394769077377083	1.0	1.0	2.0
45890000	0.4489438445639287	2.61590010237506	1.0	1.0	2.0
45900000	0.8519569309330774	1.0859936434891748	1.0	1.0	2.0
45910000	0.05975025311599872	0.1744503781350947	0.0	1.0	1.0
45920000	0.22395530118090437	0.0077586745070322306	1.0	1.0	2.0
45930000	0.4785841243922814	0.09265286459422249	1.0	1.0	2.0
45940000	3.0821692200996313	0.138691867035391	1.0	1.0	2.0
45950000	0.6693638104194439	0.40081431064563916	1.0	1.0	2.0
45960000	1.2880410189095146	0.45112003845188176	1.0	1.0	2.0
45970000	1.1930402770543458	0.752300524087186	1.0	1.0	2.0
45980000	1.0441506844230732	0.1725922713280123	1.0	1.0	2.0
45990000	0.15935762243074422	0.13237740043722684	1.0	1.0	2.0
46000000	0.8517329746671339	0.2634009263156653	1.0	1.0	2.0
46010000	0.7726833403476806	0.6091869691076788	1.0	1.0	2.0
46020000	1.1455038007972218	0.12489761733775692	1.0	1.0	2.0
46030000	2.020309202529668	0.026611569913630544	1.0	1.0	2.0
46040000	4.781631606825355	0.3989761560650741	1.0	1.0	2.0
46050000	0.4820535567392816	0.5336366640202677	1.0	1.0	2.0
46060000	0.5976579828300892	0.0920075630649909	1.0	1.0	2.0
46070000	1.3726214447088643	0.1840785870589751	1.0	1.0	2.0
46080000	1.550888517347205	0.6297950356477343	1.0	1.0	2.0
46090000	1.4237774989985579	0.6614073985761378	1.0	1.0	2.0
46100000	3.284450956586043	1.5783148441178583	1.0	1.0	2.0
46110000	0.07936338095292973	0.051687695607453656	1.0	1.0	2.0
46120000	0.4603703211327745	0.9981041307242975	1.0	1.0	2.0
46130000	0.9186035983025055	1.4161855867431523	1.0	1.0	2.0
46140000	3.442117052088203	0.37446625047180926	1.0	1.0	2.0
46150000	2.003491932204677	0.24657049442037118	1.0	1.0	2.0
46160000	0.3160780209735595	0.32645957079901816	0.0	1.0	1.0
46170000	1.896953082136075	2.5524716877793807	1.0	1.0	2.0
46180000	0.4522836665238056	0.03301005611339023	1.0	1.0	2.0
46190000	2.0737391958916334	0.561402334458763	1.0	1.0	2.0
46200000	2.176294322443583	0.8263630774439714	1.0	1.0	2.0
46210000	0.8448062228517808	0.22839043696974934	1.0	1.0	2.0
46220000	0.7680448512955896	0.6032698708454239	1.0	1.0	2.0
46230000	0.5886007202633671	0.0041246548770654725	1.0	1.0	2.0
46240000	0.5906289992049796	0.3600142094333578	1.0	1.0	2.0
46250000	1.6213171281042924	0.10488708178929025	1.0	1.0	2.0
46260000	2.365219722519589	0.38497115824657674	1.0	1.0	2.0
46270000	1.7914518558532215	1.0914482092101498	1.0	1.0	2.0
46280000	3.099434522314795	0.37935852351943483	1.0	1.0	2.0
46290000	2.180007972250928	0.26163312694953494	1.0	1.0	2.0
46300000	1.9349107430719417	1.4708762365542432	1.0	1.0	2.0
46310000	2.368567318678857	0.020355037370120396	1.0	1.0	2.0
46320000	0.9952166162279656	1.0174421730322092	1.0	1.0	2.0
46330000	0.6664064433871225	0.28609693953295645	1.0	1.0	2.0
46340000	0.8449831998683053	0.45652658789349504	1.0	1.0	2.0
46350000	1.4929746351655033	1.0516554138174588	1.0	1.0	2.0
46360000	1.6053335480642899	0.6861570149216693	1.0	1.0	2.0
46370000	2.8010823467498853	1.0498364101266593	1.0	1.0	2.0
46380000	1.33193111491829	0.04389830487833514	1.0	1.0	2.0
46390000	1.5684369068474784	0.8963764444195481	1.0	1.0	2.0
46400000	0.6782388758491864	0.1652500329933789	1.0	1.0	2.0
46410000	1.3113795527092207	0.09113324738623386	1.0	1.0	2.0
46420000	1.7562848830768465	0.18158172664954722	1.0	1.0	2.0
46430000	5.258404587114611	0.27860978064875724	1.0	1.0	2.0
46440000	1.7220118204253403	0.06975667355257746	1.0	1.0	2.0
46450000	0.6609830113853032	0.5603523937610234	1.0	1.0	2.0
46460000	0.9536217779603283	0.26551595120986665	1.0	1.0	2.0
46470000	0.7954087062450921	0.5624065884320093	1.0	1.0	2.0
46480000	0.24159576876439645	0.19854616704794242	1.0	1.0	2.0
46490000	1.1593553432852421	0.6349119240172987	0.0	1.0	1.0
46500000	3.336880416535198	0.487746614935387	1.0	1.0	2.0
46510000	1.3194325984311857	0.8191371341947609	1.0	1.0	2.0
46520000	2.471485390529556	1.1165396891133963	1.0	1.0	2.0
46530000	0.8466923392224265	0.22822307721503982	1.0	1.0	2.0
46540000	0.36824750859755373	0.13757553393259897	1.0	1.0	2.0
46550000	1.1611311177912027	1.3398720608134043	1.0	1.0	2.0
46560000	0.5826292983972342	1.483702513474352	1.0	1.0	2.0
46570000	0.5590373967865294	0.5203781208571082	1.0	1.0	2.0
46580000	1.2828018328594337	0.47316169552093224	1.0	1.0	2.0
46590000	2.2022086075768725	0.8723424416273589	1.0	1.0	2.0
46600000	0.8703002472333154	1.7359198633822837	1.0	1.0	2.0
46610000	0.47862063325810206	1.1173823527788296	1.0	1.0	2.0
46620000	0.41218731612677434	0.26683054485817953	1.0	1.0	2.0
46630000	0.43804409936906297	0.5438612868419896	1.0	1.0	2.0
46640000	3.3925276290495403	1.0916191660962022	1.0	1.0	2.0
46650000	4.248314429197222	0.11642986546753706	1.0	1.0	2.0
46660000	1.942804328710647	0.042206052171420524	1.0	1.0	2.0
46670000	1.4677294360363566	0.2406218241711297	1.0	1.0	2.0
46680000	1.465393051407767	0.38905132278236615	1.0	1.0	2.0
46690000	1.0154739806804038	0.18454036249947772	1.0	1.0	2.0
46700000	0.2674693953616004	0.02992677126229023	1.0	1.0	2.0
46710000	1.790885997605854	1.3711770847624996	1.0	1.0	2.0
46720000	0.5723166879858969	0.004512497997584161	1.0	1.0	2.0
46730000	0.25361778007360375	0.47231001847963905	1.0	1.0	2.0
46740000	0.06972951315449928	0.06719000760306112	1.0	1.0	2.0
46750000	1.7961659952776867	3.639554451558818	1.0	1.0	2.0
46760000	0.49729906954405534	0.5223904634965344	1.0	1.0	2.0
46770000	0.7008766589007772	0.9078397452050798	1.0	1.0	2.0
46780000	2.732074004086986	0.782406877891177	1.0	1.0	2.0
46790000	1.0676619147466015	0.22394152527867223	1.0	1.0	2.0
46800000	1.4074956280290631	0.8044342775499369	1.0	1.0	2.0
46810000	1.4126811592899722	1.1402190659722218	1.0	1.0	2.0
46820000	0.5429679886262146	3.011703035280365	1.0	1.0	2.0
46830000	1.189228754149326	0.6089209088981592	1.0	1.0	2.0
46840000	2.3888858493136147	1.272289081574958	1.0	1.0	2.0
46850000	0.8577413223105899	0.04123129437911343	1.0	1.0	2.0
46860000	1.4402234488235808	0.5847054502160898	1.0	1.0	2.0
46870000	1.4494408573090927	0.5767523815722707	1.0	1.0	2.0
46880000	2.9620201527551324	1.0660490555849444	1.0	1.0	2.0
46890000	1.2510815338555579	0.16047235512916672	1.0	1.0	2.0
46900000	1.700480291786296	0.7598342906199393	1.0	1.0	2.0
46910000	1.1220888880441922	1.1099638976428077	1.0	1.0	2.0
46920000	3.8244403915602523	0.4296249893352205	1.0	1.0	2.0
46930000	0.7446553406132762	0.5574500160847589	1.0	1.0	2.0
46940000	0.7183422917814148	0.3769952344432617	1.0	1.0	2.0
46950000	1.8659663747207493	0.0840940609445434	1.0	1.0	2.0
46960000	0.13195904709081835	0.14408140956881837	1.0	1.0	2.0
46970000	0.9219264638497255	0.9845646374135388	1.0	1.0	2.0
46980000	0.5674036075910792	0.9885539895466985	1.0	1.0	2.0
46990000	0.9122817402682363	0.7303920983464164	1.0	1.0	2.0
47000000	4.795032574709053	0.09071690023018325	1.0	1.0	2.0
47010000	0.6367153469120865	0.22248121048618266	1.0	1.0	2.0
47020000	1.3284398473679462	0.3736364905984783	1.0	1.0	2.0
47030000	0.309786097163208	0.11907827580140905	1.0	1.0	2.0
47040000	0.5038684388750491	0.25236689577825516	1.0	1.0	2.0
47050000	0.8250320672243405	0.11252489472777287	1.0	1.0	2.0
47060000	1.5872874741342051	0.6255485931467608	1.0	1.0	2.0
47070000	1.1978119497148108	0.1442240563346905	1.0	1.0	2.0
47080000	1.2424536364133993	2.034515998777628	1.0	1.0	2.0
47090000	2.666527600298859	0.06000062437246608	1.0	1.0	2.0
47100000	1.46377665525045	0.061802696584145965	1.0	1.0	2.0
47110000	0.6884505224623586	0.33140763994343997	1.0	1.0	2.0
47120000	2.056484103050521	0.6701737456093788	0.0	1.0	1.0
47130000	1.770884409616406	0.33566766830037875	1.0	1.0	2.0
47140000	1.8521913838235666	0.768362905190272	1.0	1.0	2.0
47150000	0.6653654695878416	0.4369344090687951	1.0	1.0	2.0
47160000	2.331790604958211	1.0558384611103149	1.0	1.0	2.0
47170000	0.4303432327797632	0.36509685494579763	1.0	1.0	2.0
47180000	3.0045642996332056	0.1102506409733432	1.0	1.0	2.0
47190000	0.4978697129153693	0.6614924065235295	1.0	1.0	2.0
47200000	1.0036556588500063	0.12690183382614856	1.0	1.0	2.0
47210000	2.0919223585018183	0.0766429239928862	1.0	1.0	2.0
47220000	1.8707297207237161	0.31740610136903086	1.0	1.0	2.0
47230000	0.9963966882522389	0.2146450093537546	1.0	1.0	2.0
47240000	0.7035419489110677	0.18707720020772395	1.0	1.0	2.0
47250000	2.5554181186908793	0.8283202028275134	1.0	1.0	2.0
47260000	3.167205276318933	0.5405013022022707	1.0	1.0	2.0
47270000	1.9662733011140787	0.10602462496521527	1.0	1.0	2.0
47280000	2.0888047012078177	0.06688050428978301	1.0	1.0	2.0
47290000	0.29095417414126173	0.003003714259674162	1.0	1.0	2.0
47300000	0.7283798412972193	0.20850870422683385	1.0	1.0	2.0
47310000	0.8439727488236373	0.3001450511468213	1.0	1.0	2.0
47320000	1.4823780174148142	0.39407430528474374	1.0	1.0	2.0
47330000	0.9330946072778395	1.6329458753777404	1.0	1.0	2.0
47340000	1.0526397951770574	1.8850942776037423	1.0	1.0	2.0
47350000	0.9368824001185493	0.030589899190367885	1.0	1.0	2.0
47360000	4.936884192886152	0.14730562647638296	1.0	1.0	2.0
47370000	3.1224335271506702	0.12260906609837491	1.0	1.0	2.0
47380000	1.6985786053248504	0.9359219161708537	1.0	1.0	2.0
47390000	0.7136423468896151	0.4476120338705175	1.0	1.0	2.0
47400000	1.394502246165804	2.1830201051928237	1.0	1.0	2.0
47410000	0.44536366165737756	1.2004533861263298	1.0	1.0	2.0
47420000	0.3767933301396229	0.2898453478960828	1.0	1.0	2.0
47430000	0.8532699961720512	0.32846311531553835	1.0	1.0	2.0
47440000	0.9628259548854938	0.08592061091261466	1.0	1.0	2.0
47450000	0.2998902742698259	0.11937549491820533	1.0	1.0	2.0
47460000	1.6842349746507266	0.7204170116728911	1.0	1.0	2.0
47470000	5.883716992372766	0.39643901414977545	1.0	1.0	2.0
47480000	1.1967575901373668	0.010257568027932781	1.0	1.0	2.0
47490000	2.49066430447794	0.7530832533885806	1.0	1.0	2.0
47500000	1.8306856014836586	2.8662483832006536	1.0	1.0	2.0
47510000	2.3589534002589794	2.0079616486651095	1.0	1.0	2.0
47520000	2.2549076218817867	0.4826692005615326	1.0	1.0	2.0
47530000	1.345757651399175	0.3133192036644929	1.0	1.0	2.0
47540000	2.172738947779239	0.34663860651343836	1.0	1.0	2.0
47550000	0.27104254310112336	0.06815447625081146	1.0	1.0	2.0
47560000	0.9927809564074958	0.08578215873804113	1.0	1.0	2.0
47570000	0.2404782129447794	0.038700711861322824	1.0	1.0	2.0
47580000	0.6345975473975031	0.8882913603838426	1.0	1.0	2.0
47590000	0.29078856763232674	0.3436568194190547	1.0	1.0	2.0
47600000	2.4279558333594107	0.9002273526992128	1.0	1.0	2.0
47610000	3.5051935963895438	0.1575677846564749	1.0	1.0	2.0
47620000	1.5424677937289175	1.346863189186599	1.0	1.0	2.0
47630000	0.15095578711058144	0.2401993457436328	1.0	1.0	2.0
47640000	0.5489420633291269	0.2523306761781891	1.0	1.0	2.0
47650000	1.6408051106848418	0.12713354084161724	1.0	1.0	2.0
47660000	0.5859564453628004	1.0321808506042192	1.0	1.0	2.0
47670000	1.408529514495883	0.4073611020035693	1.0	1.0	2.0
47680000	0.1707596801622549	0.01868551837514463	1.0	1.0	2.0
47690000	1.095916332256812	0.5026150369926058	1.0	1.0	2.0
47700000	0.8583133385047814	0.2132473600833945	1.0	1.0	2.0
47710000	2.1829044883348905	0.10335231331070288	1.0	1.0	2.0
47720000	1.006580163732083	0.2259979314394418	1.0	1.0	2.0
47730000	2.390902273487511	0.6084273462288508	1.0	1.0	2.0
47740000	1.478226244136462	0.0434109237616482	1.0	1.0	2.0
47750000	0.42154203127414774	0.5416321719621656	1.0	1.0	2.0
47760000	1.125946064227084	0.16726888449289057	1.0	1.0	2.0
47770000	0.606645667157584	0.26987973477447075	1.0	1.0	2.0
47780000	1.1735176033687083	0.4094904293447006	1.0	1.0	2.0
47790000	0.6190534797683254	0.13399112171031216	1.0	1.0	2.0
47800000	0.6245020002553527	0.15486319829523393	1.0	1.0	2.0
47810000	0.1083871083826001	0.211932919578514	1.0	1.0	2.0
47820000	0.5641984550605269	0.12164212375185801	1.0	1.0	2.0
47830000	1.1558610752636178	0.30580544825112627	1.0	1.0	2.0
47840000	1.3477988077722083	0.336725304657152	1.0	1.0	2.0
47850000	3.159783169044092	0.1041499128119211	1.0	1.0	2.0
47860000	1.0675415578327256	1.4218030358571196	1.0	1.0	2.0
47870000	0.07330905629836992	0.0660248869546509	1.0	1.0	2.0
47880000	1.6720834776510005	0.07619616069054605	1.0	1.0	2.0
47890000	2.7701261024509076	0.5653701914104071	1.0	1.0	2.0
47900000	3.4826645328441135	0.7704292062771083	1.0	1.0	2.0
47910000	2.410955956891182	0.8869316738815504	1.0	1.0	2.0
47920000	1.4667062455610722	0.003977891352989324	1.0	1.0	2.0
47930000	1.644289847240421	2.5775283712896004	1.0	1.0	2.0
47940000	3.2770801592759167	2.709339276577707	1.0	1.0	2.0
47950000	0.13234587085604493	0.11964917862122314	1.0	1.0	2.0
47960000	0.4665563418495101	1.197374559600408	1.0	1.0	2.0
47970000	4.952719946858439	4.44339310246134	1.0	1.0	2.0
47980000	0.30636982153659176	0.2770460467324739	1.0	1.0	2.0
47990000	1.4107279560792265	0.19905932937618265	1.0	1.0	2.0
48000000	0.6539696705333418	0.06759524565303732	1.0	1.0	2.0
48010000	0.7307647868886921	0.29544060841109765	1.0	1.0	2.0
48020000	1.9882131941477879	0.9185114317099125	1.0	1.0	2.0
48030000	1.5266876475794984	1.3978657251255768	1.0	1.0	2.0
48040000	1.74839330369448	0.5318545875620824	1.0	1.0	2.0
48050000	1.2373861008194493	0.14690873542920158	1.0	1.0	2.0
48060000	2.866095980415982	0.5354379834108377	1.0	1.0	2.0
48070000	0.4399182956366196	0.06803313505561373	1.0	1.0	2.0
48080000	0.9490731851379088	1.0420257499659862	1.0	1.0	2.0
48090000	1.5349985876127825	0.0033774152856509802	1.0	1.0	2.0
48100000	0.8735941609975326	0.2365133841235754	1.0	1.0	2.0
48110000	0.41967300258296375	0.5193180254605771	1.0	1.0	2.0
48120000	3.7754707279429813	0.7689762084033607	1.0	1.0	2.0
48130000	4.087231198836467	2.5446573974520614	1.0	1.0	2.0
48140000	1.3769385048080138	2.0127891298674325	1.0	1.0	2.0
48150000	0.7457414601393384	0.16053595363403483	1.0	1.0	2.0
48160000	1.6067076470742623	0.1640546854349388	1.0	1.0	2.0
48170000	0.3809118268841144	1.0651192116598458	1.0	1.0	2.0
48180000	1.3644731842593443	1.4489382221761344	1.0	1.0	2.0
48190000	1.6823857596409002	0.3251110080288903	1.0	1.0	2.0
48200000	0.637992343706763	0.00769740000381519	1.0	1.0	2.0
48210000	0.2764902558802337	0.12444577874534153	1.0	1.0	2.0
48220000	0.6715590083148738	1.3314213334901208	1.0	1.0	2.0
48230000	1.8777306910183373	1.2686465826425288	1.0	1.0	2.0
48240000	0.07851565657845734	0.20238687907175365	1.0	1.0	2.0
48250000	0.7364117022238361	0.16855799990525008	1.0	1.0	2.0
48260000	0.7941649355518942	0.15729470421088554	1.0	1.0	2.0
48270000	3.3473599124788698	0.5445106421731625	1.0	1.0	2.0
48280000	1.7515878797936195	0.8709904336170783	1.0	1.0	2.0
48290000	2.367927706370031	0.563261701497144	1.0	1.0	2.0
48300000	3.366375603567098	1.19579475833898	1.0	1.0	2.0
48310000	0.8376691763522612	0.7608788177479469	1.0	1.0	2.0
48320000	0.7942428880344475	0.05477577191008287	1.0	1.0	2.0
48330000	1.4097767033618631	0.4310122346207158	1.0	1.0	2.0
48340000	1.893940746614502	2.863569636782993	1.0	1.0	2.0
48350000	0.26950426986269715	0.4029433289559462	1.0	1.0	2.0
48360000	0.8575761721891636	0.1360159522525838	1.0	1.0	2.0
48370000	0.7570717016132584	0.002385183371109006	1.0	1.0	2.0
48380000	2.291448759776115	0.06009917873019476	1.0	1.0	2.0
48390000	1.3671277018884207	0.5426266689093623	1.0	1.0	2.0
48400000	1.3340736912343585	0.6520205780882591	1.0	1.0	2.0
48410000	1.7175693896341133	0.9091702072115931	1.0	1.0	2.0
48420000	0.3851881708234019	0.027107458657841955	1.0	1.0	2.0
48430000	0.5570951725933754	0.2622729472046715	1.0	1.0	2.0
48440000	1.804962493163356	1.7490767835353525	1.0	1.0	2.0
48450000	1.71897973147273	0.06145268748721256	1.0	1.0	2.0
48460000	0.44509223731083486	0.12366650235533803	1.0	1.0	2.0
48470000	1.247513970203347	0.7756166600131021	1.0	1.0	2.0
48480000	2.7825346924967835	1.0210254617588985	1.0	1.0	2.0
48490000	0.6461041613712218	0.24596860186946712	1.0	1.0	2.0
48500000	0.2917868670663829	0.401676270217945	1.0	1.0	2.0
48510000	2.4446859295865275	2.0953096748950673	1.0	1.0	2.0
48520000	3.2138160229181203	1.2759964724085748	1.0	1.0	2.0
48530000	0.3123026241262747	0.28137941505872177	1.0	1.0	2.0
48540000	1.2496159969191565	0.09406979329965134	1.0	1.0	2.0
48550000	1.5359405071084749	2.933629396946763	1.0	1.0	2.0
48560000	2.0623008871415482	1.7041575935721982	1.0	1.0	2.0
48570000	0.7185575734906794	0.8191250322799565	1.0	1.0	2.0
48580000	1.6526366246168827	1.0449198325547595	1.0	1.0	2.0
48590000	1.5458112327862914	0.8936985312748528	1.0	1.0	2.0
48600000	0.36818006087661437	0.1242084077004813	1.0	1.0	2.0
48610000	2.672401429677499	0.9033290941378646	1.0	1.0	2.0
48620000	0.2581639811533633	1.0315725472671633	1.0	1.0	2.0
48630000	0.7183632118325186	0.2864540892833683	1.0	1.0	2.0
48640000	1.8071893413242555	1.1997325833351786	1.0	1.0	2.0
48650000	0.6665613515221308	0.45125070351670615	1.0	1.0	2.0
48660000	0.5281945645962487	0.21595002323759083	1.0	1.0	2.0
48670000	2.7899849164717807	0.1268978176865521	1.0	1.0	2.0
48680000	0.47124664467336674	0.13076684458924798	1.0	1.0	2.0
48690000	0.27448471731958507	0.30353821298982997	1.0	1.0	2.0
48700000	1.693024001050745	0.26304618410710634	1.0	1.0	2.0
48710000	0.6737301262165278	0.5325440890734428	1.0	1.0	2.0
48720000	0.5411710383084681	0.3947913677469385	1.0	1.0	2.0
48730000	0.870351405272726	0.5919683235311005	1.0	1.0	2.0
48740000	0.8599384051602851	0.06054766264548807	1.0	1.0	2.0
48750000	0.9799313752839528	0.2630851499753554	1.0	1.0	2.0
48760000	1.5999535210047688	0.9706046563450359	1.0	1.0	2.0
48770000	0.7027193892677362	0.3335061086095373	1.0	1.0	2.0
48780000	1.8101666744264449	1.8094845913074562	1.0	1.0	2.0
48790000	1.4759510118728236	0.5456995098722769	1.0	1.0	2.0
48800000	2.772688077122054	0.22904603211630636	1.0	1.0	2.0
48810000	1.0179757177924917	1.1561961727450045	1.0	1.0	2.0
48820000	0.5385097831222692	0.1120470548072748	1.0	1.0	2.0
48830000	0.5194748959096303	0.007935457854623157	1.0	1.0	2.0
48840000	2.733186165460132	0.18717074755482518	1.0	1.0	2.0
48850000	1.5144053177151542	0.26504416745748355	1.0	1.0	2.0
48860000	3.3519749785725805	1.213743179706711	1.0	1.0	2.0
48870000	1.6255740875897517	0.14002554144841545	1.0	1.0	2.0
48880000	0.7613437759844524	0.328431628444875	1.0	1.0	2.0
48890000	0.41612467598237385	0.7783890097746714	1.0	1.0	2.0
48900000	0.009851815896474228	4.6106758745289683E-4	1.0	1.0	2.0
48910000	1.2616803437557027	0.0763178369275959	1.0	1.0	2.0
48920000	0.4813923938567898	0.2096781033589295	1.0	1.0	2.0
48930000	1.2975584730443794	0.5148641423364039	1.0	1.0	2.0
48940000	0.8635987606092963	0.07146223364863909	1.0	1.0	2.0
48950000	1.0933292284446952	0.19487898892850622	1.0	1.0	2.0
48960000	0.9029494005122111	0.08313230344296534	1.0	1.0	2.0
48970000	3.1986922407352485	0.009998880682067626	1.0	1.0	2.0
48980000	2.2114643423525675	0.11801906558884034	1.0	1.0	2.0
48990000	0.6726486918467129	0.10277379538627113	1.0	1.0	2.0
49000000	0.9038666437893562	0.25640929060778195	1.0	1.0	2.0
49010000	1.113065238908698	2.484280866189808	1.0	1.0	2.0
49020000	2.248607491827397	0.8774258968145369	1.0	1.0	2.0
49030000	0.5351015872239762	0.17728472139105964	1.0	1.0	2.0
49040000	0.36970657177219707	1.193807126746101	1.0	1.0	2.0
49050000	0.8617941755045708	0.4270440477810613	1.0	1.0	2.0
49060000	0.3599241451430475	0.6620698192980327	1.0	1.0	2.0
49070000	0.7967720513088099	0.05959413114640102	1.0	1.0	2.0
49080000	0.9763011703336627	0.05890870037203164	1.0	1.0	2.0
49090000	1.3301070409787905	0.1998063502343167	1.0	1.0	2.0
49100000	1.2235930034995215	0.7600083349057859	1.0	1.0	2.0
49110000	2.2415731181382146	0.6599569552318558	1.0	1.0	2.0
49120000	2.4799416176765137	1.2384352723062864	1.0	1.0	2.0
49130000	2.4274926657856457	0.35967886936211746	1.0	1.0	2.0
49140000	1.129641631611436	0.23373234266011797	1.0	1.0	2.0
49150000	1.7415871097126594	0.09765347432632535	1.0	1.0	2.0
49160000	0.624426809510232	0.06402879594518933	1.0	1.0	2.0
49170000	1.1221801498367232	0.5383373382554437	1.0	1.0	2.0
49180000	1.3222340937677142	0.4287140597568141	1.0	1.0	2.0
49190000	1.6095371306554125	0.7074131287730647	1.0	1.0	2.0
49200000	0.25608432956821675	0.04490881153805051	1.0	1.0	2.0
49210000	1.8562146164299067	1.708917615008074	1.0	1.0	2.0
49220000	0.2649455864464033	0.13779562384929125	1.0	1.0	2.0
49230000	0.539464924206104	0.2693576222450101	1.0	1.0	2.0
49240000	0.2824597230116219	0.03208694878645376	1.0	1.0	2.0
49250000	1.3833765463538499	0.4429133971546924	1.0	1.0	2.0
49260000	0.1310790743565802	0.009840989084040557	1.0	1.0	2.0
49270000	3.3420274727395105	0.6757866064579975	1.0	1.0	2.0
49280000	0.5378117451729961	0.086040963313176	1.0	1.0	2.0
49290000	0.713962284975684	0.4155276269846576	1.0	1.0	2.0
49300000	0.7044202321261049	0.21128974834196929	1.0	1.0	2.0
49310000	2.9954904289072566	0.14376281190274337	1.0	1.0	2.0
49320000	0.4047471773087571	0.41994941956341936	1.0	1.0	2.0
49330000	0.8569465855740565	0.5619186313330269	1.0	1.0	2.0
49340000	1.1611533884568284	0.18507693373526354	1.0	1.0	2.0
49350000	0.3017342326303061	0.09810138079904183	1.0	1.0	2.0
49360000	3.4674545007592386	1.4786189412517863	1.0	1.0	2.0
49370000	2.66118750356471	0.685742272897122	1.0	1.0	2.0
49380000	2.3651813508525614	0.6193517131521205	1.0	1.0	2.0
49390000	1.6277603421402336	0.20294978773756367	1.0	1.0	2.0
49400000	1.3366357100458917	1.5263348617425228	1.0	1.0	2.0
49410000	1.655137522095971	3.4312052265559303	1.0	1.0	2.0
49420000	0.5582932594412924	0.5432436947125509	1.0	1.0	2.0
49430000	1.3966803163790196	1.1046600789238792	1.0	1.0	2.0
49440000	1.3398477887693974	1.1128166387938672	1.0	1.0	2.0
49450000	0.29886311248928454	0.03900443938627967	1.0	1.0	2.0
49460000	3.8170071291697503	1.0554977938167354	1.0	1.0	2.0
49470000	1.8059083785608288	0.09102072400708752	1.0	1.0	2.0
49480000	2.8949400685672755	0.07765610290860135	1.0	1.0	2.0
49490000	0.9107083762115493	0.2462536994715632	1.0	1.0	2.0
49500000	0.2474100991925913	0.4203865283776457	1.0	1.0	2.0
49510000	0.6015396575897032	0.006590218291948208	1.0	1.0	2.0
49520000	0.5562417000610864	0.2875756806917332	1.0	1.0	2.0
49530000	0.6047514011464588	0.5592950011021962	1.0	1.0	2.0
49540000	0.8097241590763269	0.3928705972917764	1.0	1.0	2.0
49550000	0.2602145539535177	0.3463271993744186	1.0	1.0	2.0
49560000	1.0972740760693935	0.494271005940733	1.0	1.0	2.0
49570000	0.8797517428880868	0.6922876505078142	1.0	1.0	2.0
49580000	1.3150006337372073	0.005732833250945094	1.0	1.0	2.0
49590000	3.574392162318575	1.286908852080817	1.0	1.0	2.0
49600000	1.5522078458203918	0.39222743758008843	1.0	1.0	2.0
49610000	0.6153912676861847	0.9918147666036427	1.0	1.0	2.0
49620000	1.9417875330399625	2.662891423619373	1.0	1.0	2.0
49630000	0.7470075838066756	0.689536594666212	1.0	1.0	2.0
49640000	3.416334516332329	0.15365600325667952	1.0	1.0	2.0
49650000	1.8169584382316288	1.1787701479647767	1.0	1.0	2.0
49660000	0.7035221900522294	1.171268816230089	0.0	1.0	1.0
49670000	2.615425623476861	3.255994942966852	1.0	1.0	2.0
49680000	0.02147910733885235	0.006334861426397753	1.0	1.0	2.0
49690000	0.1535663371459667	0.022425889775587234	1.0	1.0	2.0
49700000	0.7065712800544381	0.030839052805601487	1.0	1.0	2.0
49710000	0.8139110973606408	0.054548350993893664	1.0	1.0	2.0
49720000	0.433295353422861	0.14202179697605824	1.0	1.0	2.0
49730000	1.5481542376734345	0.9139979225648424	1.0	1.0	2.0
49740000	0.9493023506239066	1.2721166796198682	1.0	1.0	2.0
49750000	0.6298190414797639	0.0763906844366882	1.0	1.0	2.0
49760000	2.3219586869957696	1.7364193033292412	1.0	1.0	2.0
49770000	2.4722874587364663	0.13554863804388986	1.0	1.0	2.0
49780000	2.451802129301788	0.22947523915121354	1.0	1.0	2.0
49790000	5.824596937884541	0.7463390141346161	1.0	1.0	2.0
49800000	3.942332823412076	0.03373723260214906	1.0	1.0	2.0
49810000	0.27773538192962494	0.4049012626972654	1.0	1.0	2.0
49820000	0.40472105868379166	0.3913639962650281	1.0	1.0	2.0
49830000	1.9114120832632961	1.6118679421642441	1.0	1.0	2.0
49840000	1.6494177678148474	2.160570052871312	1.0	1.0	2.0
49850000	1.4971077282361467	1.2400599422980343	1.0	1.0	2.0
49860000	4.136806128343879	1.3328580788795397	1.0	1.0	2.0
49870000	2.5365690101134826	0.29871378317981095	1.0	1.0	2.0
49880000	2.0525365636508632	0.773302317755953	1.0	1.0	2.0
49890000	0.29227471358357776	0.35151431254289295	1.0	1.0	2.0
49900000	0.3337020538852264	0.5046603081112467	0.0	1.0	1.0
49910000	0.596174374096906	0.15084193117477898	1.0	1.0	2.0
49920000	1.781971533390408	0.6595261612338411	1.0	1.0	2.0
49930000	1.1742541161259303	0.26202037052200655	1.0	1.0	2.0
49940000	4.0948628184486004	0.39028167815081705	1.0	1.0	2.0
49950000	1.2464115239294926	0.5888087881532307	1.0	1.0	2.0
49960000	0.4921517334305103	0.2619141208808072	1.0	1.0	2.0
49970000	1.3970545064326345	1.211454775550165	1.0	1.0	2.0
49980000	3.523534325216687	0.1941613995889769	1.0	1.0	2.0
49990000	1.402571422568571	0.7474847540361816	1.0	1.0	2.0
50000000	2.6335628773502524	0.4877113296625717	1.0	1.0	2.0
50010000	0.7775432380197318	0.30365878622844134	1.0	1.0	2.0
50020000	0.8737302252249617	0.7328547426679688	1.0	1.0	2.0
50030000	0.988369252976259	0.3425786144664067	1.0	1.0	2.0
50040000	0.8004089799621728	1.5838475863489596	1.0	1.0	2.0
50050000	0.5285167379293666	0.020826728131356886	1.0	1.0	2.0
50060000	0.7971688139567137	0.5925054715397636	1.0	1.0	2.0
50070000	2.6621156494004623	0.3569712330402307	1.0	1.0	2.0
50080000	0.6714051020120255	0.3649317582442762	1.0	1.0	2.0
50090000	1.8906581386616632	0.11047620351024284	1.0	1.0	2.0
50100000	1.2902877940535376	0.32268128635600307	1.0	1.0	2.0
50110000	0.6723839943726676	0.030100646611564336	1.0	1.0	2.0
50120000	0.6211566814627414	0.4875517931051725	1.0	1.0	2.0
50130000	1.327837758618452	1.1632902625744204	1.0	1.0	2.0
50140000	1.2839887855159806	0.7080145067194428	1.0	1.0	2.0
50150000	2.0358245196950344	3.202585405035534	1.0	1.0	2.0
50160000	2.2162425473514653	1.083830418394712	1.0	1.0	2.0
50170000	0.4613341659140233	0.18326164746050777	1.0	1.0	2.0
50180000	1.7408550523394843	0.42682491233053227	1.0	1.0	2.0
50190000	0.6799253634256026	0.06072192456276877	1.0	1.0	2.0
50200000	0.5547144856387335	0.026097014271032604	1.0	1.0	2.0
50210000	1.4995920669111567	2.146433887723443	1.0	1.0	2.0
50220000	1.2401869413743438	0.24371026693525533	1.0	1.0	2.0
50230000	0.7644864805037689	0.1798705623150769	1.0	1.0	2.0
50240000	1.7040431425311142	1.2118760612966974	1.0	1.0	2.0
50250000	1.8409952922583057	0.4991065542379226	1.0	1.0	2.0
50260000	0.315070774753616	0.9496889801906315	1.0	1.0	2.0
50270000	0.41945553966671717	0.17311696021055878	1.0	1.0	2.0
50280000	0.6594416141556193	1.4472889537956664	1.0	1.0	2.0
50290000	4.946871716899277	1.1647052802396078	1.0	1.0	2.0
50300000	1.1593872325357366	0.25674759766230365	1.0	1.0	2.0
50310000	0.6342545483207889	2.0246106686691965	1.0	1.0	2.0
50320000	1.1193563298931721	0.3229381718558199	1.0	1.0	2.0
50330000	3.006743176246631	1.983915451063059	1.0	1.0	2.0
50340000	0.35789091782217786	0.26798747279568846	1.0	1.0	2.0
50350000	2.555559732413614	0.4769950792627232	1.0	1.0	2.0
50360000	4.408931976262582	1.3827954928293849	1.0	1.0	2.0
50370000	0.8937929059651207	0.08414919229677986	1.0	1.0	2.0
50380000	0.6723455834290115	0.6719370133113675	1.0	1.0	2.0
50390000	1.663887365419068	0.09412852599273963	1.0	1.0	2.0
50400000	0.4277477455709823	0.2941089628235645	1.0	1.0	2.0
50410000	1.9317702838216917	2.695708286111456	1.0	1.0	2.0
50420000	0.4034757850250256	0.2893619569641356	1.0	1.0	2.0
50430000	0.20967132898312943	0.6933423285621517	1.0	1.0	2.0
50440000	1.144455552667768	0.31412506188614087	1.0	1.0	2.0
50450000	0.6198909766310237	0.1440406513165102	1.0	1.0	2.0
50460000	0.25507861531183584	0.05476689376000787	1.0	1.0	2.0
50470000	0.9849188603324097	1.1637719162507707	1.0	1.0	2.0
50480000	1.6511870926303587	0.2844718568187378	1.0	1.0	2.0
50490000	0.2853805183981154	0.5040564283002389	1.0	1.0	2.0
50500000	0.7946213038518486	1.736930054667859	1.0	1.0	2.0
50510000	4.60489143715917	1.3361248393659817	1.0	1.0	2.0
50520000	0.1995573598252232	0.14825398765792328	1.0	1.0	2.0
50530000	0.5805312442854995	0.4938906175901429	1.0	1.0	2.0
50540000	2.1076270538259143	0.8581902123734046	1.0	1.0	2.0
50550000	1.0905370291400716	0.7594727158335216	1.0	1.0	2.0
50560000	2.02886790471903	0.13924486863807845	1.0	1.0	2.0
50570000	1.8294199804253146	1.1955031422268598	1.0	1.0	2.0
50580000	2.102377903942837	0.42112456401820125	1.0	1.0	2.0
50590000	1.233719370266069	1.789513756972947	1.0	1.0	2.0
50600000	2.603726223026547	1.0674444334387838	1.0	1.0	2.0
50610000	0.2941912039262706	0.23262495875263492	1.0	1.0	2.0
50620000	2.949468531753883	0.05104760285583305	1.0	1.0	2.0
50630000	1.2885753297525866	0.9776560815897619	1.0	1.0	2.0
50640000	0.5866521084429033	0.07816604673698518	1.0	1.0	2.0
50650000	1.271820927136031	0.4154196996193338	1.0	1.0	2.0
50660000	0.2749758451814299	0.7830022857710467	1.0	1.0	2.0
50670000	0.9255125992789187	0.10068489073452606	1.0	1.0	2.0
50680000	1.408717734259069	0.4145254798365453	0.0	1.0	1.0
50690000	0.9550585722130411	0.6262527965657612	1.0	1.0	2.0
50700000	0.056023620926833904	0.16679213560410097	1.0	1.0	2.0
50710000	3.0218399132069473	0.23351690382193033	1.0	1.0	2.0
50720000	0.45141307587121693	0.41916903605605377	1.0	1.0	2.0
50730000	3.513109680550263	1.6861339809518194	1.0	1.0	2.0
50740000	2.075999415429775	0.9534871946271418	1.0	1.0	2.0
50750000	2.468655861898656	1.173713843877577	1.0	1.0	2.0
50760000	0.187729327801686	0.37990412865406076	1.0	1.0	2.0
50770000	1.1264532473313202	0.12435266202470156	1.0	1.0	2.0
50780000	0.6717618758003967	0.913993720092123	1.0	1.0	2.0
50790000	0.7259047191128828	0.30912566351003073	1.0	1.0	2.0
50800000	2.6970379689152386	0.014786503507933424	1.0	1.0	2.0
50810000	1.1288769469603321	0.46681227449091184	1.0	1.0	2.0
50820000	1.19565614233437	2.7814196593958647	1.0	1.0	2.0
50830000	0.032668909055715754	0.1624474830001426	1.0	1.0	2.0
50840000	1.7807501166203408	0.769211094326037	1.0	1.0	2.0
50850000	1.1484485249231478	0.7696105681806995	1.0	1.0	2.0
50860000	0.842364951173279	0.05322268432319417	1.0	1.0	2.0
50870000	1.7314937142862656	0.37772397902412264	1.0	1.0	2.0
50880000	0.24630756789475833	0.021542998605344022	1.0	1.0	2.0
50890000	0.9780234430874033	0.13763361186729706	1.0	1.0	2.0
50900000	1.234086634948365	0.5393329195893102	1.0	1.0	2.0
50910000	1.254045505855833	0.8227250406393274	1.0	1.0	2.0
50920000	0.22012076179456752	0.5727344663737817	1.0	1.0	2.0
50930000	3.4404900449967273	1.6820544556701204E-4	1.0	1.0	2.0
50940000	1.3861863853030003	1.42311512588042	1.0	1.0	2.0
50950000	0.8252054012132098	1.0617133629760898	1.0	1.0	2.0
50960000	0.03940415988283777	0.05634909711736094	1.0	1.0	2.0
50970000	0.3563764641317357	0.917896261907296	1.0	1.0	2.0
50980000	1.0907353233519599	0.13146763488615973	1.0	1.0	2.0
50990000	1.3544448579357167	0.24397525287151342	1.0	1.0	2.0
51000000	0.588618814071706	0.05933481849415407	1.0	1.0	2.0
51010000	0.6550124316931085	0.27814002209373023	1.0	1.0	2.0
51020000	3.2930413948073163	0.5168514936844611	1.0	1.0	2.0
51030000	2.922017842885963	0.18965921710483213	1.0	1.0	2.0
51040000	1.672034453108816	1.2536041441652745	1.0	1.0	2.0
51050000	0.03936284521850935	0.0488348706926776	1.0	1.0	2.0
51060000	0.972960113357399	1.217299955792992	1.0	1.0	2.0
51070000	1.1044323105344043	0.15914835939288788	1.0	1.0	2.0
51080000	0.23087123253975222	0.12939961517434184	1.0	1.0	2.0
51090000	0.8474985139253173	0.39981609966985565	1.0	1.0	2.0
51100000	1.9235337518366202	0.8443352272234252	1.0	1.0	2.0
51110000	2.1394384763776695	0.279604486871157	1.0	1.0	2.0
51120000	3.45434644991957	1.5798700484454427	1.0	1.0	2.0
51130000	1.2922753558679718	0.6781563953859922	1.0	1.0	2.0
51140000	0.6465911019285397	0.8760229338732057	1.0	1.0	2.0
51150000	0.3408399144417526	1.5101944855064091	1.0	1.0	2.0
51160000	2.3823259770149816	0.02165467897116886	1.0	1.0	2.0
51170000	2.228871212937816	2.599857273779614	1.0	1.0	2.0
51180000	1.6970598648155601	0.6661712746008176	1.0	1.0	2.0
51190000	1.8655094894304038	0.04694902800977044	1.0	1.0	2.0
51200000	2.7828940948238565	2.2767548951042866	1.0	1.0	2.0
51210000	4.671770645861609	0.702965590854844	1.0	1.0	2.0
51220000	1.1508944973066941	1.1985176098030799	1.0	1.0	2.0
51230000	0.9154683649187466	1.2469546452308586	1.0	1.0	2.0
51240000	0.5897598306584769	0.3675013642743761	1.0	1.0	2.0
51250000	2.4885129544801314	2.6008537495470407	1.0	1.0	2.0
51260000	0.9496282745430622	0.06555776420661934	1.0	1.0	2.0
51270000	0.9966284156750957	0.2981462048641775	1.0	1.0	2.0
51280000	0.14006073953993994	0.28200106126137486	1.0	1.0	2.0
51290000	0.10944484994202956	0.08055948101185156	1.0	1.0	2.0
51300000	0.8432364949751242	0.8200118715691554	1.0	1.0	2.0
51310000	0.675029966279399	0.5938499300104847	1.0	1.0	2.0
51320000	1.2387320928807881	0.04477680757126386	1.0	1.0	2.0
51330000	0.9612656985143546	0.30474242965048154	1.0	1.0	2.0
51340000	2.1977990252381487	0.039778522104093224	1.0	1.0	2.0
51350000	0.24158894857229782	0.2354768328886768	1.0	1.0	2.0
51360000	4.467108333514025	0.9511756878076426	1.0	1.0	2.0
51370000	2.1789135611056567	0.8668654281299828	1.0	1.0	2.0
51380000	0.5894191726099034	2.825936167019763	1.0	1.0	2.0
51390000	0.7249345458307912	2.443238685190913	1.0	1.0	2.0
51400000	1.5622201038127188	0.2717926159323609	1.0	1.0	2.0
51410000	1.1079243822039782	2.1334568591496597	1.0	1.0	2.0
51420000	0.20515728912994763	0.0903272834419145	1.0	1.0	2.0
51430000	0.19908103829554963	0.053410305124735324	1.0	1.0	2.0
51440000	0.38274751514489913	1.203747380071443	1.0	1.0	2.0
51450000	3.0150128252202064	0.05303691364135367	1.0	1.0	2.0
51460000	1.1317795788162706	0.4547475618301461	1.0	1.0	2.0
51470000	4.530065981601481	0.5490843980081085	1.0	1.0	2.0
51480000	5.406279337647149	0.7588232557292001	1.0	1.0	2.0
51490000	0.9924038926191129	0.43878408852803535	1.0	1.0	2.0
51500000	2.3922412969985607	1.0248452247153683	1.0	1.0	2.0
51510000	0.2292248994927075	2.696330150543535	1.0	1.0	2.0
51520000	0.7525115638844163	0.037992472702298816	1.0	1.0	2.0
51530000	0.4001323277272309	0.33448501993503704	1.0	1.0	2.0
51540000	0.5409117305129152	0.5783140554733397	1.0	1.0	2.0
51550000	0.7343394130892225	0.2562789647711999	1.0	1.0	2.0
51560000	0.37065741964615423	0.42069034297046176	1.0	1.0	2.0
51570000	2.031886772798498	0.1014739616229572	1.0	1.0	2.0
51580000	2.5348134618011064	0.08878686579359119	1.0	1.0	2.0
51590000	2.8410704254002925	0.013772246524154255	1.0	1.0	2.0
51600000	0.07337704694606823	0.2796704587159263	1.0	1.0	2.0
51610000	2.010609283971368	0.5968642305521624	1.0	1.0	2.0
51620000	3.565866302348335	0.13997778455083015	1.0	1.0	2.0
51630000	1.5007238608569686	0.08159889160594748	1.0	1.0	2.0
51640000	5.622388623020518	3.2349177035043892	1.0	1.0	2.0
51650000	0.20874489458436865	0.30798066364152754	1.0	1.0	2.0
51660000	1.700138168485724	1.3732796137796428	1.0	1.0	2.0
51670000	1.565424080909087	0.5638183715242361	1.0	1.0	2.0
51680000	4.758394908769462	0.9692198435852207	1.0	1.0	2.0
51690000	1.0885516417064898	0.021121959209622745	1.0	1.0	2.0
51700000	1.565057459995912	1.2238751226380071	1.0	1.0	2.0
51710000	0.778464612098835	0.2975779815412383	1.0	1.0	2.0
51720000	0.8042113269708496	0.02987793497581725	1.0	1.0	2.0
51730000	0.41181034475237327	0.21986637125893488	1.0	1.0	2.0
51740000	0.2634340576494395	0.8176512302448464	1.0	1.0	2.0
51750000	1.3397496137461489	0.2903203912216925	1.0	1.0	2.0
51760000	1.13663703204495	2.560332369723015	1.0	1.0	2.0
51770000	0.8965425932028497	0.09902738653493104	1.0	1.0	2.0
51780000	1.291686856673326	0.1469678062953965	1.0	1.0	2.0
51790000	1.1600202713143666	1.211992942004814	1.0	1.0	2.0
51800000	2.002642843578505	0.16406236549409234	1.0	1.0	2.0
51810000	1.1918528531160542	1.7944342908475128	1.0	1.0	2.0
51820000	0.5511063375887397	0.3738294696280782	1.0	1.0	2.0
51830000	0.38324759060167746	0.778369408853183	1.0	1.0	2.0
51840000	2.4756768079089797	1.4756557334095786	1.0	1.0	2.0
51850000	0.6265912103853165	0.22101083207727212	1.0	1.0	2.0
51860000	1.6029127628825537	1.038232220206048	1.0	1.0	2.0
51870000	1.1341832959469595	0.1791722080186235	1.0	1.0	2.0
51880000	1.1705309231680145	0.8150621425342364	1.0	1.0	2.0
51890000	1.6328426907492293	0.9198979902186598	1.0	1.0	2.0
51900000	2.628948340500592	0.4732092176668539	1.0	1.0	2.0
51910000	2.334229408158663	1.707006871960556	1.0	1.0	2.0
51920000	0.9679060369163307	0.556224319206493	1.0	1.0	2.0
51930000	1.3367478070612229	0.09296948709727122	1.0	1.0	2.0
51940000	1.0708850826399279	1.0052954030705596	1.0	1.0	2.0
51950000	1.4512958376252107	0.7622764291380141	1.0	1.0	2.0
51960000	0.12141335170270243	0.12712213288787774	1.0	1.0	2.0
51970000	0.692516265878003	0.020607415106912996	1.0	1.0	2.0
51980000	0.3307711210831141	0.22637849720213782	1.0	1.0	2.0
51990000	0.7966161979727405	0.4423521997305519	1.0	1.0	2.0
52000000	2.133635640550299	1.0154464465969775	1.0	1.0	2.0
52010000	0.6124850214809373	1.0009778665541964	1.0	1.0	2.0
52020000	1.7701414065087877	0.06900861325624398	1.0	1.0	2.0
52030000	1.7107265748420113	0.17755908570586673	1.0	1.0	2.0
52040000	2.278206785435637	0.26526888804068854	1.0	1.0	2.0
52050000	0.7012254724589732	0.45888778493973575	1.0	1.0	2.0
52060000	1.6466936176361773	0.7466341570223368	1.0	1.0	2.0
52070000	0.9314795610232701	2.153087066941848	1.0	1.0	2.0
52080000	0.8464862827528344	0.9920297454922572	1.0	1.0	2.0
52090000	0.6751951066579601	0.5670014208254116	1.0	1.0	2.0
52100000	1.1347395557930784	0.1389620419705271	1.0	1.0	2.0
52110000	2.9342639839443856	1.5788023933659123	1.0	1.0	2.0
52120000	1.057873957126927	1.0739867706506578	1.0	1.0	2.0
52130000	1.0042018588568435	0.9535561567478782	1.0	1.0	2.0
52140000	0.20530422828634817	0.011434994659306115	1.0	1.0	2.0
52150000	0.31675716354047534	0.09265411325548487	1.0	1.0	2.0
52160000	4.251793616247808	0.6223416036460669	1.0	1.0	2.0
52170000	1.2948308243688613	1.4077709294831373	1.0	1.0	2.0
52180000	1.9326997569955682	0.49562798129733243	1.0	1.0	2.0
52190000	0.381627410000616	0.07556006087646301	1.0	1.0	2.0
52200000	1.867694373344028	0.347712342081218	1.0	1.0	2.0
52210000	0.4762239161223797	0.09571348031796144	1.0	1.0	2.0
52220000	3.942365016190184	0.7997415717621174	1.0	1.0	2.0
52230000	0.8977989358693219	0.1544172308568708	1.0	1.0	2.0
52240000	0.4236790771686835	0.30942824743771113	1.0	1.0	2.0
52250000	0.5828945802495425	1.6028932317527202	1.0	1.0	2.0
52260000	4.635148608577793	0.11629004188818992	1.0	1.0	2.0
52270000	1.523552656888256	0.18931821704932345	1.0	1.0	2.0
52280000	0.5568277854841994	0.018364023713670262	1.0	1.0	2.0
52290000	1.136797366570622	0.21852177067004383	1.0	1.0	2.0
52300000	1.7506281706894027	0.287921100660752	1.0	1.0	2.0
52310000	0.137331019268716	0.716337228710303	1.0	1.0	2.0
52320000	0.3021068592920116	0.131474447107254	1.0	1.0	2.0
52330000	1.0511713030154322	0.2743105096906687	1.0	1.0	2.0
52340000	0.38287118652046775	0.16226488029487543	1.0	1.0	2.0
52350000	0.9703757441456182	0.12684149153017482	1.0	1.0	2.0
52360000	1.0477868279247506	1.3654863212302344	1.0	1.0	2.0
52370000	0.42798323891431433	0.6305462012777211	1.0	1.0	2.0
52380000	1.4177666848502397	0.31971677038483304	1.0	1.0	2.0
52390000	6.347700620348834	0.07913740502186724	1.0	1.0	2.0
52400000	1.3995233336851212	0.053924591905453165	1.0	1.0	2.0
52410000	1.70094854490653	0.4969781342129245	1.0	1.0	2.0
52420000	2.3504015677771672	1.3237316731056792	1.0	1.0	2.0
52430000	0.6555176449463824	0.4955083620765221	1.0	1.0	2.0
52440000	1.036040696314242	0.1784153748943302	1.0	1.0	2.0
52450000	1.1528704881749554	0.9199100224607747	1.0	1.0	2.0
52460000	1.0267800109484768	0.8652699277615052	1.0	1.0	2.0
52470000	1.9283971082274225	2.587314205702788	1.0	1.0	2.0
52480000	3.5081922763237787	0.8869378196478159	1.0	1.0	2.0
52490000	3.002262601371779	0.6368814272427793	1.0	1.0	2.0
52500000	1.772457893980757	0.2362717745710545	1.0	1.0	2.0
52510000	2.8906279183939505	2.285461142303099	1.0	1.0	2.0
52520000	3.0073364021204667	0.550213016975023	1.0	1.0	2.0
52530000	3.6969386400774136	0.590574476009827	1.0	1.0	2.0
52540000	3.8925850794884833	0.21492301554038098	1.0	1.0	2.0
52550000	2.135691334157771	0.43606978543315905	1.0	1.0	2.0
52560000	2.5648720705420684	0.40319220399262035	1.0	1.0	2.0
52570000	0.859606771266233	0.6068499941637406	1.0	1.0	2.0
52580000	2.831157477202782	0.01858336330503809	1.0	1.0	2.0
52590000	0.7794983552889877	1.1476603392455302	1.0	1.0	2.0
52600000	0.4673256865829653	0.48861771306144897	1.0	1.0	2.0
52610000	2.159226009881121	0.08372343051798523	1.0	1.0	2.0
52620000	0.20194559395142245	0.018248638756485688	1.0	1.0	2.0
52630000	0.8306350045295678	1.7274356578104528	1.0	1.0	2.0
52640000	0.22254098977228837	0.33905863703958267	1.0	1.0	2.0
52650000	1.0891693897661863	2.085511641620324	1.0	1.0	2.0
52660000	2.439348847337849	0.1668934639039086	1.0	1.0	2.0
52670000	2.3727070717262038	0.15442143807911543	1.0	1.0	2.0
52680000	1.6587457278452604	0.5334914131575509	1.0	1.0	2.0
52690000	0.8490812052769748	0.4891792837710569	1.0	1.0	2.0
52700000	3.9315569744098062	0.24623952156287426	1.0	1.0	2.0
52710000	0.16159369294670614	0.08798146911318835	1.0	1.0	2.0
52720000	1.2322213868664227	0.49738641731135025	1.0	1.0	2.0
52730000	1.8420893605372644	0.06458288090432811	1.0	1.0	2.0
52740000	1.1487141986148879	0.01140344089669125	1.0	1.0	2.0
52750000	0.10075296601910345	0.15524743572670224	1.0	1.0	2.0
52760000	0.8205063305000299	0.13587237904564795	1.0	1.0	2.0
52770000	0.5565129046575866	0.4287168930585556	1.0	1.0	2.0
52780000	0.4952246559627163	0.07775960193525366	1.0	1.0	2.0
52790000	0.9034070352698511	0.10642439183770651	1.0	1.0	2.0
52800000	1.5979296431790204	0.30267774920689605	1.0	1.0	2.0
52810000	0.5380693637156846	0.3535870027140116	1.0	1.0	2.0
52820000	1.061431747546362	0.03984717871437154	1.0	1.0	2.0
52830000	0.6847458714813551	0.7684709552697103	1.0	1.0	2.0
52840000	0.8054992212907808	0.8995244467560038	1.0	1.0	2.0
52850000	0.6522425856340722	0.19507727492198412	1.0	1.0	2.0
52860000	2.4037187027996407	0.11948187101367545	1.0	1.0	2.0
52870000	3.882163304602689	0.9744562659140674	1.0	1.0	2.0
52880000	1.7936172237223973	0.02976782098186635	1.0	1.0	2.0
52890000	3.030959337845753	0.2653148902377732	1.0	1.0	2.0
52900000	0.17673648005634945	0.8591791097439281	1.0	1.0	2.0
52910000	0.793804543835649	1.5583755521863354	1.0	1.0	2.0
52920000	0.5295449988028728	0.20272823550363447	1.0	1.0	2.0
52930000	0.37664500118402333	0.7769489301814969	1.0	1.0	2.0
52940000	0.27616989115720164	0.08002169715765513	1.0	1.0	2.0
52950000	1.8953832825602526	0.0939460902010615	1.0	1.0	2.0
52960000	0.3959480741525923	0.5440625843616572	1.0	1.0	2.0
52970000	0.7254413543562419	2.0062664711001763	1.0	1.0	2.0
52980000	0.5334062222512587	0.2899480128686346	1.0	1.0	2.0
52990000	1.179892010978871	0.28327666837006044	1.0	1.0	2.0
53000000	0.7946350296745598	0.029387841306785404	1.0	1.0	2.0
53010000	0.1412905578439942	0.06240532613673667	1.0	1.0	2.0
53020000	0.4986554034281217	0.07605048010684988	1.0	1.0	2.0
53030000	0.719998640248062	0.09746159644708809	1.0	1.0	2.0
53040000	0.29122766439244246	0.42597196831547635	1.0	1.0	2.0
53050000	0.37482286661361425	0.3118741840830601	1.0	1.0	2.0
53060000	1.1771724392228333	0.12962554628586426	1.0	1.0	2.0
53070000	1.1247129123423798	0.2725071404697705	1.0	1.0	2.0
53080000	2.1440764528283602	3.371984444335576	1.0	1.0	2.0
53090000	1.056380977851856	0.34698310951223865	1.0	1.0	2.0
53100000	3.412495408805836	0.5710296616163579	1.0	1.0	2.0
53110000	4.453386188395087	0.25561072975620214	1.0	1.0	2.0
53120000	0.8698108307770992	0.03633547165941691	1.0	1.0	2.0
53130000	0.07448552569072503	0.038698802891422523	1.0	1.0	2.0
53140000	0.6195169190472726	0.07644874725742035	1.0	1.0	2.0
53150000	2.7767776887723823	0.3108161705400757	1.0	1.0	2.0
53160000	0.5203491341927552	0.18624185523814263	1.0	1.0	2.0
53170000	0.4819342037258067	0.21733870241088846	1.0	1.0	2.0
53180000	1.2040583812188121	0.11640765037731571	1.0	1.0	2.0
53190000	0.9417601854036304	0.352560626599559	1.0	1.0	2.0
53200000	0.6540415376059863	0.08236215805218336	1.0	1.0	2.0
53210000	0.8533450451876515	0.2835773038332465	1.0	1.0	2.0
53220000	0.988609028593914	0.38195887998264527	1.0	1.0	2.0
53230000	0.3466279795245129	0.7864144225307282	1.0	1.0	2.0
53240000	1.1753553398051138	0.4077054967486986	1.0	1.0	2.0
53250000	0.4443719420003947	0.11522052898932572	1.0	1.0	2.0
53260000	0.38756082180222906	0.02360328477012038	1.0	1.0	2.0
53270000	1.5447589608832955	0.25701111161141643	1.0	1.0	2.0
53280000	1.1657792348245148	0.2631451875428556	1.0	1.0	2.0
53290000	0.7362962842138465	0.656659212727856	1.0	1.0	2.0
53300000	0.5646432544014626	0.24597764157843297	1.0	1.0	2.0
53310000	2.5341915487473976	0.1387309313084822	1.0	1.0	2.0
53320000	0.3783024382390411	1.894943393327282	1.0	1.0	2.0
53330000	0.6647643484915015	1.0658070757193479	1.0	1.0	2.0
53340000	1.2986830374250824	0.13459994060483457	1.0	1.0	2.0
53350000	1.7397196450182126	1.7651475555800746	1.0	1.0	2.0
53360000	2.4332918444387204	1.0603529082477643	1.0	1.0	2.0
53370000	2.6685048005426095	0.8840635887641826	1.0	1.0	2.0
53380000	0.6978310623301794	0.09982210324320423	1.0	1.0	2.0
53390000	0.8165893378929902	1.961156451058958	1.0	1.0	2.0
53400000	1.2798964502466066	0.018816691527827237	1.0	1.0	2.0
53410000	1.7195674209714895	1.4752626389059487	1.0	1.0	2.0
53420000	3.4968150723474247	0.06029188345703729	1.0	1.0	2.0
53430000	1.0550332634112454	1.7944796540924304	1.0	1.0	2.0
53440000	0.8105416183496226	0.2029354161205685	1.0	1.0	2.0
53450000	1.3745298120371805	0.2590071980926544	1.0	1.0	2.0
53460000	1.5027454958806428	0.4846409903030727	1.0	1.0	2.0
53470000	2.30125136312784	1.2637656322357123	1.0	1.0	2.0
53480000	1.5235045620865517	2.250570586035397	1.0	1.0	2.0
53490000	1.3337900512482275	2.0834884330673105	1.0	1.0	2.0
53500000	2.8646750060223347	0.38056322322452396	1.0	1.0	2.0
53510000	1.6530502411415051	0.18915211953637878	1.0	1.0	2.0
53520000	2.09458063170589	0.5166514022874983	1.0	1.0	2.0
53530000	2.3518388618570905	0.42179429810389735	1.0	1.0	2.0
53540000	1.0208842034687695	0.06687755885392453	1.0	1.0	2.0
53550000	0.8566539164956026	0.03558840210645028	1.0	1.0	2.0
53560000	0.7606755561546584	0.3068549193318482	1.0	1.0	2.0
53570000	0.2885291280284529	0.6518012341724102	1.0	1.0	2.0
53580000	0.3650775194281459	0.3834268904024815	1.0	1.0	2.0
53590000	0.4855962648597387	0.18429187392721036	1.0	1.0	2.0
53600000	0.05009151274163755	0.09219080434768902	1.0	1.0	2.0
53610000	1.8958298361955999	0.44328887303104525	1.0	1.0	2.0
53620000	0.2734934052700993	0.39844943235340036	1.0	1.0	2.0
53630000	0.3291809265840491	0.04637231682680868	1.0	1.0	2.0
53640000	1.9012382837621482	0.5197223401609401	1.0	1.0	2.0
53650000	2.5393811120852967	0.5090959319446077	1.0	1.0	2.0
53660000	0.7980454282875448	0.25069321185533633	1.0	1.0	2.0
53670000	0.6700236760460334	0.06288578303123568	1.0	1.0	2.0
53680000	1.6759019981598804	0.7721446859200096	1.0	1.0	2.0
53690000	3.604482021527572	0.251758770195211	1.0	1.0	2.0
53700000	1.1101301594456894	0.4326267512158286	1.0	1.0	2.0
53710000	0.1717258069540794	0.11040292926903228	1.0	1.0	2.0
53720000	0.747230224592332	0.02063090449496428	1.0	1.0	2.0
53730000	0.7667805097624195	0.10689225168145475	1.0	1.0	2.0
53740000	1.803197811559126	0.8447133862241952	1.0	1.0	2.0
53750000	0.9730022343732717	0.05736271395865316	1.0	1.0	2.0
53760000	0.07818031197003825	0.00759416437847904	1.0	1.0	2.0
53770000	1.656125214920623	0.5193755068777274	1.0	1.0	2.0
53780000	2.4449505907785625	1.7387530706576186	1.0	1.0	2.0
53790000	0.8067225156503198	0.41982175616001416	1.0	1.0	2.0
53800000	1.73527431756085	0.4140700829108895	1.0	1.0	2.0
53810000	0.6191991280506531	0.20372304445778788	1.0	1.0	2.0
53820000	0.9136884589017299	1.4495491975622505	1.0	1.0	2.0
53830000	1.271853646502175	0.6573927782167632	1.0	1.0	2.0
53840000	1.3414804114136787	1.20087052824651	1.0	1.0	2.0
53850000	2.1387213221205514	0.46351438779306015	1.0	1.0	2.0
53860000	0.592030464314994	0.6854754843975278	1.0	1.0	2.0
53870000	2.378505189047886	1.1390952685855757	1.0	1.0	2.0
53880000	1.2402110304286156	0.8070609804644475	1.0	1.0	2.0
53890000	0.7694087161627658	0.04386092396022494	1.0	1.0	2.0
53900000	1.2552305658724223	0.1211657798751264	1.0	1.0	2.0
53910000	0.33815937235242427	0.5829080038746738	1.0	1.0	2.0
53920000	0.8443321781603815	0.9810119742086741	1.0	1.0	2.0
53930000	1.192780240896432	0.3226789671117987	1.0	1.0	2.0
53940000	0.6346920220155775	0.1805308405808113	1.0	1.0	2.0
53950000	1.1982631931257945	0.17605421424514064	1.0	1.0	2.0
53960000	1.1973405181439063	0.733281571683375	1.0	1.0	2.0
53970000	1.5606261555005043	2.6315910412780816	1.0	1.0	2.0
53980000	2.291561254089571	2.92836429067612	1.0	1.0	2.0
53990000	0.9420160184116465	1.690592294977178	1.0	1.0	2.0
54000000	2.6561177022343996	1.0056632453421626	1.0	1.0	2.0
54010000	1.0618470656510806	0.6280448503959326	1.0	1.0	2.0
54020000	0.28643448709462505	0.10267007662534039	1.0	1.0	2.0
54030000	1.1232073203687207	0.12001430979488785	1.0	1.0	2.0
54040000	3.2103191984028165	2.102541901935216	1.0	1.0	2.0
54050000	0.7023821082214341	0.8169183622314089	1.0	1.0	2.0
54060000	0.890637164888211	1.3767748337715802	1.0	1.0	2.0
54070000	1.2627740575025195	0.6549126384765902	1.0	1.0	2.0
54080000	0.07917937009188189	0.11015465406146309	1.0	1.0	2.0
54090000	0.792496737930335	0.44349739630440893	1.0	1.0	2.0
54100000	1.0163122078704527	0.9551228846666624	1.0	1.0	2.0
54110000	0.8573681067394818	0.057351391490648454	1.0	1.0	2.0
54120000	0.44098277512930323	0.13736263760651526	1.0	1.0	2.0
54130000	1.1647518371782826	0.724319024977006	1.0	1.0	2.0
54140000	1.7905533791719896	0.3944993792624418	1.0	1.0	2.0
54150000	1.2987884993959586	1.2545448312793974	1.0	1.0	2.0
54160000	0.23420578579759344	0.1947289013694402	1.0	1.0	2.0
54170000	2.0081603840096918	0.3340045323604735	1.0	1.0	2.0
54180000	0.8076869852494255	0.35169061642332206	1.0	1.0	2.0
54190000	1.1979091837928562	0.17133782279525125	1.0	1.0	2.0
54200000	1.3419948199325176	1.0009608081932553	1.0	1.0	2.0
54210000	0.6863766157888197	0.5235590617102627	1.0	1.0	2.0
54220000	1.5806616181596085	0.10396188648258169	1.0	1.0	2.0
54230000	1.9674346196153987	4.01879436027342	1.0	1.0	2.0
54240000	0.09682030636510378	0.003126397580433102	1.0	1.0	2.0
54250000	0.41784986910801797	0.12038026704525485	1.0	1.0	2.0
54260000	0.8930749214983167	0.8758010195845473	1.0	1.0	2.0
54270000	1.3936115846843553	0.08826239368979798	1.0	1.0	2.0
54280000	1.8970913498915722	0.7888064102924046	1.0	1.0	2.0
54290000	0.5382771554851259	0.8099503344284041	1.0	1.0	2.0
54300000	1.8896437850039778	0.7123508993522925	1.0	1.0	2.0
54310000	1.5254483877686384	0.5701962134281354	1.0	1.0	2.0
54320000	1.4036909908997195	0.8557994341059767	1.0	1.0	2.0
54330000	3.4067375817679744	0.20718365012310383	1.0	1.0	2.0
54340000	0.6498944288808929	0.7468151952953335	1.0	1.0	2.0
54350000	1.9275946342290824	0.37037848015974817	1.0	1.0	2.0
54360000	0.37529580592400275	0.35347385735229986	1.0	1.0	2.0
54370000	1.840410027870735	1.4431716518661013	1.0	1.0	2.0
54380000	0.41914303180957097	0.12089755207480547	1.0	1.0	2.0
54390000	0.7305130117376184	1.2005558923589938	1.0	1.0	2.0
54400000	0.7454193180123682	0.07750889479549442	1.0	1.0	2.0
54410000	0.6516747529461051	1.3466787039172246	1.0	1.0	2.0
54420000	0.8963861981030745	0.9734079111936553	1.0	1.0	2.0
54430000	1.5976982489267995	0.17173643897688712	1.0	1.0	2.0
54440000	2.7394347233751843	0.04831090170070178	1.0	1.0	2.0
54450000	0.7305234250782988	1.1440463948364255	1.0	1.0	2.0
54460000	1.3282872212133605	0.9301452521199012	1.0	1.0	2.0
54470000	0.6831333606054578	2.159577338438488	1.0	1.0	2.0
54480000	1.9911430384444389	0.07316587556293293	1.0	1.0	2.0
54490000	1.2243029913305998	0.7357165675621345	1.0	1.0	2.0
54500000	0.8906408111708825	0.07205628266566867	1.0	1.0	2.0
54510000	0.7840867956609374	0.002930283733794749	1.0	1.0	2.0
54520000	4.503084520833435	0.5434894038848699	1.0	1.0	2.0
54530000	3.5621023506893206	0.4658192332993874	1.0	1.0	2.0
54540000	3.0285789115754347	0.3737961711328932	1.0	1.0	2.0
54550000	2.471881747677573	0.1256927766447231	1.0	1.0	2.0
54560000	2.750758184444608	0.09238134049461959	1.0	1.0	2.0
54570000	4.768785463902489	0.017052140384184757	1.0	1.0	2.0
54580000	1.2396658498533337	0.16121783255890113	1.0	1.0	2.0
54590000	1.5547946940139632	0.14622249097506912	1.0	1.0	2.0
54600000	0.4233919296911322	0.25729762060477124	1.0	1.0	2.0
54610000	1.780051714985168	0.25828045958950646	1.0	1.0	2.0
54620000	0.6090700797606763	0.02079682438375444	1.0	1.0	2.0
54630000	1.8081268313720005	0.6537310516519359	1.0	1.0	2.0
54640000	1.6863822283366838	0.7620405349361953	1.0	1.0	2.0
54650000	1.6293648040886324	1.6536574525846461	1.0	1.0	2.0
54660000	0.1763914734540807	0.015613106131923127	1.0	1.0	2.0
54670000	1.4617885278310605	0.6398215951238811	1.0	1.0	2.0
54680000	0.6932022406122927	0.6120670382810086	1.0	1.0	2.0
54690000	0.7007790287202933	0.02154878535873727	1.0	1.0	2.0
54700000	1.2981785627074576	0.16596969521766142	1.0	1.0	2.0
54710000	1.5164187286198438	0.2505059923633738	1.0	1.0	2.0
54720000	1.0375399244250714	1.5903694003391342	1.0	1.0	2.0
54730000	0.19389571701618144	0.0034107690173418572	1.0	1.0	2.0
54740000	1.477497355821496	0.2101192433025475	1.0	1.0	2.0
54750000	1.3733474382997028	0.18611943602451758	1.0	1.0	2.0
54760000	1.8865284049626698	0.21159094750912638	1.0	1.0	2.0
54770000	1.8036829824980634	0.23038664401905035	1.0	1.0	2.0
54780000	0.7500464946023223	1.0093923486899699	1.0	1.0	2.0
54790000	4.363482870392524	0.7318960393213573	1.0	1.0	2.0
54800000	0.456965910128164	0.3582322711919837	1.0	1.0	2.0
54810000	1.6984949851408084	0.7304127095474291	1.0	1.0	2.0
54820000	7.512102431546078	0.9898248258778555	1.0	1.0	2.0
54830000	1.848879939988862	0.16359462912653644	1.0	1.0	2.0
54840000	1.079131794522168	0.36417509559907374	1.0	1.0	2.0
54850000	0.45766853035530036	0.23185208710567323	1.0	1.0	2.0
54860000	0.5222045074863227	0.5137121863058155	1.0	1.0	2.0
54870000	1.6792709129912782	1.137933927935397	1.0	1.0	2.0
54880000	0.12490757567850265	0.06853485341447055	1.0	1.0	2.0
54890000	1.0448910090213268	0.41599621993661723	1.0	1.0	2.0
54900000	1.1177863129589158	0.41206507254116054	1.0	1.0	2.0
54910000	0.735999418101674	0.30170049330730714	1.0	1.0	2.0
54920000	2.1464658459298382	1.6863150266132618	1.0	1.0	2.0
54930000	2.063679691864207	0.22717807022309275	1.0	1.0	2.0
54940000	0.587660154893606	0.7123362266738618	1.0	1.0	2.0
54950000	0.03882033736480839	0.025796868394959375	1.0	1.0	2.0
54960000	2.70759464957973	0.9452723336863246	1.0	1.0	2.0
54970000	1.6600310023199092	1.3619380501946654	1.0	1.0	2.0
54980000	0.6452830541197987	0.7413548756830102	1.0	1.0	2.0
54990000	0.746627451668217	0.3421248045252145	1.0	1.0	2.0
55000000	0.79372719148137	0.10809489324099572	1.0	1.0	2.0
55010000	1.1772546928667302	0.23497772481791976	1.0	1.0	2.0
55020000	0.7555230700536946	0.7010201066531744	1.0	1.0	2.0
55030000	1.8418734612286032	1.5136079789627788	1.0	1.0	2.0
55040000	3.543017410113999	1.0408215665083225	1.0	1.0	2.0
55050000	1.465872082086416	0.6561997593567892	1.0	1.0	2.0
55060000	1.7012528004616487	0.14284693940790938	1.0	1.0	2.0
55070000	3.0598759379534517	1.270812870437062	1.0	1.0	2.0
55080000	2.000848444710492	2.0863807023777805	1.0	1.0	2.0
55090000	0.22400859339091436	0.49194392783648677	1.0	1.0	2.0
55100000	3.031993196086233	1.018347391941737	1.0	1.0	2.0
55110000	2.513119127754604	0.4594619815236552	1.0	1.0	2.0
55120000	1.278382294919646	0.432762120978857	1.0	1.0	2.0
55130000	0.9272352813292168	0.2333583043680798	1.0	1.0	2.0
55140000	0.5957994887281033	0.08846075731736777	1.0	1.0	2.0
55150000	1.6031552059875174	0.231191565973107	1.0	1.0	2.0
55160000	1.2831373132405839	0.31345816276372346	1.0	1.0	2.0
55170000	0.8043490643638879	0.1616830274910408	1.0	1.0	2.0
55180000	0.2153622071143315	0.04431790915232682	1.0	1.0	2.0
55190000	2.6800382365962716	0.10171395089771244	1.0	1.0	2.0
55200000	0.4737294791735331	0.06791865441413766	1.0	1.0	2.0
55210000	1.9545808591050229	0.7262748318707873	1.0	1.0	2.0
55220000	0.5700865296372093	0.5488105638466281	1.0	1.0	2.0
55230000	0.3097578839321723	0.5561588195131594	1.0	1.0	2.0
55240000	0.09770351909241357	0.09185446958653129	1.0	1.0	2.0
55250000	1.0881573066394008	1.0653804108104692	1.0	1.0	2.0
55260000	1.20586142678516	0.7289085631294089	1.0	1.0	2.0
55270000	2.9403039481076294	0.05898635947696431	1.0	1.0	2.0
55280000	0.9363542960688553	0.06115229280084984	1.0	1.0	2.0
55290000	2.350222164865323	0.14581392116792058	1.0	1.0	2.0
55300000	0.6791586799809788	1.0094473060876974	1.0	1.0	2.0
55310000	1.7293437203136328	0.011391984841000022	1.0	1.0	2.0
55320000	0.432580961767261	0.13700890957478684	1.0	1.0	2.0
55330000	3.9799017025421115	0.12961492374636685	1.0	1.0	2.0
55340000	0.8714660062123096	0.9451960723195982	1.0	1.0	2.0
55350000	3.609315403217109	0.6956353967080567	1.0	1.0	2.0
55360000	0.32220631830441476	0.38800083696568727	1.0	1.0	2.0
55370000	3.1606499268421704	2.574619599383006	1.0	1.0	2.0
55380000	0.5236017914530816	1.1419875622649038	1.0	1.0	2.0
55390000	0.8618548145654318	1.5325249284795641	1.0	1.0	2.0
55400000	0.23270535638876055	0.027556141906178517	1.0	1.0	2.0
55410000	0.8596355780952016	0.2532405238088911	1.0	1.0	2.0
55420000	1.2626441039695948	0.303566853371597	1.0	1.0	2.0
55430000	2.6538845221899616	0.26801327929156726	1.0	1.0	2.0
55440000	0.6540880865371095	1.040684610643017	1.0	1.0	2.0
55450000	0.26534607998589366	0.3053915199401394	1.0	1.0	2.0
55460000	3.6170704163777865	0.9022309256214014	1.0	1.0	2.0
55470000	0.6195201049973921	0.6190857705222046	1.0	1.0	2.0
55480000	1.087234143270522	0.5959193042933173	1.0	1.0	2.0
55490000	0.18610943088556167	0.2725265588333382	1.0	1.0	2.0
55500000	1.9103946087474504	2.7806400227798167	1.0	1.0	2.0
55510000	1.0905861850492213	0.12785042837420654	1.0	1.0	2.0
55520000	0.20795152349899684	0.135881797179964	1.0	1.0	2.0
55530000	3.8774047143492014	0.3279751431735585	1.0	1.0	2.0
55540000	2.161202761420563	0.16271161537460957	1.0	1.0	2.0
55550000	1.040685644684378	0.8082707867836605	1.0	1.0	2.0
55560000	1.198757817595518	0.39655323868860753	1.0	1.0	2.0
55570000	0.0816144876140572	0.1690298473676611	1.0	1.0	2.0
55580000	0.8195179084373568	1.1110108306621007	1.0	1.0	2.0
55590000	1.2933173665591726	1.800171591655753	1.0	1.0	2.0
55600000	0.42527697512993656	0.17953538098186167	1.0	1.0	2.0
55610000	1.375707607114092	0.04686093133890875	1.0	1.0	2.0
55620000	0.6814496429925782	0.6332921414737205	1.0	1.0	2.0
55630000	0.2257515964897919	0.06515406295717452	1.0	1.0	2.0
55640000	1.2454776848671467	1.336341809690977	1.0	1.0	2.0
55650000	2.7579070474550567	0.4804743161880277	1.0	1.0	2.0
55660000	0.3453305456569022	0.11291059979041258	1.0	1.0	2.0
55670000	0.9397167269904825	1.3027247300691704	1.0	1.0	2.0
55680000	1.1497847796991136	0.15392714680772146	1.0	1.0	2.0
55690000	0.9616088942421661	1.005662267086965	1.0	1.0	2.0
55700000	0.5293845010727724	0.47507881230001137	1.0	1.0	2.0
55710000	0.12764112756054613	0.17248290466668906	1.0	1.0	2.0
55720000	0.25379724867738246	0.22410655565066273	1.0	1.0	2.0
55730000	1.7925706327258908	0.6752382603401207	1.0	1.0	2.0
55740000	0.38050633557342284	1.4644952858720972	1.0	1.0	2.0
55750000	1.3404700059198318	0.8479739618637013	1.0	1.0	2.0
55760000	1.8910005455061965	0.1564899450605856	1.0	1.0	2.0
55770000	2.4786888742025988	1.780384597003248	1.0	1.0	2.0
55780000	1.048145696145617	0.5961858224988446	1.0	1.0	2.0
55790000	0.235862336529773	0.27020137878149897	1.0	1.0	2.0
55800000	0.4957338939815265	0.3564488157792122	1.0	1.0	2.0
55810000	1.6352803813169496	0.11155512481156092	1.0	1.0	2.0
55820000	2.076341529614992	0.13478984274355293	1.0	1.0	2.0
55830000	0.7423562950693378	0.36851464330900463	1.0	1.0	2.0
55840000	1.8769317498147382	0.7093909589267371	1.0	1.0	2.0
55850000	3.9701347501975595	0.5414319141669997	1.0	1.0	2.0
55860000	0.7132311301869585	0.3838954997613817	1.0	1.0	2.0
55870000	2.0514210894280205	1.3757996805889965	1.0	1.0	2.0
55880000	0.8832400120707293	0.40925441135772184	1.0	1.0	2.0
55890000	1.8558492594088665	0.7591557611589631	1.0	1.0	2.0
55900000	0.8508344250967196	0.15406087018726508	1.0	1.0	2.0
55910000	0.5953179967267764	0.1655278013945117	1.0	1.0	2.0
55920000	0.718051196080988	4.838188378433137	1.0	1.0	2.0
55930000	0.22216894402676599	0.36797247430864743	1.0	1.0	2.0
55940000	4.565103500801	0.4736124135449591	1.0	1.0	2.0
55950000	2.017355209557349	1.1467122086827912	1.0	1.0	2.0
55960000	0.13679420605719117	0.22683127479928725	1.0	1.0	2.0
55970000	0.26922650015725946	0.08917098996532503	1.0	1.0	2.0
55980000	1.1835749216642217	1.9983919560872214	1.0	1.0	2.0
55990000	1.4873693804461368	0.2561818657056908	1.0	1.0	2.0
56000000	0.7359573048364659	0.8414576693248333	1.0	1.0	2.0
56010000	0.8531563796272426	0.4279631026219306	1.0	1.0	2.0
56020000	0.8714264466436094	0.8855121755659954	1.0	1.0	2.0
56030000	2.9088128345923403	0.7062304563509291	1.0	1.0	2.0
56040000	3.065791175120927	0.9181102657545264	1.0	1.0	2.0
56050000	0.5358835846051979	0.33946729057926905	1.0	1.0	2.0
56060000	1.2253016554186331	0.49977279569853605	1.0	1.0	2.0
56070000	1.0797785217496882	0.4445840192432013	1.0	1.0	2.0
56080000	0.07888641088564889	0.0921330593408309	1.0	1.0	2.0
56090000	0.15060562281323514	0.019097949744560166	1.0	1.0	2.0
56100000	0.3986998534701685	0.1198313153427714	1.0	1.0	2.0
56110000	2.6727808311659578	0.4305558126967613	1.0	1.0	2.0
56120000	1.842699229943246	0.9654345322017139	1.0	1.0	2.0
56130000	0.5716812785689647	0.026267784528251195	1.0	1.0	2.0
56140000	0.354185110754564	0.5100537308902452	1.0	1.0	2.0
56150000	4.122177557102985	0.6754193697216891	1.0	1.0	2.0
56160000	0.8189236796470156	0.8755950354638515	1.0	1.0	2.0
56170000	0.6092771281862782	0.09467467429656323	1.0	1.0	2.0
56180000	0.7872332662398472	0.0778834740428135	1.0	1.0	2.0
56190000	0.40133951796045514	0.8865010010418602	1.0	1.0	2.0
56200000	0.32607078851734295	0.008379680949358112	1.0	1.0	2.0
56210000	3.544867864789637	0.5277123119783774	1.0	1.0	2.0
56220000	1.3521295943815252	0.32410945672251634	1.0	1.0	2.0
56230000	1.2010038177314573	0.05418820945390545	1.0	1.0	2.0
56240000	1.104290122281405	0.035313682006241034	1.0	1.0	2.0
56250000	0.32897748552896033	1.139695909842223	1.0	1.0	2.0
56260000	0.5991407428075182	0.44756465375847404	1.0	1.0	2.0
56270000	3.8757637418927153	1.7683965273819706	1.0	1.0	2.0
56280000	2.0197964103696653	0.3612525350666199	1.0	1.0	2.0
56290000	1.5989764315198935	0.48473807763985566	1.0	1.0	2.0
56300000	4.961304400479511	0.6405556805291501	1.0	1.0	2.0
56310000	1.4965636175328545	0.18075529388143197	1.0	1.0	2.0
56320000	1.8109843978414986	0.11335529638015857	1.0	1.0	2.0
56330000	0.9022260934944949	0.7470362335236858	1.0	1.0	2.0
56340000	3.3110229502245385	0.316863916887346	1.0	1.0	2.0
56350000	0.5277458039077708	0.2903340532368319	1.0	1.0	2.0
56360000	0.5908683392077526	0.1677601547803922	1.0	1.0	2.0
56370000	4.905478759558371	0.04599634521850797	1.0	1.0	2.0
56380000	1.6026911205688343	0.1712434884750859	1.0	1.0	2.0
56390000	1.880745213707631	0.41927530448178524	1.0	1.0	2.0
56400000	0.9118772169167428	1.1089741328723655	1.0	1.0	2.0
56410000	1.7337552486458807	0.24875246491551536	1.0	1.0	2.0
56420000	1.0116854584105768	0.164166635796488	1.0	1.0	2.0
56430000	0.27759484662007117	0.40756854813547516	1.0	1.0	2.0
56440000	2.193672149753895	0.17784608419847017	1.0	1.0	2.0
56450000	0.1864977277051638	0.5439949414577121	1.0	1.0	2.0
56460000	0.33721289458645703	0.20066627611335183	1.0	1.0	2.0
56470000	0.21301726092398585	0.04519893800799628	1.0	1.0	2.0
56480000	0.9348752146017378	0.24458063717897302	1.0	1.0	2.0
56490000	2.58586584322897	0.4251064497638937	1.0	1.0	2.0
56500000	1.5356204996532508	2.5301837737029613	1.0	1.0	2.0
56510000	0.5934420846060873	0.4134272312573911	1.0	1.0	2.0
56520000	0.687867852069977	0.27715586470074954	1.0	1.0	2.0
56530000	1.848741174156768	0.307899039484781	1.0	1.0	2.0
56540000	1.5494342320515868	0.3351277141594432	1.0	1.0	2.0
56550000	0.9754444801187756	0.019631857156453623	1.0	1.0	2.0
56560000	0.16840292759525852	0.06925296372239106	1.0	1.0	2.0
56570000	1.3658459088038435	1.462506635477034	1.0	1.0	2.0
56580000	0.7529836671539787	1.6517554147395384	1.0	1.0	2.0
56590000	0.3778340702497161	0.16861282195675023	1.0	1.0	2.0
56600000	0.9837261194227291	1.9236650584058776	1.0	1.0	2.0
56610000	1.1345010152699786	0.4572264744390626	1.0	1.0	2.0
56620000	0.7995113922636781	0.047446296023150085	1.0	1.0	2.0
56630000	0.45148700451046386	0.11122891382075104	1.0	1.0	2.0
56640000	0.9768337588267237	0.22117504566910665	1.0	1.0	2.0
56650000	1.212466343359312	0.23065288588764474	1.0	1.0	2.0
56660000	3.924490705671141	1.302488471962142	1.0	1.0	2.0
56670000	1.2399687364295842	1.2133105855443702	1.0	1.0	2.0
56680000	3.504064631385018	0.298524481236263	1.0	1.0	2.0
56690000	0.39324604904074467	0.03728643486500449	1.0	1.0	2.0
56700000	1.5304529159691593	0.632531646362692	1.0	1.0	2.0
56710000	4.218821667320228	0.5292785817760213	1.0	1.0	2.0
56720000	1.5477980095701152	0.9261637854742684	1.0	1.0	2.0
56730000	0.45954438580227325	1.3261450094220755	1.0	1.0	2.0
56740000	0.7477342417175765	0.4252607652815624	1.0	1.0	2.0
56750000	1.2789560546139542	1.1019387225278245	1.0	1.0	2.0
56760000	1.1093841360002004	0.0703397259338001	1.0	1.0	2.0
56770000	1.0340684667691675	0.47267143632498737	1.0	1.0	2.0
56780000	1.2684520664459746	0.22260668802280717	1.0	1.0	2.0
56790000	2.7589608843492446	2.3024618510615733	1.0	1.0	2.0
56800000	1.0254913946019506	2.8869005487820205	1.0	1.0	2.0
56810000	2.1457953063090947	0.2600053601534619	1.0	1.0	2.0
56820000	0.4891185559725304	0.37232545672744277	1.0	1.0	2.0
56830000	0.7960129426397207	0.1541042581927838	1.0	1.0	2.0
56840000	1.3382953033666063	1.481065885874101	1.0	1.0	2.0
56850000	1.4129288597581982	0.2479216853510488	1.0	1.0	2.0
56860000	3.2305494855407595	1.3519809952614292	1.0	1.0	2.0
56870000	1.0970067773585737	0.4869581286133677	1.0	1.0	2.0
56880000	0.4192600031909719	0.04846966570072946	1.0	1.0	2.0
56890000	1.2148925709113394	0.11937511299039498	1.0	1.0	2.0
56900000	1.2013589625138645	0.6133604124257375	1.0	1.0	2.0
56910000	0.5807619618976416	0.0687663934475101	1.0	1.0	2.0
56920000	3.7863147190721174	0.1269828776763345	1.0	1.0	2.0
56930000	0.15585332871225221	0.18351679983040634	1.0	1.0	2.0
56940000	0.779724116346356	0.1613898137307217	1.0	1.0	2.0
56950000	1.802850932553775	0.09791313902313822	1.0	1.0	2.0
56960000	1.0817297492118656	0.36237036147522894	1.0	1.0	2.0
56970000	1.2598921925284732	0.1853503520448356	1.0	1.0	2.0
56980000	0.4263471670934886	0.00964021517812535	1.0	1.0	2.0
56990000	1.0367569350351644	1.0444575086757113	1.0	1.0	2.0
57000000	1.233144430273334	0.07261798619065563	1.0	1.0	2.0
57010000	0.7171815724095617	1.2490141497146963	1.0	1.0	2.0
57020000	1.6338976855320104	1.523076585472524	1.0	1.0	2.0
57030000	0.951907680843768	1.4955481720995536	1.0	1.0	2.0
57040000	1.24535542892729	0.20317061933636202	1.0	1.0	2.0
57050000	0.3686491431175681	0.2022790172713293	1.0	1.0	2.0
57060000	0.35105986394298616	0.6085249901401546	1.0	1.0	2.0
57070000	1.7916940280579488	0.7950688007608931	1.0	1.0	2.0
57080000	0.9117362073403524	0.004159393276183881	1.0	1.0	2.0
57090000	1.0955175719656387	0.255835538161238	1.0	1.0	2.0
57100000	0.5196444459403381	0.25965527103878444	1.0	1.0	2.0
57110000	0.6823122941090994	2.3524648901192395	1.0	1.0	2.0
57120000	0.14003773441061995	0.14045048009316424	1.0	1.0	2.0
57130000	0.7192983285035407	0.36667655276505257	1.0	1.0	2.0
57140000	0.5682969810701683	9.257492103269419E-4	1.0	1.0	2.0
57150000	2.044406456388457	0.14447889511022965	1.0	1.0	2.0
57160000	0.38751290292264406	0.03933759575468717	1.0	1.0	2.0
57170000	0.9444993579133522	0.3307899632188302	1.0	1.0	2.0
57180000	4.284691525516939	1.2098548400271847	1.0	1.0	2.0
57190000	1.81813882862354	0.3245744522264902	1.0	1.0	2.0
57200000	0.30178205537832264	0.07442927831824828	1.0	1.0	2.0
57210000	0.8693028417747329	0.05235422825984189	1.0	1.0	2.0
57220000	2.962447249434637	0.35851717807624073	1.0	1.0	2.0
57230000	1.2590226445198995	0.696053058118631	1.0	1.0	2.0
57240000	2.223665897297889	1.1537992150484937	1.0	1.0	2.0
57250000	1.4943483335457874	0.8569116065549036	1.0	1.0	2.0
57260000	1.1934257743136412	0.2972510362791983	1.0	1.0	2.0
57270000	0.5881713836493613	0.17484713012005723	1.0	1.0	2.0
57280000	0.07391949499658682	0.10740111422082918	1.0	1.0	2.0
57290000	0.8122488564554059	0.6234902572614502	1.0	1.0	2.0
57300000	0.628064819017953	0.04103821484333888	1.0	1.0	2.0
57310000	0.9211488588289057	0.4717149955782371	1.0	1.0	2.0
57320000	0.6025411593584776	0.29452739147787504	1.0	1.0	2.0
57330000	0.755268797525737	0.6623255400362412	1.0	1.0	2.0
57340000	0.6400950469446446	0.13945833548494582	1.0	1.0	2.0
57350000	0.40745531716166156	0.2584171110657308	1.0	1.0	2.0
57360000	0.19934343827812645	0.14512211942003306	1.0	1.0	2.0
57370000	0.2294031125250267	0.41975151167904245	1.0	1.0	2.0
57380000	2.211718903460608	0.4783197344133641	1.0	1.0	2.0
57390000	2.7187543502514395	0.47832859179065634	1.0	1.0	2.0
57400000	3.779880798531052	0.799053630975484	1.0	1.0	2.0
57410000	0.37736128709325223	0.6049501933031535	1.0	1.0	2.0
57420000	0.827451906508492	0.019921078954479338	1.0	1.0	2.0
57430000	2.9265815017070693	0.3807015018500567	1.0	1.0	2.0
57440000	2.848943822853415	1.825791790377824	1.0	1.0	2.0
57450000	0.8234987817463268	0.13025613452801352	1.0	1.0	2.0
57460000	3.437047631466114	0.3603376189872977	1.0	1.0	2.0
57470000	0.5140872925564212	0.5651803508081342	1.0	1.0	2.0
57480000	0.13303439838638856	0.0906402151821853	1.0	1.0	2.0
57490000	2.295831973090551	0.6752256787336417	1.0	1.0	2.0
57500000	1.4140115094029226	0.7233612802692279	1.0	1.0	2.0
57510000	1.6146350547372594	0.8660205720848471	1.0	1.0	2.0
57520000	1.1212445911517588	0.12812495202360322	1.0	1.0	2.0
57530000	0.38772997180406144	0.03371035568008249	1.0	1.0	2.0
57540000	0.8649784062647171	1.5135111064229336	1.0	1.0	2.0
57550000	0.5671625109712489	0.8250051203972327	1.0	1.0	2.0
57560000	0.6294499503707335	0.9068533722886218	1.0	1.0	2.0
57570000	2.983771671857664	0.3691965083520822	1.0	1.0	2.0
57580000	2.964696544476907	0.6761304533460256	1.0	1.0	2.0
57590000	0.38968864943496356	0.7076649746886831	1.0	1.0	2.0
57600000	0.20276429741139976	0.5472404755294847	1.0	1.0	2.0
57610000	1.983366619718331	0.7204311124365361	1.0	1.0	2.0
57620000	1.3811812116198507	0.34110890743889677	1.0	1.0	2.0
57630000	0.43432967248871424	0.13552214379546443	1.0	1.0	2.0
57640000	0.18128061114870686	0.05722387887809473	1.0	1.0	2.0
57650000	0.03001712196865963	0.03723489985201537	1.0	1.0	2.0
57660000	0.40185830381091064	0.17303268184100903	1.0	1.0	2.0
57670000	0.47787696333566804	0.5005788422279176	1.0	1.0	2.0
57680000	2.314280397038276	0.9545687820461348	1.0	1.0	2.0
57690000	1.2491737692901477	0.026544495992568695	1.0	1.0	2.0
57700000	1.4543587404111802	0.06674932099469726	1.0	1.0	2.0
57710000	2.235467557053379	2.200017872003537	1.0	1.0	2.0
57720000	1.0017310811193567	1.1683718010049702	1.0	1.0	2.0
57730000	1.1824758022152704	0.5073281022169666	1.0	1.0	2.0
57740000	3.0735479894529654	0.952165586942713	1.0	1.0	2.0
57750000	0.4651087936396507	1.7734652570400748	1.0	1.0	2.0
57760000	0.1520002507088999	0.10550751108014257	1.0	1.0	2.0
57770000	0.07008018583294352	0.060798347439044845	1.0	1.0	2.0
57780000	0.2457637347839559	0.12651371711498532	1.0	1.0	2.0
57790000	0.36891421624801257	0.7558646469242792	1.0	1.0	2.0
57800000	2.6853777478690417	1.3807369515098382	1.0	1.0	2.0
57810000	1.4590863730387555	0.4289304759624593	1.0	1.0	2.0
57820000	0.3406525064206749	0.37618741375416004	1.0	1.0	2.0
57830000	1.034715174089096	0.6050214779473635	1.0	1.0	2.0
57840000	0.3717939095864556	0.0852762462115981	1.0	1.0	2.0
57850000	1.3909570954118544	0.903077035936368	1.0	1.0	2.0
57860000	1.2280120151277287	0.25290588678711995	1.0	1.0	2.0
57870000	0.19000593325506665	0.10311904173410992	1.0	1.0	2.0
57880000	1.1041075386671486	0.4045404933701017	1.0	1.0	2.0
57890000	0.9581297982362077	0.12212652731452402	1.0	1.0	2.0
57900000	1.6710799220529542	0.004948069000549568	1.0	1.0	2.0
57910000	0.7411049299731177	0.3324712106249344	1.0	1.0	2.0
57920000	0.6603718459268026	0.011378872823939082	1.0	1.0	2.0
57930000	0.47565841114867197	1.994421875654721	1.0	1.0	2.0
57940000	0.8653992550751148	0.45359382951499627	1.0	1.0	2.0
57950000	1.4261525970038569	0.7435795985331345	1.0	1.0	2.0
57960000	1.7059256891092063	0.5407112460100779	1.0	1.0	2.0
57970000	0.9145902768946099	0.07855117753705965	1.0	1.0	2.0
57980000	2.564133695507018	0.3896034455532918	1.0	1.0	2.0
57990000	0.2645014169382235	0.5012005141835171	1.0	1.0	2.0
58000000	0.8223336163861698	0.0014690236816415725	1.0	1.0	2.0
58010000	0.548326441349861	0.8783686965621624	1.0	1.0	2.0
58020000	0.44723397034641016	0.21909166081835557	1.0	1.0	2.0
58030000	2.7760978096903655	1.736188419468043	1.0	1.0	2.0
58040000	1.8378343000851316	0.24914739365999575	1.0	1.0	2.0
58050000	1.7724063180992389	0.2635101745925954	1.0	1.0	2.0
58060000	1.5280568436251571	0.4543265202170137	1.0	1.0	2.0
58070000	0.4276437138573479	0.018229585604195683	1.0	1.0	2.0
58080000	1.0065211734583408	0.4090435312538303	1.0	1.0	2.0
58090000	1.0866627708615386	0.2624035815951811	1.0	1.0	2.0
58100000	1.2827758202483401	0.9117305335679536	1.0	1.0	2.0
58110000	1.1887607456105411	0.33125186172480103	1.0	1.0	2.0
58120000	0.718028829482435	0.06197336928173031	1.0	1.0	2.0
58130000	0.472576633773377	0.7381595589681298	1.0	1.0	2.0
58140000	1.4974441767867392	0.8885645296118819	1.0	1.0	2.0
58150000	3.013403859190488	1.4987964885749012	1.0	1.0	2.0
58160000	0.16217653513888994	0.056106380870109406	1.0	1.0	2.0
58170000	0.23104250979033228	0.5949585874930182	1.0	1.0	2.0
58180000	0.9633125432254044	0.29973997156639043	1.0	1.0	2.0
58190000	0.2737002096205549	0.08196695564741205	1.0	1.0	2.0
58200000	1.4967651962053619	1.4647481051494742	1.0	1.0	2.0
58210000	0.3365869521559984	7.207496064576561E-4	1.0	1.0	2.0
58220000	7.386630207384092	0.7509406238807309	1.0	1.0	2.0
58230000	1.3271872675756105	0.6246448001111414	1.0	1.0	2.0
58240000	1.2079830696537524	0.2801941174103548	1.0	1.0	2.0
58250000	1.052436569993068	0.5476921746836261	1.0	1.0	2.0
58260000	1.7494416425349582	0.13891042751915844	1.0	1.0	2.0
58270000	2.467381374028615	3.49827366233523	1.0	1.0	2.0
58280000	1.251115805624189	0.28236665932746075	1.0	1.0	2.0
58290000	0.7232293387905395	0.37116582905990964	1.0	1.0	2.0
58300000	3.860966329037763	0.09935497338752346	1.0	1.0	2.0
58310000	0.912395065018595	0.7395593476854133	1.0	1.0	2.0
58320000	0.3452518398427033	0.21098119722509323	1.0	1.0	2.0
58330000	0.8266446386502923	0.1559356676940726	1.0	1.0	2.0
58340000	0.6239750085277903	0.07144561590429288	1.0	1.0	2.0
58350000	0.7660894047859059	0.1824029262629514	1.0	1.0	2.0
58360000	1.0187561908627512	0.9501249002707624	1.0	1.0	2.0
58370000	1.3120939186404024	0.12488226631154539	1.0	1.0	2.0
58380000	1.744616922003305	0.2685087354363132	1.0	1.0	2.0
58390000	0.4971022950489895	0.18038978264911734	1.0	1.0	2.0
58400000	0.28339032088675575	0.4378465004897902	1.0	1.0	2.0
58410000	0.5666794141582784	2.250472302355084	1.0	1.0	2.0
58420000	1.2039969900030423	0.29216600033697193	1.0	1.0	2.0
58430000	1.8930290563967331	0.91125671024894	1.0	1.0	2.0
58440000	1.252891125281154	0.4778653947636738	1.0	1.0	2.0
58450000	1.808675630144232	0.14883046886413503	1.0	1.0	2.0
58460000	1.1422086512633967	0.9351558486803841	1.0	1.0	2.0
58470000	0.7293503571845222	0.30369043158636444	1.0	1.0	2.0
58480000	1.8196918701534648	0.9729151247607447	1.0	1.0	2.0
58490000	0.5204534491893782	2.1024103297992216	1.0	1.0	2.0
58500000	0.14875661485909242	0.02938770949843825	1.0	1.0	2.0
58510000	0.5313214236704668	0.505438520781863	1.0	1.0	2.0
58520000	1.776061278422849	0.25959786985206507	1.0	1.0	2.0
58530000	1.248934105276189	0.1826717321711682	1.0	1.0	2.0
58540000	0.2603609817186411	0.23779351439786842	1.0	1.0	2.0
58550000	1.8129733967038018	0.290510956970627	1.0	1.0	2.0
58560000	0.7309867776283034	0.9258317518674717	1.0	1.0	2.0
58570000	0.7256456121289271	0.4536744882892584	1.0	1.0	2.0
58580000	0.4759476942006551	0.70145408421284	1.0	1.0	2.0
58590000	0.270622690542299	0.006826168329967175	1.0	1.0	2.0
58600000	0.45899931474375727	0.25809683505090175	1.0	1.0	2.0
58610000	0.6767356850491404	0.6292060223180785	1.0	1.0	2.0
58620000	2.2375482308512837	0.027355527379310986	1.0	1.0	2.0
58630000	0.5176954410878595	0.03849350614375296	1.0	1.0	2.0
58640000	0.31333957069733825	0.020489567467293593	1.0	1.0	2.0
58650000	0.5143824966581507	0.23168757200861462	1.0	1.0	2.0
58660000	1.1015767432216494	0.20629964115133648	1.0	1.0	2.0
58670000	0.18829869159154336	0.07807189214950219	1.0	1.0	2.0
58680000	0.7013616285121611	0.08013635850323123	1.0	1.0	2.0
58690000	1.5775830091735596	0.35074348001838057	1.0	1.0	2.0
58700000	2.3425731187487924	1.8397750050582808	1.0	1.0	2.0
58710000	1.0189274949270775	0.8434077868474613	1.0	1.0	2.0
58720000	0.5169815545682223	1.1198475320508128	1.0	1.0	2.0
58730000	1.3588994553172775	1.206464861135512	1.0	1.0	2.0
58740000	2.632254681251529	0.6051954365671752	1.0	1.0	2.0
58750000	1.0758437245210295	0.30117708950885735	1.0	1.0	2.0
58760000	0.281329709641366	4.495926209079663E-4	1.0	1.0	2.0
58770000	3.942553532728323	0.8026175639207053	1.0	1.0	2.0
58780000	0.6369942275913726	0.27464971872709776	1.0	1.0	2.0
58790000	0.6267524388404975	0.703604017231626	1.0	1.0	2.0
58800000	0.3242898885173479	0.25550743127118497	1.0	1.0	2.0
58810000	2.6774420135658903	2.5797406252312913	1.0	1.0	2.0
58820000	0.1984579183959586	0.5387055928906126	1.0	1.0	2.0
58830000	3.942968328204269	2.122715479384738	1.0	1.0	2.0
58840000	0.7764472932083896	0.6014516286534787	1.0	1.0	2.0
58850000	1.1103875714659006	0.04513380458811911	1.0	1.0	2.0
58860000	1.2583660616908654	0.33251750473971264	1.0	1.0	2.0
58870000	1.7430184626504164	0.27719265186026676	1.0	1.0	2.0
58880000	0.5931226872826303	0.20710973706245353	1.0	1.0	2.0
58890000	0.290913578053165	0.669035326211738	1.0	1.0	2.0
58900000	1.9722195661591218	0.044820265296232134	1.0	1.0	2.0
58910000	1.3047288938332653	0.07316998546633026	1.0	1.0	2.0
58920000	0.4854652858433905	0.37121116654799174	1.0	1.0	2.0
58930000	2.1890646815160375	1.48664447594703	1.0	1.0	2.0
58940000	0.16763313755022793	0.23844716872004112	1.0	1.0	2.0
58950000	1.467832422434399	0.0069952827119458	1.0	1.0	2.0
58960000	0.6067180464630793	1.3612403681203864	1.0	1.0	2.0
58970000	0.19144281612957506	0.43597037251523335	1.0	1.0	2.0
58980000	1.8855886931677968	0.08334849724700086	1.0	1.0	2.0
58990000	0.6969708920811155	0.635929978914667	1.0	1.0	2.0
59000000	0.8914401106768222	0.30060803520544555	1.0	1.0	2.0
59010000	0.2395482291691517	0.5679095529983705	1.0	1.0	2.0
59020000	3.343046510847492	0.6357393886411046	1.0	1.0	2.0
59030000	1.084586123268379	0.0036968839354933995	1.0	1.0	2.0
59040000	0.8194475792004752	0.18440585818613317	1.0	1.0	2.0
59050000	1.1679341593547048	0.2787636008717993	1.0	1.0	2.0
59060000	2.643827685605695	1.275133586770322	1.0	1.0	2.0
59070000	2.8403961367981916	0.3402037420930648	1.0	1.0	2.0
59080000	1.4757744230082888	0.291932079334267	1.0	1.0	2.0
59090000	0.23641703448417098	0.3728223007215996	1.0	1.0	2.0
59100000	0.8044019353757731	0.1777036219700716	1.0	1.0	2.0
59110000	1.8105305922737316	0.24943737170836766	1.0	1.0	2.0
59120000	2.7682557530403034	0.04675795359514143	1.0	1.0	2.0
59130000	0.5045860674606215	0.8679681958506075	1.0	1.0	2.0
59140000	0.42514483879503406	0.18960665206644856	1.0	1.0	2.0
59150000	0.9447257494564931	0.37382848681378494	1.0	1.0	2.0
59160000	2.1998036974445982	2.2776034481109835	1.0	1.0	2.0
59170000	0.7939295040975889	0.5659602452520532	1.0	1.0	2.0
59180000	1.1584470481365936	2.23501338108428	1.0	1.0	2.0
59190000	0.1525150598996135	0.3574399240634446	1.0	1.0	2.0
59200000	1.4499282434870295	0.3826108286351846	1.0	1.0	2.0
59210000	0.5923322563019162	0.07867786757419772	1.0	1.0	2.0
59220000	1.1909180695877883	0.03707546493744476	1.0	1.0	2.0
59230000	0.4282791722234037	0.12647927021904085	1.0	1.0	2.0
59240000	0.5286823730619292	1.1779955581013433	1.0	1.0	2.0
59250000	0.27468157427890433	0.08076543466324314	1.0	1.0	2.0
59260000	3.258093776236747	1.0510421257061024	1.0	1.0	2.0
59270000	1.1770413135890359	0.5687718178941471	1.0	1.0	2.0
59280000	1.2592282953702396	1.4235589687410097	1.0	1.0	2.0
59290000	2.174367766421201	0.19740580796959503	1.0	1.0	2.0
59300000	2.0039849505729697	0.7400654044384277	1.0	1.0	2.0
59310000	0.4746595092203065	0.7690890014233003	1.0	1.0	2.0
59320000	1.4717121192732785	0.21073365845926	1.0	1.0	2.0
59330000	1.4119289075843906	0.02143751539849297	1.0	1.0	2.0
59340000	0.17211975406900568	0.05448103248402903	1.0	1.0	2.0
59350000	0.7204420695096045	0.14732896065744763	1.0	1.0	2.0
59360000	2.328221456191261	0.8710758740391711	1.0	1.0	2.0
59370000	0.25693573732334607	0.6450746982635329	1.0	1.0	2.0
59380000	0.03183417524011927	0.1636563411833139	1.0	1.0	2.0
59390000	0.3198040175297813	0.6058468662469972	1.0	1.0	2.0
59400000	0.5806724755485247	0.25781079620059455	1.0	1.0	2.0
59410000	0.6168253115954515	0.23144257535488058	1.0	1.0	2.0
59420000	1.3080752409787804	0.6322025937894508	1.0	1.0	2.0
59430000	2.330909827526389	0.6564816572739599	1.0	1.0	2.0
59440000	6.416554800431578	0.28874288363956574	1.0	1.0	2.0
59450000	2.7362601412595464	0.19042875442147886	1.0	1.0	2.0
59460000	2.004749931444123	0.7638096340926003	1.0	1.0	2.0
59470000	0.6063271740148851	0.22972058998771802	1.0	1.0	2.0
59480000	0.3849124726818692	0.27418724288048335	1.0	1.0	2.0
59490000	0.0515285695901162	0.05443171106666998	1.0	1.0	2.0
59500000	1.2083807355696634	0.03713690984038564	1.0	1.0	2.0
59510000	0.7129916005677892	0.4665765489422352	1.0	1.0	2.0
59520000	0.929591415907106	1.2473581611832751	1.0	1.0	2.0
59530000	0.6898069761697091	1.1598614220384513	1.0	1.0	2.0
59540000	0.20106629791659777	0.0033222581285484607	1.0	1.0	2.0
59550000	0.7932095702933413	1.7233141294048198	1.0	1.0	2.0
59560000	1.5340391523320458	0.4253651164493145	1.0	1.0	2.0
59570000	1.109252672778951	0.49802654300485694	1.0	1.0	2.0
59580000	1.5848612535302589	0.20330142419407593	1.0	1.0	2.0
59590000	0.18997797576205205	0.36443062798503595	1.0	1.0	2.0
59600000	1.0370461884069249	0.9964337712266012	1.0	1.0	2.0
59610000	0.6864438599112477	0.05000478130236475	1.0	1.0	2.0
59620000	1.849524205261897	2.2400828092955014	1.0	1.0	2.0
59630000	0.6540227657679845	0.06902501594662572	1.0	1.0	2.0
59640000	6.796454853727172	1.089044290947744	1.0	1.0	2.0
59650000	6.082291263543906	0.7807490532077103	1.0	1.0	2.0
59660000	0.5580778712580043	0.022250385549160482	1.0	1.0	2.0
59670000	3.8888206667195524	0.08651354932763927	1.0	1.0	2.0
59680000	3.1053951462956504	0.24772630500016737	1.0	1.0	2.0
59690000	2.2124211802147102	1.211618818558555	1.0	1.0	2.0
59700000	0.20186095537054066	0.4019253890069633	1.0	1.0	2.0
59710000	0.4392190405277124	0.4559239516336479	1.0	1.0	2.0
59720000	2.4900332811436807	0.05778969226135086	1.0	1.0	2.0
59730000	2.773429639501343	3.711190413574822	1.0	1.0	2.0
59740000	0.5606398484776876	0.6594415805006998	1.0	1.0	2.0
59750000	0.550035148327697	0.11918836904944108	1.0	1.0	2.0
59760000	1.9941677650928074	0.6524447414546063	1.0	1.0	2.0
59770000	0.26462418981774755	0.39042200438550795	1.0	1.0	2.0
59780000	0.6557658647325214	1.0269014121476727	0.0	1.0	1.0
59790000	2.748152029289475	1.3287239795482753	1.0	1.0	2.0
59800000	1.0433298882223139	0.30339357093754743	1.0	1.0	2.0
59810000	1.8374680676881805	1.3971678008294315	1.0	1.0	2.0
59820000	1.4140592029436823	0.5474767818998718	1.0	1.0	2.0
59830000	1.8108404957492488	0.2688605256148372	1.0	1.0	2.0
59840000	0.6037914632178196	1.265628087253607	1.0	1.0	2.0
59850000	0.2864269750130659	0.3487412938918159	1.0	1.0	2.0
59860000	4.002020444014256	4.021266456093214	1.0	1.0	2.0
59870000	1.0072415710165277	2.872338731304322	1.0	1.0	2.0
59880000	4.098610626536552	0.03725531278377319	1.0	1.0	2.0
59890000	1.1299422783436257	0.11250434571021861	1.0	1.0	2.0
59900000	0.73560048436602	1.0935879890052225	1.0	1.0	2.0
59910000	0.8515944858742942	0.09830211223238555	1.0	1.0	2.0
59920000	0.2623352708455656	0.25896608602515886	1.0	1.0	2.0
59930000	2.1775494999857936	0.46375099257333763	1.0	1.0	2.0
59940000	1.2521664178973586	0.17413757495389762	1.0	1.0	2.0
59950000	1.5121135242059152	0.04326158664490258	1.0	1.0	2.0
59960000	1.5373199232294392	0.5139287635938392	1.0	1.0	2.0
59970000	1.9767196285803743	0.9102507232155654	1.0	1.0	2.0
59980000	0.6347362913531028	1.0777347803351738	1.0	1.0	2.0
59990000	2.5468880365035336	0.5719923606570081	1.0	1.0	2.0
60000000	1.116847369301678	0.6499169574585443	1.0	1.0	2.0
60010000	0.9186657892303002	0.11381826063576998	1.0	1.0	2.0
60020000	1.3868071309268348	0.03316728665576179	1.0	1.0	2.0
60030000	1.0817834070795314	1.826551632426242	1.0	1.0	2.0
60040000	1.0235685133771908	0.5613768236085732	1.0	1.0	2.0
60050000	0.9404118974858633	0.6559319557321791	1.0	1.0	2.0
60060000	0.7288349312592015	0.32098133057855327	1.0	1.0	2.0
60070000	2.312344492103171	2.344700028306144	1.0	1.0	2.0
60080000	0.5119796153904422	0.672632171598435	1.0	1.0	2.0
60090000	1.2113715032661478	0.4607094471085507	1.0	1.0	2.0
60100000	0.42537536425037925	0.28988996198591027	1.0	1.0	2.0
60110000	1.2392228800517924	0.41569740612012057	1.0	1.0	2.0
60120000	1.358926543679724	0.7714678135183657	1.0	1.0	2.0
60130000	1.0860996796654836	0.7622857059110337	1.0	1.0	2.0
60140000	1.129414167657	0.2714235915016656	1.0	1.0	2.0
60150000	1.863214518313092	0.08763735716828033	1.0	1.0	2.0
60160000	2.270453344451249	0.3425494405117489	1.0	1.0	2.0
60170000	1.6081671890327207	0.09697232386074268	1.0	1.0	2.0
60180000	0.31014243864721885	0.40554597632162087	1.0	1.0	2.0
60190000	1.3616049758478992	1.3543668188746163	1.0	1.0	2.0
60200000	1.6271821022846216	0.11370202512043968	1.0	1.0	2.0
60210000	2.510911580633568	0.20168207870207516	1.0	1.0	2.0
60220000	1.5696705490760392	0.2990530085616309	1.0	1.0	2.0
60230000	0.47668719418913147	0.12908695257461364	1.0	1.0	2.0
60240000	0.37606968455908146	0.12092773884752898	1.0	1.0	2.0
60250000	2.538631770698896	0.27826486459133254	1.0	1.0	2.0
60260000	0.7548721559707475	0.6892802299477314	1.0	1.0	2.0
60270000	1.7196937540283632	0.10831689500803529	1.0	1.0	2.0
60280000	1.459661775305982	1.4236709929552296	1.0	1.0	2.0
60290000	1.6580270655365696	0.5933796930847159	1.0	1.0	2.0
60300000	0.47854428732865945	1.5296622653623535	1.0	1.0	2.0
60310000	0.35767497299321627	0.03510687678151616	1.0	1.0	2.0
60320000	4.0963631970870225	0.13801916348561344	1.0	1.0	2.0
60330000	1.1674685896142123	0.5185161768070534	1.0	1.0	2.0
60340000	0.64494646449656	0.38980500431859694	1.0	1.0	2.0
60350000	1.0364122979768282	1.2890202710108958	1.0	1.0	2.0
60360000	0.7314229444209229	0.6729049597743311	1.0	1.0	2.0
60370000	1.1963842477741589	1.1001676364930535	1.0	1.0	2.0
60380000	1.9313417553838812	0.40409814199957744	1.0	1.0	2.0
60390000	1.2755144755821102	0.3274362949900247	1.0	1.0	2.0
60400000	0.5886671094879493	1.5198664666720034	1.0	1.0	2.0
60410000	3.8326252085613204	0.24699664788358955	1.0	1.0	2.0
60420000	0.4052824121877197	0.332334842842859	1.0	1.0	2.0
60430000	0.12691264089682835	0.5863705249170206	1.0	1.0	2.0
60440000	0.8658895998013602	0.32153505795699194	1.0	1.0	2.0
60450000	1.0688084620234244	0.6087464294788212	1.0	1.0	2.0
60460000	1.2962463642943909	1.0457124164787404	1.0	1.0	2.0
60470000	1.2196564094644426	0.03589105447399827	1.0	1.0	2.0
60480000	1.8471088805464662	0.21759064978998907	1.0	1.0	2.0
60490000	4.004782705049335	0.8242645534716219	1.0	1.0	2.0
60500000	0.021905890811579443	0.0026751072341959143	1.0	1.0	2.0
60510000	1.367361917715397	0.510197539523826	1.0	1.0	2.0
60520000	2.950363869507445	0.01816412470786511	1.0	1.0	2.0
60530000	0.7941693977006176	0.29669903946886417	1.0	1.0	2.0
60540000	0.8818195422202416	0.28409788196856256	1.0	1.0	2.0
60550000	0.9752929471967536	0.2683612750573722	1.0	1.0	2.0
60560000	1.1241094557712248	0.08491258126079462	1.0	1.0	2.0
60570000	1.4119079881321692	1.195805202404737	1.0	1.0	2.0
60580000	1.5887761616327019	0.5938816793762327	1.0	1.0	2.0
60590000	1.6743085162278497	0.2826672103215318	1.0	1.0	2.0
60600000	1.6224679713413592	0.5178040653137882	1.0	1.0	2.0
60610000	1.5859304252699096	0.20937276118411866	1.0	1.0	2.0
60620000	0.1946802991156277	0.022883338113400997	1.0	1.0	2.0
60630000	0.7794631051213862	0.4824024907175121	1.0	1.0	2.0
60640000	4.314376689766623	0.24621489275517647	1.0	1.0	2.0
60650000	0.40319171575375756	0.12816465889185216	1.0	1.0	2.0
60660000	0.7592697849739994	0.03291049684009695	1.0	1.0	2.0
60670000	0.32038870534853214	0.02280251429497655	1.0	1.0	2.0
60680000	2.965535536103611	0.4066042670143579	1.0	1.0	2.0
60690000	1.0162267921109742	1.3934504914557297	1.0	1.0	2.0
60700000	0.7759638941700617	2.0469168603962395	1.0	1.0	2.0
60710000	0.20145609076661394	0.25129781166148274	1.0	1.0	2.0
60720000	2.4162753592441466	0.4669818632919959	1.0	1.0	2.0
60730000	0.4187499237209366	0.0571976685211645	1.0	1.0	2.0
60740000	2.9221543851669662	0.2452247688098308	1.0	1.0	2.0
60750000	1.4439230713412596	0.25382461644411897	1.0	1.0	2.0
60760000	0.7563524105802452	0.5243044906021761	1.0	1.0	2.0
60770000	3.4573065205867075	0.39370438508373024	1.0	1.0	2.0
60780000	1.271145152443752	0.0866018055292209	1.0	1.0	2.0
60790000	3.819553767828678	1.111615039621361	1.0	1.0	2.0
60800000	1.3407375213981043	0.4796502244125324	1.0	1.0	2.0
60810000	0.4780502512741807	1.8081572152046104	1.0	1.0	2.0
60820000	0.9918257544351687	0.3281128700990774	1.0	1.0	2.0
60830000	0.33457939375737483	1.5170016993538282	1.0	1.0	2.0
60840000	1.0668738946169545	0.2122747757943797	1.0	1.0	2.0
60850000	2.4638142590148044	0.0411152517179366	1.0	1.0	2.0
60860000	1.3230354012930323	0.24960679003701763	1.0	1.0	2.0
60870000	0.7680040094778269	0.62140761901945	1.0	1.0	2.0
60880000	0.5029290395450918	0.06832210505908654	1.0	1.0	2.0
60890000	0.6300744014475584	0.2522915942142042	1.0	1.0	2.0
60900000	3.5355074172831835	0.028376604640668438	1.0	1.0	2.0
60910000	0.24121325412244946	0.22739400602996235	1.0	1.0	2.0
60920000	0.05812600454540025	0.1291434499776263	1.0	1.0	2.0
60930000	1.237749906000434	0.06852314884032251	1.0	1.0	2.0
60940000	0.6959739480730706	0.16771956415604872	1.0	1.0	2.0
60950000	1.9029859302375436	0.7091334360358252	1.0	1.0	2.0
60960000	1.4245443334329846	0.4182624805040315	1.0	1.0	2.0
60970000	0.1186732334139276	0.012362364879138072	1.0	1.0	2.0
60980000	1.6683424604070134	0.15380962402160608	1.0	1.0	2.0
60990000	0.6306699531677449	0.2373483888575229	1.0	1.0	2.0
61000000	0.18113138347802182	0.10915547518151567	1.0	1.0	2.0
61010000	2.6103475158045955	0.10475336373758644	1.0	1.0	2.0
61020000	1.1925479007845254	0.2303279800577477	1.0	1.0	2.0
61030000	0.40444903811787947	0.8187472765453824	1.0	1.0	2.0
61040000	0.36436186427191697	0.12578801060630865	1.0	1.0	2.0
61050000	0.28629583552798027	0.06683101548749497	1.0	1.0	2.0
61060000	2.3032740062019452	1.764400899807328	1.0	1.0	2.0
61070000	1.610491796373904	0.1474481553180302	1.0	1.0	2.0
61080000	0.4727320860943922	0.15314802824888674	1.0	1.0	2.0
61090000	0.7660009982840251	1.0279830914413781	1.0	1.0	2.0
61100000	2.3470819422152727	0.36355507479820315	1.0	1.0	2.0
61110000	2.006093028211767	0.9971603018175359	1.0	1.0	2.0
61120000	0.8437304749041349	0.17855492940340148	1.0	1.0	2.0
61130000	1.1117449542759017	0.2851144121953784	1.0	1.0	2.0
61140000	0.6610073820240338	0.7630435484523832	1.0	1.0	2.0
61150000	1.9553388649117547	1.1212768954385508	1.0	1.0	2.0
61160000	1.0125679205055156	0.29611223822968585	1.0	1.0	2.0
61170000	0.7967557823069404	0.3149799990279477	1.0	1.0	2.0
61180000	3.9743930313766875	0.5107477468319752	1.0	1.0	2.0
61190000	0.6474892146461647	0.8388007571064952	1.0	1.0	2.0
61200000	0.5260794747935679	0.890207101169299	1.0	1.0	2.0
61210000	0.09820818770523074	0.060769260012942534	1.0	1.0	2.0
61220000	1.6865682669267035	0.01937886381437744	1.0	1.0	2.0
61230000	0.4422168170079547	0.006868228305726214	1.0	1.0	2.0
61240000	0.9472230221557576	0.7314806941469124	1.0	1.0	2.0
61250000	1.5083987574844886	1.4875876013787948	1.0	1.0	2.0
61260000	0.43455810321892546	0.9955491247498129	1.0	1.0	2.0
61270000	0.6244472736309301	0.5064349922216445	1.0	1.0	2.0
61280000	1.1771256826171288	0.020184651083845435	1.0	1.0	2.0
61290000	0.861341787473958	0.0534265531527191	1.0	1.0	2.0
61300000	0.273999922554321	0.1230728993596292	1.0	1.0	2.0
61310000	0.190762505399815	1.4882927065703782	1.0	1.0	2.0
61320000	0.5581041082405355	0.031774997971844826	1.0	1.0	2.0
61330000	1.7049537635730583	0.8394868198693705	1.0	1.0	2.0
61340000	1.9111635449885638	0.11170308091806339	1.0	1.0	2.0
61350000	0.4937697994688008	0.49720439176049847	1.0	1.0	2.0
61360000	2.324182609693712	0.6599534234104747	1.0	1.0	2.0
61370000	0.7723293236012452	0.5076014081637316	1.0	1.0	2.0
61380000	0.3881765643532673	0.04916076633036786	1.0	1.0	2.0
61390000	2.2202054852611246	2.3081973242818994	1.0	1.0	2.0
61400000	0.34287602608142204	0.23388479313745186	1.0	1.0	2.0
61410000	1.0867310678106643	0.16575368594159465	1.0	1.0	2.0
61420000	0.12271627992646598	0.15461527037748327	1.0	1.0	2.0
61430000	1.825738439458136	0.313859148390641	1.0	1.0	2.0
61440000	0.7659676680791884	1.0274468401994394	1.0	1.0	2.0
61450000	3.9242985192516167	0.3461102490243372	1.0	1.0	2.0
61460000	0.44068471596525904	0.053938438784812	1.0	1.0	2.0
61470000	1.8910855766715555	0.36528751962090067	1.0	1.0	2.0
61480000	1.841391323272115	0.019017246749310417	1.0	1.0	2.0
61490000	1.2930383111691817	0.9538685695472376	1.0	1.0	2.0
61500000	1.9883894852374344	0.12957707290298398	1.0	1.0	2.0
61510000	0.5649274993545708	0.006287922954137102	1.0	1.0	2.0
61520000	0.762948201371422	0.20515261162163112	1.0	1.0	2.0
61530000	0.9374580782609757	1.0277158148026677	1.0	1.0	2.0
61540000	1.6036368008026232	0.5223620607655551	1.0	1.0	2.0
61550000	1.0194425259637077	0.3191669601416188	1.0	1.0	2.0
61560000	1.4336912625423186	0.12827625493575745	1.0	1.0	2.0
61570000	4.241268554008671	0.3233570237598151	1.0	1.0	2.0
61580000	1.605914838263514	1.5448685344856434	1.0	1.0	2.0
61590000	0.8090472148469098	0.21494641493977956	1.0	1.0	2.0
61600000	2.4180369736706218	0.34888364850953635	1.0	1.0	2.0
61610000	2.0378445275488346	0.3522689785598966	1.0	1.0	2.0
61620000	4.675345258304913	5.277535060089886	1.0	1.0	2.0
61630000	5.129803947591214	0.6607579648496861	1.0	1.0	2.0
61640000	0.6785228460406963	0.35383667313178363	1.0	1.0	2.0
61650000	0.3119327179128495	0.10578091269721654	1.0	1.0	2.0
61660000	0.2214847083092784	0.17805052329140633	1.0	1.0	2.0
61670000	0.6400852504043195	0.7677221902728476	1.0	1.0	2.0
61680000	0.5887800012721509	1.0756209931700882	1.0	1.0	2.0
61690000	0.9572881018116647	1.2056268970180073	1.0	1.0	2.0
61700000	0.09340037633627642	0.44812314084182686	1.0	1.0	2.0
61710000	0.42691635815272067	0.35796593678930533	1.0	1.0	2.0
61720000	0.4850511036923038	0.314709075781039	1.0	1.0	2.0
61730000	1.1361323243989851	1.8327220769339982	1.0	1.0	2.0
61740000	0.8558167792633358	0.20222262262443505	1.0	1.0	2.0
61750000	0.20802643069054366	0.09207588357621231	1.0	1.0	2.0
61760000	0.40037149101325703	0.025670091651861685	1.0	1.0	2.0
61770000	0.35345060193783207	0.4357537609596494	1.0	1.0	2.0
61780000	4.254656906373941	0.15219684187322857	1.0	1.0	2.0
61790000	0.9792204113722488	1.532365566459285	1.0	1.0	2.0
61800000	0.4667817027387242	1.5765780624320678	1.0	1.0	2.0
61810000	1.8264916094057042	0.6862716677015649	1.0	1.0	2.0
61820000	1.759448203881231	0.4635096647628314	1.0	1.0	2.0
61830000	0.8400841349533519	2.8052091516261353	1.0	1.0	2.0
61840000	0.46266250260164343	4.956800640734294	0.0	1.0	1.0
61850000	2.30472023611332	0.2209511447482121	1.0	1.0	2.0
61860000	0.8820926601670591	0.39947912676436065	1.0	1.0	2.0
61870000	1.4727013081483515	0.9909010081799232	1.0	1.0	2.0
61880000	0.4569202654609115	2.092001099548549	1.0	1.0	2.0
61890000	2.78569003401279	1.289908933182799	1.0	1.0	2.0
61900000	3.091908125188935	0.5163042908162446	1.0	1.0	2.0
61910000	0.22483088293141615	0.22996620309476573	1.0	1.0	2.0
61920000	2.6303716036552256	0.274140775241421	1.0	1.0	2.0
61930000	0.944725149093025	0.4928807445462734	1.0	1.0	2.0
61940000	0.1990421568369683	0.20462092839265814	1.0	1.0	2.0
61950000	1.0216506232889246	0.021443065546813866	1.0	1.0	2.0
61960000	4.396768469872761	0.23809975296742797	1.0	1.0	2.0
61970000	1.9409808195709042	1.5447670052344162	1.0	1.0	2.0
61980000	0.5853919219691958	0.024154638305700627	1.0	1.0	2.0
61990000	2.9819712996316152	0.9069867149129881	1.0	1.0	2.0
62000000	3.1056965553390574	0.2662109938194431	1.0	1.0	2.0
62010000	1.291225187293831	0.06330220433630811	1.0	1.0	2.0
62020000	0.3830192475417115	0.57182114402137	1.0	1.0	2.0
62030000	2.201182487435279	1.90597433476894	1.0	1.0	2.0
62040000	0.33960054593560435	0.019165502931420383	1.0	1.0	2.0
62050000	1.525974566379054	1.1238599979302588	1.0	1.0	2.0
62060000	1.0885695062924599	0.6192066000748315	1.0	1.0	2.0
62070000	0.9807364352739134	0.10273049210371878	1.0	1.0	2.0
62080000	2.2715754842295226	0.6806776760424114	1.0	1.0	2.0
62090000	0.34670306114443783	0.6015236380076281	1.0	1.0	2.0
62100000	0.47917868115294904	0.26271687536885097	1.0	1.0	2.0
62110000	0.24883719068009671	0.5589130586787402	1.0	1.0	2.0
62120000	1.2194742495038866	0.8394907508511259	1.0	1.0	2.0
62130000	0.467378133648715	0.5090505920208829	1.0	1.0	2.0
62140000	1.457683923189089	0.5286249793822242	1.0	1.0	2.0
62150000	1.1901361287335497	0.415383489644014	1.0	1.0	2.0
62160000	0.6946342712531226	0.1503177618480431	1.0	1.0	2.0
62170000	0.3182548156596648	0.197165986968261	1.0	1.0	2.0
62180000	0.26807186359050555	0.5610117187522914	1.0	1.0	2.0
62190000	1.5684861467209457	0.17050759177806896	1.0	1.0	2.0
62200000	1.1278818621466244	1.09991402106308	1.0	1.0	2.0
62210000	1.5020372744281032	0.4569717042646359	1.0	1.0	2.0
62220000	2.1911898899955413	0.26525246445729517	1.0	1.0	2.0
62230000	2.2579438037874837	0.3702737675048347	1.0	1.0	2.0
62240000	0.42332837821039493	0.08104120323561875	1.0	1.0	2.0
62250000	3.9973397058528333	0.18488720447256227	1.0	1.0	2.0
62260000	0.48653181230702547	0.21107921071062086	1.0	1.0	2.0
62270000	0.3558831260184387	0.15558041718262283	1.0	1.0	2.0
62280000	0.8519375228997351	0.3871339331944613	1.0	1.0	2.0
62290000	1.1982805093310365	0.47108965118067153	1.0	1.0	2.0
62300000	1.0849902082431278	0.07617772168903157	1.0	1.0	2.0
62310000	0.5601812813722823	1.1922760344924281	1.0	1.0	2.0
62320000	1.4991751514625677	1.7825977585567303	1.0	1.0	2.0
62330000	2.359719334105649	1.0294057382583006	1.0	1.0	2.0
62340000	1.9426396579594651	0.0763502370839561	1.0	1.0	2.0
62350000	0.7118091370303623	0.04347321141009066	1.0	1.0	2.0
62360000	1.1530412193183184	0.6641455778890321	1.0	1.0	2.0
62370000	3.200866183624159	0.5508232637940872	1.0	1.0	2.0
62380000	0.5533513234238924	0.11517959229165015	1.0	1.0	2.0
62390000	1.497725310465936	1.5579935023791616	1.0	1.0	2.0
62400000	1.1141339980510663	0.37884495820880604	1.0	1.0	2.0
62410000	0.4593038144814054	0.2144162512366185	1.0	1.0	2.0
62420000	0.4457192955458056	0.16642574935821697	1.0	1.0	2.0
62430000	0.5144110503987679	1.1308975735203952	1.0	1.0	2.0
62440000	0.05611058480554813	0.16766006272627934	1.0	1.0	2.0
62450000	2.8275614937167766	0.19257049538359883	1.0	1.0	2.0
62460000	2.6820026036225695	3.053768477323649	1.0	1.0	2.0
62470000	4.268746446404055	0.2076663694403257	1.0	1.0	2.0
62480000	0.5193317886384685	0.15728827666022097	1.0	1.0	2.0
62490000	0.5055498893770872	0.8954245314274332	1.0	1.0	2.0
62500000	0.5893647847331706	1.4677016094647306	1.0	1.0	2.0
62510000	1.9988008538406177	0.05472589904512915	1.0	1.0	2.0
62520000	0.4312654327202672	0.4380748745117964	1.0	1.0	2.0
62530000	1.2628786611664673	0.14426753175256987	1.0	1.0	2.0
62540000	0.5740454285825837	0.6839522628759316	1.0	1.0	2.0
62550000	0.6466982664970772	0.011335215006177856	1.0	1.0	2.0
62560000	0.10301481255766999	0.5430726881827328	1.0	1.0	2.0
62570000	1.823786641946816	3.2518348828662975	1.0	1.0	2.0
62580000	0.7155054323179563	0.10190771687695939	1.0	1.0	2.0
62590000	1.8978618387393755	0.5582630954634593	1.0	1.0	2.0
62600000	0.4975295042350504	0.25266487424821643	1.0	1.0	2.0
62610000	0.7313852453011723	1.1012533393992183	1.0	1.0	2.0
62620000	1.6488697801567245	1.2786079030382018	1.0	1.0	2.0
62630000	0.33937952664434334	0.23803338316987868	1.0	1.0	2.0
62640000	4.110684274184813	2.841515845612206	1.0	1.0	2.0
62650000	0.16401782778889	0.07472982141596182	1.0	1.0	2.0
62660000	1.9119917565311957	1.5700151176057486	1.0	1.0	2.0
62670000	0.7706201213529803	0.5340538354671657	1.0	1.0	2.0
62680000	0.9977566935861253	0.5614582242181112	1.0	1.0	2.0
62690000	0.6515677811835286	0.5952892403801054	1.0	1.0	2.0
62700000	2.7031887330035445	0.10234297719285865	1.0	1.0	2.0
62710000	2.1316157340394475	1.8279509253939534	1.0	1.0	2.0
62720000	1.6435116672463224	0.6245518520893916	1.0	1.0	2.0
62730000	1.3185308437545955	1.0409246380426929	1.0	1.0	2.0
62740000	1.3129144655136349	2.534597301797946	1.0	1.0	2.0
62750000	1.1423165188385964	0.01833641573106468	1.0	1.0	2.0
62760000	2.4986478507833083	0.27058160440522794	1.0	1.0	2.0
62770000	0.22618893250194141	0.022974895736197584	1.0	1.0	2.0
62780000	0.42704075520088147	0.0815055469156686	1.0	1.0	2.0
62790000	1.1350371508625179	0.29803153307499763	1.0	1.0	2.0
62800000	2.7323191607892148	2.8073520231126476	1.0	1.0	2.0
62810000	2.4697960078156567	0.9313156191523412	1.0	1.0	2.0
62820000	0.8890468933007462	0.21768286517961563	1.0	1.0	2.0
62830000	0.7574294184001633	0.191927020337767	1.0	1.0	2.0
62840000	0.7476073419591376	0.5560874304746268	1.0	1.0	2.0
62850000	0.3279619046184603	0.7006586469128782	1.0	1.0	2.0
62860000	1.4357742793080106	0.7922971038322132	1.0	1.0	2.0
62870000	0.20870865138650546	0.06724458502748738	1.0	1.0	2.0
62880000	2.09560920513472	0.9127424039884018	1.0	1.0	2.0
62890000	0.6647384316627422	1.0946933389110076	1.0	1.0	2.0
62900000	0.8725013367945502	0.7289887960179912	1.0	1.0	2.0
62910000	1.0902931395949917	0.9321958751961618	1.0	1.0	2.0
62920000	2.6269480192643413	0.566023170658473	1.0	1.0	2.0
62930000	3.9401487264408503	0.08608375306053187	1.0	1.0	2.0
62940000	2.563803121922693	1.6423822171751945	1.0	1.0	2.0
62950000	2.4253838756192456	0.3837380569306678	1.0	1.0	2.0
62960000	3.472029312552064	0.13243056385179833	1.0	1.0	2.0
62970000	1.1605886132634249	0.7300786707523347	1.0	1.0	2.0
62980000	2.4038408993150715	0.4651607234999468	1.0	1.0	2.0
62990000	0.48900628758222175	0.409162021388173	1.0	1.0	2.0
63000000	1.2899287367026913	0.37024097117386606	1.0	1.0	2.0
63010000	0.39187019166996634	0.20071051539242696	0.0	1.0	1.0
63020000	2.7057685444271473	1.2834609854732886	1.0	1.0	2.0
63030000	0.842024056747605	0.003099495817048575	1.0	1.0	2.0
63040000	1.8091125739074196	0.46988331043598924	1.0	1.0	2.0
63050000	2.481650671288333	1.169231402253859	1.0	1.0	2.0
63060000	1.5032881834122331	0.43257019141638564	1.0	1.0	2.0
63070000	2.2742820436692495	0.13504293188939118	1.0	1.0	2.0
63080000	0.2551099456126731	0.558987574519719	1.0	1.0	2.0
63090000	1.6037125707599837	0.4412283166550743	1.0	1.0	2.0
63100000	0.47026154684374993	0.8014322309544415	1.0	1.0	2.0
63110000	2.3120989803483667	3.4740855399171254E-4	1.0	1.0	2.0
63120000	2.3051338285249336	0.10744713005452697	1.0	1.0	2.0
63130000	1.946079029604411	0.40973269071524987	1.0	1.0	2.0
63140000	2.612258149200379	0.2405303766404	1.0	1.0	2.0
63150000	2.2093345844604877	0.6113871921729778	1.0	1.0	2.0
63160000	1.3549874508425883	0.4863195908842575	1.0	1.0	2.0
63170000	6.0145934376011985	0.1034286794589405	1.0	1.0	2.0
63180000	0.5352612681888349	0.3479889385975602	1.0	1.0	2.0
63190000	1.2977459268092577	0.3286768251048646	1.0	1.0	2.0
63200000	1.5661857270274704	0.02036633042576264	1.0	1.0	2.0
63210000	2.035383530009702	0.044648922612214204	1.0	1.0	2.0
63220000	1.533239529209426	0.6708365615662087	1.0	1.0	2.0
63230000	0.27823358940759324	0.38142917942622395	1.0	1.0	2.0
63240000	0.614039140264879	0.657843574327188	1.0	1.0	2.0
63250000	2.267501691104455	0.6425369993857047	1.0	1.0	2.0
63260000	0.15064695528483737	0.03934052637995564	1.0	1.0	2.0
63270000	2.431935345897643	0.7415557532195257	1.0	1.0	2.0
63280000	1.0695484683830923	0.49744571098860557	1.0	1.0	2.0
63290000	0.7856378596653781	0.40377546046475865	1.0	1.0	2.0
63300000	0.9970724921271288	0.7940946723230735	1.0	1.0	2.0
63310000	2.585086174923689	0.1470561981537724	1.0	1.0	2.0
63320000	1.759126785165102	0.06039586498262323	1.0	1.0	2.0
63330000	2.495323623368389	0.05059066735359048	1.0	1.0	2.0
63340000	0.26614784590236945	0.11604577741848732	1.0	1.0	2.0
63350000	0.0712781751968472	0.03477264649242933	1.0	1.0	2.0
63360000	0.6737733831293803	0.10938417653581883	1.0	1.0	2.0
63370000	1.8436605974951774	0.8741250331456552	1.0	1.0	2.0
63380000	0.6409497138605397	0.820847388885454	1.0	1.0	2.0
63390000	1.0768655626214083	0.29465288502428	1.0	1.0	2.0
63400000	1.3060544465238537	0.8269385272938652	1.0	1.0	2.0
63410000	0.7898491793987978	0.09160380062469581	1.0	1.0	2.0
63420000	2.2852987996676917	0.11672388812505786	1.0	1.0	2.0
63430000	1.309454310506376	0.8972777831019807	1.0	1.0	2.0
63440000	0.9426204449923886	0.02068367398105489	1.0	1.0	2.0
63450000	0.5364990589099619	0.03272995290927746	1.0	1.0	2.0
63460000	0.5491241048364696	0.3368894126761768	1.0	1.0	2.0
63470000	0.09112728058062128	0.18100511133842678	1.0	1.0	2.0
63480000	0.03302497614053358	0.36673019926685124	0.0	1.0	1.0
63490000	3.1164741916980723	0.2758179309322727	1.0	1.0	2.0
63500000	1.3555209963856834	0.07007718765168745	1.0	1.0	2.0
63510000	1.3990171439682486	0.28918320307499434	1.0	1.0	2.0
63520000	3.5223913509380482	1.871318529122575	1.0	1.0	2.0
63530000	0.5217365399310199	0.790880921021108	1.0	1.0	2.0
63540000	0.8451060913457182	0.1820412852971924	1.0	1.0	2.0
63550000	0.7516601748138143	0.0022273139997439546	1.0	1.0	2.0
63560000	2.0569651471631882	1.049292870405508	1.0	1.0	2.0
63570000	1.0843148388106876	0.6809937280164935	1.0	1.0	2.0
63580000	0.7070083221041938	0.08335005494309455	1.0	1.0	2.0
63590000	3.643108958808983	0.10597512728882175	1.0	1.0	2.0
63600000	1.2799572414410483	0.1021306009294908	1.0	1.0	2.0
63610000	0.4521529317833738	0.09452263297281989	1.0	1.0	2.0
63620000	0.9008680453811959	0.01394565039938054	1.0	1.0	2.0
63630000	0.6490416491493175	0.15852189391172264	1.0	1.0	2.0
63640000	0.23939821640493245	0.0680405549502829	1.0	1.0	2.0
63650000	0.5852691553683058	1.0635315613470087	1.0	1.0	2.0
63660000	0.22109583081112025	0.1191688754432485	1.0	1.0	2.0
63670000	1.6729690299096958	0.7676686510920243	1.0	1.0	2.0
63680000	1.5523280787700349	0.13025289682808278	1.0	1.0	2.0
63690000	0.32770203953853694	0.9575581916254704	1.0	1.0	2.0
63700000	0.7546893172263819	0.12024422841267002	1.0	1.0	2.0
63710000	1.5960192664092625	0.45436086635301337	1.0	1.0	2.0
63720000	1.8109905930016383	0.5111964025616849	1.0	1.0	2.0
63730000	2.590874262885704	0.021630540634447852	1.0	1.0	2.0
63740000	4.625941361221523	0.5953122769055084	1.0	1.0	2.0
63750000	0.8958590117898863	0.6985912213398873	1.0	1.0	2.0
63760000	3.4863266835685756	0.11068707299498595	1.0	1.0	2.0
63770000	0.8744145170894105	0.018160066978739748	1.0	1.0	2.0
63780000	1.9487034630478643	0.16785321906961262	1.0	1.0	2.0
63790000	0.8917862806382231	1.5479728151130017	1.0	1.0	2.0
63800000	0.1820508329727794	0.8934247951308899	1.0	1.0	2.0
63810000	4.301839104434313	1.1867425904828266	1.0	1.0	2.0
63820000	2.37377086092682	0.2909296040761053	1.0	1.0	2.0
63830000	2.932421261547672	0.36983554494791726	1.0	1.0	2.0
63840000	4.384053583145785	2.012192517192092	1.0	1.0	2.0
63850000	0.6840745507451701	0.01187850789202273	1.0	1.0	2.0
63860000	0.3055167222294522	0.6867530353788477	1.0	1.0	2.0
63870000	0.8693515998760245	0.8614059395875929	1.0	1.0	2.0
63880000	1.3998567910909252	0.6024023507943278	1.0	1.0	2.0
63890000	3.5435976569428025	1.249235654201027	1.0	1.0	2.0
63900000	2.076311839476308	2.640165508129868	1.0	1.0	2.0
63910000	0.7843333465873614	2.0409538784260164	1.0	1.0	2.0
63920000	0.6432184885453425	0.7038570810271125	1.0	1.0	2.0
63930000	0.5287644825453174	0.882106935175975	1.0	1.0	2.0
63940000	0.661234692543876	0.4995198861740508	1.0	1.0	2.0
63950000	0.6303493593034936	0.1996220750441083	1.0	1.0	2.0
63960000	0.3894720857509355	0.5164815387819998	1.0	1.0	2.0
63970000	0.689514959604851	0.10988885423445957	1.0	1.0	2.0
63980000	0.8266419182418617	1.1073348872179807	1.0	1.0	2.0
63990000	1.3564414327420093	0.0664600245838412	1.0	1.0	2.0
64000000	0.5168491720918935	0.16344833592238653	1.0	1.0	2.0
64010000	0.34440001062655196	0.02297027694007577	1.0	1.0	2.0
64020000	1.1873397695935106	0.7272085398524452	1.0	1.0	2.0
64030000	0.4263997214120854	0.22527208349670308	1.0	1.0	2.0
64040000	0.9277208985882839	2.665747091944123E-4	1.0	1.0	2.0
64050000	0.6782059459266537	0.43433101755181086	1.0	1.0	2.0
64060000	0.4417203263182081	0.4306491478836127	1.0	1.0	2.0
64070000	1.5810239786378106	0.13239704918838416	1.0	1.0	2.0
64080000	0.2360901062430284	0.2153454676187588	1.0	1.0	2.0
64090000	3.4888341362337054	0.10507063689807648	1.0	1.0	2.0
64100000	1.0301462811014896	0.3655039669519046	1.0	1.0	2.0
64110000	0.2575493410253339	0.29628180269579585	1.0	1.0	2.0
64120000	0.5969115620452541	1.2961919736904077	1.0	1.0	2.0
64130000	0.42906114117915584	0.35693362390714795	1.0	1.0	2.0
64140000	4.081770212959565	0.23250313423161434	1.0	1.0	2.0
64150000	0.572584142826402	0.3025085196280223	1.0	1.0	2.0
64160000	0.8328467476592736	0.8917575256127764	1.0	1.0	2.0
64170000	0.17156605921412715	0.03643924592680119	1.0	1.0	2.0
64180000	2.107202357522816	0.3466230844295493	0.0	1.0	1.0
64190000	0.7329306116903342	0.026427805370123188	1.0	1.0	2.0
64200000	0.4986211573405537	0.038264420065361855	1.0	1.0	2.0
64210000	0.556013003356563	0.43388911682352227	1.0	1.0	2.0
64220000	1.2367763585985294	0.08326341495090217	1.0	1.0	2.0
64230000	0.48647858972821656	0.0563256055484063	1.0	1.0	2.0
64240000	0.8635992131399378	1.3949257384850338	1.0	1.0	2.0
64250000	1.1756230910531444	0.022983351980846688	1.0	1.0	2.0
64260000	0.9238507680522656	0.08666654552715959	1.0	1.0	2.0
64270000	0.9728015605035076	0.15265115581085203	1.0	1.0	2.0
64280000	0.1824491292663118	0.8158761506857604	1.0	1.0	2.0
64290000	0.3742559118027492	0.533292034171508	1.0	1.0	2.0
64300000	1.709990275039409	0.30204018662656185	1.0	1.0	2.0
64310000	1.9254879774838825	0.1306831135771322	1.0	1.0	2.0
64320000	0.46018043367236183	2.5920145872105844	1.0	1.0	2.0
64330000	3.847210193526643	0.46227342324746107	1.0	1.0	2.0
64340000	0.17808478277636494	0.07241275340902532	1.0	1.0	2.0
64350000	1.2785622302240012	0.4714062259820533	1.0	1.0	2.0
64360000	0.8798058487766734	0.5909972125464428	1.0	1.0	2.0
64370000	1.3918446385450143	1.2191168656034017	1.0	1.0	2.0
64380000	1.7780505779453994	0.38089574707224333	1.0	1.0	2.0
64390000	0.47476967861200214	0.20230330560016455	1.0	1.0	2.0
64400000	0.6745380193304445	0.3339419621654084	1.0	1.0	2.0
64410000	3.1951167259341466	1.296990030272961	1.0	1.0	2.0
64420000	1.601603151921889	0.04144684028768382	1.0	1.0	2.0
64430000	5.431830963565191	2.16144847258958	1.0	1.0	2.0
64440000	1.562861685734492	1.2084988446430542	1.0	1.0	2.0
64450000	5.040816123980694	0.19272166968190557	1.0	1.0	2.0
64460000	1.1687061219955026	0.9892455410251912	1.0	1.0	2.0
64470000	0.8164429453383575	0.28515259659477915	1.0	1.0	2.0
64480000	1.0397042731681092	0.11857020895975415	1.0	1.0	2.0
64490000	0.6202975637091321	0.7939973473964517	1.0	1.0	2.0
64500000	0.8488898100810303	0.266229782870661	1.0	1.0	2.0
64510000	0.19850585168502133	0.03744453286832824	1.0	1.0	2.0
64520000	1.0861178769706006	1.0990594764735866	1.0	1.0	2.0
64530000	0.4107047039863115	0.22893555062270377	1.0	1.0	2.0
64540000	4.847996073005364	0.1346764524537876	1.0	1.0	2.0
64550000	0.46354711518230096	0.08053454454264876	1.0	1.0	2.0
64560000	0.9300829320853158	0.27157736323910503	1.0	1.0	2.0
64570000	0.8750800548048545	1.66433876795234	1.0	1.0	2.0
64580000	1.1830171803795475	0.5238693004355277	1.0	1.0	2.0
64590000	0.16276580144397002	0.24114881010656616	1.0	1.0	2.0
64600000	1.443098259971414	0.9687713775305277	1.0	1.0	2.0
64610000	1.8590628729541179	1.7942311115260756	1.0	1.0	2.0
64620000	1.3328324641147258	0.6002285785036817	1.0	1.0	2.0
64630000	0.9188864251859401	0.1622964573953319	1.0	1.0	2.0
64640000	2.3384345165768345	1.5131297134372144	1.0	1.0	2.0
64650000	1.0415205531157148	0.18867266730456694	1.0	1.0	2.0
64660000	1.7027007922911912	0.031580726493821376	1.0	1.0	2.0
64670000	2.7754076372028083	0.4410189830330493	1.0	1.0	2.0
64680000	2.3670136804204853	0.1960271794454598	1.0	1.0	2.0
64690000	1.075694606574903	0.023991176311183422	1.0	1.0	2.0
64700000	3.2216155153151838	0.6071584267006369	1.0	1.0	2.0
64710000	3.8826783388956883	0.3739028934492005	1.0	1.0	2.0
64720000	1.5068708076477921	1.08837591659408	1.0	1.0	2.0
64730000	5.24716942378481	1.3766786514666967	1.0	1.0	2.0
64740000	1.4573140882607023	0.4332413983438167	1.0	1.0	2.0
64750000	0.8895238423581247	0.09984238719192982	1.0	1.0	2.0
64760000	2.365368513665676	0.43707352269956345	1.0	1.0	2.0
64770000	0.9890176977944685	0.10728588007232649	1.0	1.0	2.0
64780000	0.4925926808744026	0.3421373454855047	1.0	1.0	2.0
64790000	0.09821015813320484	0.02834577570864905	1.0	1.0	2.0
64800000	0.19588745518637066	0.33616578862456076	1.0	1.0	2.0
64810000	1.4369042293273628	1.4164207201175831	1.0	1.0	2.0
64820000	1.1328106639477422	0.1036204401235217	1.0	1.0	2.0
64830000	0.978619729974122	0.2669545418676821	1.0	1.0	2.0
64840000	1.1928312635768186	1.1456432291280896	1.0	1.0	2.0
64850000	0.4194639780754335	0.5754320757162693	1.0	1.0	2.0
64860000	3.887902366401958	0.5876565667790669	1.0	1.0	2.0
64870000	0.21400027351053677	0.14445909504024634	1.0	1.0	2.0
64880000	0.9703492366653061	0.47014739652858717	1.0	1.0	2.0
64890000	0.5880675543738281	0.5809172785184926	1.0	1.0	2.0
64900000	0.9197928289708102	1.4737989703661276	1.0	1.0	2.0
64910000	2.3230105885936707	0.3541005833613415	1.0	1.0	2.0
64920000	1.2456315264358933	0.042210952664330746	1.0	1.0	2.0
64930000	0.9592753734546657	2.4483648364322645	1.0	1.0	2.0
64940000	0.7751144329756121	4.852650204975189	1.0	1.0	2.0
64950000	2.8765558087166028	0.03499132356813944	1.0	1.0	2.0
64960000	0.7697722428636017	0.08729716921894604	1.0	1.0	2.0
64970000	0.3142009713322905	0.9431345237238835	1.0	1.0	2.0
64980000	1.2632194583317191	1.1165463361750567	1.0	1.0	2.0
64990000	0.8563766524334567	0.014943910660315307	1.0	1.0	2.0
65000000	0.4455394449859663	0.0059191073686161375	1.0	1.0	2.0
65010000	0.2543825281720695	0.056309891365831165	1.0	1.0	2.0
65020000	3.115784532133777	1.3930228377795466	1.0	1.0	2.0
65030000	1.0070197362491327	0.3587622568672703	1.0	1.0	2.0
65040000	1.6165633240308843	0.6144536080009425	1.0	1.0	2.0
65050000	1.9835557586678385	0.03058353750155637	1.0	1.0	2.0
65060000	2.322000655282329	0.7339818258111789	1.0	1.0	2.0
65070000	0.537958874007424	0.23703515708223766	1.0	1.0	2.0
65080000	1.2649001041840313	0.38630380775658474	1.0	1.0	2.0
65090000	0.9024191995304814	0.041365744618430136	1.0	1.0	2.0
65100000	1.363477949241681	0.15446483114456444	1.0	1.0	2.0
65110000	0.5970984452585463	0.2845830098976407	1.0	1.0	2.0
65120000	0.1197280577384567	0.14049255021640564	1.0	1.0	2.0
65130000	0.5667338106551444	0.16352487332141277	1.0	1.0	2.0
65140000	0.8999966248967635	0.6819205114919697	1.0	1.0	2.0
65150000	2.511892908172072	0.8236246130891288	1.0	1.0	2.0
65160000	1.5717743744066606	1.404272659628311	1.0	1.0	2.0
65170000	0.16260367555858563	0.25296101752038996	1.0	1.0	2.0
65180000	1.2839603129657575	0.33450802388845297	1.0	1.0	2.0
65190000	1.7780457284819549	0.06782512038399065	1.0	1.0	2.0
65200000	0.3703341781091796	0.359315832375284	1.0	1.0	2.0
65210000	2.1218096860737634	0.029178168178226414	1.0	1.0	2.0
65220000	0.750695519368107	0.49473591388993043	1.0	1.0	2.0
65230000	2.378317163093538	0.858447112692204	1.0	1.0	2.0
65240000	3.6160837244287314	2.128093819496895	1.0	1.0	2.0
65250000	1.8917898409559208	0.159482952836342	1.0	1.0	2.0
65260000	0.8785989149820577	0.1926482835797411	1.0	1.0	2.0
65270000	0.5422750803616652	0.12981030605114321	1.0	1.0	2.0
65280000	0.5099350852588037	0.09097083668802544	1.0	1.0	2.0
65290000	2.376004133968783	0.7413047649425156	1.0	1.0	2.0
65300000	1.0551961383197308	0.3880932838252505	1.0	1.0	2.0
65310000	0.7415820654463039	0.23248796871992258	1.0	1.0	2.0
65320000	0.5309072324555016	0.4705314927564921	1.0	1.0	2.0
65330000	0.4463338125534105	0.05112126190304247	1.0	1.0	2.0
65340000	1.886166682798751	0.3334387292852563	1.0	1.0	2.0
65350000	0.3523414995481751	0.13997850181211444	1.0	1.0	2.0
65360000	0.27515610666812795	0.004771432105974434	1.0	1.0	2.0
65370000	1.5664582267549558	0.7364205262004745	1.0	1.0	2.0
65380000	1.5266479807795628	0.24555870748683148	1.0	1.0	2.0
65390000	0.7354254135508015	0.10112880061115473	1.0	1.0	2.0
65400000	0.21703358745285106	0.009467327653361928	1.0	1.0	2.0
65410000	2.9946877897340247	1.0511711829873887	1.0	1.0	2.0
65420000	4.603406487384747	0.5268382682079156	1.0	1.0	2.0
65430000	0.7909120327656257	0.15031610828200295	1.0	1.0	2.0
65440000	1.9259133740825107	0.7751996659649582	1.0	1.0	2.0
65450000	2.6026857937974976	1.1339259463458853	1.0	1.0	2.0
65460000	1.4212312645201635	1.2413777583004	1.0	1.0	2.0
65470000	0.6567863969452898	0.08636330130119577	1.0	1.0	2.0
65480000	0.8041485418960197	0.3430368251833937	1.0	1.0	2.0
65490000	0.33125594438360606	0.8238419508354365	1.0	1.0	2.0
65500000	1.3264149930245708	1.3326316393727913	1.0	1.0	2.0
65510000	2.4146438352282344	0.8092764993198805	1.0	1.0	2.0
65520000	2.612166619692801	1.2422379044079774	1.0	1.0	2.0
65530000	0.9118976692686824	0.14962305425850153	1.0	1.0	2.0
65540000	3.372246939815229	0.23433349165513406	1.0	1.0	2.0
65550000	2.175706722694683	0.31721780388043375	1.0	1.0	2.0
65560000	0.3430426920752708	0.14696106838144762	1.0	1.0	2.0
65570000	0.9712144716804185	0.03938109480700816	1.0	1.0	2.0
65580000	0.9619225948421094	0.10860171195078853	1.0	1.0	2.0
65590000	0.3459050825653671	0.060990499226758664	1.0	1.0	2.0
65600000	0.8906555031142104	0.2332615851442632	1.0	1.0	2.0
65610000	0.061257451947746795	0.04130514163536601	1.0	1.0	2.0
65620000	1.0755208880064917	0.04483959095984944	1.0	1.0	2.0
65630000	0.7019522615231001	0.3594937697605868	1.0	1.0	2.0
65640000	0.26832815080770367	0.4340924170178813	1.0	1.0	2.0
65650000	0.5426628423040394	0.09804876953512869	1.0	1.0	2.0
65660000	1.0453375566418819	0.0783862941496655	1.0	1.0	2.0
65670000	3.486697653363212	0.35071743221925455	1.0	1.0	2.0
65680000	0.5491857314342012	0.3432939073410242	1.0	1.0	2.0
65690000	0.1971980450655557	1.5368762400134248	1.0	1.0	2.0
65700000	3.887688082961312	0.08101482140910425	1.0	1.0	2.0
65710000	3.30968987201874	0.31624066092378356	1.0	1.0	2.0
65720000	1.9543314833738075	1.3670319280179293	1.0	1.0	2.0
65730000	1.2895037966414304	0.07568249013553446	1.0	1.0	2.0
65740000	0.41444976565402347	0.32186017322655286	1.0	1.0	2.0
65750000	0.6309243275233738	0.23569379845934904	1.0	1.0	2.0
65760000	1.547806148409805	1.057819794901361	1.0	1.0	2.0
65770000	0.2601481485703472	0.997869357311378	1.0	1.0	2.0
65780000	0.40276397552898896	0.24748560708256487	1.0	1.0	2.0
65790000	5.176435788317339	0.5858314434024452	1.0	1.0	2.0
65800000	0.8081515339089673	1.1923601550202525	1.0	1.0	2.0
65810000	0.8449386714291163	0.03217105803979326	1.0	1.0	2.0
65820000	0.9677947685590482	0.9762649827541047	1.0	1.0	2.0
65830000	0.5987955372607674	0.1829232488914761	1.0	1.0	2.0
65840000	0.686889355187133	0.19429037651721978	1.0	1.0	2.0
65850000	1.4605857371334396	0.7906983348794142	1.0	1.0	2.0
65860000	0.8036485480338946	0.718600843695946	1.0	1.0	2.0
65870000	0.4722821328666411	2.0078277678800047	1.0	1.0	2.0
65880000	0.4013157464112389	0.1059125125722957	1.0	1.0	2.0
65890000	0.12175531075233481	0.18291448538394628	1.0	1.0	2.0
65900000	0.6774180263033165	0.13216083617110785	1.0	1.0	2.0
65910000	1.096739979532272	0.41917101849604804	1.0	1.0	2.0
65920000	1.1346475891090655	0.3760315844436082	1.0	1.0	2.0
65930000	1.318042867449618	0.5250969874828532	1.0	1.0	2.0
65940000	0.7216222230294776	1.655338009426911	1.0	1.0	2.0
65950000	1.3140595515320945	0.884200231432681	1.0	1.0	2.0
65960000	1.4763985538650772	0.13252099377260865	1.0	1.0	2.0
65970000	0.23235955014970325	0.25343033003854876	1.0	1.0	2.0
65980000	0.02056013901137547	0.12020505286486141	1.0	1.0	2.0
65990000	1.8461616236390088	0.20347611003303218	1.0	1.0	2.0
66000000	2.584669391860455	0.33038460384802687	1.0	1.0	2.0
66010000	1.3499998344423807	0.02114992443035425	1.0	1.0	2.0
66020000	0.09317407297310513	0.031042872556015285	1.0	1.0	2.0
66030000	1.5430950131770496	0.2024408834430081	1.0	1.0	2.0
66040000	0.7765064122149136	0.04756887648282254	1.0	1.0	2.0
66050000	1.5422611324743014	0.08075419036677799	1.0	1.0	2.0
66060000	0.6614163494259637	0.16469896961999475	1.0	1.0	2.0
66070000	0.6068915110142142	0.09107950348400111	1.0	1.0	2.0
66080000	1.0107418381506328	0.11193835407803644	1.0	1.0	2.0
66090000	2.4435909480560585	0.6013007914623282	1.0	1.0	2.0
66100000	0.8109134785756524	0.4316045548196597	1.0	1.0	2.0
66110000	0.44648015052140266	0.014854695762081522	1.0	1.0	2.0
66120000	2.6328937355977233	0.37795897730100964	1.0	1.0	2.0
66130000	0.5097272197710063	0.7965051886092821	1.0	1.0	2.0
66140000	1.102001421287138	0.28352297052937236	1.0	1.0	2.0
66150000	0.14470407583320638	0.48971515732278986	1.0	1.0	2.0
66160000	0.09734692785437869	0.027909046671805448	1.0	1.0	2.0
66170000	0.7204370411095584	0.6763334996506701	1.0	1.0	2.0
66180000	2.8385853265933574	4.068775258655167	1.0	1.0	2.0
66190000	1.1817647615451996	0.49430454241411187	1.0	1.0	2.0
66200000	0.5513333055848612	1.1827402456503961	1.0	1.0	2.0
66210000	0.5410474340296696	0.47310445288321334	1.0	1.0	2.0
66220000	1.1862555320399164	0.2754045346131378	1.0	1.0	2.0
66230000	0.7047935722121652	0.7129615531926049	1.0	1.0	2.0
66240000	3.203968092681149	5.019432299487144	1.0	1.0	2.0
66250000	1.7336999956827457	0.11237358628075418	1.0	1.0	2.0
66260000	0.2582536761918141	0.40252340574910533	1.0	1.0	2.0
66270000	1.4386613889137976	0.09739374093120845	1.0	1.0	2.0
66280000	0.3138544389304674	0.2086447754921802	1.0	1.0	2.0
66290000	2.727247659188629	0.5488326884874205	1.0	1.0	2.0
66300000	0.4868792811166291	0.020167446646522688	1.0	1.0	2.0
66310000	0.7895611491739299	1.378354394995708	1.0	1.0	2.0
66320000	0.11093739658040118	0.009491895330907846	1.0	1.0	2.0
66330000	0.8070012699627864	0.45435972941672553	1.0	1.0	2.0
66340000	2.7151917016438234	0.7612252148394729	1.0	1.0	2.0
66350000	0.9449016729313866	0.03222872405896945	1.0	1.0	2.0
66360000	1.170489056933315	0.20303797102708235	1.0	1.0	2.0
66370000	1.5254719486660455	1.2663531966595847	1.0	1.0	2.0
66380000	0.3326689856326429	0.728567044057596	1.0	1.0	2.0
66390000	3.127695706708406	1.9433751259485301	1.0	1.0	2.0
66400000	1.389206798682199	1.2970141289102985	1.0	1.0	2.0
66410000	0.9763992542991918	0.33593887677464584	1.0	1.0	2.0
66420000	1.0476354951428006	0.023928790174337935	1.0	1.0	2.0
66430000	1.5965105921890757	0.10625347034768388	1.0	1.0	2.0
66440000	2.0962596847490214	0.12212352070401318	1.0	1.0	2.0
66450000	1.2587326374892867	0.16263574411939338	1.0	1.0	2.0
66460000	0.9897905755670572	2.088850799564687	1.0	1.0	2.0
66470000	0.43223316810308604	0.2869892872142449	1.0	1.0	2.0
66480000	0.4937302295252842	1.1114973430571753	1.0	1.0	2.0
66490000	1.963757340066852	0.2847610880962114	1.0	1.0	2.0
66500000	1.6219273430480823	0.33225363608621783	1.0	1.0	2.0
66510000	1.0106600848116134	1.0682812108421162	1.0	1.0	2.0
66520000	0.2763656039875516	0.3781762520844818	1.0	1.0	2.0
66530000	2.108692277120759	0.4443301583559694	1.0	1.0	2.0
66540000	0.5837925284504438	1.222522567321308	1.0	1.0	2.0
66550000	0.7327698818101792	1.0821058057149964	1.0	1.0	2.0
66560000	0.8117314945861869	0.16549346627726222	1.0	1.0	2.0
66570000	1.4802096315035442	1.6349224352426062	1.0	1.0	2.0
66580000	1.0146130482240847	0.041446243946740124	1.0	1.0	2.0
66590000	3.0413541140764258	0.33943793427767	1.0	1.0	2.0
66600000	0.5805265782685854	0.5617892518032611	1.0	1.0	2.0
66610000	2.5868679512412665	1.095730913287345	1.0	1.0	2.0
66620000	1.4659152472270713	0.48810425023678894	1.0	1.0	2.0
66630000	1.4058668925699471	1.8267868829204892	1.0	1.0	2.0
66640000	3.3154518592969526	0.7537342047193558	1.0	1.0	2.0
66650000	0.5749124656051838	0.20497802992308994	1.0	1.0	2.0
66660000	2.08728151374346	8.663671662090414E-4	1.0	1.0	2.0
66670000	2.7994916393725453	1.0465021413187032	1.0	1.0	2.0
66680000	0.8578749484210115	0.14296556841895425	1.0	1.0	2.0
66690000	2.185554341480071	1.0624856685334738	1.0	1.0	2.0
66700000	0.1109775631746525	0.05165324585563821	1.0	1.0	2.0
66710000	0.26696976927324856	0.08878926280240204	1.0	1.0	2.0
66720000	1.1359555501478762	1.7991084749805801	1.0	1.0	2.0
66730000	0.7565943700201007	0.12418007368243164	1.0	1.0	2.0
66740000	0.3232728710670019	0.17514331008848993	1.0	1.0	2.0
66750000	1.1323545123360632	0.373843718157153	1.0	1.0	2.0
66760000	0.8804431809686262	0.4914008878113024	1.0	1.0	2.0
66770000	0.9859909713405098	0.1218594488974013	1.0	1.0	2.0
66780000	2.5598364602616868	1.0969995447628273	1.0	1.0	2.0
66790000	5.144126665508157	1.2697025153484645	1.0	1.0	2.0
66800000	0.09133957118936396	0.048929907359070025	1.0	1.0	2.0
66810000	0.814388641646189	0.6926236816048089	1.0	1.0	2.0
66820000	1.7868561734456918	0.025339981339680868	1.0	1.0	2.0
66830000	2.705998075565631	0.044646937744054115	1.0	1.0	2.0
66840000	0.5105277972589614	2.3958584534234117	1.0	1.0	2.0
66850000	1.0311621546500882	0.05936369686999735	1.0	1.0	2.0
66860000	1.6128386984342342	0.8143219042116819	1.0	1.0	2.0
66870000	0.6301926335006786	0.2115520826161965	1.0	1.0	2.0
66880000	0.19712214786537918	0.14354922937924916	1.0	1.0	2.0
66890000	2.415606348590546	0.36997084749042275	1.0	1.0	2.0
66900000	1.2200730090924055	0.0965483355586772	1.0	1.0	2.0
66910000	0.34531752198022225	0.20571160209828143	1.0	1.0	2.0
66920000	0.47029544648438865	0.9441893410587938	1.0	1.0	2.0
66930000	1.364665764541095	1.6799666399470592	1.0	1.0	2.0
66940000	0.9875484386242778	0.3686636529125284	1.0	1.0	2.0
66950000	0.6679588908684234	0.8775328812079358	1.0	1.0	2.0
66960000	1.7512574504549918	0.5411719756578944	1.0	1.0	2.0
66970000	1.355301456075721	0.6003728621471198	1.0	1.0	2.0
66980000	1.492492487903581	0.40228803811528024	1.0	1.0	2.0
66990000	3.6021787085325503	0.21618233796569644	1.0	1.0	2.0
67000000	1.0427467542709794	0.2795599069368066	1.0	1.0	2.0
67010000	0.6866153709116785	1.0786623467936147	1.0	1.0	2.0
67020000	0.8794425686904288	0.3917925741297825	1.0	1.0	2.0
67030000	1.3089120394322957	0.26818884500259355	1.0	1.0	2.0
67040000	1.9408758698621837	0.04535819250578549	1.0	1.0	2.0
67050000	0.4850443772991099	0.18703815141911237	1.0	1.0	2.0
67060000	0.2508637320249541	0.05054461340534738	1.0	1.0	2.0
67070000	0.5725587208896359	0.4920081005353748	1.0	1.0	2.0
67080000	2.0643897799867386	0.4683232175466667	1.0	1.0	2.0
67090000	0.9914809970923153	0.5584694959474684	1.0	1.0	2.0
67100000	1.7863937685023796	0.8680779012396737	1.0	1.0	2.0
67110000	0.5482064756200067	0.23735075445324372	1.0	1.0	2.0
67120000	2.017561191830462	0.22043749132684787	1.0	1.0	2.0
67130000	0.41420777093500616	0.04193654859092572	1.0	1.0	2.0
67140000	0.7184327155967822	0.09012551570660639	1.0	1.0	2.0
67150000	0.8396518608340965	1.1706738238455847	1.0	1.0	2.0
67160000	0.38293778771652753	0.1348784830551607	1.0	1.0	2.0
67170000	6.878480754237619	0.07494446132505365	1.0	1.0	2.0
67180000	1.1349499909440082	0.907759266191501	1.0	1.0	2.0
67190000	1.1485075725565446	0.46753535228953286	1.0	1.0	2.0
67200000	0.9275582097538098	0.03955895919895955	1.0	1.0	2.0
67210000	0.2679725551810186	0.019426804112901694	1.0	1.0	2.0
67220000	2.317793956584105	0.7115585367199975	1.0	1.0	2.0
67230000	3.5496743424598702	1.3145520348175475	1.0	1.0	2.0
67240000	0.5171435132267349	0.050215088022579325	1.0	1.0	2.0
67250000	2.1540322147679647	0.8911997810215467	1.0	1.0	2.0
67260000	1.1334302279860577	0.13604597790284714	1.0	1.0	2.0
67270000	0.46228096019137	0.4401614778932225	1.0	1.0	2.0
67280000	0.3491893454712019	0.3429461356688009	1.0	1.0	2.0
67290000	3.520078982985437	0.4791274183581575	1.0	1.0	2.0
67300000	0.6672687945615884	0.38150824361322244	1.0	1.0	2.0
67310000	0.30296856868249045	0.00510697756072095	1.0	1.0	2.0
67320000	0.7746956394017945	0.3186105907357865	1.0	1.0	2.0
67330000	0.34015038392180147	0.08956710708025346	1.0	1.0	2.0
67340000	0.508743191863819	0.1953998785601948	1.0	1.0	2.0
67350000	0.3328064728261665	0.09379137342225911	1.0	1.0	2.0
67360000	0.5985774561366496	0.07698419299639339	1.0	1.0	2.0
67370000	3.8439916835892047	0.18408121396274366	1.0	1.0	2.0
67380000	2.153880874655757	3.497554050908738	1.0	1.0	2.0
67390000	1.4091713209119454	1.709080913430952	1.0	1.0	2.0
67400000	3.6690562762491017	0.021303399091763917	1.0	1.0	2.0
67410000	1.3798267973736873	0.7263211999400622	1.0	1.0	2.0
67420000	1.057391040800701	2.052015606302244	1.0	1.0	2.0
67430000	0.5729469690810044	0.002245625696406215	1.0	1.0	2.0
67440000	2.6975152966651996	0.41167614520320106	1.0	1.0	2.0
67450000	1.9591795988355558	0.049018277033360876	1.0	1.0	2.0
67460000	0.42645206212407066	0.04404773503368518	1.0	1.0	2.0
67470000	3.8878672935023024	2.5518558743687016	1.0	1.0	2.0
67480000	0.7304242047446756	0.4670062415714756	1.0	1.0	2.0
67490000	0.6647123810204921	0.021700483739884136	1.0	1.0	2.0
67500000	0.37318641033831995	0.3505869082332788	1.0	1.0	2.0
67510000	3.9765349471175933	0.018922569450726383	1.0	1.0	2.0
67520000	1.517897037466063	2.3135893323339056	1.0	1.0	2.0
67530000	2.151967166205704	1.4542018548145053	1.0	1.0	2.0
67540000	0.31848492288532826	0.3262713815421593	1.0	1.0	2.0
67550000	1.24774946017641	0.1334167856385872	1.0	1.0	2.0
67560000	0.6206769834000733	0.3217472892690331	1.0	1.0	2.0
67570000	7.147720563000261	0.015917681396251177	1.0	1.0	2.0
67580000	0.5520596715570424	0.014333108616224	1.0	1.0	2.0
67590000	1.8074443085384209	0.3893629112958518	1.0	1.0	2.0
67600000	0.6240302156954872	0.4790991817887291	1.0	1.0	2.0
67610000	2.769767704725674	0.2252476301574504	1.0	1.0	2.0
67620000	0.4741740764595456	0.07774213958833913	1.0	1.0	2.0
67630000	3.2535948404791246	0.38151433108842564	1.0	1.0	2.0
67640000	0.8715440462501897	0.6418242351744105	1.0	1.0	2.0
67650000	2.230776884923027	3.6097235245004873	1.0	1.0	2.0
67660000	2.742483475958049	0.7605627725452355	1.0	1.0	2.0
67670000	1.4035046095745591	0.7268935375267545	1.0	1.0	2.0
67680000	0.9049568502076468	0.27230288989018286	1.0	1.0	2.0
67690000	0.38426610326243194	0.5542313797154068	1.0	1.0	2.0
67700000	0.05198494276827873	0.08035284647218897	1.0	1.0	2.0
67710000	0.5097451915774082	0.19211072543165864	1.0	1.0	2.0
67720000	0.8820221166549039	0.7247589898538384	1.0	1.0	2.0
67730000	0.7122075911043684	0.1899641766989347	1.0	1.0	2.0
67740000	0.49282219165885144	0.3794953069014197	1.0	1.0	2.0
67750000	1.5641192808718154	0.46177647891701473	1.0	1.0	2.0
67760000	1.1874289532763	0.06509527913847296	1.0	1.0	2.0
67770000	3.1689511023942645	0.20617322725348472	1.0	1.0	2.0
67780000	3.627037002955383	0.17408223837986445	1.0	1.0	2.0
67790000	2.1058029238877185	1.1098401407910767	1.0	1.0	2.0
67800000	2.5721146193114417	0.19781188851760714	1.0	1.0	2.0
67810000	3.250202834781412	0.6407447793628726	1.0	1.0	2.0
67820000	1.5534989577459426	0.36698591831288574	1.0	1.0	2.0
67830000	0.7421835816185431	0.30289541819364507	1.0	1.0	2.0
67840000	0.8925862032064518	0.14879613762496813	1.0	1.0	2.0
67850000	2.294449527625967	0.36399285909927087	1.0	1.0	2.0
67860000	0.20341512706946244	2.0961516721982494	0.0	1.0	1.0
67870000	1.288064921320861	0.4976854444233287	1.0	1.0	2.0
67880000	0.6756953850097673	0.5619381439838077	1.0	1.0	2.0
67890000	0.07013002422310492	0.056024346689732836	1.0	1.0	2.0
67900000	2.163151753416183	0.1718922497747172	1.0	1.0	2.0
67910000	0.5843350403407265	0.2700653974373561	1.0	1.0	2.0
67920000	0.6605440228664646	0.7725492194979937	1.0	1.0	2.0
67930000	0.22654183620366491	0.4718355506098944	1.0	1.0	2.0
67940000	0.419320802601371	0.14097811568521396	1.0	1.0	2.0
67950000	2.2451992689989635	2.0204113034960804	1.0	1.0	2.0
67960000	2.733821440323661	1.3534475971965145	1.0	1.0	2.0
67970000	5.048488235877611	0.8917951295682047	1.0	1.0	2.0
67980000	0.5934242148531099	0.17874951269679104	1.0	1.0	2.0
67990000	0.47590503566220166	0.11697085028757055	1.0	1.0	2.0
68000000	0.3663557650298539	0.3967765033760453	1.0	1.0	2.0
68010000	0.6771540104360723	0.11951990335399933	1.0	1.0	2.0
68020000	1.8040088306286923	0.08165253904564608	1.0	1.0	2.0
68030000	0.48656347049660903	1.1347250112832998	1.0	1.0	2.0
68040000	0.6444003532537342	0.1758822136113226	1.0	1.0	2.0
68050000	2.445793192514014	1.4646598798301418	1.0	1.0	2.0
68060000	0.4953540787985524	0.3792965324750681	1.0	1.0	2.0
68070000	1.8558946784527717	1.5246923660018614	1.0	1.0	2.0
68080000	0.12660612210501784	0.1727432134856152	1.0	1.0	2.0
68090000	0.22390461326569497	0.28828714968720165	1.0	1.0	2.0
68100000	0.23752560741687204	0.061894276675344966	1.0	1.0	2.0
68110000	0.8101558556337626	0.18162054163209837	1.0	1.0	2.0
68120000	0.5768166404609487	0.056581121310339245	1.0	1.0	2.0
68130000	3.767080536529951	0.20679483958665043	1.0	1.0	2.0
68140000	0.3149786441239827	0.049532856580019914	1.0	1.0	2.0
68150000	2.457852312740119	0.3293642383126296	1.0	1.0	2.0
68160000	0.6931150868958432	0.26129479578809334	1.0	1.0	2.0
68170000	1.461877633149481	0.6351850753695176	1.0	1.0	2.0
68180000	1.5853716011693573	0.03300008382147739	1.0	1.0	2.0
68190000	2.2426093832099094	0.37817696962319763	1.0	1.0	2.0
68200000	1.0750265720060994	0.37901062524085166	1.0	1.0	2.0
68210000	1.6218846292990372	0.08018519888241883	1.0	1.0	2.0
68220000	2.517190142878357	1.0500210621429227	1.0	1.0	2.0
68230000	0.6784005655882795	1.1091865196122033	1.0	1.0	2.0
68240000	1.07049973285233	0.48020147352273196	1.0	1.0	2.0
68250000	0.15275796618190376	0.09744252157941637	1.0	1.0	2.0
68260000	0.7725016576403719	0.2658034679775509	1.0	1.0	2.0
68270000	0.1017118656787116	0.02825704438405101	1.0	1.0	2.0
68280000	1.00713223554891	1.0020228685051784	1.0	1.0	2.0
68290000	0.6143660977361435	0.35098484429215326	1.0	1.0	2.0
68300000	3.0746271865506025	0.14951686105963474	1.0	1.0	2.0
68310000	1.0776186038179105	0.16094132025130922	1.0	1.0	2.0
68320000	1.4392467453125504	0.6166137199007186	1.0	1.0	2.0
68330000	0.6671427612605961	1.4943349995979787	1.0	1.0	2.0
68340000	0.6260738434924665	0.38370717683212946	1.0	1.0	2.0
68350000	1.2877350105277992	0.15893565708003513	1.0	1.0	2.0
68360000	0.607939204168152	0.32973328570827753	1.0	1.0	2.0
68370000	4.132681342318407	0.35954836482134084	1.0	1.0	2.0
68380000	1.5400077978028297	0.4297143715489548	1.0	1.0	2.0
68390000	1.7090668252455357	0.8517000597034371	1.0	1.0	2.0
68400000	4.074071709793032	0.8486624048802542	1.0	1.0	2.0
68410000	0.6636987953423108	0.03755652597148589	1.0	1.0	2.0
68420000	1.6432701750924252	0.07578976763101634	1.0	1.0	2.0
68430000	0.8107726982606412	0.7094055469386616	1.0	1.0	2.0
68440000	2.078173562996016	0.4305840307459068	1.0	1.0	2.0
68450000	1.0255214507130415	0.43977124179174376	1.0	1.0	2.0
68460000	0.9485555309283101	0.2700460860214266	1.0	1.0	2.0
68470000	0.7155854872751867	0.11690983559256614	1.0	1.0	2.0
68480000	3.3147064817632312	0.10018288747212595	1.0	1.0	2.0
68490000	1.0812820780504764	0.777493967895788	1.0	1.0	2.0
68500000	0.16668311243370462	0.04847749576628434	1.0	1.0	2.0
68510000	0.5122754207427049	0.1977022437226864	1.0	1.0	2.0
68520000	0.5007610275667375	0.045545325683656025	1.0	1.0	2.0
68530000	1.4204743864283813	0.06394613148932603	1.0	1.0	2.0
68540000	1.5188808601246326	0.2542458467150953	1.0	1.0	2.0
68550000	1.3776810849771985	0.2384359301693243	1.0	1.0	2.0
68560000	4.324754767599525	0.29846145005383146	1.0	1.0	2.0
68570000	1.602289120328055	0.43266589181516185	1.0	1.0	2.0
68580000	1.4255449214721816	1.2883795116194883	1.0	1.0	2.0
68590000	1.3386287062585418	0.07021465354367967	1.0	1.0	2.0
68600000	0.3483753085439558	0.05905793412255648	1.0	1.0	2.0
68610000	0.1121727697342546	0.5834007344712098	1.0	1.0	2.0
68620000	1.4158462271300383	0.19989038432425335	1.0	1.0	2.0
68630000	0.45260289763237366	0.12893266558657424	1.0	1.0	2.0
68640000	1.2118350559502715	2.562909191802754	1.0	1.0	2.0
68650000	1.4497409300691428	1.0958522825464305	1.0	1.0	2.0
68660000	4.024344484526745	0.055093489736567275	1.0	1.0	2.0
68670000	1.155015796817803	0.3999067279036383	1.0	1.0	2.0
68680000	1.7221567726152454	0.34847212863521776	1.0	1.0	2.0
68690000	4.179108959292032	1.775050023474945	1.0	1.0	2.0
68700000	0.32071963880138005	0.21729839540195936	1.0	1.0	2.0
68710000	0.3564266887150943	0.5067250512434369	1.0	1.0	2.0
68720000	0.25515249802659834	2.41039988437963	1.0	1.0	2.0
68730000	0.5262591271649768	0.15119259064025567	1.0	1.0	2.0
68740000	2.2148348075938147	0.029333697156398227	1.0	1.0	2.0
68750000	0.6044140029872094	0.27450074820424375	1.0	1.0	2.0
68760000	0.5126514538042821	0.12469641160926781	1.0	1.0	2.0
68770000	0.2862208622499089	0.17688429095048866	1.0	1.0	2.0
68780000	3.164565385695456	1.6217367385601644	1.0	1.0	2.0
68790000	0.6238544981721514	0.2181150390568292	1.0	1.0	2.0
68800000	0.8902490418419016	1.2023608775862666	1.0	1.0	2.0
68810000	0.3715633758169728	0.3144051260957787	1.0	1.0	2.0
68820000	2.107679609951152	1.0440230784565485	1.0	1.0	2.0
68830000	0.6228942709003978	0.10751375795937385	1.0	1.0	2.0
68840000	0.3930937909614795	0.37878891476824966	1.0	1.0	2.0
68850000	0.5120901674370583	0.2648781516003044	1.0	1.0	2.0
68860000	2.900981670634388	0.20957266806476632	1.0	1.0	2.0
68870000	4.7364224504602035	1.248230723776562	1.0	1.0	2.0
68880000	1.486981726733804	1.732451187954202	1.0	1.0	2.0
68890000	0.9058836406162979	0.609027158053622	1.0	1.0	2.0
68900000	0.5201651138245338	0.11473847633885767	1.0	1.0	2.0
68910000	0.3947358085952668	0.3879947838041933	1.0	1.0	2.0
68920000	2.65301490670317	1.3423761200431392	1.0	1.0	2.0
68930000	0.28037836397581395	0.062063365826986724	1.0	1.0	2.0
68940000	1.064232693874825	0.3073399963336372	1.0	1.0	2.0
68950000	0.3262790800840274	0.5305833631562562	1.0	1.0	2.0
68960000	0.5821960748035114	0.3611070609224438	1.0	1.0	2.0
68970000	0.29231490022800904	0.25319090139621836	1.0	1.0	2.0
68980000	3.0321013924645115	0.03879081968219943	1.0	1.0	2.0
68990000	3.192163885799698	0.04931739376685908	1.0	1.0	2.0
69000000	1.101183363962081	1.3602781205348815	1.0	1.0	2.0
69010000	1.3498294980889167	1.1710145269476084	1.0	1.0	2.0
69020000	1.7991006715311475	0.059977587775218444	1.0	1.0	2.0
69030000	1.4701588927694713	0.7948103820878252	1.0	1.0	2.0
69040000	1.228082556212822	0.825729236333462	1.0	1.0	2.0
69050000	1.5347840730999374	0.4391893991186527	1.0	1.0	2.0
69060000	1.218653649207267	0.48800797923651945	1.0	1.0	2.0
69070000	0.8999736835886359	0.9281923212835318	1.0	1.0	2.0
69080000	0.3473606618134458	0.4764533613874357	1.0	1.0	2.0
69090000	0.6782121611671781	1.640981207961744	1.0	1.0	2.0
69100000	0.6428466300483051	2.4961402499499843	1.0	1.0	2.0
69110000	0.08993682497482174	0.12686661453518752	1.0	1.0	2.0
69120000	0.7938025539569081	1.5936549597192853	1.0	1.0	2.0
69130000	0.1964790445189424	0.1664167447661655	1.0	1.0	2.0
69140000	1.0607225008451524	0.3663222921739874	1.0	1.0	2.0
69150000	1.0962582273642432	0.9281284765899579	1.0	1.0	2.0
69160000	0.8520641759837276	0.28138325235655776	1.0	1.0	2.0
69170000	2.6734130325472254	0.15022794445672547	1.0	1.0	2.0
69180000	5.208805587815316	0.15740677839322814	1.0	1.0	2.0
69190000	0.7260080577578958	0.1979901653083442	1.0	1.0	2.0
69200000	0.8719570414846031	0.28141527695356244	1.0	1.0	2.0
69210000	2.508811799306683	0.03721828863044339	1.0	1.0	2.0
69220000	0.593654892502948	0.2759126425804018	1.0	1.0	2.0
69230000	0.2576391668369074	0.1534463770632076	1.0	1.0	2.0
69240000	1.1121850130232713	0.5652971693352372	1.0	1.0	2.0
69250000	1.5763410821055874	2.6645520755372023	1.0	1.0	2.0
69260000	2.480062316618536	2.288767655837075	1.0	1.0	2.0
69270000	0.16547845715225484	0.20338108510724948	1.0	1.0	2.0
69280000	1.025416480299378	0.4727009659528913	1.0	1.0	2.0
69290000	0.0970562942999399	0.31319591712891576	1.0	1.0	2.0
69300000	1.692658984730202	0.11024919712736998	1.0	1.0	2.0
69310000	0.764233804745779	0.17605268783656156	1.0	1.0	2.0
69320000	2.515805076961218	1.0878643319598211	1.0	1.0	2.0
69330000	1.4259146822844018	0.07497369645701685	1.0	1.0	2.0
69340000	1.0736333743700444	0.5044476382796642	1.0	1.0	2.0
69350000	0.749278947865951	0.5418418237693942	1.0	1.0	2.0
69360000	1.758991176674872	0.3757471940155752	1.0	1.0	2.0
69370000	4.541115595935876	0.18116661217664062	1.0	1.0	2.0
69380000	1.5632410221191941	0.7732644804008636	1.0	1.0	2.0
69390000	0.5560536963896091	0.050390466207600584	1.0	1.0	2.0
69400000	0.8620773076722277	0.4021229525528831	1.0	1.0	2.0
69410000	1.3213210466703824	1.8059774721761175	1.0	1.0	2.0
69420000	1.8779708500403467	0.042014525284459175	1.0	1.0	2.0
69430000	0.1797909654297112	0.5022655948381004	1.0	1.0	2.0
69440000	0.2721703066926087	0.670229224015856	1.0	1.0	2.0
69450000	0.4535071452639511	0.26481732738818164	1.0	1.0	2.0
69460000	1.6031532516310758	1.4167775287201012	1.0	1.0	2.0
69470000	1.147500587889008	0.7077830907008561	1.0	1.0	2.0
69480000	0.9653355498528613	0.07694476842089373	1.0	1.0	2.0
69490000	1.254861540718608	0.06580945275727806	1.0	1.0	2.0
69500000	0.3689872099387988	1.4330375104214905	1.0	1.0	2.0
69510000	0.5161893147473824	0.21910949457429552	1.0	1.0	2.0
69520000	1.9390010057193854	0.05947149115416387	1.0	1.0	2.0
69530000	2.386325265497782	0.8495277233658051	1.0	1.0	2.0
69540000	3.484931341978166	2.038777875315136	0.0	1.0	1.0
69550000	0.41316537665237674	0.19241854995528487	1.0	1.0	2.0
69560000	1.4773765091760216	1.2852125765762221	1.0	1.0	2.0
69570000	2.921381622880419	0.5032271794116355	1.0	1.0	2.0
69580000	0.9161071023211219	0.9178918948768418	1.0	1.0	2.0
69590000	1.9516200953502991	1.0328571005914229	1.0	1.0	2.0
69600000	4.222014351886459	1.655960485333971	1.0	1.0	2.0
69610000	0.978524763462405	0.245897019520388	1.0	1.0	2.0
69620000	0.5323373425572132	1.474107592157763	1.0	1.0	2.0
69630000	0.9579855445929346	0.05150192632310721	1.0	1.0	2.0
69640000	1.1309927380574036	0.03301759230808608	1.0	1.0	2.0
69650000	0.12944938432126088	0.024960253277427992	1.0	1.0	2.0
69660000	0.3574980682801562	0.01596270647405744	1.0	1.0	2.0
69670000	1.0425370351556198	0.8788155332317847	1.0	1.0	2.0
69680000	2.035191358448383	0.20350595324884135	1.0	1.0	2.0
69690000	1.1314446165823318	0.0077748686143390595	1.0	1.0	2.0
69700000	0.8263594165006136	2.093389442030835	1.0	1.0	2.0
69710000	0.16934285284290898	0.11529315094595836	1.0	1.0	2.0
69720000	1.2250487858673793	0.06571396750966182	1.0	1.0	2.0
69730000	1.9194215020552094	0.3378684789582653	1.0	1.0	2.0
69740000	0.9885617609925751	0.9127501868063299	1.0	1.0	2.0
69750000	3.126258353595008	0.5503621957232655	1.0	1.0	2.0
69760000	5.998139123878263	1.619499901535261	1.0	1.0	2.0
69770000	1.0873410792454843	0.36128435841799905	1.0	1.0	2.0
69780000	4.543122952097819	1.7493859624038524	1.0	1.0	2.0
69790000	0.48202618310215617	0.07905503294181035	1.0	1.0	2.0
69800000	2.1771191623447685	0.31605250826632025	1.0	1.0	2.0
69810000	0.9397067775257486	0.4430039349976336	1.0	1.0	2.0
69820000	1.0309402766498865	0.6542805294575869	1.0	1.0	2.0
69830000	0.7112664895388582	0.7337448004781115	1.0	1.0	2.0
69840000	1.4491329019248909	2.6355434192221097	1.0	1.0	2.0
69850000	1.1217366540478644	0.4502127437730885	1.0	1.0	2.0
69860000	0.7706825730741341	0.011083977802388893	1.0	1.0	2.0
69870000	0.81339526421283	0.660346085627915	1.0	1.0	2.0
69880000	3.765404863683182	0.38194453364262515	1.0	1.0	2.0
69890000	2.081686766347571	0.40405790663090624	1.0	1.0	2.0
69900000	2.4591492482722144	0.05156650278662367	1.0	1.0	2.0
69910000	1.6304155243928355	0.8943315429918591	1.0	1.0	2.0
69920000	0.044960411907656296	0.11824791450902741	1.0	1.0	2.0
69930000	1.5273911934805395	0.050934732450459146	1.0	1.0	2.0
69940000	3.5116906152571277	0.5587439449275117	1.0	1.0	2.0
69950000	1.0879973462360064	0.018733814798396076	1.0	1.0	2.0
69960000	0.08655840647970263	0.1419290876312094	1.0	1.0	2.0
69970000	0.49311403592558295	1.0025155479555148	1.0	1.0	2.0
69980000	1.5718979342593034	2.8831934293189763	1.0	1.0	2.0
69990000	0.31485026221916135	0.05543424455193401	1.0	1.0	2.0
70000000	2.521981815767906	1.7142914859720373	1.0	1.0	2.0
70010000	1.3225852880139422	0.16649527394622374	1.0	1.0	2.0
70020000	3.135618493653801	1.234479283058055	1.0	1.0	2.0
70030000	0.6328637864183883	0.04453558908285909	1.0	1.0	2.0
70040000	0.3854852835598176	1.246024729290466	1.0	1.0	2.0
70050000	1.23272840694004	0.33467446794051964	1.0	1.0	2.0
70060000	1.1473022535744288	1.7822991434394675	1.0	1.0	2.0
70070000	3.4830097090352035	2.1215322053885832	1.0	1.0	2.0
70080000	0.2732893849808153	0.1405158453184031	1.0	1.0	2.0
70090000	1.037122935803962	0.040950831027983664	1.0	1.0	2.0
70100000	0.701479386857113	0.17829362842604488	1.0	1.0	2.0
70110000	0.43706751350793377	0.013105786959940939	1.0	1.0	2.0
70120000	0.5154474290711836	0.5787242515164289	1.0	1.0	2.0
70130000	1.6986445976544935	0.44074962742342	1.0	1.0	2.0
70140000	0.6249956851218862	1.8079200203243675	1.0	1.0	2.0
70150000	2.3279592560062996	0.032058577896437915	1.0	1.0	2.0
70160000	1.5245628281574084	0.15531877458569404	1.0	1.0	2.0
70170000	0.2713755093885286	0.6319376790384889	1.0	1.0	2.0
70180000	0.12997067890084837	0.2120437301426991	1.0	1.0	2.0
70190000	1.1072227391060234	0.2731212281160721	1.0	1.0	2.0
70200000	2.306457213979659	0.01691633573676335	1.0	1.0	2.0
70210000	0.8998223508453399	0.05617503456329419	1.0	1.0	2.0
70220000	0.945365891009416	1.5739760049485483	1.0	1.0	2.0
70230000	4.80015247518569	1.3099089394912935	1.0	1.0	2.0
70240000	2.4440677350902	2.0761138388387264	1.0	1.0	2.0
70250000	0.8840675077985785	0.38461398537909425	1.0	1.0	2.0
70260000	0.88205463584258	0.30256406556097876	1.0	1.0	2.0
70270000	1.5674771858634569	0.34084484171301394	1.0	1.0	2.0
70280000	1.539737648539551	1.91380254061183	1.0	1.0	2.0
70290000	2.621679605570657	0.08452257089366952	1.0	1.0	2.0
70300000	0.7891153470279054	0.34392866841851244	1.0	1.0	2.0
70310000	2.8357586846910583	2.300285655582332	1.0	1.0	2.0
70320000	0.8763306128075903	0.9579845185634053	1.0	1.0	2.0
70330000	3.383417953716241	2.039407148306369	1.0	1.0	2.0
70340000	0.5823173791982333	1.537805229304915	1.0	1.0	2.0
70350000	1.0315912106299407	0.22165021948311442	1.0	1.0	2.0
70360000	2.5111248971552986	0.31504501087976733	1.0	1.0	2.0
70370000	0.3824513518486998	0.04783184889457492	1.0	1.0	2.0
70380000	2.42139128390813	0.5074529397180874	1.0	1.0	2.0
70390000	1.2034933849134126	0.9095964754415231	1.0	1.0	2.0
70400000	0.7190720290827811	0.49936142656143373	1.0	1.0	2.0
70410000	2.3610553900032882	0.2738445046656236	1.0	1.0	2.0
70420000	0.6798455445158711	0.8570030040850585	0.0	1.0	1.0
70430000	1.8898832393730176	0.019945504106002872	1.0	1.0	2.0
70440000	1.3720465314901016	0.46096671610920925	1.0	1.0	2.0
70450000	2.159698468142778	0.11507139391534058	1.0	1.0	2.0
70460000	1.6645490143892616	0.322863873804908	1.0	1.0	2.0
70470000	1.2395150302688747	0.29563446288061507	1.0	1.0	2.0
70480000	0.3521731183223821	0.33314961789766595	1.0	1.0	2.0
70490000	2.583067864947047	2.143290019843792	1.0	1.0	2.0
70500000	0.30917947573180815	0.031495518313231295	1.0	1.0	2.0
70510000	1.10904919041088	0.770800153079962	1.0	1.0	2.0
70520000	1.1050676355575257	0.02346517274234031	1.0	1.0	2.0
70530000	1.76143629739993	0.6287931007164039	1.0	1.0	2.0
70540000	0.9161155831774086	0.35394312387976773	1.0	1.0	2.0
70550000	0.17386746832107203	0.08366265602894336	1.0	1.0	2.0
70560000	0.2961126156970599	0.31352532645246767	1.0	1.0	2.0
70570000	2.3806057008833803	1.0359369890755528	1.0	1.0	2.0
70580000	1.3376697879347275	1.3038721135101008	1.0	1.0	2.0
70590000	0.5209416909310652	1.3718183963321315	1.0	1.0	2.0
70600000	8.940610932480675	0.9104726706106927	1.0	1.0	2.0
70610000	2.172306266366693	0.08278868689350627	1.0	1.0	2.0
70620000	0.7653060081762056	1.0862011999165386	1.0	1.0	2.0
70630000	2.506622810189477	0.29153582035062553	1.0	1.0	2.0
70640000	1.9714002636188546	0.7581197617253381	1.0	1.0	2.0
70650000	0.77700793548109	0.5361837196913317	1.0	1.0	2.0
70660000	2.361942045087257	0.024934529151643934	1.0	1.0	2.0
70670000	0.8936890648233324	0.4356790434790428	1.0	1.0	2.0
70680000	0.36674133342607124	0.0031201778693260617	1.0	1.0	2.0
70690000	1.9587303838258963	0.6062635904159235	1.0	1.0	2.0
70700000	1.903673339701841	0.009992493570544618	1.0	1.0	2.0
70710000	1.534341871770097	0.3151511161384377	1.0	1.0	2.0
70720000	0.7793668379690145	0.7254429236727817	1.0	1.0	2.0
70730000	0.19848966660267123	0.08600913285800661	1.0	1.0	2.0
70740000	2.833870959961061	1.3552999709594507	1.0	1.0	2.0
70750000	0.5835980615623436	0.805719078989981	1.0	1.0	2.0
70760000	1.2092289153170213	0.3139086998505106	1.0	1.0	2.0
70770000	0.12879114440033954	0.4528915884636653	1.0	1.0	2.0
70780000	0.2855126526960449	0.024518346189662227	1.0	1.0	2.0
70790000	2.2599998801039654	0.011002034227560709	1.0	1.0	2.0
70800000	0.9457936959216058	2.6427953986189037	1.0	1.0	2.0
70810000	0.8108613754893411	2.949379311268396	1.0	1.0	2.0
70820000	2.035645253774305	0.30790924111504125	1.0	1.0	2.0
70830000	0.6215166013834299	0.25375961501331384	1.0	1.0	2.0
70840000	0.23791369682406685	0.04736182506074481	1.0	1.0	2.0
70850000	1.2421663324558623	0.05939927716049236	1.0	1.0	2.0
70860000	0.2740032252937809	0.3859367294930112	1.0	1.0	2.0
70870000	0.8134130819870569	0.056270396518745845	1.0	1.0	2.0
70880000	1.2856435947689322	0.40516293154264876	1.0	1.0	2.0
70890000	0.3498432924527943	0.02133515107460147	1.0	1.0	2.0
70900000	0.6822921134466011	0.03514876210888899	1.0	1.0	2.0
70910000	1.2952531448811722	1.577827731671449	1.0	1.0	2.0
70920000	3.2689050886751394	0.7859026778113776	1.0	1.0	2.0
70930000	0.7446939939995355	0.6631369857316619	1.0	1.0	2.0
70940000	2.822427819770216	0.31735921398685585	1.0	1.0	2.0
70950000	0.28679553052771867	0.01833425683203583	1.0	1.0	2.0
70960000	0.8793360351097439	0.5654430421151325	1.0	1.0	2.0
70970000	2.1626378590928073	0.09653299869864936	1.0	1.0	2.0
70980000	0.5449144026392774	0.546887422616805	1.0	1.0	2.0
70990000	0.9981822093801472	0.23587178379308327	1.0	1.0	2.0
71000000	0.2022856468028269	0.10085078786353974	1.0	1.0	2.0
71010000	0.4078207120025709	0.8200698183138214	1.0	1.0	2.0
71020000	0.4558774690507742	1.477203789700629	1.0	1.0	2.0
71030000	0.35166393593135803	0.5371964475929561	1.0	1.0	2.0
71040000	0.22937627320911766	0.2971931733060044	1.0	1.0	2.0
71050000	1.8248014378369575	0.15540076689918325	1.0	1.0	2.0
71060000	1.6107017640114591	0.20549264292492916	1.0	1.0	2.0
71070000	3.5369378678445487	0.09950289269075799	1.0	1.0	2.0
71080000	0.8179814576295035	0.469421089226638	1.0	1.0	2.0
71090000	2.1475886268270403	0.4580094468623773	1.0	1.0	2.0
71100000	0.4040941718989995	0.09114626100433457	1.0	1.0	2.0
71110000	0.6465470155456335	0.7240118473978044	1.0	1.0	2.0
71120000	1.3406358911049079	0.21513408513457205	1.0	1.0	2.0
71130000	2.0477696517677884	0.20509498803863993	1.0	1.0	2.0
71140000	1.9116311862154205	0.8024672808718184	1.0	1.0	2.0
71150000	1.3941520094779691	0.24654566126929184	1.0	1.0	2.0
71160000	3.0409428096695206	2.692789798841397	1.0	1.0	2.0
71170000	1.1788128677071241	0.6188206877652269	1.0	1.0	2.0
71180000	0.9057704331636797	0.12546680570384397	1.0	1.0	2.0
71190000	2.5603996691196245	0.7984200379032239	1.0	1.0	2.0
71200000	1.258618511314974	0.09064056396169795	1.0	1.0	2.0
71210000	2.8942937766875914	3.041444264396549	1.0	1.0	2.0
71220000	2.699793402937741	0.9923545402119608	1.0	1.0	2.0
71230000	1.3422115978486144	0.24661355926049036	1.0	1.0	2.0
71240000	1.9643252739945725	1.3154605995414543	1.0	1.0	2.0
71250000	2.057894034551388	0.2101541380338356	1.0	1.0	2.0
71260000	1.097016391004557	0.46733540844258814	1.0	1.0	2.0
71270000	0.868421604707081	0.2927340454096414	1.0	1.0	2.0
71280000	0.9411797805365903	0.784606405902997	1.0	1.0	2.0
71290000	1.3177481391438317	0.408949607912027	1.0	1.0	2.0
71300000	6.485430967924027	3.1099366855282886	1.0	1.0	2.0
71310000	2.542583623556599	2.002378787968133	1.0	1.0	2.0
71320000	1.613037483062686	0.029712562329393576	1.0	1.0	2.0
71330000	1.8431198121826413	0.34611903876938993	1.0	1.0	2.0
71340000	0.7339712820260967	0.08061893784324052	1.0	1.0	2.0
71350000	0.8174801071229202	1.098534440080829	1.0	1.0	2.0
71360000	2.1427270685568423	0.2605125174126377	1.0	1.0	2.0
71370000	1.3000498085409797	0.2823512975099506	1.0	1.0	2.0
71380000	2.380495511313739	0.23139907833695791	1.0	1.0	2.0
71390000	1.7437896663919115	0.3993631225623731	1.0	1.0	2.0
71400000	0.7127561347759792	0.1956425765131606	1.0	1.0	2.0
71410000	0.26832057656538694	0.1976110714457039	1.0	1.0	2.0
71420000	0.6197563591009121	0.10140440136694874	1.0	1.0	2.0
71430000	0.7803537573460215	0.09492612511207495	1.0	1.0	2.0
71440000	0.5121118349864898	0.020312200447597087	1.0	1.0	2.0
71450000	1.2055947324523153	0.37186132065447675	1.0	1.0	2.0
71460000	0.9463002407404497	0.15213495441831545	1.0	1.0	2.0
71470000	0.4829946832101491	1.1579675447234552	1.0	1.0	2.0
71480000	2.1574274358511003	0.7882418129214019	1.0	1.0	2.0
71490000	0.21927295803506383	0.016901551507142704	1.0	1.0	2.0
71500000	0.17015193035692194	0.48016161955585046	1.0	1.0	2.0
71510000	4.890808676072328	0.11255232960569228	1.0	1.0	2.0
71520000	0.6035409331711271	0.09539009516101203	1.0	1.0	2.0
71530000	1.5680992644056024	0.23081954976189628	1.0	1.0	2.0
71540000	2.1229998686684475	0.32747926609529104	1.0	1.0	2.0
71550000	0.47631185600583487	0.7101542088326408	1.0	1.0	2.0
71560000	3.8603685461641266	1.091937270971743	1.0	1.0	2.0
71570000	0.8499203867187101	0.0901558578172883	1.0	1.0	2.0
71580000	2.356974481040449	0.4525547657377506	1.0	1.0	2.0
71590000	1.3947134654432782	0.024650945418720264	1.0	1.0	2.0
71600000	2.5304402533969292	1.6412630915433797	1.0	1.0	2.0
71610000	0.4653830640534805	0.21022021872234042	1.0	1.0	2.0
71620000	1.4828794710646636	0.2475047719047263	1.0	1.0	2.0
71630000	2.5032714566909275	1.033315600406137	1.0	1.0	2.0
71640000	0.8304965776157521	0.129605949058009	1.0	1.0	2.0
71650000	1.483339830179592	2.7181236932703374	1.0	1.0	2.0
71660000	2.113521323293585	0.6829884071534974	1.0	1.0	2.0
71670000	4.198977339065881	0.02381460273493792	1.0	1.0	2.0
71680000	0.2632525843176949	0.1458692431724723	1.0	1.0	2.0
71690000	5.675751299988352	0.8357288904013034	1.0	1.0	2.0
71700000	1.612484907581894	0.25572285850311227	1.0	1.0	2.0
71710000	6.741924652875088	0.8087003268128982	1.0	1.0	2.0
71720000	1.3941350304097033	0.06072944551528687	1.0	1.0	2.0
71730000	2.1537032622495027	0.40963972201659576	1.0	1.0	2.0
71740000	1.552561540450417	0.10727424171857554	1.0	1.0	2.0
71750000	0.4505339396929899	0.08268456500448904	1.0	1.0	2.0
71760000	0.37169678427600455	0.23058731524919807	1.0	1.0	2.0
71770000	0.9051511097960327	0.398402362957653	1.0	1.0	2.0
71780000	3.51312495476934	1.1511975023245564	1.0	1.0	2.0
71790000	1.3393931066868645	1.5967701761099515	1.0	1.0	2.0
71800000	1.6251757622437337	0.018592553722846277	1.0	1.0	2.0
71810000	1.0128043737929748	0.03329973457746219	1.0	1.0	2.0
71820000	2.190183321166964	0.05688820715078783	1.0	1.0	2.0
71830000	0.5685872097398714	0.6753809219122041	1.0	1.0	2.0
71840000	0.7501843947241186	0.05207091204505914	1.0	1.0	2.0
71850000	1.700849809747136	0.338243145797475	1.0	1.0	2.0
71860000	2.0620002441057927	1.0950519545075577	1.0	1.0	2.0
71870000	0.24783660080884146	0.004893891230080778	1.0	1.0	2.0
71880000	0.6955428947277953	0.4478427104701208	1.0	1.0	2.0
71890000	2.106533184786212	0.47733231850978025	1.0	1.0	2.0
71900000	0.08872765973564592	0.03290191397423213	1.0	1.0	2.0
71910000	2.417335153224015	0.22074051561675476	1.0	1.0	2.0
71920000	2.391954431062566	0.7193599557401861	1.0	1.0	2.0
71930000	0.2529172273245195	0.05836208832465753	1.0	1.0	2.0
71940000	0.6900124137338656	1.273933305315772	1.0	1.0	2.0
71950000	0.6323904054047089	0.11107775312584224	1.0	1.0	2.0
71960000	0.2345313666695759	1.1160838905076194	1.0	1.0	2.0
71970000	1.9303563641797201	1.6649255152713853	1.0	1.0	2.0
71980000	0.21285541090410476	0.798648095739179	1.0	1.0	2.0
71990000	1.0295152725321524	1.0299752024987203	1.0	1.0	2.0
72000000	0.6364433731955236	0.2667524330779417	1.0	1.0	2.0
72010000	1.0731453897966985	0.11929595672528194	1.0	1.0	2.0
72020000	6.094965906601847	0.9553700798406368	1.0	1.0	2.0
72030000	2.1405871077650955	0.040258966547007856	1.0	1.0	2.0
72040000	1.9595119610019907	0.580321677645195	1.0	1.0	2.0
72050000	0.3537827402147652	0.3165110794004654	1.0	1.0	2.0
72060000	0.40575528625639684	0.2470695435097233	1.0	1.0	2.0
72070000	0.7796724180782322	0.08626738594144263	1.0	1.0	2.0
72080000	1.4286372149901594	0.20574071909823213	1.0	1.0	2.0
72090000	1.560327061418365	0.23563053273040116	1.0	1.0	2.0
72100000	1.7703268058601185	0.8215836578646012	1.0	1.0	2.0
72110000	0.2950585721944256	0.7624407444885173	1.0	1.0	2.0
72120000	1.7517324593652401	3.8898532253328786	1.0	1.0	2.0
72130000	1.5882270568390369	0.961497934212881	1.0	1.0	2.0
72140000	0.8434086279466531	1.6423107081062671	1.0	1.0	2.0
72150000	2.4585506585178294	3.0335594487735293	1.0	1.0	2.0
72160000	0.44131374161022996	0.09382937547406273	1.0	1.0	2.0
72170000	3.3013942916741765	1.2521012240317742	1.0	1.0	2.0
72180000	1.5442678686243068	0.30076096933313234	1.0	1.0	2.0
72190000	3.4761043797927944	0.21505771571114277	1.0	1.0	2.0
72200000	2.9326440804165217	1.8876652831737368	1.0	1.0	2.0
72210000	1.232931714104326	0.5773398393614826	1.0	1.0	2.0
72220000	2.093856481116474	0.4012859141549731	1.0	1.0	2.0
72230000	1.3219406681919148	0.11008773850465255	1.0	1.0	2.0
72240000	0.20724742868634494	1.793429873526435	1.0	1.0	2.0
72250000	0.5321915916756684	0.08763029848540833	1.0	1.0	2.0
72260000	0.8142874092768376	0.16387414680308596	1.0	1.0	2.0
72270000	2.0667696444448698	0.3189596896463308	1.0	1.0	2.0
72280000	0.21092011351089887	1.1983053866190032	1.0	1.0	2.0
72290000	1.158748488761162	0.13737018597075365	1.0	1.0	2.0
72300000	0.23563796605805748	0.12050657146816691	1.0	1.0	2.0
72310000	2.939120597376557	0.3447666628835783	1.0	1.0	2.0
72320000	0.16515603103718915	0.11822412892190265	1.0	1.0	2.0
72330000	0.6000984788700303	0.8223618178637693	1.0	1.0	2.0
72340000	1.044090697075685	0.77651077498081	1.0	1.0	2.0
72350000	1.9077230178899447	0.1524976037406136	1.0	1.0	2.0
72360000	0.4487466804897891	0.2608768326103754	1.0	1.0	2.0
72370000	1.2933995422437374	0.11438922752493395	1.0	1.0	2.0
72380000	1.527017938250345	0.5624873822897386	1.0	1.0	2.0
72390000	0.6616742419670646	0.05561386968846898	1.0	1.0	2.0
72400000	0.08514779233850912	0.04757393980094848	1.0	1.0	2.0
72410000	0.46446795563901544	0.36069396855561964	1.0	1.0	2.0
72420000	0.36245563225971594	0.4614910579618461	1.0	1.0	2.0
72430000	1.477429520840997	1.4572608380450127	1.0	1.0	2.0
72440000	3.5670569236000214	0.23090473785449253	1.0	1.0	2.0
72450000	0.4319500130028379	0.45225459549917857	1.0	1.0	2.0
72460000	0.4104207014593845	0.08997470286414258	1.0	1.0	2.0
72470000	1.1511668754983502	0.2811604646267094	1.0	1.0	2.0
72480000	1.2960850152890702	0.21878895395741932	1.0	1.0	2.0
72490000	0.3087414443684782	0.40550525306783286	1.0	1.0	2.0
72500000	0.08893072292003794	0.041506428967425436	1.0	1.0	2.0
72510000	1.6324868453414336	0.16098005871276197	1.0	1.0	2.0
72520000	2.8581397477794077	0.3826091164478126	1.0	1.0	2.0
72530000	0.08728866294336715	0.12337099357305813	1.0	1.0	2.0
72540000	0.8230982355423302	1.3172003224533515	1.0	1.0	2.0
72550000	2.2661678519470043	0.11588479788236751	1.0	1.0	2.0
72560000	0.6830770166831772	0.6232642363146537	1.0	1.0	2.0
72570000	1.1739760256034826	0.5684323576585162	1.0	1.0	2.0
72580000	2.1374850404088432	0.66188687569705	1.0	1.0	2.0
72590000	2.087825221914098	0.7586505037128618	1.0	1.0	2.0
72600000	1.5279475918930698	0.21439870427725316	1.0	1.0	2.0
72610000	0.9465522466933671	0.6272500113460581	1.0	1.0	2.0
72620000	1.964058504761638	0.0853193140282183	1.0	1.0	2.0
72630000	1.2433699779052105	0.7616145338453897	1.0	1.0	2.0
72640000	4.156273229085373	0.06985819476230609	1.0	1.0	2.0
72650000	1.0497724947574871	0.09811947794012395	1.0	1.0	2.0
72660000	2.2483470249308164	0.647139439833527	1.0	1.0	2.0
72670000	1.3416993743365861	0.6423250405357489	1.0	1.0	2.0
72680000	0.5665727453497189	0.22051790826224857	1.0	1.0	2.0
72690000	2.148187665949386	0.5559908784248087	1.0	1.0	2.0
72700000	1.4204594801889872	0.3584576317414928	1.0	1.0	2.0
72710000	3.9802054558263396	0.20210802538284522	1.0	1.0	2.0
72720000	1.6461099758786757	0.14341413853029705	1.0	1.0	2.0
72730000	0.5412059683217942	0.15814352581626495	1.0	1.0	2.0
72740000	0.2988013144430421	0.42363779499215615	1.0	1.0	2.0
72750000	0.68670791367842	0.3751468404295424	1.0	1.0	2.0
72760000	1.819082246332362	0.7345324604928656	1.0	1.0	2.0
72770000	1.6953057091932229	0.25302844241740235	1.0	1.0	2.0
72780000	1.5015307914839693	0.12173005595939979	1.0	1.0	2.0
72790000	0.5198823208792449	0.04436284349854989	1.0	1.0	2.0
72800000	2.7218072160683153	1.5016551382951593	1.0	1.0	2.0
72810000	0.14031025261616284	0.033773632217684306	1.0	1.0	2.0
72820000	0.6187003039991149	0.16646895405362597	1.0	1.0	2.0
72830000	0.8850773391272709	0.044008608278902336	1.0	1.0	2.0
72840000	0.5057234226294086	0.8271983250014481	1.0	1.0	2.0
72850000	0.32781174030068927	0.07991765929702269	1.0	1.0	2.0
72860000	1.5706362167915207	0.07193090402248342	1.0	1.0	2.0
72870000	0.8557309408670338	0.1969298038780738	1.0	1.0	2.0
72880000	1.286346692888048	1.8155003150156988	1.0	1.0	2.0
72890000	3.0903192575103287	1.0971939614853048	1.0	1.0	2.0
72900000	0.3857263999167518	0.284144117750301	1.0	1.0	2.0
72910000	0.4073728414220405	0.3842309119622099	1.0	1.0	2.0
72920000	1.29766186899954	0.3759805296517684	1.0	1.0	2.0
72930000	0.6737421854130218	0.14495455215281494	1.0	1.0	2.0
72940000	1.7701781023085543	0.7184366643538812	1.0	1.0	2.0
72950000	0.635239441164201	0.15473788430525914	1.0	1.0	2.0
72960000	2.3353879222343084	0.837710790975907	1.0	1.0	2.0
72970000	1.4955882045567834	0.034839523313173734	1.0	1.0	2.0
72980000	0.22627650087919698	0.293718215910209	1.0	1.0	2.0
72990000	0.5148036805608083	0.9186488197672759	1.0	1.0	2.0
73000000	0.6462735761139994	0.3833320007242011	1.0	1.0	2.0
73010000	4.344309141422334	0.47486691531009567	1.0	1.0	2.0
73020000	1.5192380540686226	0.3822593050971279	1.0	1.0	2.0
73030000	0.8300789293410162	0.5759715696069044	1.0	1.0	2.0
73040000	0.8045956557227831	0.8022747076577366	1.0	1.0	2.0
73050000	3.264788563266977	0.14389420495696	1.0	1.0	2.0
73060000	0.09752948133513878	0.41354975606366945	1.0	1.0	2.0
73070000	0.600808345464843	0.1972762772720331	1.0	1.0	2.0
73080000	1.4598829977140262	2.1629573314648436	1.0	1.0	2.0
73090000	0.21469792512244062	0.9277452684930663	1.0	1.0	2.0
73100000	0.5120402683891777	0.9398563860586711	1.0	1.0	2.0
73110000	2.6071725197554665	0.8313711829225561	1.0	1.0	2.0
73120000	1.1408720342789447	0.2979654303316989	1.0	1.0	2.0
73130000	2.5959146672897613	1.1898126884595164	1.0	1.0	2.0
73140000	3.419227233882235	0.11887428563849467	1.0	1.0	2.0
73150000	0.5923004295380446	0.6269531853414061	1.0	1.0	2.0
73160000	1.4702648762934096	0.07918884687149232	1.0	1.0	2.0
73170000	2.3903543987339457	0.08189073106854723	1.0	1.0	2.0
73180000	1.2677541021827186	0.6478489955279338	1.0	1.0	2.0
73190000	0.8504986481146957	0.523449798560016	1.0	1.0	2.0
73200000	0.4246289581737984	0.06921641649334093	1.0	1.0	2.0
73210000	1.0378070032129485	0.949909382757627	1.0	1.0	2.0
73220000	0.5246853246823185	0.9788306033715996	1.0	1.0	2.0
73230000	1.7158524412579386	0.5264312517307538	1.0	1.0	2.0
73240000	3.824531549301151	1.1637923020015795	1.0	1.0	2.0
73250000	0.48765327455858665	0.4984550540369652	1.0	1.0	2.0
73260000	1.289251574025112	0.15419964418906676	1.0	1.0	2.0
73270000	0.37912979773319094	0.3473987330371442	1.0	1.0	2.0
73280000	2.4079319789365248	0.3342556290634573	1.0	1.0	2.0
73290000	0.798423134716898	0.4776790413050815	1.0	1.0	2.0
73300000	0.8827362970191289	0.16212118801936182	1.0	1.0	2.0
73310000	1.887500826503907	0.6996955725278075	1.0	1.0	2.0
73320000	2.0177954861542506	0.399111405057377	1.0	1.0	2.0
73330000	0.5687025362343551	0.05902733871427728	1.0	1.0	2.0
73340000	1.03459119841017	0.7529212685543775	1.0	1.0	2.0
73350000	0.9517714678422463	0.1436111245119215	0.0	1.0	1.0
73360000	0.5652847528510894	0.2797868365235585	1.0	1.0	2.0
73370000	1.388110486064606	1.7492970233760188	1.0	1.0	2.0
73380000	1.1089315002543265	7.433939032998212E-4	1.0	1.0	2.0
73390000	2.0455061631642404	0.8971013000290823	1.0	1.0	2.0
73400000	1.7974921645117388	0.7649868387481928	1.0	1.0	2.0
73410000	1.968015911644286	0.6577617103126192	1.0	1.0	2.0
73420000	0.7319119582021104	0.2699016835588152	1.0	1.0	2.0
73430000	0.4205805441483796	0.15936042141674553	1.0	1.0	2.0
73440000	0.37620984876949254	0.010537807635587162	1.0	1.0	2.0
73450000	0.3860108486378536	0.1102096014339408	1.0	1.0	2.0
73460000	0.9706864137691861	0.10494099125116187	1.0	1.0	2.0
73470000	0.4441358880622658	0.17655036112478883	1.0	1.0	2.0
73480000	2.8058548649301827	0.0660314679715169	1.0	1.0	2.0
73490000	1.6190852981635724	0.6875512076389902	1.0	1.0	2.0
73500000	2.9532845531381806	0.23292194479445458	1.0	1.0	2.0
73510000	0.8910428150397398	0.22640270441033652	1.0	1.0	2.0
73520000	2.043363163966159	0.17001871924688586	1.0	1.0	2.0
73530000	1.5007811155302873	0.14313370287773475	1.0	1.0	2.0
73540000	1.6794149316244102	0.6661436919966435	1.0	1.0	2.0
73550000	1.0815941736920052	0.0076104683315449334	1.0	1.0	2.0
73560000	2.2378591347855994	0.7529549013202339	1.0	1.0	2.0
73570000	0.9105603069521675	0.5976209247560456	1.0	1.0	2.0
73580000	0.5292930762897491	0.252625697173251	1.0	1.0	2.0
73590000	0.36364406311881126	0.531792637786982	1.0	1.0	2.0
73600000	4.209356974809159	0.1415276379266105	1.0	1.0	2.0
73610000	3.6777842538726437	0.38376710987977447	1.0	1.0	2.0
73620000	2.5060656051799515	0.33413936204637923	1.0	1.0	2.0
73630000	4.0947396230129485	0.8427942540656292	1.0	1.0	2.0
73640000	0.593380787784723	0.3169656799940467	1.0	1.0	2.0
73650000	1.0989772819478838	0.5768920190338792	1.0	1.0	2.0
73660000	0.11339591696721828	1.4627907735886148	1.0	1.0	2.0
73670000	1.9242319710976452	0.5785414117994885	1.0	1.0	2.0
73680000	0.04849027557304097	0.09619291349944412	1.0	1.0	2.0
73690000	0.9508953890524682	0.5365161123770554	1.0	1.0	2.0
73700000	0.398313768875308	0.722598418242474	1.0	1.0	2.0
73710000	0.8091124441206965	1.8715740418306137	1.0	1.0	2.0
73720000	0.2910739913478437	0.13595751546195115	1.0	1.0	2.0
73730000	1.6014742697823119	0.43063572450096876	1.0	1.0	2.0
73740000	2.32586851943178	0.21539509738892473	1.0	1.0	2.0
73750000	0.18689195197509187	0.12208518708686115	1.0	1.0	2.0
73760000	1.903777335779598	0.8931856991489162	1.0	1.0	2.0
73770000	2.5464512731782434	0.5894924015066242	1.0	1.0	2.0
73780000	0.9082046013050507	0.13927216129442999	1.0	1.0	2.0
73790000	2.7073248342618723	0.013819476238574551	1.0	1.0	2.0
73800000	1.2044018429727568	0.20739957437085677	1.0	1.0	2.0
73810000	1.211718946516796	0.5120794475526175	1.0	1.0	2.0
73820000	2.159186292510058	0.2863551024581756	1.0	1.0	2.0
73830000	2.4712655536135206	0.217290421997473	1.0	1.0	2.0
73840000	0.5336125866283304	0.6504066814067764	1.0	1.0	2.0
73850000	0.1999647811868494	0.02217828290139744	1.0	1.0	2.0
73860000	0.3833370182021709	0.343177444743872	1.0	1.0	2.0
73870000	0.22437481258477307	0.21953559138781273	1.0	1.0	2.0
73880000	1.742924871419934	1.0660942227920913	1.0	1.0	2.0
73890000	0.6642790378917457	0.27278184259833765	1.0	1.0	2.0
73900000	2.7346299459183037	0.1802337901055867	1.0	1.0	2.0
73910000	1.1918607523464164	0.03331625323861377	1.0	1.0	2.0
73920000	1.0207632962803965	0.18238872173031995	1.0	1.0	2.0
73930000	2.1863206030656346	2.2250213796628624	1.0	1.0	2.0
73940000	2.4086848820317215	0.5083994206506622	1.0	1.0	2.0
73950000	0.737937273469412	0.3723508474465222	1.0	1.0	2.0
73960000	1.5242364177045955	0.316695121104876	1.0	1.0	2.0
73970000	1.5135701166911828	1.7324013085830172	1.0	1.0	2.0
73980000	1.9067326916670735	1.8895855420749443	1.0	1.0	2.0
73990000	1.1953454317040313	1.6081419399047494	1.0	1.0	2.0
74000000	3.6463216892156307	0.25106853959441655	1.0	1.0	2.0
74010000	2.546159716360121	0.19745982733462913	1.0	1.0	2.0
74020000	0.9225578837828783	0.45907284488754896	1.0	1.0	2.0
74030000	0.6698220968923798	0.27882835293759173	1.0	1.0	2.0
74040000	1.5264598552237563	0.7698699404781733	1.0	1.0	2.0
74050000	0.6739687385506758	0.9049249363228989	1.0	1.0	2.0
74060000	1.8547731120461988	1.6590207252742497	1.0	1.0	2.0
74070000	0.1694812120744095	0.026250906181745533	1.0	1.0	2.0
74080000	0.28359525686599146	0.0721721568114574	1.0	1.0	2.0
74090000	2.5085483322277544	0.4180840592588198	1.0	1.0	2.0
74100000	0.8534650364658494	0.4382630218548639	1.0	1.0	2.0
74110000	0.9743277082430045	0.29517871417897656	1.0	1.0	2.0
74120000	0.8066442760912751	0.1418053249769326	1.0	1.0	2.0
74130000	0.899122549227357	0.8644200945717881	1.0	1.0	2.0
74140000	1.1112158551996163	0.1950137444285157	1.0	1.0	2.0
74150000	0.6333099327381461	0.007297939810357628	1.0	1.0	2.0
74160000	0.7283765594869183	0.9896306859484242	1.0	1.0	2.0
74170000	0.37852519314413946	0.018266991148384232	1.0	1.0	2.0
74180000	0.2544859995190915	0.14164366081621577	1.0	1.0	2.0
74190000	0.23797717086205694	0.1889483366991069	1.0	1.0	2.0
74200000	0.5728898429504011	0.15347661584010566	1.0	1.0	2.0
74210000	0.46629766519262095	0.07661491641353504	1.0	1.0	2.0
74220000	5.062113054666345	2.4984950194877418	1.0	1.0	2.0
74230000	0.8219137935486673	0.10594970332695146	1.0	1.0	2.0
74240000	0.3143978218655966	0.30305840204398465	1.0	1.0	2.0
74250000	0.5363132247821125	0.3784230512583599	1.0	1.0	2.0
74260000	4.064804870836251	0.7273454212750055	1.0	1.0	2.0
74270000	1.65152891437262	0.6521911597605232	1.0	1.0	2.0
74280000	0.5676368890338197	0.5130577050692045	1.0	1.0	2.0
74290000	0.8926468671076471	1.1001871386747395	1.0	1.0	2.0
74300000	0.5209325998004202	0.1778324655117351	1.0	1.0	2.0
74310000	0.8675232981956242	0.06761838183608325	1.0	1.0	2.0
74320000	1.1209618275248807	0.7254481443518943	1.0	1.0	2.0
74330000	1.2885178279182365	0.00818226987129117	1.0	1.0	2.0
74340000	0.03912554905369218	0.04854139063370093	1.0	1.0	2.0
74350000	0.14985930400234931	0.5035177606713817	1.0	1.0	2.0
74360000	0.9039872374313429	0.07495629316795076	1.0	1.0	2.0
74370000	1.003987674134288	1.7188943789767426	1.0	1.0	2.0
74380000	0.38182933331565094	0.17114983991956206	1.0	1.0	2.0
74390000	1.804973353079549	1.3788162715916672	1.0	1.0	2.0
74400000	0.6012677734953541	0.5976803846424692	1.0	1.0	2.0
74410000	1.4858516984517423	1.5009262787958864	1.0	1.0	2.0
74420000	2.336113415989092	0.7748785588373069	1.0	1.0	2.0
74430000	2.7640531301043225	3.2533042626870197	1.0	1.0	2.0
74440000	0.28639377551106354	0.038153460497728275	1.0	1.0	2.0
74450000	2.189634677684998	1.202885074041894	1.0	1.0	2.0
74460000	0.5819163968690182	1.3513164267541502	1.0	1.0	2.0
74470000	0.26454487399130416	0.08348249521806791	1.0	1.0	2.0
74480000	0.956840619617736	0.2554655388660698	1.0	1.0	2.0
74490000	1.1198937748475437	0.7599062513199104	1.0	1.0	2.0
74500000	0.8994180852517921	0.23445803988540503	1.0	1.0	2.0
74510000	1.6055554980889444	0.05850696953779637	1.0	1.0	2.0
74520000	0.5571367184661214	0.057260495681884564	1.0	1.0	2.0
74530000	1.3238602378980209	0.04644404041922505	1.0	1.0	2.0
74540000	4.893666173003101	1.0958996877495155	1.0	1.0	2.0
74550000	0.8216953278477744	0.6434309260285563	1.0	1.0	2.0
74560000	0.6693682911945806	0.6274165216187418	1.0	1.0	2.0
74570000	1.5534492304565042	0.3732406079404653	1.0	1.0	2.0
74580000	0.23434911773766282	0.056840248982184344	1.0	1.0	2.0
74590000	0.6786063187521374	0.008894775905618112	1.0	1.0	2.0
74600000	1.5551993848244139	1.515235662821567	1.0	1.0	2.0
74610000	2.765608076123249	1.0808462068227318	1.0	1.0	2.0
74620000	2.7190519844276677	0.2686678570238806	1.0	1.0	2.0
74630000	0.9463482509020156	0.24215541280747974	1.0	1.0	2.0
74640000	0.8761840616746542	1.539710347992097	1.0	1.0	2.0
74650000	1.1858623856874844	0.2406190182382682	1.0	1.0	2.0
74660000	0.22849111203301833	0.12388350386160402	1.0	1.0	2.0
74670000	0.742323189159615	0.7910483001366792	1.0	1.0	2.0
74680000	1.601767442445233	0.42468392705300023	1.0	1.0	2.0
74690000	0.3797615192154617	0.317313287388117	1.0	1.0	2.0
74700000	1.913688476778967	0.796204858767545	1.0	1.0	2.0
74710000	0.22433554776686554	0.2788740836684226	1.0	1.0	2.0
74720000	0.16528842731866947	0.06524660356378864	1.0	1.0	2.0
74730000	0.9573838567748971	0.532947531039462	1.0	1.0	2.0
74740000	0.6300883894352767	0.36174578993754525	1.0	1.0	2.0
74750000	2.8918166019884954	0.973816623217015	1.0	1.0	2.0
74760000	0.46618252522598314	0.3986590705531068	1.0	1.0	2.0
74770000	0.9406977739791389	0.12830241735153408	1.0	1.0	2.0
74780000	0.3890330294962256	0.4545058138588197	1.0	1.0	2.0
74790000	0.7987417240876846	0.5740630998825852	1.0	1.0	2.0
74800000	2.7962205189188882	0.022726521598077015	1.0	1.0	2.0
74810000	0.6719333265456588	2.0442217621808636	1.0	1.0	2.0
74820000	3.350459177294394	0.6739467536020834	1.0	1.0	2.0
74830000	3.2018566083532267	0.14568028989788548	1.0	1.0	2.0
74840000	1.632108868918615	0.14158714831569247	1.0	1.0	2.0
74850000	0.9735122355769131	1.1072688957819077	1.0	1.0	2.0
74860000	0.7230322807374955	0.7580618257639354	1.0	1.0	2.0
74870000	1.1505874698132545	1.207730886705076	1.0	1.0	2.0
74880000	1.0324404738139827	0.3613141064441091	1.0	1.0	2.0
74890000	1.0844064359693255	0.37834406996529574	1.0	1.0	2.0
74900000	1.9790741109633327	1.660255182578189	1.0	1.0	2.0
74910000	1.609107533171213	0.0819287685783599	1.0	1.0	2.0
74920000	0.3327223295598613	0.19633063233413212	1.0	1.0	2.0
74930000	2.306190667295626	1.2752141715466416	1.0	1.0	2.0
74940000	0.4150165719180546	0.10750819318482459	1.0	1.0	2.0
74950000	2.885190112181192	1.9111693482149477	1.0	1.0	2.0
74960000	2.3154364447732747	0.5707036920099081	1.0	1.0	2.0
74970000	2.2253028777839003	0.25971029875655044	1.0	1.0	2.0
74980000	1.867287442582115	0.28313812508146824	1.0	1.0	2.0
74990000	0.06784329930937084	0.3555374701832841	1.0	1.0	2.0
75000000	0.8444577419418346	0.8718377405043318	1.0	1.0	2.0
75010000	5.875892794144918	1.0565507230341105	1.0	1.0	2.0
75020000	1.1446049277030985	0.965891339791477	1.0	1.0	2.0
75030000	0.3627043531963485	0.849588162850607	1.0	1.0	2.0
75040000	0.7029217198098847	0.5181259066362698	1.0	1.0	2.0
75050000	1.6095600417841474	0.7161096277986981	1.0	1.0	2.0
75060000	1.5208199622840288	0.25777874375199245	1.0	1.0	2.0
75070000	2.6672897214380247	0.5014716775743422	1.0	1.0	2.0
75080000	1.8506983525580343	1.3240750428504222	1.0	1.0	2.0
75090000	2.202901649437732	0.08897353552819483	1.0	1.0	2.0
75100000	0.14061985111098016	0.2407421311189512	1.0	1.0	2.0
75110000	0.43197732095052505	0.053173396524008015	1.0	1.0	2.0
75120000	1.0484604113913476	3.521199062411853	1.0	1.0	2.0
75130000	0.34555370011740605	0.40076994152049744	1.0	1.0	2.0
75140000	2.1732737824146113	0.21197928515436343	1.0	1.0	2.0
75150000	3.0984637625166154	1.3893885564233905	1.0	1.0	2.0
75160000	5.750165281949498	0.21875877067167793	1.0	1.0	2.0
75170000	1.6362645895472943	0.25349269033923855	1.0	1.0	2.0
75180000	0.37538601145331724	0.013052872509818405	1.0	1.0	2.0
75190000	3.303732324342525	0.5023279442126936	1.0	1.0	2.0
75200000	1.149578165634762	0.30291369539432095	1.0	1.0	2.0
75210000	2.0679053872393927	0.7340566522404501	1.0	1.0	2.0
75220000	1.394159080583275	0.7388921510688956	1.0	1.0	2.0
75230000	2.1200837296191235	0.21133374899533497	1.0	1.0	2.0
75240000	0.5586436494864484	0.09361176596744479	1.0	1.0	2.0
75250000	1.4696226757062838	0.5769988770687796	1.0	1.0	2.0
75260000	0.48358802868919476	0.22746816549227944	1.0	1.0	2.0
75270000	1.4167798383732897	1.1291024573114488	1.0	1.0	2.0
75280000	0.8198677010985607	0.7172869353610383	1.0	1.0	2.0
75290000	2.3744200767260626	0.07424779879862295	1.0	1.0	2.0
75300000	1.1878918397535216	0.4229211336482844	1.0	1.0	2.0
75310000	2.9178643465685536	1.1890674101789283	1.0	1.0	2.0
75320000	2.695008173156537	0.16237383171635145	1.0	1.0	2.0
75330000	4.013659625014047	0.19992218875255757	1.0	1.0	2.0
75340000	0.43397689898142117	0.55295139922123	1.0	1.0	2.0
75350000	1.7574749977564725	0.5763445627291446	1.0	1.0	2.0
75360000	0.21551933737747547	0.9951883817167207	1.0	1.0	2.0
75370000	2.171446187277371	0.060261943495465355	1.0	1.0	2.0
75380000	1.139289206060959	1.0222251085375784	1.0	1.0	2.0
75390000	0.802919539790829	0.7759215466124068	1.0	1.0	2.0
75400000	0.5422984942264957	0.6512748298460703	1.0	1.0	2.0
75410000	1.3918836917767639	0.088516214936939	1.0	1.0	2.0
75420000	0.05013791735934528	0.05178580248860559	1.0	1.0	2.0
75430000	0.33653544712752925	0.0460083327211916	1.0	1.0	2.0
75440000	0.7986391688482525	1.0366930447933833	1.0	1.0	2.0
75450000	2.859543089691685	0.3436312394407477	1.0	1.0	2.0
75460000	0.8415831296082426	0.39212188615681853	1.0	1.0	2.0
75470000	0.4591588353031897	0.12432637824683863	1.0	1.0	2.0
75480000	1.2963228558050874	1.4045908058242607	1.0	1.0	2.0
75490000	0.7059344164837882	0.13702118076972564	1.0	1.0	2.0
75500000	0.47204298402298517	0.18591574424647728	1.0	1.0	2.0
75510000	1.076940076816346	0.054083390057687225	1.0	1.0	2.0
75520000	0.2530551667362221	0.4339997842213593	1.0	1.0	2.0
75530000	0.38639733675619714	0.8896920072019127	1.0	1.0	2.0
75540000	0.6101949441739125	0.008339937576861352	1.0	1.0	2.0
75550000	3.1993602939267536	0.011641450821139033	1.0	1.0	2.0
75560000	0.7391769486548536	0.326500851690548	1.0	1.0	2.0
75570000	2.734544361346105	1.8593914874921365	1.0	1.0	2.0
75580000	2.430743607287362	1.1867261231351711	1.0	1.0	2.0
75590000	2.0503963380087806	0.8312497412511489	1.0	1.0	2.0
75600000	1.8788425283990582	0.9852627651545263	1.0	1.0	2.0
75610000	1.2784195228292785	0.2724498657943507	1.0	1.0	2.0
75620000	0.3465822674708839	0.3485796987376256	1.0	1.0	2.0
75630000	1.7366913069262921	0.9546364257679794	1.0	1.0	2.0
75640000	0.8103976810323491	0.29500453193253595	1.0	1.0	2.0
75650000	2.693654964246913	1.0362072470412322	1.0	1.0	2.0
75660000	0.23385744170465014	0.037247375910152584	1.0	1.0	2.0
75670000	3.9518720217531613	2.1278693419835735	1.0	1.0	2.0
75680000	0.7544355724010408	1.0032773109346778	1.0	1.0	2.0
75690000	3.8024338509066125	0.8486359178451791	1.0	1.0	2.0
75700000	0.8147572859458081	1.243150523661355	1.0	1.0	2.0
75710000	4.795132329310959	0.42534293738866136	1.0	1.0	2.0
75720000	0.5981696438182336	0.5101617790961948	1.0	1.0	2.0
75730000	1.7509820166216412	1.5467366137123228	1.0	1.0	2.0
75740000	3.218133950288988	0.1403098525825478	1.0	1.0	2.0
75750000	2.5937716480346946	0.40456890187772643	1.0	1.0	2.0
75760000	0.8777407744361699	0.3996348030248161	1.0	1.0	2.0
75770000	0.9321073201145873	0.9764786986528909	1.0	1.0	2.0
75780000	3.8222129724383866	0.4827152233373341	1.0	1.0	2.0
75790000	0.4550402863570256	0.09160544031185335	1.0	1.0	2.0
75800000	0.7994641244521521	0.16132051170790682	1.0	1.0	2.0
75810000	0.48677817814363133	2.8650670292369407	1.0	1.0	2.0
75820000	0.529589390038893	0.8235717671606159	1.0	1.0	2.0
75830000	3.634536900067531	0.0241503434463816	1.0	1.0	2.0
75840000	2.482336971033212	0.1283262062012876	1.0	1.0	2.0
75850000	2.9350019861046674	0.3994129022049738	1.0	1.0	2.0
75860000	2.9241661378829886	0.542473899091329	1.0	1.0	2.0
75870000	1.2050792156520946	0.4980518463116277	1.0	1.0	2.0
75880000	1.0941276871612937	0.3819248467838631	1.0	1.0	2.0
75890000	0.3611743268936963	0.2111952148382088	1.0	1.0	2.0
75900000	0.26237438557877685	1.0411912751337786	1.0	1.0	2.0
75910000	0.6759994843426654	0.09690532148559547	1.0	1.0	2.0
75920000	1.5285498640776325	0.1716138323882754	1.0	1.0	2.0
75930000	1.7413008029451624	2.218481844573961	1.0	1.0	2.0
75940000	3.9181186000049193	1.8939017938406943	1.0	1.0	2.0
75950000	0.7978026951123658	0.2733159310757808	1.0	1.0	2.0
75960000	2.3086257544115796	2.058793433569514	1.0	1.0	2.0
75970000	0.771944153738354	0.17160455988554418	1.0	1.0	2.0
75980000	1.0850050332520305	0.9112255894629174	1.0	1.0	2.0
75990000	1.2530823646589389	0.3844388646951286	1.0	1.0	2.0
76000000	2.1691488034667614	0.8491106386892918	1.0	1.0	2.0
76010000	1.9669153085349127	1.1139450999711071	1.0	1.0	2.0
76020000	1.2698950301033873	1.3516496037242791	1.0	1.0	2.0
76030000	0.6909849560955011	0.019648599715298077	1.0	1.0	2.0
76040000	3.652006990493857	0.028634439348086335	1.0	1.0	2.0
76050000	0.15165354861033692	0.04300152743093415	1.0	1.0	2.0
76060000	4.265809873209017	0.49464649799965227	1.0	1.0	2.0
76070000	2.5074612799459652	2.463221436647889	1.0	1.0	2.0
76080000	0.9205301543088057	0.6236343147683209	1.0	1.0	2.0
76090000	0.22722092114859546	1.10036146133076	1.0	1.0	2.0
76100000	1.01107191403044	2.7409720477831963	1.0	1.0	2.0
76110000	0.5077165632882742	3.5372709796264896	1.0	1.0	2.0
76120000	2.8267670534567926	0.06327769267256003	1.0	1.0	2.0
76130000	1.6578877030794807	0.523919235065917	1.0	1.0	2.0
76140000	1.268906161867569	3.282697934640275	1.0	1.0	2.0
76150000	2.8639038487306565	2.0442585368751045	1.0	1.0	2.0
76160000	1.3434509000270312	0.2834128977429876	1.0	1.0	2.0
76170000	0.614789411478829	0.31060779897959795	1.0	1.0	2.0
76180000	1.3220538317895676	0.08274918552438121	1.0	1.0	2.0
76190000	0.7323644746244654	0.7572763997870039	1.0	1.0	2.0
76200000	2.193287482053302	0.30082480291387576	1.0	1.0	2.0
76210000	0.6885939580323267	0.8336580352940067	1.0	1.0	2.0
76220000	2.452479792031407	2.0017363163717854	1.0	1.0	2.0
76230000	0.7039393747028198	0.3967066785913024	1.0	1.0	2.0
76240000	0.7313948660907956	0.634482115746705	1.0	1.0	2.0
76250000	0.7092164444688277	0.15269763981874387	1.0	1.0	2.0
76260000	2.1592552906285642	1.3869444510979814	1.0	1.0	2.0
76270000	1.4815339373439653	0.4444419707213746	1.0	1.0	2.0
76280000	2.126596773167377	1.859325966525535	1.0	1.0	2.0
76290000	0.516601696290271	0.31129981714083554	1.0	1.0	2.0
76300000	3.5811564719783124	0.3879200047131379	1.0	1.0	2.0
76310000	0.3633794331955851	0.17984713998288765	1.0	1.0	2.0
76320000	1.3907027625150297	0.010887103196588829	1.0	1.0	2.0
76330000	0.8372955443764032	0.2170123454039642	1.0	1.0	2.0
76340000	4.314647637691585	0.8695100847568775	1.0	1.0	2.0
76350000	0.056458137197649264	0.09721805593085958	1.0	1.0	2.0
76360000	1.141570603254358	0.20386710644264042	1.0	1.0	2.0
76370000	0.35847820828826293	1.5197734673605618	1.0	1.0	2.0
76380000	1.3399980290837599	0.639523217550518	1.0	1.0	2.0
76390000	1.4770799483615449	0.30407896568269793	1.0	1.0	2.0
76400000	0.5933138983448484	0.6654052619694242	1.0	1.0	2.0
76410000	2.4243340691504707	1.0570159986708598	1.0	1.0	2.0
76420000	3.7192415662534546	1.1551327984606656	1.0	1.0	2.0
76430000	6.976700752245688	0.3002328318058513	1.0	1.0	2.0
76440000	1.6664959434817082	0.15315564044134974	1.0	1.0	2.0
76450000	1.287152920877834	0.029672784444985594	1.0	1.0	2.0
76460000	2.7404770369796556	0.15892889203551155	1.0	1.0	2.0
76470000	2.2557555291723497	0.24235690379575425	1.0	1.0	2.0
76480000	1.892627648992672	1.476261313668899	1.0	1.0	2.0
76490000	0.731944018413767	0.23930111733548923	1.0	1.0	2.0
76500000	1.0597515726921385	0.2528727842510532	1.0	1.0	2.0
76510000	0.7396974736009341	0.20723604218600508	1.0	1.0	2.0
76520000	4.884091167592647	0.1469127349404603	1.0	1.0	2.0
76530000	0.8687343635720066	0.36525796581290776	1.0	1.0	2.0
76540000	0.5056698356601182	3.1153079189891573	1.0	1.0	2.0
76550000	1.404987938773067	0.7506756032939057	1.0	1.0	2.0
76560000	4.231451078897441	3.2080283702988286	1.0	1.0	2.0
76570000	1.4976733084774994	0.17746452631153273	1.0	1.0	2.0
76580000	0.35254943003922407	0.19374073069246092	1.0	1.0	2.0
76590000	0.019500923509362358	0.0055902619032212825	1.0	1.0	2.0
76600000	1.2764048773025183	0.3449563283777696	1.0	1.0	2.0
76610000	2.067518820601623	0.7155997155973645	1.0	1.0	2.0
76620000	0.39581191068897614	2.0662752760901864	1.0	1.0	2.0
76630000	1.8235532859400179	0.05147369361910231	1.0	1.0	2.0
76640000	2.0171596157488785	0.7100067615256759	1.0	1.0	2.0
76650000	1.0031410157460472	0.47429341438046296	1.0	1.0	2.0
76660000	1.2123330012531504	0.593543930577827	1.0	1.0	2.0
76670000	3.9024884164437013	1.0112282549896774	1.0	1.0	2.0
76680000	0.5456521985463709	0.8091284192850795	1.0	1.0	2.0
76690000	0.5252324832288661	0.39165495452974913	1.0	1.0	2.0
76700000	2.1368702319930946	0.5779589865653731	1.0	1.0	2.0
76710000	1.3404236253582833	0.5018927053802194	1.0	1.0	2.0
76720000	0.5997713128822199	0.048038792772624586	1.0	1.0	2.0
76730000	0.930599599663064	0.46250836472722573	1.0	1.0	2.0
76740000	1.2538262325625813	0.2518695553222744	1.0	1.0	2.0
76750000	1.8429006680256037	0.22252172413929736	1.0	1.0	2.0
76760000	0.2752351867391978	0.1295923190403054	1.0	1.0	2.0
76770000	0.5166255425376705	0.33934831118695186	1.0	1.0	2.0
76780000	1.164627569557594	0.24882863056317653	1.0	1.0	2.0
76790000	0.18384516247274552	0.28577605241059784	1.0	1.0	2.0
76800000	2.046352245043651	0.4575940559144438	1.0	1.0	2.0
76810000	0.5431172341382331	0.017727196858789537	1.0	1.0	2.0
76820000	1.4167391805817917	0.004926701070824077	1.0	1.0	2.0
76830000	0.1821300568278106	0.09403774447511705	1.0	1.0	2.0
76840000	1.5193099236090175	0.03012714026757266	1.0	1.0	2.0
76850000	0.41093880264147825	1.3940677773698067	1.0	1.0	2.0
76860000	2.4531864617099464	1.4738914770747382	1.0	1.0	2.0
76870000	3.8359278502681207	1.4241029117817194	1.0	1.0	2.0
76880000	1.1232477415365156	0.44804529192910014	1.0	1.0	2.0
76890000	2.092869236194701	0.2946140564525942	1.0	1.0	2.0
76900000	3.4621540023646036	1.372340260124253	1.0	1.0	2.0
76910000	3.146660273137373	0.13402058079818202	1.0	1.0	2.0
76920000	2.2801976001954776	1.4188574195436372	1.0	1.0	2.0
76930000	3.0927319813671637	0.518780734105578	1.0	1.0	2.0
76940000	1.193180319077821	0.23106751902657116	1.0	1.0	2.0
76950000	1.4638683017793772	0.6879843130613583	1.0	1.0	2.0
76960000	0.7056663188201926	0.3339547726303196	1.0	1.0	2.0
76970000	1.8613998284449256	2.192591501398413	1.0	1.0	2.0
76980000	3.0377892705774334	0.2219852973497659	1.0	1.0	2.0
76990000	3.1217377322875173	0.8731638336974379	1.0	1.0	2.0
77000000	0.009031136121223129	0.04393298638029129	1.0	1.0	2.0
77010000	0.7608853381926348	1.6833471002953166	1.0	1.0	2.0
77020000	1.3911970254431802	0.40614526247144533	1.0	1.0	2.0
77030000	0.6292707175289382	0.24863779997337296	1.0	1.0	2.0
77040000	1.0664107032011285	1.4619868070902595	1.0	1.0	2.0
77050000	1.1796113211732875	0.08639890046291654	1.0	1.0	2.0
77060000	2.430627633677615	0.2704267698026661	1.0	1.0	2.0
77070000	0.815412560843753	0.31180934172287483	1.0	1.0	2.0
77080000	0.9028810097872425	2.207078011230973	1.0	1.0	2.0
77090000	1.157812415288327	1.0211283178809665	1.0	1.0	2.0
77100000	1.8107714812456304	0.0035926398469697924	1.0	1.0	2.0
77110000	1.0688997632183685	0.15393345956134377	1.0	1.0	2.0
77120000	2.0453408057861022	0.023050997841985228	1.0	1.0	2.0
77130000	2.3837017551269475	0.11463241681765643	1.0	1.0	2.0
77140000	1.309586022185524	0.324305710877678	1.0	1.0	2.0
77150000	0.8070554505055083	0.10622015738189988	1.0	1.0	2.0
77160000	1.3844688001470662	0.16931016423733594	1.0	1.0	2.0
77170000	1.49231897234645	0.24262729281815734	1.0	1.0	2.0
77180000	0.1623470455103793	0.14707043551074864	1.0	1.0	2.0
77190000	0.7377226423462282	0.15601320502144658	1.0	1.0	2.0
77200000	1.451156633404562	0.11290292116620104	1.0	1.0	2.0
77210000	0.40395283133250515	1.1197677577234786	1.0	1.0	2.0
77220000	1.4270538671458701	0.18297365658850015	1.0	1.0	2.0
77230000	0.6164221904911998	1.0078651114879864	1.0	1.0	2.0
77240000	2.1372971706627992	1.5045349768657164	1.0	1.0	2.0
77250000	0.8779806361365852	0.424503700460565	1.0	1.0	2.0
77260000	2.105950018635502	0.81203547113273	1.0	1.0	2.0
77270000	1.103897900666403	0.02891323021784705	1.0	1.0	2.0
77280000	1.8759453359879676	1.118585373111142	1.0	1.0	2.0
77290000	1.1359751946159382	0.26278453103142496	1.0	1.0	2.0
77300000	0.6974722751809963	0.45330091181690857	1.0	1.0	2.0
77310000	1.5503356153217205	0.4037480030512758	1.0	1.0	2.0
77320000	0.574199851430138	0.3705488876862088	1.0	1.0	2.0
77330000	2.335675084239042	0.8280597416361956	1.0	1.0	2.0
77340000	1.0963052587385789	0.5520028352572968	1.0	1.0	2.0
77350000	4.097735726069527	0.3767803679937533	1.0	1.0	2.0
77360000	0.5591027964348886	0.0707859900641054	1.0	1.0	2.0
77370000	0.5936126746803948	0.03069473298090663	1.0	1.0	2.0
77380000	2.274796754049866	0.08158401544832551	1.0	1.0	2.0
77390000	1.4343637744181506	0.06418572015257587	1.0	1.0	2.0
77400000	0.7683136697096735	0.1972031888339829	1.0	1.0	2.0
77410000	0.84898228358537	0.41700726633978974	1.0	1.0	2.0
77420000	1.7670851584336358	0.5303977536270503	1.0	1.0	2.0
77430000	1.9516854553038416	0.6458988264697166	1.0	1.0	2.0
77440000	0.477351518583181	0.7139888636110124	1.0	1.0	2.0
77450000	2.5152006714549136	1.1409411153938807	1.0	1.0	2.0
77460000	0.8964178806222862	0.035868335596922415	1.0	1.0	2.0
77470000	3.2537590580783604	0.06390611306302107	1.0	1.0	2.0
77480000	3.956618576762554	0.21700510745147228	1.0	1.0	2.0
77490000	2.5899797058461895	0.8492817222343805	1.0	1.0	2.0
77500000	1.013255489594324	0.9087939804751384	1.0	1.0	2.0
77510000	0.4699987489288698	0.06097259752195205	1.0	1.0	2.0
77520000	1.0814837851334695	1.8272878315512875	1.0	1.0	2.0
77530000	0.9486246598781707	0.5790280613929244	1.0	1.0	2.0
77540000	1.5220313941655308	0.07857961842691924	1.0	1.0	2.0
77550000	1.102708638946757	1.1657945880808416	1.0	1.0	2.0
77560000	0.8177037672338082	0.028059594996640277	1.0	1.0	2.0
77570000	1.2881365529139335	0.43942291718433657	1.0	1.0	2.0
77580000	0.4243917145815376	1.0641699621409213	1.0	1.0	2.0
77590000	2.5976612562313126	0.22711009702084584	1.0	1.0	2.0
77600000	0.38341980434847456	0.16887917323900503	1.0	1.0	2.0
77610000	0.809520033276468	0.5138428958996156	1.0	1.0	2.0
77620000	0.5867355421869996	0.1911362737975311	1.0	1.0	2.0
77630000	2.4704448445161695	0.567767907739601	1.0	1.0	2.0
77640000	0.9049146740096417	0.47429492221456004	1.0	1.0	2.0
77650000	0.3711693686971983	0.08041085498898846	1.0	1.0	2.0
77660000	1.7528763500219853	0.5029401849018075	1.0	1.0	2.0
77670000	1.5127439434166947	0.674056002094191	1.0	1.0	2.0
77680000	0.9048379531115199	0.004012517991674416	1.0	1.0	2.0
77690000	1.306009979139092	0.15672115473656537	1.0	1.0	2.0
77700000	3.4554312841119907	0.29952035876124095	1.0	1.0	2.0
77710000	1.810506421384971	0.2285855369672756	1.0	1.0	2.0
77720000	3.389972828919762	0.3436997639365932	1.0	1.0	2.0
77730000	0.5434410914646941	0.4111144339465539	1.0	1.0	2.0
77740000	2.4665433716146072	0.1440708162775724	1.0	1.0	2.0
77750000	1.5176774199961507	0.4987190668814763	1.0	1.0	2.0
77760000	0.6634337455875854	0.2528621431483188	1.0	1.0	2.0
77770000	2.9094671581679465	0.6638138517710599	1.0	1.0	2.0
77780000	1.7379166902415444	0.060997822886925096	1.0	1.0	2.0
77790000	2.1292605341797457	0.42284121504406447	1.0	1.0	2.0
77800000	1.202401117111728	1.1311877510297081	1.0	1.0	2.0
77810000	0.723239498690152	0.36505859029694326	1.0	1.0	2.0
77820000	2.6516696211052513	3.872302395035596	1.0	1.0	2.0
77830000	0.22683299754903918	0.008883829792990199	1.0	1.0	2.0
77840000	0.775678552459955	0.2611040930096297	1.0	1.0	2.0
77850000	0.5857418016357131	0.06623353115187067	1.0	1.0	2.0
77860000	0.06406356115531717	0.12766088381323518	1.0	1.0	2.0
77870000	0.37203122006721506	0.27635017870722267	1.0	1.0	2.0
77880000	0.9659517770472476	0.10490010871809538	1.0	1.0	2.0
77890000	0.8683663059157428	0.4398776642367999	1.0	1.0	2.0
77900000	0.8469824934303987	0.0027626381825568607	1.0	1.0	2.0
77910000	0.6464909659378828	0.2698960752420855	1.0	1.0	2.0
77920000	1.9522623478019943	0.5267620156352849	1.0	1.0	2.0
77930000	1.6660421462499555	1.4006207252523077	1.0	1.0	2.0
77940000	0.30066966677280815	0.3303327291046463	1.0	1.0	2.0
77950000	0.8980681765904276	1.3465656944475906	1.0	1.0	2.0
77960000	0.3720306109583124	0.33402859693895753	1.0	1.0	2.0
77970000	0.4802004864295122	0.16450042671898493	1.0	1.0	2.0
77980000	2.96449719576916	0.4462853391639466	1.0	1.0	2.0
77990000	1.641017889296445	0.38269566343413125	1.0	1.0	2.0
78000000	0.1599261789313579	0.10056309036278727	1.0	1.0	2.0
78010000	2.6216177978915787	0.38541527924784336	1.0	1.0	2.0
78020000	4.491073135096394	1.8713122393392574	1.0	1.0	2.0
78030000	2.9191686938522214	0.22747480295318054	1.0	1.0	2.0
78040000	0.5619131478673776	0.05986213018007061	1.0	1.0	2.0
78050000	1.135212039826705	0.15739370559583946	1.0	1.0	2.0
78060000	0.3106139222041489	0.2783509097331491	0.0	1.0	1.0
78070000	2.2293387889882466	1.612688671669934	1.0	1.0	2.0
78080000	2.362562719271903	1.6122174920891614	1.0	1.0	2.0
78090000	2.2102264513900463	0.17025460877165707	1.0	1.0	2.0
78100000	2.3120258235776308	1.8590875392069297	1.0	1.0	2.0
78110000	0.7937208288255867	0.6406594672954962	1.0	1.0	2.0
78120000	1.9677344593570474	1.1492430873708432	1.0	1.0	2.0
78130000	0.7041695374503263	0.036408053695832214	1.0	1.0	2.0
78140000	1.4489559742394715	0.3053145656855381	1.0	1.0	2.0
78150000	0.9548946539842819	1.7689090072588005	1.0	1.0	2.0
78160000	0.43116305522902254	0.6937873470917412	1.0	1.0	2.0
78170000	0.551816961466182	0.2621983062237802	1.0	1.0	2.0
78180000	1.6822591592975844	0.7216056690277826	1.0	1.0	2.0
78190000	1.9919462307240545	0.39734601376462714	1.0	1.0	2.0
78200000	1.83705800407146	0.1285009218559687	1.0	1.0	2.0
78210000	3.328992135010957	0.694149610404927	1.0	1.0	2.0
78220000	3.1996134159758256	3.861458442147529	1.0	1.0	2.0
78230000	2.661360568319086	0.24918553900369275	1.0	1.0	2.0
78240000	0.047074707867978544	0.04854340142242599	1.0	1.0	2.0
78250000	2.5417436523880355	0.39413653799859427	1.0	1.0	2.0
78260000	1.540060226717273	0.4118679562619363	1.0	1.0	2.0
78270000	1.408018694689259	0.21286366750861818	1.0	1.0	2.0
78280000	1.4132196851806271	0.03523007574994226	1.0	1.0	2.0
78290000	0.5398093012020085	0.19040128474892098	1.0	1.0	2.0
78300000	0.9829056452600373	0.35941716322317113	1.0	1.0	2.0
78310000	0.18186656645488009	0.7412633243479063	1.0	1.0	2.0
78320000	0.8082443276726815	0.009321148096820378	1.0	1.0	2.0
78330000	4.460682419121476	0.433796313509622	1.0	1.0	2.0
78340000	2.259658326496079	0.982701652132229	1.0	1.0	2.0
78350000	0.7542776577529937	0.4067749100893566	1.0	1.0	2.0
78360000	1.2563682348829897	0.5449215077291614	1.0	1.0	2.0
78370000	0.637634766159722	0.4013241891260419	1.0	1.0	2.0
78380000	1.7329323604589784	0.4265429025722798	1.0	1.0	2.0
78390000	0.9770230068717658	1.386975203518338	1.0	1.0	2.0
78400000	0.9492743532565242	0.8912024495809473	1.0	1.0	2.0
78410000	5.472428117914497	0.6033433117217162	1.0	1.0	2.0
78420000	0.866610835794551	0.023560710169019543	1.0	1.0	2.0
78430000	0.9986047336432117	0.0935705309124077	1.0	1.0	2.0
78440000	1.5334681570247353	1.1878328333683503	1.0	1.0	2.0
78450000	4.74287701377412	1.1329521531088698	1.0	1.0	2.0
78460000	0.43528852670883356	1.376477872109579	1.0	1.0	2.0
78470000	2.1878156380044964	0.48154846428340387	1.0	1.0	2.0
78480000	0.8214543220032605	0.25001919404957684	1.0	1.0	2.0
78490000	1.3691508857873933	0.8539070533049918	1.0	1.0	2.0
78500000	0.6771126397151939	0.5314525796647026	1.0	1.0	2.0
78510000	1.501437541941297	0.6640227486122477	1.0	1.0	2.0
78520000	0.3164109639972774	0.011429456792410178	1.0	1.0	2.0
78530000	0.31597518955503096	0.10084024582680329	1.0	1.0	2.0
78540000	3.465680683690372	2.0289241415024164	1.0	1.0	2.0
78550000	0.47194168540022596	0.2202975044460548	1.0	1.0	2.0
78560000	2.1101189806405047	0.5249057220162313	1.0	1.0	2.0
78570000	0.6365299489317416	0.5860450674123495	1.0	1.0	2.0
78580000	0.34052432298352103	0.583816499226667	1.0	1.0	2.0
78590000	1.3098807754632218	0.30785828751230837	1.0	1.0	2.0
78600000	1.9939744767320364	0.0574996772797941	1.0	1.0	2.0
78610000	2.0217170158313444	1.7972123481339346	1.0	1.0	2.0
78620000	2.2375802251036614	0.936801633681418	1.0	1.0	2.0
78630000	0.6931143464325051	0.060363459616532736	1.0	1.0	2.0
78640000	0.8083990948615365	0.5237680635198608	1.0	1.0	2.0
78650000	2.3113042936203056	0.4807588659950504	1.0	1.0	2.0
78660000	0.8173969002715974	0.4484610708724183	1.0	1.0	2.0
78670000	0.39580004502552957	0.8011862441526111	1.0	1.0	2.0
78680000	0.12274180518432001	0.15292747891913763	1.0	1.0	2.0
78690000	1.1746738493868998	1.8735945122387114	1.0	1.0	2.0
78700000	1.1295276775851093	0.16175375710454815	1.0	1.0	2.0
78710000	0.7582020567595696	0.7647314888846699	1.0	1.0	2.0
78720000	2.1533732457260975	1.141495352608087	1.0	1.0	2.0
78730000	1.1722230571111658	0.9031049673847491	1.0	1.0	2.0
78740000	0.5380093826418131	0.6574807580231995	1.0	1.0	2.0
78750000	0.6545162647387512	7.771152449370364E-4	1.0	1.0	2.0
78760000	3.215459252751555	0.054636265728835225	1.0	1.0	2.0
78770000	0.41544711021040187	0.48167326422835166	1.0	1.0	2.0
78780000	2.4027611295522813	0.3572517675409425	1.0	1.0	2.0
78790000	1.1157336210932294	1.4956756175826937	1.0	1.0	2.0
78800000	15.22849272598815	1.8260563907625509	1.0	1.0	2.0
78810000	4.191070931534399	0.7901159159674389	1.0	1.0	2.0
78820000	0.6720786531813958	0.582188982662645	1.0	1.0	2.0
78830000	0.7828432474616256	0.3477685960121053	1.0	1.0	2.0
78840000	1.2331921977457785	0.30468273581740213	1.0	1.0	2.0
78850000	3.810401591715466	0.2597482681054693	1.0	1.0	2.0
78860000	2.2762151665256583	0.5212317695035753	1.0	1.0	2.0
78870000	2.729386032572115	0.5536825076856813	1.0	1.0	2.0
78880000	1.9779675143364428	0.9240026898030603	1.0	1.0	2.0
78890000	2.1308487428959983	0.44398514930431054	1.0	1.0	2.0
78900000	3.8375766305027343	3.9647354820356133	1.0	1.0	2.0
78910000	2.408046248703031	0.06832318453821216	1.0	1.0	2.0
78920000	1.7941582885369132	0.6805582458829073	1.0	1.0	2.0
78930000	0.56181607063077	0.7274143845002466	1.0	1.0	2.0
78940000	0.9694633732844661	0.111520510268028	1.0	1.0	2.0
78950000	3.0473533247809677	0.9827641971897393	1.0	1.0	2.0
78960000	0.3995922115021293	0.21714947595204778	1.0	1.0	2.0
78970000	1.3925349553146598	0.0026938832428896856	1.0	1.0	2.0
78980000	2.447573559656805	0.6847847003395218	1.0	1.0	2.0
78990000	1.8609701070634403	1.0232293463978142	1.0	1.0	2.0
79000000	4.571839405178547	0.5071354882089426	1.0	1.0	2.0
79010000	1.639295378903668	0.030268466516918974	1.0	1.0	2.0
79020000	2.70480908822949	0.018366819750106653	1.0	1.0	2.0
79030000	2.2511493324844465	1.1653228259980861	1.0	1.0	2.0
79040000	0.32729560131323654	0.2763721690384925	1.0	1.0	2.0
79050000	1.5398044292253685	0.3714229102041171	1.0	1.0	2.0
79060000	2.836175888217719	0.79085081938588	1.0	1.0	2.0
79070000	3.058188081076168	1.293363040321585	1.0	1.0	2.0
79080000	1.0915379962677887	1.0611084442129868	1.0	1.0	2.0
79090000	0.8425420526274713	0.5290721763540336	1.0	1.0	2.0
79100000	1.0959939816554414	0.17333830034410028	1.0	1.0	2.0
79110000	0.15553022360826219	0.010953047481646938	1.0	1.0	2.0
79120000	0.8809319454420095	0.06409761668970278	1.0	1.0	2.0
79130000	1.0808625790804547	0.3362402020195564	1.0	1.0	2.0
79140000	0.4087288269817687	0.409286058758897	1.0	1.0	2.0
79150000	0.9095354124237536	0.34353297927933674	1.0	1.0	2.0
79160000	4.282854531667721	1.9597544011324242	1.0	1.0	2.0
79170000	1.6022659069090168	0.7538969681553699	1.0	1.0	2.0
79180000	0.5075027577244484	0.07866607500964047	1.0	1.0	2.0
79190000	1.129463424213667	0.5447384547479459	1.0	1.0	2.0
79200000	1.5323659426023826	2.8749115716502742	1.0	1.0	2.0
79210000	2.889922268612029	0.8564547388399504	1.0	1.0	2.0
79220000	2.0267643820238903	1.1715662659586756	1.0	1.0	2.0
79230000	0.15700222502037267	1.1912496997836672	1.0	1.0	2.0
79240000	0.7573210366767956	1.1967768947412174	1.0	1.0	2.0
79250000	0.8800080967443106	1.2104326960914236	1.0	1.0	2.0
79260000	1.6102445023089236	0.26074724044938596	1.0	1.0	2.0
79270000	0.40730505994418437	0.5063522720473247	1.0	1.0	2.0
79280000	1.5706645306080116	0.09041683135323325	1.0	1.0	2.0
79290000	1.9018489757111035	0.22875227698223086	1.0	1.0	2.0
79300000	1.007035895535718	0.1703614106921262	1.0	1.0	2.0
79310000	0.8745589436202114	1.188460143665664	1.0	1.0	2.0
79320000	1.69845441692529	0.09015455478675377	1.0	1.0	2.0
79330000	0.3050759590035616	0.14873124235331914	1.0	1.0	2.0
79340000	0.15961500587721816	0.08295757200663835	1.0	1.0	2.0
79350000	1.7210069118384759	0.19001244080168178	1.0	1.0	2.0
79360000	0.8156471190062942	0.1900191220586861	1.0	1.0	2.0
79370000	0.15540022690159558	0.07105024160994802	1.0	1.0	2.0
79380000	1.6780825005585371	0.8418912119805597	1.0	1.0	2.0
79390000	1.7036987702051591	0.4334821494493932	1.0	1.0	2.0
79400000	0.6257465641428337	0.07767492586038778	1.0	1.0	2.0
79410000	0.5821726125750668	0.8035290965546852	1.0	1.0	2.0
79420000	0.5033076621353563	0.020527160104118095	1.0	1.0	2.0
79430000	0.6808071549305713	0.3591042682630666	1.0	1.0	2.0
79440000	0.07045670199096522	0.0025017061093706183	1.0	1.0	2.0
79450000	2.3698039118128875	3.586667870725601E-4	1.0	1.0	2.0
79460000	1.5019479707979504	1.013072333667037	1.0	1.0	2.0
79470000	0.6498688806718135	2.051909458590707	1.0	1.0	2.0
79480000	1.9286673718589173	1.7394108589847914	1.0	1.0	2.0
79490000	1.6112766244442664	1.9337860715009356	1.0	1.0	2.0
79500000	2.0782053172159056	0.32497822902815676	1.0	1.0	2.0
79510000	1.3307369235019235	0.367344055039844	1.0	1.0	2.0
79520000	0.7056321222461557	0.14736982438635807	1.0	1.0	2.0
79530000	0.8738181346592062	0.07482561153840331	1.0	1.0	2.0
79540000	0.34074653263758686	0.08646547982163558	1.0	1.0	2.0
79550000	1.5431631599382611	0.18507812797298892	1.0	1.0	2.0
79560000	1.108952038225357	0.9884536417877549	1.0	1.0	2.0
79570000	1.942695873637934	0.9123279948154425	1.0	1.0	2.0
79580000	1.4536413703497484	5.707104807072125	1.0	1.0	2.0
79590000	0.2701458481751793	0.5367658080534665	1.0	1.0	2.0
79600000	0.536419280989405	0.7027818294605308	1.0	1.0	2.0
79610000	1.0732273432960562	0.1899392712428408	1.0	1.0	2.0
79620000	3.649397433333121	0.22086134470494379	1.0	1.0	2.0
79630000	1.711869439950527	0.16406228208092727	1.0	1.0	2.0
79640000	0.7257717718786206	0.3309417049408927	1.0	1.0	2.0
79650000	0.15594519673926774	0.7363331076215259	1.0	1.0	2.0
79660000	0.3741671242988962	0.30899562658059	1.0	1.0	2.0
79670000	0.6479713673502308	0.12360252558025434	1.0	1.0	2.0
79680000	0.8614165171902639	0.17517759716997927	1.0	1.0	2.0
79690000	5.13374135773564	3.957056955660763	1.0	1.0	2.0
79700000	0.4286204914291655	0.7000440440533825	1.0	1.0	2.0
79710000	1.0918392979002802	0.2306867832086347	1.0	1.0	2.0
79720000	1.883986289503286	0.06660962216981804	1.0	1.0	2.0
79730000	2.792063487361288	0.025174486838278987	1.0	1.0	2.0
79740000	0.11700704935297276	0.311074202664418	1.0	1.0	2.0
79750000	1.2418931756713543	0.059245627062468706	1.0	1.0	2.0
79760000	0.6896777569267509	1.9621749353444677	1.0	1.0	2.0
79770000	0.9989069806939211	0.4614840682990744	1.0	1.0	2.0
79780000	0.2246319096850887	1.2256486114790826	1.0	1.0	2.0
79790000	0.6006107286371031	0.03448627261914989	1.0	1.0	2.0
79800000	1.3421337655575667	0.3237288402805761	1.0	1.0	2.0
79810000	1.2302373781250069	1.0771843511206858	1.0	1.0	2.0
79820000	1.1092323103612922	0.6725346099419484	1.0	1.0	2.0
79830000	5.865457471916463	1.0494468839224944	0.0	1.0	1.0
79840000	0.07040453801923766	0.0984713818763342	1.0	1.0	2.0
79850000	1.6937215313132812	0.44910315295188785	1.0	1.0	2.0
79860000	4.988841842821266	1.5281214467675732	1.0	1.0	2.0
79870000	0.46507743659932993	0.4042083915595945	1.0	1.0	2.0
79880000	2.6795581704224483	0.3576552443539682	1.0	1.0	2.0
79890000	0.9737352342725193	1.5609957944219182	1.0	1.0	2.0
79900000	0.8205629498826252	0.43399696424329676	1.0	1.0	2.0
79910000	1.9741514818602082	0.07153578833780605	1.0	1.0	2.0
79920000	0.36635877961884683	0.5273156168394274	1.0	1.0	2.0
79930000	0.5105755134730057	0.33279238669305605	1.0	1.0	2.0
79940000	4.538982942610454	1.7164428547908221	1.0	1.0	2.0
79950000	1.2778037567266851	0.6101490087939669	1.0	1.0	2.0
79960000	2.307006665258372	1.1235313369549726	1.0	1.0	2.0
79970000	4.522501393341804	1.0871131319027143	1.0	1.0	2.0
79980000	0.6763636652863858	0.27560490582484687	1.0	1.0	2.0
79990000	1.8696844064168672	1.100287759348268	1.0	1.0	2.0
80000000	1.3892570295935758	0.19340553154609033	1.0	1.0	2.0
80010000	0.8588623291529127	0.6392202865695313	1.0	1.0	2.0
80020000	1.733910965269527	0.47523428060446554	1.0	1.0	2.0
80030000	1.1193934903384142	0.6073011692775527	1.0	1.0	2.0
80040000	0.12036514145163078	0.027089168858603428	1.0	1.0	2.0
80050000	0.9973209584921778	0.7816484195279721	1.0	1.0	2.0
80060000	1.3735090761614346	0.9310918143102579	1.0	1.0	2.0
80070000	1.5797179408830797	0.642805907218146	1.0	1.0	2.0
80080000	0.5100256586053469	0.09857668817491569	1.0	1.0	2.0
80090000	0.9372500197003112	1.897265597055643	1.0	1.0	2.0
80100000	0.5990735986389369	0.18624143005192945	1.0	1.0	2.0
80110000	0.7158867455432567	0.377964750859801	1.0	1.0	2.0
80120000	0.24512840980274997	0.10432293571777501	1.0	1.0	2.0
80130000	0.24489921794031036	0.16090017886270633	1.0	1.0	2.0
80140000	0.4332297675826114	0.40287857728333476	1.0	1.0	2.0
80150000	0.4037749251044816	0.5535896994426885	1.0	1.0	2.0
80160000	0.35554013286940767	0.15419787755100084	1.0	1.0	2.0
80170000	1.4192305040088307	1.7450013905147475	1.0	1.0	2.0
80180000	0.06472366892956714	0.15286157942281814	1.0	1.0	2.0
80190000	1.021952520491091	0.13387976271919674	1.0	1.0	2.0
80200000	0.44292710865450563	0.2743595475214351	1.0	1.0	2.0
80210000	1.3461675471662597	1.1066403813008585	1.0	1.0	2.0
80220000	2.509645417169661	0.5974896759090822	1.0	1.0	2.0
80230000	0.5848059238850041	0.5845223405640972	1.0	1.0	2.0
80240000	0.8658602578331704	1.4903654201838379	1.0	1.0	2.0
80250000	1.815649993494568	1.459320980892303	1.0	1.0	2.0
80260000	1.2192564603603768	0.035534413168173684	1.0	1.0	2.0
80270000	0.044619228683593005	0.015187775679502457	1.0	1.0	2.0
80280000	0.5682493858777037	0.8665457435100964	1.0	1.0	2.0
80290000	0.5504363631451753	0.15649269640939215	1.0	1.0	2.0
80300000	1.697053104406558	0.1854200724184098	1.0	1.0	2.0
80310000	0.6192331660047223	1.8806609918024488	1.0	1.0	2.0
80320000	1.7677862707144465	0.5372261900873635	1.0	1.0	2.0
80330000	2.637691398215029	0.18517768776776056	1.0	1.0	2.0
80340000	2.068469506667126	0.7720651344297077	1.0	1.0	2.0
80350000	3.0345083141399547	0.045165532437821405	1.0	1.0	2.0
80360000	3.0340125827316338	0.4894804920338202	1.0	1.0	2.0
80370000	0.6537687663195035	0.19974248955161455	1.0	1.0	2.0
80380000	0.47878773115343515	0.9711208963345944	1.0	1.0	2.0
80390000	1.1013924993360158	0.7504681201804536	1.0	1.0	2.0
80400000	0.8241629057082845	0.5426338757677971	1.0	1.0	2.0
80410000	1.5071658831860273	0.10958962843887833	1.0	1.0	2.0
80420000	3.7101562942969335	0.38549439631936855	1.0	1.0	2.0
80430000	1.034739825415823	0.485094310004852	1.0	1.0	2.0
80440000	1.3698838423141115	1.6971663775070007	1.0	1.0	2.0
80450000	0.7557144487506914	0.13310329266359783	1.0	1.0	2.0
80460000	0.904609637563096	0.6055712041640959	1.0	1.0	2.0
80470000	0.41900069929415784	0.7552740448586855	1.0	1.0	2.0
80480000	1.0051430226297013	0.3411436037752061	1.0	1.0	2.0
80490000	0.34078393573120186	0.060562685197662676	1.0	1.0	2.0
80500000	3.9501612379591715	1.1216548779617104	1.0	1.0	2.0
80510000	1.316948564193912	1.899349651564631	1.0	1.0	2.0
80520000	2.9224645915306136	0.3631482343923693	1.0	1.0	2.0
80530000	0.8998252709830066	0.7713441818030233	1.0	1.0	2.0
80540000	0.7892845961550029	0.007994910090415402	1.0	1.0	2.0
80550000	3.2071354461528387	0.5345863284010591	1.0	1.0	2.0
80560000	0.9544403318885661	8.573288560435475E-4	1.0	1.0	2.0
80570000	2.086174086972771	4.3779850692607375E-4	1.0	1.0	2.0
80580000	0.9715255234683393	0.47478392109960493	1.0	1.0	2.0
80590000	3.8913932332216072	0.45667070923697006	1.0	1.0	2.0
80600000	2.384043952240934	0.5417220855707389	1.0	1.0	2.0
80610000	1.057441067852186	0.838589247393168	1.0	1.0	2.0
80620000	1.643050487198431	0.2204975286304433	1.0	1.0	2.0
80630000	1.9949855233325908	0.25509595026316606	1.0	1.0	2.0
80640000	0.7636227238596337	0.8612190598543178	1.0	1.0	2.0
80650000	0.6481030654227901	0.11487977186072791	1.0	1.0	2.0
80660000	1.624837006656414	2.207201122936358	1.0	1.0	2.0
80670000	1.3876725316339893	0.0631172226124778	1.0	1.0	2.0
80680000	2.0224005329490646	2.5202813196614384	1.0	1.0	2.0
80690000	0.5492754457600472	0.06451884816240068	1.0	1.0	2.0
80700000	4.69908742308301	0.11089764298000215	1.0	1.0	2.0
80710000	1.0265807366847313	0.9374042449278792	1.0	1.0	2.0
80720000	2.5447549971384102	0.96410623459316	1.0	1.0	2.0
80730000	1.0461938244546678	1.0383798879942852	1.0	1.0	2.0
80740000	1.5288123153033717	0.7241150970179683	1.0	1.0	2.0
80750000	1.4922968203772913	0.3978184296281189	1.0	1.0	2.0
80760000	2.1629384047436835	0.09670094671448286	1.0	1.0	2.0
80770000	1.6552177333520115	0.3489938237291142	1.0	1.0	2.0
80780000	0.532913098324692	0.373078623299326	1.0	1.0	2.0
80790000	1.5159582835158838	1.4326404486830673	1.0	1.0	2.0
80800000	1.7440068260523685	1.5747997413747625	1.0	1.0	2.0
80810000	1.0444779710694123	0.6672912215278386	1.0	1.0	2.0
80820000	2.811444037632022	0.15658024863450604	1.0	1.0	2.0
80830000	1.7524038201443306	0.13734107032593107	1.0	1.0	2.0
80840000	1.4962073767381512	0.07345997470701784	1.0	1.0	2.0
80850000	2.250284164613632	0.5986799823347425	1.0	1.0	2.0
80860000	0.2556917443684769	0.0440093195475461	1.0	1.0	2.0
80870000	1.7023450778064961	0.2641360344639739	1.0	1.0	2.0
80880000	2.3046916060830247	0.5962960640931064	1.0	1.0	2.0
80890000	0.5173908132167439	2.019010788673265	1.0	1.0	2.0
80900000	2.7381747078577536	0.23451011751632325	1.0	1.0	2.0
80910000	1.5587757710079237	4.28437895225059	1.0	1.0	2.0
80920000	1.8568863131323152	0.1078215910924095	1.0	1.0	2.0
80930000	0.10567498727519993	0.31048028512989156	1.0	1.0	2.0
80940000	5.154007108038036	0.3528141998233613	1.0	1.0	2.0
80950000	0.9644078207510289	0.040684115574666405	1.0	1.0	2.0
80960000	0.1961193809214635	0.1037178851119019	1.0	1.0	2.0
80970000	0.4812998932961534	0.7618894649437185	1.0	1.0	2.0
80980000	0.8202259936157009	1.0706688649087202	1.0	1.0	2.0
80990000	0.709906817613992	0.002151936217141502	1.0	1.0	2.0
81000000	3.525359979461472	0.01629540680693672	1.0	1.0	2.0
81010000	1.1324171974640325	0.5418535012437393	1.0	1.0	2.0
81020000	1.2108081312103558	0.5585492131854451	1.0	1.0	2.0
81030000	1.2254029205486359	1.0992101561219128	1.0	1.0	2.0
81040000	0.4699510155097226	0.20050905738888516	1.0	1.0	2.0
81050000	1.1995523112677773	0.4465186197858728	1.0	1.0	2.0
81060000	0.40347757199273315	0.04663276040017562	1.0	1.0	2.0
81070000	0.6228701942808987	0.41947967873823894	1.0	1.0	2.0
81080000	0.9348417838425648	0.4041109265678302	1.0	1.0	2.0
81090000	1.2092250950855996	0.20700368613306078	1.0	1.0	2.0
81100000	0.4522446701163122	0.2760103686636099	1.0	1.0	2.0
81110000	0.3302846946245188	0.026496357754132338	1.0	1.0	2.0
81120000	0.5795529812799249	0.7336384961148072	1.0	1.0	2.0
81130000	0.7507476515980495	0.5827542679049867	1.0	1.0	2.0
81140000	0.8373957549396422	0.06683609000955888	1.0	1.0	2.0
81150000	0.4798797932165737	0.4703488365400068	1.0	1.0	2.0
81160000	2.262110651134496	0.22158894725057862	1.0	1.0	2.0
81170000	0.4202959881766642	0.43330394245000425	1.0	1.0	2.0
81180000	2.57323935578513	1.4147124091558059	1.0	1.0	2.0
81190000	2.6110957808419104	0.3846252565412112	1.0	1.0	2.0
81200000	0.22074536252520002	0.4143051596292602	1.0	1.0	2.0
81210000	2.3298223160215827	0.06900621661268072	1.0	1.0	2.0
81220000	1.2799730250513512	1.957065503042429	1.0	1.0	2.0
81230000	0.23597030958523643	0.6314194404941129	1.0	1.0	2.0
81240000	1.4238462301797326	0.7058283863285914	1.0	1.0	2.0
81250000	0.6052396664227664	1.1261798563931131	1.0	1.0	2.0
81260000	1.238990055271904	2.9805527283773476	1.0	1.0	2.0
81270000	1.8662491616748058	1.374050258592478	1.0	1.0	2.0
81280000	0.39732702350328597	0.09909164374173018	1.0	1.0	2.0
81290000	0.5994670076351235	0.027875459673690258	1.0	1.0	2.0
81300000	1.7852399791485785	0.5018440319822537	1.0	1.0	2.0
81310000	0.7117217755195694	0.9390598495645742	1.0	1.0	2.0
81320000	0.22539787445896525	0.3556471001081827	1.0	1.0	2.0
81330000	2.1701477646596157	2.5355520413805315	1.0	1.0	2.0
81340000	1.6243920629946378	0.3341197037861469	1.0	1.0	2.0
81350000	0.24794533425878673	1.0935669743924783	1.0	1.0	2.0
81360000	0.4114264127988456	0.28844155144536426	1.0	1.0	2.0
81370000	1.380888595368186	0.34008227090634635	1.0	1.0	2.0
81380000	0.4619867156122933	0.00241735023025158	1.0	1.0	2.0
81390000	2.236944717252795	0.015580313029945789	1.0	1.0	2.0
81400000	2.305202373934112	0.9798551694844317	1.0	1.0	2.0
81410000	0.7480219547453766	0.2574365061860355	1.0	1.0	2.0
81420000	0.4621161418230536	0.6857536292248791	1.0	1.0	2.0
81430000	0.4396756488827971	0.8999163489444274	1.0	1.0	2.0
81440000	0.834028282942071	0.45251787555563355	1.0	1.0	2.0
81450000	0.7944228394839297	0.0666859683492356	1.0	1.0	2.0
81460000	1.524991475496196	0.07887390326014607	1.0	1.0	2.0
81470000	1.325598924194503	0.7103302554074735	1.0	1.0	2.0
81480000	4.276037431547362	0.5857115800443641	1.0	1.0	2.0
81490000	1.1585771852662967	0.8263320661163994	1.0	1.0	2.0
81500000	1.8484814424874483	1.2271851954474118	1.0	1.0	2.0
81510000	1.4115514289623954	0.3078329010020902	1.0	1.0	2.0
81520000	1.8843023492208613	0.5492186368544825	1.0	1.0	2.0
81530000	1.2247955205245618	0.25551793884455876	1.0	1.0	2.0
81540000	0.9180411358893129	0.029082040403150346	1.0	1.0	2.0
81550000	0.7321163728634408	1.0789343876472286	1.0	1.0	2.0
81560000	0.8248374906054893	0.3830388456713355	1.0	1.0	2.0
81570000	1.8805688883307123	0.3581593507949614	1.0	1.0	2.0
81580000	4.527551249997832	0.3708541893832829	1.0	1.0	2.0
81590000	2.737766326076569	2.1532458564185286	1.0	1.0	2.0
81600000	0.1343146229555948	0.22215886034482468	1.0	1.0	2.0
81610000	0.14119679312025257	0.05751991024616054	1.0	1.0	2.0
81620000	0.3356328844117574	0.8448810514925298	1.0	1.0	2.0
81630000	0.563483196803523	0.19810401105339004	1.0	1.0	2.0
81640000	1.064445884151783	0.1679124867193999	1.0	1.0	2.0
81650000	0.3731707353124644	0.10962493700457875	1.0	1.0	2.0
81660000	2.6097745244360135	0.10968459474122087	1.0	1.0	2.0
81670000	1.3810257173789784	0.2739510787144591	1.0	1.0	2.0
81680000	2.006081172947096	0.13448926032834518	1.0	1.0	2.0
81690000	0.37343993896943123	9.493743125075886E-4	1.0	1.0	2.0
81700000	0.9241583854495143	1.6833391379197271	1.0	1.0	2.0
81710000	1.7693769311158485	3.1475416973767085E-4	1.0	1.0	2.0
81720000	0.6630022003759435	0.3364646929305548	1.0	1.0	2.0
81730000	1.5580330665827367	0.18243603448574214	1.0	1.0	2.0
81740000	0.37641853216155735	0.3000547144538998	1.0	1.0	2.0
81750000	0.2873573196598541	1.0117455585610997	0.0	1.0	1.0
81760000	1.3782643282437308	0.9652847413330495	1.0	1.0	2.0
81770000	0.19184119594144966	0.4263057909196734	1.0	1.0	2.0
81780000	0.4859897324441279	0.18743519302013553	1.0	1.0	2.0
81790000	0.2926091255107659	0.09236695012347407	1.0	1.0	2.0
81800000	1.8586615873062975	0.11823039222188828	1.0	1.0	2.0
81810000	2.097102995765951	0.42815368101692997	1.0	1.0	2.0
81820000	1.888307236297943	0.5497156942058677	1.0	1.0	2.0
81830000	0.22563851332764723	0.4358327245048928	1.0	1.0	2.0
81840000	1.9074074164038066	0.22284158525926712	1.0	1.0	2.0
81850000	1.3762240551716165	0.7221884907719671	1.0	1.0	2.0
81860000	1.5998240141354858	0.05602664710666327	1.0	1.0	2.0
81870000	2.2568829965589527	1.7368457855278066	1.0	1.0	2.0
81880000	0.4199920463925978	0.01524345491500648	1.0	1.0	2.0
81890000	0.7596564237218473	0.3784149271911388	1.0	1.0	2.0
81900000	6.702062886613426	0.9821743163107423	1.0	1.0	2.0
81910000	0.6664261885529686	1.1635702687674159	1.0	1.0	2.0
81920000	1.6912502356388865	1.002875554828494	1.0	1.0	2.0
81930000	0.9778922465932307	0.33986022135311056	1.0	1.0	2.0
81940000	0.32912871420962436	0.9511484153787796	1.0	1.0	2.0
81950000	2.243150862662441	1.3278178264084588	1.0	1.0	2.0
81960000	3.5450132431300423	2.791357007216575	1.0	1.0	2.0
81970000	1.0772017811630341	0.4718985906891334	1.0	1.0	2.0
81980000	0.6346877404406144	0.055368618006275634	1.0	1.0	2.0
81990000	0.17401283990898184	0.5602667160826427	1.0	1.0	2.0
82000000	1.5472227578884596	0.49174326923608686	1.0	1.0	2.0
82010000	1.8413589574860116	0.41600032212834115	1.0	1.0	2.0
82020000	0.3651439561057584	0.13055696225038665	1.0	1.0	2.0
82030000	1.061644282149223	1.0345117413848215	1.0	1.0	2.0
82040000	2.370399428319715	0.1855137307126831	1.0	1.0	2.0
82050000	0.7907307335687686	0.7806591499697099	1.0	1.0	2.0
82060000	0.6340942712673443	0.39401561585175454	1.0	1.0	2.0
82070000	2.163764989874981	0.6980587766789419	1.0	1.0	2.0
82080000	2.695440644861472	0.11844945342226514	1.0	1.0	2.0
82090000	1.3872285588864623	0.8321275402018078	1.0	1.0	2.0
82100000	1.0838723161318038	0.8146965350766935	1.0	1.0	2.0
82110000	0.6327059300185545	0.5080016755926685	1.0	1.0	2.0
82120000	0.840359602948448	0.3344630839736663	1.0	1.0	2.0
82130000	0.08836087297809561	0.2707386900097926	1.0	1.0	2.0
82140000	0.04523105418090597	0.03526407452866971	1.0	1.0	2.0
82150000	1.0240926682734242	1.262010545413801	1.0	1.0	2.0
82160000	0.4016837276477069	0.39978403408841817	1.0	1.0	2.0
82170000	1.29253518332418	1.5384749373065036	1.0	1.0	2.0
82180000	0.26445030541866676	0.5007774302467697	1.0	1.0	2.0
82190000	1.988498887437319	0.013732543898588374	1.0	1.0	2.0
82200000	2.333842901556905	0.16596492001206767	1.0	1.0	2.0
82210000	3.3777442277449117	0.3467866337130997	1.0	1.0	2.0
82220000	0.6746759696255842	0.5756466103408776	1.0	1.0	2.0
82230000	2.650943433229827	1.7149177233116724	1.0	1.0	2.0
82240000	0.31116251674453643	6.884918714729082E-4	1.0	1.0	2.0
82250000	1.8865613637256768	0.07181797557186786	1.0	1.0	2.0
82260000	3.7840465445254696	2.596680279005545	1.0	1.0	2.0
82270000	1.9396663513841343	1.1800280881358214	1.0	1.0	2.0
82280000	0.5498947895928032	0.3585790342262775	1.0	1.0	2.0
82290000	2.6389391431590905	0.37891162929241523	1.0	1.0	2.0
82300000	1.020829782551264	1.1482853739024237	1.0	1.0	2.0
82310000	0.8411030391039384	1.0997828171152526	1.0	1.0	2.0
82320000	0.13468528381534622	0.25026537241281965	1.0	1.0	2.0
82330000	1.2965094902559158	0.2412447953969526	1.0	1.0	2.0
82340000	0.4098607829567802	1.359999997159576	1.0	1.0	2.0
82350000	1.7452159100654192	0.6628463555182303	1.0	1.0	2.0
82360000	0.2113803223473619	0.4513187252688683	1.0	1.0	2.0
82370000	0.6484155593854672	0.9691764688144292	1.0	1.0	2.0
82380000	3.4544296988661936	1.5283907402140529	1.0	1.0	2.0
82390000	1.4848837838914706	0.8884122383502593	1.0	1.0	2.0
82400000	1.0350604568255175	2.144464312922717	1.0	1.0	2.0
82410000	1.7323430592122862	0.9352139115236942	1.0	1.0	2.0
82420000	3.2907036821328113	0.4664276055226219	1.0	1.0	2.0
82430000	0.39855181013467567	0.3016102927011463	1.0	1.0	2.0
82440000	3.6878492507930805	0.011550593963030927	1.0	1.0	2.0
82450000	2.4657332152223304	0.27546540967606153	1.0	1.0	2.0
82460000	0.1922453847695006	0.05441381904161989	1.0	1.0	2.0
82470000	0.4008018717472831	0.0969390894222758	1.0	1.0	2.0
82480000	0.6777711550492693	0.38627120062278797	1.0	1.0	2.0
82490000	1.7664763329399698	0.7719461349146104	1.0	1.0	2.0
82500000	2.003339309317368	0.5469914447032913	1.0	1.0	2.0
82510000	1.5595635453512229	0.19136028298590652	1.0	1.0	2.0
82520000	0.7573247419338441	0.4224129059968045	1.0	1.0	2.0
82530000	0.060785921942312374	0.06200855586940316	1.0	1.0	2.0
82540000	2.348741006750879	1.6170422171778849	1.0	1.0	2.0
82550000	1.6936203888453876	0.2577180798625501	1.0	1.0	2.0
82560000	4.237853394573994	2.1776529780184144	1.0	1.0	2.0
82570000	0.4508551200004852	0.38098479276023656	1.0	1.0	2.0
82580000	0.3551320017484754	0.6806663646588345	1.0	1.0	2.0
82590000	0.8964169604359019	0.7284152426415769	1.0	1.0	2.0
82600000	2.5534804398010915	0.0804498527099418	1.0	1.0	2.0
82610000	0.4832386784822306	0.4311404483602591	1.0	1.0	2.0
82620000	1.2121195157269238	0.11622286155245806	1.0	1.0	2.0
82630000	6.398432201392516	1.304711403195841	1.0	1.0	2.0
82640000	1.3012723472450032	2.4140082806132215	1.0	1.0	2.0
82650000	0.9364866179326174	0.5444650416287428	1.0	1.0	2.0
82660000	0.8800595864700479	0.14337893486843992	1.0	1.0	2.0
82670000	0.9032488890493311	1.0279367474899794	1.0	1.0	2.0
82680000	0.7398190417172482	0.28894510413120605	1.0	1.0	2.0
82690000	3.017468387781161	1.0046768234765693	1.0	1.0	2.0
82700000	1.0279398682272534	0.27491269252663525	1.0	1.0	2.0
82710000	1.807892515435962	0.5124194458426987	1.0	1.0	2.0
82720000	3.4592617846646436	0.09227476257788218	1.0	1.0	2.0
82730000	1.5471523637746756	0.42164879464430777	1.0	1.0	2.0
82740000	1.2014903899598404	2.019605648814076	1.0	1.0	2.0
82750000	0.1920433487744823	0.42467340742550236	1.0	1.0	2.0
82760000	0.8400266050810442	0.281918976387533	1.0	1.0	2.0
82770000	1.0098588399512405	0.14337896090472138	1.0	1.0	2.0
82780000	6.9801086244937585	0.3978684655456641	1.0	1.0	2.0
82790000	0.3426092118707492	0.24686542044712206	1.0	1.0	2.0
82800000	1.1239960438357735	0.21438661960329192	1.0	1.0	2.0
82810000	0.6892227279792305	0.07182739638779317	1.0	1.0	2.0
82820000	0.38209881649218624	0.712607173949536	1.0	1.0	2.0
82830000	1.2642244049406717	0.4966673336970556	1.0	1.0	2.0
82840000	0.7734702138346977	1.1061389609771421	1.0	1.0	2.0
82850000	0.5383716628292986	0.1884792783458123	1.0	1.0	2.0
82860000	0.1860497404987858	0.026227678389915347	1.0	1.0	2.0
82870000	0.7805512159990285	0.15294371272242482	1.0	1.0	2.0
82880000	1.3943597273020516	0.7699368641753637	1.0	1.0	2.0
82890000	0.9029490323220764	0.6562825702314733	1.0	1.0	2.0
82900000	3.126318782019631	0.4469631548031168	1.0	1.0	2.0
82910000	1.1872961539557474	0.03145875355762984	1.0	1.0	2.0
82920000	3.0363383778197917	1.0154896932855646	1.0	1.0	2.0
82930000	1.7153949269978104	1.7715382429777236	1.0	1.0	2.0
82940000	0.26687846557941863	0.07127562379468383	1.0	1.0	2.0
82950000	0.13809816628726543	0.00616167087889701	1.0	1.0	2.0
82960000	2.46807178566957	1.2512376556378917	1.0	1.0	2.0
82970000	0.3520100910275806	0.12436302778280132	1.0	1.0	2.0
82980000	1.8146560382442682	0.44838724500547344	1.0	1.0	2.0
82990000	1.314029705162888	0.12379031406815891	1.0	1.0	2.0
83000000	1.2945819587291905	0.3115197665652166	1.0	1.0	2.0
83010000	0.518585889542281	0.04243105270828456	1.0	1.0	2.0
83020000	0.14772401468057733	0.2546918778460517	1.0	1.0	2.0
83030000	0.948691537552677	0.11209367393767418	1.0	1.0	2.0
83040000	0.3200272675321249	0.15866823482209413	1.0	1.0	2.0
83050000	3.3924517396984752	0.1525864530920752	1.0	1.0	2.0
83060000	1.0332293830179164	0.21763952307403897	1.0	1.0	2.0
83070000	2.3906321133886728	0.31905819640604843	1.0	1.0	2.0
83080000	0.5448604874343147	0.750793105289094	1.0	1.0	2.0
83090000	0.4394867905667803	0.947488490706362	1.0	1.0	2.0
83100000	2.3548396845985655	0.4371785221180646	1.0	1.0	2.0
83110000	0.7502539058440133	0.08941362098341496	1.0	1.0	2.0
83120000	1.6591783544440957	0.15416614256018507	1.0	1.0	2.0
83130000	0.6435092014563972	1.860338627113356	1.0	1.0	2.0
83140000	1.7457602305607793	0.11042039809185444	1.0	1.0	2.0
83150000	1.4856820361060248	0.43159513788514126	1.0	1.0	2.0
83160000	0.23450180309292207	0.0127465562298501	1.0	1.0	2.0
83170000	0.1131381824559614	0.1344192700361833	1.0	1.0	2.0
83180000	0.12193496775264397	1.0436408735432166	1.0	1.0	2.0
83190000	0.8566687932577156	0.10258756789233837	1.0	1.0	2.0
83200000	3.4721905280038174	1.858203660902302	1.0	1.0	2.0
83210000	0.6334410496168916	1.2815371477075859	1.0	1.0	2.0
83220000	0.5662755057155051	0.46009512059319974	1.0	1.0	2.0
83230000	2.211377549290644	0.3318080631911155	1.0	1.0	2.0
83240000	2.7914639231734677	0.5453339190322999	1.0	1.0	2.0
83250000	1.2594481370995672	0.1834292219417471	1.0	1.0	2.0
83260000	0.7573416371425908	1.8226733838646847	1.0	1.0	2.0
83270000	0.4798193683289386	1.6230672281629837	1.0	1.0	2.0
83280000	0.30842508332169033	0.21579905582295722	1.0	1.0	2.0
83290000	0.7602713738568234	0.24665378645944533	1.0	1.0	2.0
83300000	2.6017982118293608	0.9967556986814103	1.0	1.0	2.0
83310000	0.4357590567313075	0.07677304453310722	1.0	1.0	2.0
83320000	0.3401648861793922	0.05052637418125517	1.0	1.0	2.0
83330000	0.36943029610394845	0.13469288153772901	1.0	1.0	2.0
83340000	2.8961938346907687	0.7690191308105128	1.0	1.0	2.0
83350000	2.37633631038673	0.17532922004056758	1.0	1.0	2.0
83360000	1.2994805430035063	0.09554754715314615	1.0	1.0	2.0
83370000	1.5280460636169713	0.5530351899593298	1.0	1.0	2.0
83380000	1.230415038288985	0.5125580539358362	1.0	1.0	2.0
83390000	1.3846793887114284	1.3270841247833132	1.0	1.0	2.0
83400000	1.9115723567952103	0.14657873813548145	1.0	1.0	2.0
83410000	0.5112262648957719	0.12972671707422853	1.0	1.0	2.0
83420000	1.5897507491536849	0.7098631676188704	1.0	1.0	2.0
83430000	0.15404079376998048	0.15869185124884	1.0	1.0	2.0
83440000	0.4188373925035011	0.5748970356837135	1.0	1.0	2.0
83450000	0.5515714917891371	0.07362658895462522	1.0	1.0	2.0
83460000	1.617386699559856	0.04027820018730076	1.0	1.0	2.0
83470000	2.7987603061883144	0.09126837060341542	1.0	1.0	2.0
83480000	0.7480329261716778	1.5232829750509724	1.0	1.0	2.0
83490000	0.6705387885066326	1.9233053543557772	1.0	1.0	2.0
83500000	0.9485106290080367	0.2549403782819141	1.0	1.0	2.0
83510000	1.9783960780276297	1.6288496761952433	1.0	1.0	2.0
83520000	3.2972487360893328	3.2816947256816413	1.0	1.0	2.0
83530000	0.38483846432207214	0.15798401668605538	1.0	1.0	2.0
83540000	0.10247387295523325	0.005194789209705756	1.0	1.0	2.0
83550000	1.508738534398031	0.9219760326197046	1.0	1.0	2.0
83560000	3.523848639931835	1.028060391083805	1.0	1.0	2.0
83570000	0.7645770164760283	1.2645774770815792	1.0	1.0	2.0
83580000	1.2586338522705138	0.3544584074196571	1.0	1.0	2.0
83590000	0.6641497117991626	0.2755156268932172	1.0	1.0	2.0
83600000	0.6757147963927321	1.4672597749866083	1.0	1.0	2.0
83610000	2.1407326861997804	0.3373946907730456	1.0	1.0	2.0
83620000	0.8114187061934157	1.0091076226088969	1.0	1.0	2.0
83630000	2.719046154013762	0.015286430736404896	1.0	1.0	2.0
83640000	0.4076523710721536	0.17502775197782078	1.0	1.0	2.0
83650000	1.1290077389109172	0.486866637583586	1.0	1.0	2.0
83660000	0.17722039306117637	0.3101315699127317	1.0	1.0	2.0
83670000	0.5297759448664382	0.9665447804341546	1.0	1.0	2.0
83680000	1.4026483314544298	1.685775095700444	1.0	1.0	2.0
83690000	0.8196475308457575	0.8905263126789398	1.0	1.0	2.0
83700000	0.9599877569571709	0.16163105162113028	1.0	1.0	2.0
83710000	0.9131257027109682	0.903815941391275	1.0	1.0	2.0
83720000	0.3091985386791353	0.3558016510260743	1.0	1.0	2.0
83730000	1.1532795514045526	0.19306480600912382	1.0	1.0	2.0
83740000	0.586205811814421	0.3622695859358646	1.0	1.0	2.0
83750000	0.6168069640822822	1.071003935680179	1.0	1.0	2.0
83760000	0.6178226534790067	0.3117561639012469	1.0	1.0	2.0
83770000	3.505521669000221	0.27077697902312514	1.0	1.0	2.0
83780000	0.919660355989434	1.3907628557528884	1.0	1.0	2.0
83790000	0.754651690654443	1.0337663359210718	1.0	1.0	2.0
83800000	2.022280713661012	0.007938509685890997	1.0	1.0	2.0
83810000	0.551793213541658	0.841270363138703	1.0	1.0	2.0
83820000	0.736352695751771	0.23804516274130402	1.0	1.0	2.0
83830000	0.667147348653402	0.19386274172949736	1.0	1.0	2.0
83840000	1.4455802961462696	0.7824286035417753	1.0	1.0	2.0
83850000	1.6213156514416083	0.20162761651204397	1.0	1.0	2.0
83860000	0.9114596131203472	0.5547056985520109	1.0	1.0	2.0
83870000	0.8825737072671651	0.19395020236841648	1.0	1.0	2.0
83880000	3.0626888977806113	0.2827950730621853	1.0	1.0	2.0
83890000	2.8893643394343527	0.5621934260550966	1.0	1.0	2.0
83900000	1.322877570201489	0.2982344855554545	1.0	1.0	2.0
83910000	1.580551009032517	0.5107716379815247	1.0	1.0	2.0
83920000	0.5253818466301352	0.08225712785022835	1.0	1.0	2.0
83930000	0.9698054526046184	0.15485752187492718	1.0	1.0	2.0
83940000	0.6386695968503814	1.2840451728599354	1.0	1.0	2.0
83950000	2.4067354869107227	1.1218703668519978	1.0	1.0	2.0
83960000	0.9969734286639271	0.19604942738855005	1.0	1.0	2.0
83970000	1.3765148245276915	0.8751002313948801	1.0	1.0	2.0
83980000	0.8645205133559446	0.8119548430307989	1.0	1.0	2.0
83990000	1.8895081221796162	1.8335585794883824	1.0	1.0	2.0
84000000	0.7824449631053123	0.7106309110673177	1.0	1.0	2.0
84010000	0.6344783160807556	1.0184280742500091	1.0	1.0	2.0
84020000	1.7210863226083788	2.974235639263997	1.0	1.0	2.0
84030000	2.056927984206788	0.1893148141172806	1.0	1.0	2.0
84040000	1.5588343199113128	1.860145792059358	1.0	1.0	2.0
84050000	0.5884297275039716	0.2509728847076375	1.0	1.0	2.0
84060000	1.5748776703049014	0.1804154991386209	1.0	1.0	2.0
84070000	2.2628713380909447	1.1651254612224042	1.0	1.0	2.0
84080000	0.6747560371963485	0.14900540370318865	1.0	1.0	2.0
84090000	1.7635272718951278	0.09241186920765966	1.0	1.0	2.0
84100000	0.3487818986281112	0.0048340650708180374	1.0	1.0	2.0
84110000	0.9347752920390424	0.5231988281403006	1.0	1.0	2.0
84120000	0.8262505876335335	0.5622089824909703	1.0	1.0	2.0
84130000	1.1668901804758849	0.1940783671671639	1.0	1.0	2.0
84140000	0.6297271656938538	0.16213276556825004	1.0	1.0	2.0
84150000	0.9747630708589186	0.6511407780260544	1.0	1.0	2.0
84160000	0.1639253883570556	0.7781853143713352	0.0	1.0	1.0
84170000	0.42839407716611694	0.09149411195455695	1.0	1.0	2.0
84180000	0.6242269977521482	0.07751452695822489	1.0	1.0	2.0
84190000	1.831811038387906	0.49780505637075195	1.0	1.0	2.0
84200000	1.5574897021011511	1.119674811023174	1.0	1.0	2.0
84210000	3.1418979103637845	1.49260137659424	1.0	1.0	2.0
84220000	2.371781905208662	0.5216225175531632	1.0	1.0	2.0
84230000	0.17142478317589221	0.2187923169901187	1.0	1.0	2.0
84240000	0.6918968757126709	0.0659087073180316	1.0	1.0	2.0
84250000	0.8466591692923021	0.30170263299315114	1.0	1.0	2.0
84260000	2.383892389751862	1.4935644759347242	1.0	1.0	2.0
84270000	1.7760819854467882	2.95939046350247	1.0	1.0	2.0
84280000	0.818938238240901	0.06865632021524756	1.0	1.0	2.0
84290000	0.18079097346620115	0.28076291698145606	1.0	1.0	2.0
84300000	0.6988589107550774	0.09322819219543192	1.0	1.0	2.0
84310000	0.8183585588385143	0.16115433664833895	1.0	1.0	2.0
84320000	1.038882685752693	0.9132003068696257	1.0	1.0	2.0
84330000	1.6707662832545802	0.37651898166049735	1.0	1.0	2.0
84340000	1.1274882092724872	0.6643056948699029	1.0	1.0	2.0
84350000	1.0327112701766712	2.285508225478302	1.0	1.0	2.0
84360000	1.400611856122229	0.02146188403307479	1.0	1.0	2.0
84370000	1.2311006211644477	0.7659320184829881	1.0	1.0	2.0
84380000	1.1831023334536062	1.0925038978605037	1.0	1.0	2.0
84390000	0.6147478101038456	0.8516745022059201	1.0	1.0	2.0
84400000	2.0987378213750096	0.6718482424531288	0.0	1.0	1.0
84410000	0.7634735076783117	0.4616666185838758	1.0	1.0	2.0
84420000	2.4648076366805785	1.1386704891515915	1.0	1.0	2.0
84430000	1.6043403220148449	0.6464998534027357	1.0	1.0	2.0
84440000	0.3286235446006637	0.12195694937113886	1.0	1.0	2.0
84450000	1.368938863234191	0.39592933516410495	1.0	1.0	2.0
84460000	0.29934795194423397	3.06992258770682	1.0	1.0	2.0
84470000	1.7008873449324378	2.0158868401017087	1.0	1.0	2.0
84480000	0.32426811807845946	0.4527893511294588	1.0	1.0	2.0
84490000	1.192017803420205	0.48768259858722596	1.0	1.0	2.0
84500000	0.4919321280136094	0.0734407356795741	1.0	1.0	2.0
84510000	2.811687424122011	0.1446852819460811	1.0	1.0	2.0
84520000	1.4530225994712578	1.0670038096243046	1.0	1.0	2.0
84530000	1.7348627728684973	0.2582698211474853	1.0	1.0	2.0
84540000	0.34880816019414995	0.2977585029200155	1.0	1.0	2.0
84550000	0.1659216877939437	0.48150097898930133	1.0	1.0	2.0
84560000	0.5140100106005573	0.6218805611541408	1.0	1.0	2.0
84570000	3.4512657778641342	2.0327561071748095	1.0	1.0	2.0
84580000	0.41439750893048244	0.325333335726074	1.0	1.0	2.0
84590000	1.472387238279125	0.09003744248725976	1.0	1.0	2.0
84600000	0.39585332543157137	0.03007855026299742	1.0	1.0	2.0
84610000	0.47171513642751695	0.07381202988106313	1.0	1.0	2.0
84620000	0.5354703059947988	0.22062139062287775	1.0	1.0	2.0
84630000	0.824240845839537	0.07552457174897827	1.0	1.0	2.0
84640000	0.5188215891769826	0.15150098120923294	1.0	1.0	2.0
84650000	1.9228475052516159	0.6278687827096975	1.0	1.0	2.0
84660000	3.592931515392046	0.8407335208455355	1.0	1.0	2.0
84670000	2.456346152407154	0.4995221790170861	1.0	1.0	2.0
84680000	1.8416828438199824	0.38855926271497415	1.0	1.0	2.0
84690000	1.3499748499960509	0.5420798389541795	1.0	1.0	2.0
84700000	1.5510054418637225	0.7211986991846352	1.0	1.0	2.0
84710000	1.0520004430656626	0.08583480986929415	1.0	1.0	2.0
84720000	0.6836747540682043	0.22475435404470348	1.0	1.0	2.0
84730000	0.3885009847515677	0.8246366825149306	1.0	1.0	2.0
84740000	1.061239000782706	0.08657281150256094	1.0	1.0	2.0
84750000	1.0610130097810615	0.6246993526608292	1.0	1.0	2.0
84760000	1.804855350366025	0.46009389992003175	1.0	1.0	2.0
84770000	0.6995372109748473	0.10016816671936857	1.0	1.0	2.0
84780000	1.0163317785268557	0.09974328530619031	1.0	1.0	2.0
84790000	1.5169137822915377	0.2328041256974701	1.0	1.0	2.0
84800000	1.3276633183087507	0.6255942428779325	1.0	1.0	2.0
84810000	2.4226136108067795	0.060229471828174536	1.0	1.0	2.0
84820000	0.4034970172994201	0.13659856686808705	1.0	1.0	2.0
84830000	0.5779068948184135	1.327285779984982	1.0	1.0	2.0
84840000	1.5104863340909436	0.1801886507163948	1.0	1.0	2.0
84850000	2.5568875897489116	2.1997820261913983	1.0	1.0	2.0
84860000	0.37720762083466786	0.8014823755343814	1.0	1.0	2.0
84870000	0.4172272616493135	0.01917432365819815	1.0	1.0	2.0
84880000	0.8066430790553517	0.6504859749027855	1.0	1.0	2.0
84890000	1.3230982253214985	0.07989602053919974	1.0	1.0	2.0
84900000	0.9925074396707088	0.15273920859732665	1.0	1.0	2.0
84910000	1.4115925916911634	0.12574485694382498	1.0	1.0	2.0
84920000	0.8485791468333913	0.01292402582732724	1.0	1.0	2.0
84930000	0.17555452862516926	0.26586178974821695	1.0	1.0	2.0
84940000	0.4295009556057691	0.40005064934668727	1.0	1.0	2.0
84950000	1.288330761776797	0.16527932829346365	1.0	1.0	2.0
84960000	4.327685672468808	0.45910058592254277	1.0	1.0	2.0
84970000	2.8754744685062885	1.3105759200961404	1.0	1.0	2.0
84980000	2.737829633832572	0.7494717367312225	1.0	1.0	2.0
84990000	0.2065730582445507	0.019791548715965227	1.0	1.0	2.0
85000000	1.6024266396099887	1.1120193947318622	1.0	1.0	2.0
85010000	3.600882670867602	2.031722094722926	1.0	1.0	2.0
85020000	1.8266503713652278	0.60524213420412	1.0	1.0	2.0
85030000	0.3427550325050401	1.0660404131009842	1.0	1.0	2.0
85040000	0.30050097826825156	0.8988256633278902	1.0	1.0	2.0
85050000	1.1047023625431995	0.4765807364014105	1.0	1.0	2.0
85060000	0.5536303063273886	0.050647836049896776	1.0	1.0	2.0
85070000	0.7152461366428396	0.12351161577493527	1.0	1.0	2.0
85080000	0.47763296383541065	0.036074530513375745	1.0	1.0	2.0
85090000	1.215509726966518	0.2203123004379974	1.0	1.0	2.0
85100000	3.253794464711883	1.0694608196276096	1.0	1.0	2.0
85110000	1.57351933445247	0.2301981951230621	1.0	1.0	2.0
85120000	1.2843972890387554	0.41348894868620817	1.0	1.0	2.0
85130000	0.47652993711581343	2.0194833450279313	1.0	1.0	2.0
85140000	0.8018707943583516	0.6516087450792268	1.0	1.0	2.0
85150000	0.7062438318104328	0.2082259957661146	1.0	1.0	2.0
85160000	1.5158591855610406	0.9763228767177129	1.0	1.0	2.0
85170000	0.24693992726399686	0.2490932773966066	1.0	1.0	2.0
85180000	0.8804439856144098	0.44318815821089	1.0	1.0	2.0
85190000	1.2440722317209438	0.30896324713714834	1.0	1.0	2.0
85200000	1.5945894570074985	0.07097111227295705	1.0	1.0	2.0
85210000	0.8731997262497685	0.5989558648264275	1.0	1.0	2.0
85220000	0.6292915445261404	0.7775767768823835	1.0	1.0	2.0
85230000	1.2531010013679198	0.03909338262493847	1.0	1.0	2.0
85240000	1.1341366424164379	0.2848350690667799	1.0	1.0	2.0
85250000	0.8644971481732868	0.6480108407041121	1.0	1.0	2.0
85260000	0.27027048422290056	0.1407243786751619	1.0	1.0	2.0
85270000	0.6917375458770734	0.9488397507726646	1.0	1.0	2.0
85280000	0.9511012172582557	0.16729445619828737	1.0	1.0	2.0
85290000	2.1492655249587154	0.46059345324280804	1.0	1.0	2.0
85300000	0.18536108739186943	0.16084777909671522	1.0	1.0	2.0
85310000	0.8522631771282014	0.20488036749619518	1.0	1.0	2.0
85320000	2.4039349593626027	0.5532290272421342	1.0	1.0	2.0
85330000	0.5866892084933414	0.04759090877566615	1.0	1.0	2.0
85340000	2.2124693367335415	0.4146980500428073	1.0	1.0	2.0
85350000	0.14075006135769724	0.16616404880254607	1.0	1.0	2.0
85360000	1.751478298573038	0.005615850101780164	1.0	1.0	2.0
85370000	2.258055068652397	0.35558228815254445	1.0	1.0	2.0
85380000	1.0557831679998335	1.3702734369362415	1.0	1.0	2.0
85390000	4.080640137100309	0.9565490072558631	1.0	1.0	2.0
85400000	1.1473557894504318	1.5337080594556072	1.0	1.0	2.0
85410000	1.991803992778822	0.8487017000388335	1.0	1.0	2.0
85420000	2.6254722474975716	1.2697967811029374	1.0	1.0	2.0
85430000	0.7080922840107245	1.3605472492800663	1.0	1.0	2.0
85440000	0.540628950236821	1.105345514368762	1.0	1.0	2.0
85450000	5.150159421976553	3.041354904996929	1.0	1.0	2.0
85460000	0.4224116060472361	0.3416912477154454	1.0	1.0	2.0
85470000	1.800551469540866	0.02105355703835749	1.0	1.0	2.0
85480000	3.5712739910801337	1.0822500251215668	1.0	1.0	2.0
85490000	1.3297128820731579	0.45845605144393997	1.0	1.0	2.0
85500000	2.021371861980703	0.3217837873601992	1.0	1.0	2.0
85510000	0.8448896909902762	0.021954997033735227	1.0	1.0	2.0
85520000	1.3395632321218276	0.3231450554569252	1.0	1.0	2.0
85530000	0.5574676718031398	1.278297012579296	1.0	1.0	2.0
85540000	1.2116934583667849	1.5151259318880042	1.0	1.0	2.0
85550000	0.42788399730291576	0.9544755819795949	1.0	1.0	2.0
85560000	1.5077981841369956	0.2443614485649902	1.0	1.0	2.0
85570000	0.9969297877959271	0.039300399763327186	1.0	1.0	2.0
85580000	1.6911677353422931	0.5527255225979535	1.0	1.0	2.0
85590000	0.6691484975578577	0.04406674863825466	1.0	1.0	2.0
85600000	0.281647072599507	0.3089652293819837	1.0	1.0	2.0
85610000	1.2376223906380535	0.9794900305038373	1.0	1.0	2.0
85620000	0.7513915537800915	0.1513798930821435	1.0	1.0	2.0
85630000	0.2811661877021081	0.09310563356824864	1.0	1.0	2.0
85640000	2.0528129084307376	1.3495547937220986	1.0	1.0	2.0
85650000	0.336208237972046	0.8246075066626257	1.0	1.0	2.0
85660000	0.3776669645763063	0.9767193945681141	1.0	1.0	2.0
85670000	2.562938543698665	0.022731969350391377	1.0	1.0	2.0
85680000	0.3978762639934269	0.03530415487195859	1.0	1.0	2.0
85690000	0.8942722842804735	0.11280179446259436	1.0	1.0	2.0
85700000	1.9245431893889848	0.26005096108429204	1.0	1.0	2.0
85710000	1.9044608246362174	1.4011960108009653	1.0	1.0	2.0
85720000	0.13392604535121022	0.08245105504068884	1.0	1.0	2.0
85730000	1.0347221450853852	1.3839801073865943	1.0	1.0	2.0
85740000	1.6888093031028377	0.6663534757253344	1.0	1.0	2.0
85750000	2.065355272776101	0.3578491019796929	1.0	1.0	2.0
85760000	2.6377449705064078	2.4353226941880575	1.0	1.0	2.0
85770000	1.4408513746711258	0.36699701113350297	1.0	1.0	2.0
85780000	0.5809022130932414	0.1611658844942001	1.0	1.0	2.0
85790000	0.8605828151671326	0.5249033089234819	1.0	1.0	2.0
85800000	1.8834981262683859	0.7341820988309562	1.0	1.0	2.0
85810000	0.9516535799268999	0.06032765939986871	1.0	1.0	2.0
85820000	0.6582316889352348	0.21761346666512127	1.0	1.0	2.0
85830000	1.539194832650483	0.5655003575763726	1.0	1.0	2.0
85840000	0.40571377844794887	0.03613368202453541	1.0	1.0	2.0
85850000	3.6246284985253636	1.240703370725725	1.0	1.0	2.0
85860000	0.5094976528684494	0.15769865886916082	1.0	1.0	2.0
85870000	0.4113628169487569	0.2808655397577931	1.0	1.0	2.0
85880000	1.0700171284936006	0.9167297608626785	1.0	1.0	2.0
85890000	3.7567264160700953	0.5769082728122314	1.0	1.0	2.0
85900000	1.1088252553826081	0.7221830938955416	1.0	1.0	2.0
85910000	1.478191800941489	0.6094661082384785	1.0	1.0	2.0
85920000	3.28167860304144	0.2574962260542801	1.0	1.0	2.0
85930000	0.5626116737152094	0.9074617926544064	1.0	1.0	2.0
85940000	0.6405509773893787	0.16036487779406358	1.0	1.0	2.0
85950000	3.149167255687291	0.5875682017141814	1.0	1.0	2.0
85960000	0.3883495423333502	0.7876688771824989	1.0	1.0	2.0
85970000	1.9760148039471388	1.2434953284409582	1.0	1.0	2.0
85980000	0.9422903348484086	0.3289576645335638	1.0	1.0	2.0
85990000	0.44531317088902833	0.05633190802671701	1.0	1.0	2.0
86000000	0.8502233147635105	1.5632454959816673	1.0	1.0	2.0
86010000	0.3592621194491666	0.5672890134629723	1.0	1.0	2.0
86020000	1.3054914590544306	0.0013858791803616306	1.0	1.0	2.0
86030000	0.22660135862048258	0.05268597540640964	1.0	1.0	2.0
86040000	1.261361816304609	1.3858721801096805	1.0	1.0	2.0
86050000	1.0910945936296954	0.6459957807651164	1.0	1.0	2.0
86060000	1.0059341329654068	0.26883724400088627	1.0	1.0	2.0
86070000	1.8831847284424492	0.7882971280763226	1.0	1.0	2.0
86080000	3.346579434452771	0.8500823372795012	1.0	1.0	2.0
86090000	0.4255034366345401	0.23329705732100808	1.0	1.0	2.0
86100000	0.4687693017326349	0.17843859239751608	1.0	1.0	2.0
86110000	0.2403707111772633	0.2527145259368672	1.0	1.0	2.0
86120000	2.078093340013558	0.06187601948439777	1.0	1.0	2.0
86130000	0.8108325497037154	0.24046238585136115	1.0	1.0	2.0
86140000	2.528753301063	0.5326364910294088	1.0	1.0	2.0
86150000	0.44321576235561944	1.1472835433615882	1.0	1.0	2.0
86160000	2.5181364998835685	3.343898449225498	1.0	1.0	2.0
86170000	2.0301130309609285	0.6725638329500648	1.0	1.0	2.0
86180000	1.1261442257914938	1.03983766655357	1.0	1.0	2.0
86190000	2.398188155075416	1.0671260030698837	1.0	1.0	2.0
86200000	0.6370710391233022	0.8295093513107553	1.0	1.0	2.0
86210000	1.29984815450612	0.27098929594571847	1.0	1.0	2.0
86220000	1.4177308912553954	0.6744031645193687	1.0	1.0	2.0
86230000	1.2625281317958728	0.24260684483868897	1.0	1.0	2.0
86240000	3.7420731022011635	1.4947171696136727	1.0	1.0	2.0
86250000	1.0081314895856748	0.2524430403273172	1.0	1.0	2.0
86260000	2.014971863265472	1.4304034640556071	1.0	1.0	2.0
86270000	0.2900356109214909	0.7146228032410659	1.0	1.0	2.0
86280000	0.3105933593141438	0.05856222810995404	1.0	1.0	2.0
86290000	1.3043204733728346	0.08719167543539501	1.0	1.0	2.0
86300000	0.9344169709928465	0.3706039256134298	1.0	1.0	2.0
86310000	0.4463456574777322	0.1475768459714034	1.0	1.0	2.0
86320000	0.6394290751794413	0.6031463851451535	1.0	1.0	2.0
86330000	0.9204941762251136	0.41022860848993137	1.0	1.0	2.0
86340000	0.7026274541199174	0.009401438828316924	1.0	1.0	2.0
86350000	1.4476564735478212	0.10637777605243069	1.0	1.0	2.0
86360000	2.060097862497625	1.611028699333636	1.0	1.0	2.0
86370000	0.617366623699975	0.04462402778383917	1.0	1.0	2.0
86380000	2.3149847566544666	0.6871469759614137	1.0	1.0	2.0
86390000	0.4171602091769098	0.08128911284083166	1.0	1.0	2.0
86400000	0.16661704019210302	0.28714532908914114	1.0	1.0	2.0
86410000	1.7345136984582779	0.06998369988325148	1.0	1.0	2.0
86420000	2.0597388051997747	0.7327160882567839	1.0	1.0	2.0
86430000	1.555234730563531	0.18752080539204438	1.0	1.0	2.0
86440000	1.209418538899323	0.29068891392488627	1.0	1.0	2.0
86450000	0.3835358995762038	0.32770781780589114	1.0	1.0	2.0
86460000	5.256136982727321	1.440418556684743	1.0	1.0	2.0
86470000	3.0175485795618076	1.4684741663448884	1.0	1.0	2.0
86480000	0.6509853923454108	0.6438764136056752	1.0	1.0	2.0
86490000	2.3977319051366903	0.33218779754547406	1.0	1.0	2.0
86500000	1.339592836920999	0.4285827005364307	1.0	1.0	2.0
86510000	3.1368031820973123	1.1265665845333352	1.0	1.0	2.0
86520000	0.6088964319545936	0.026347737226448394	1.0	1.0	2.0
86530000	1.4487799432995374	0.008876322800413276	1.0	1.0	2.0
86540000	1.3449707967851792	1.6830419612903131	1.0	1.0	2.0
86550000	1.498117571484014	0.4227356041363653	1.0	1.0	2.0
86560000	3.821054849934053	1.5728348906800815	1.0	1.0	2.0
86570000	0.4899736332445819	0.8119885124932301	1.0	1.0	2.0
86580000	0.4801088297285385	0.80222493724982	1.0	1.0	2.0
86590000	1.7684834728100478	0.06420471279562082	1.0	1.0	2.0
86600000	0.8751505143001136	0.418739385362963	1.0	1.0	2.0
86610000	0.7274186984260571	0.6702239022791115	1.0	1.0	2.0
86620000	0.865857779082746	0.1739992275512052	1.0	1.0	2.0
86630000	0.9608862534568925	0.18185543160750406	1.0	1.0	2.0
86640000	2.3316528795501483	0.6639416869355967	1.0	1.0	2.0
86650000	3.1025276122153316	1.7677249263657375	1.0	1.0	2.0
86660000	1.9755492979978058	0.23888210086731804	1.0	1.0	2.0
86670000	1.197567361947296	0.0673326690609796	1.0	1.0	2.0
86680000	0.12554995793081206	0.016166087102433113	1.0	1.0	2.0
86690000	0.5618568580372795	0.08596724856535792	1.0	1.0	2.0
86700000	1.3805371739426042	0.41874317738372996	1.0	1.0	2.0
86710000	0.8605956968822718	0.013645125905127158	1.0	1.0	2.0
86720000	2.0222408553913778	0.8204846738055367	1.0	1.0	2.0
86730000	1.0885362305034685	0.3937541752514258	1.0	1.0	2.0
86740000	0.8355355303444815	0.03622954636011377	1.0	1.0	2.0
86750000	0.3510362310920768	0.09612330972478408	1.0	1.0	2.0
86760000	3.2625202676013574	0.41323112347996077	1.0	1.0	2.0
86770000	0.282456775163492	0.24564022914233613	1.0	1.0	2.0
86780000	0.9326320642246014	0.20009893754553418	1.0	1.0	2.0
86790000	1.89579034521146	0.6262834455757275	1.0	1.0	2.0
86800000	2.385605018228473	0.7242434086251851	1.0	1.0	2.0
86810000	1.4889668547659396	0.3162074318518309	1.0	1.0	2.0
86820000	2.531215638724252	0.18499617682054315	1.0	1.0	2.0
86830000	0.8848118461214113	0.8672166475353664	1.0	1.0	2.0
86840000	0.08955001048776247	1.1509453911919088	1.0	1.0	2.0
86850000	0.2950717584202132	0.2453702929873319	1.0	1.0	2.0
86860000	2.118380012547328	1.1861789050620513	1.0	1.0	2.0
86870000	0.762496363565931	0.006002731723959056	1.0	1.0	2.0
86880000	2.21975167075777	0.21906995023984122	1.0	1.0	2.0
86890000	2.4693418106542637	0.07204836497886136	1.0	1.0	2.0
86900000	0.4441593684281432	1.6559928929066223	1.0	1.0	2.0
86910000	0.38043329505181783	0.03605396230204272	1.0	1.0	2.0
86920000	0.6615713018941973	3.482671938080885	1.0	1.0	2.0
86930000	0.8708221284847629	1.3699867509956234	1.0	1.0	2.0
86940000	1.0610864395719095	2.2751811276613294	1.0	1.0	2.0
86950000	0.8815904056977197	0.6327685160858337	1.0	1.0	2.0
86960000	3.292690116436353	1.616799397073125	1.0	1.0	2.0
86970000	0.37046730933728467	1.0529280260641054	1.0	1.0	2.0
86980000	0.9785635686842169	0.8347906894415602	1.0	1.0	2.0
86990000	1.2938221321967953	0.18339554432697122	1.0	1.0	2.0
87000000	1.2755426932560088	0.0629854782477154	1.0	1.0	2.0
87010000	0.34435473661034716	0.1824909249783733	1.0	1.0	2.0
87020000	0.8233556343029536	0.09777512612469517	1.0	1.0	2.0
87030000	0.6903549213448466	0.9180324323146097	1.0	1.0	2.0
87040000	3.417629166636787	0.11592454838356547	1.0	1.0	2.0
87050000	1.03961320408822	0.20017707974414514	1.0	1.0	2.0
87060000	1.5490292959635699	0.09587088894133809	1.0	1.0	2.0
87070000	1.1094454502493956	0.5257121660718457	1.0	1.0	2.0
87080000	2.0505204023332086	1.393840258450482	1.0	1.0	2.0
87090000	3.8846506548018245	1.5624897237110449	1.0	1.0	2.0
87100000	0.28316185899886814	1.0565129622138745	1.0	1.0	2.0
87110000	2.37008238503743	0.7882138954138113	1.0	1.0	2.0
87120000	0.22251850110879529	0.03267825059498917	1.0	1.0	2.0
87130000	0.3209833660600772	0.03342953365262633	1.0	1.0	2.0
87140000	3.2746629388865998	1.1286024162693733	1.0	1.0	2.0
87150000	0.4508388960443409	0.18665379921779776	1.0	1.0	2.0
87160000	0.9181104927589732	0.09687703218353068	1.0	1.0	2.0
87170000	0.9657538496522446	0.2793945922139774	1.0	1.0	2.0
87180000	0.17890126109504517	0.03417003425624951	1.0	1.0	2.0
87190000	0.48672043099753026	0.28576218804253795	1.0	1.0	2.0
87200000	0.8683172284052719	0.5339196919344854	1.0	1.0	2.0
87210000	0.18695133044384724	0.1387333036247365	1.0	1.0	2.0
87220000	0.8680930632295178	0.3708409934115555	1.0	1.0	2.0
87230000	1.1349859584690394	0.2832716591810131	1.0	1.0	2.0
87240000	2.0102260539015195	0.004806836270860362	1.0	1.0	2.0
87250000	0.19519474325628777	0.4098955632951519	1.0	1.0	2.0
87260000	0.5425046436232996	0.09386644107847422	1.0	1.0	2.0
87270000	0.3326612372629708	0.5632162340760067	1.0	1.0	2.0
87280000	1.1924709152587842	0.8003698018898863	1.0	1.0	2.0
87290000	1.3959929959037136	0.47997342255451286	1.0	1.0	2.0
87300000	0.19112392466189873	0.4870521051831348	1.0	1.0	2.0
87310000	0.863963577532944	4.482433450081913	1.0	1.0	2.0
87320000	0.7111741637640789	0.04290809191737231	1.0	1.0	2.0
87330000	0.8593037239094062	0.9699365213761685	1.0	1.0	2.0
87340000	0.3118932829503525	0.02924401118347528	1.0	1.0	2.0
87350000	0.9740489329452845	0.05590780711200331	1.0	1.0	2.0
87360000	0.6808105348203708	0.0890845205532083	1.0	1.0	2.0
87370000	6.169844692959002	0.16971362115553978	1.0	1.0	2.0
87380000	0.4259875682087454	0.06204413370162551	1.0	1.0	2.0
87390000	0.5288914931879085	0.49651231879049423	1.0	1.0	2.0
87400000	0.5462954616633274	0.6168564535768529	1.0	1.0	2.0
87410000	0.13638985770177184	0.13953672002426917	1.0	1.0	2.0
87420000	3.382239340227392	2.1214147357853914	1.0	1.0	2.0
87430000	1.7131110466779123	0.5047552137138623	1.0	1.0	2.0
87440000	2.4878527220217763	0.06769796769716412	1.0	1.0	2.0
87450000	2.1202384652661808	1.8189166003150692	1.0	1.0	2.0
87460000	2.8039288612814603	0.439038402157584	1.0	1.0	2.0
87470000	0.13361906341611973	0.2998663453223265	1.0	1.0	2.0
87480000	0.6597313391859287	0.23541249698577302	1.0	1.0	2.0
87490000	0.5997628300521195	0.05774772685313652	1.0	1.0	2.0
87500000	0.7224553333977644	0.05156078070639024	1.0	1.0	2.0
87510000	0.8020556083671875	1.1400133681069893	1.0	1.0	2.0
87520000	0.31355161475418436	0.8848656230669686	1.0	1.0	2.0
87530000	2.5063595034621167	0.5389491973336241	1.0	1.0	2.0
87540000	0.5801119238775231	0.25184107145418505	1.0	1.0	2.0
87550000	4.454222591684257	0.5304065073543646	1.0	1.0	2.0
87560000	0.7410589757759566	0.6598180862840524	1.0	1.0	2.0
87570000	0.8593864720041104	2.5684207289111445	1.0	1.0	2.0
87580000	3.0063657979416942	1.991777759664341	1.0	1.0	2.0
87590000	2.913741599329128	0.9030240726435715	1.0	1.0	2.0
87600000	4.181259163420071	1.8972063927472427	1.0	1.0	2.0
87610000	1.4022963625905118	0.9666885050034442	1.0	1.0	2.0
87620000	1.0010744306685115	0.1759361055432866	1.0	1.0	2.0
87630000	0.04704404378120612	0.7037339302448948	1.0	1.0	2.0
87640000	1.1320159260830214	0.2768602700825464	1.0	1.0	2.0
87650000	1.3814388599715244	0.11922516591766949	1.0	1.0	2.0
87660000	0.825647727114878	0.27293324438625677	1.0	1.0	2.0
87670000	0.4336803809640395	0.16371720609944332	1.0	1.0	2.0
87680000	0.3255689719570798	0.1406072927575334	0.0	1.0	1.0
87690000	0.5775280667307677	0.2860002742718588	1.0	1.0	2.0
87700000	0.6434949971716637	0.18863044536900408	1.0	1.0	2.0
87710000	0.8484647848054484	0.2752770583372351	1.0	1.0	2.0
87720000	0.8353118451195479	1.4880015267849487	1.0	1.0	2.0
87730000	0.12100365953286304	0.220510770364111	1.0	1.0	2.0
87740000	0.395617011073222	0.2483709664881527	1.0	1.0	2.0
87750000	5.233136319569777	0.5305886163434974	1.0	1.0	2.0
87760000	3.400526538375686	1.0348429776386698	1.0	1.0	2.0
87770000	0.6319330120819938	0.3827572327325497	1.0	1.0	2.0
87780000	0.11319004858363584	0.005743954546350855	1.0	1.0	2.0
87790000	0.42814751819012437	0.9122131917005987	1.0	1.0	2.0
87800000	0.724968161075259	0.39046365343987116	1.0	1.0	2.0
87810000	0.36377352410948754	0.03597858055520173	1.0	1.0	2.0
87820000	2.174691443425536	0.030919382075369817	1.0	1.0	2.0
87830000	0.4326945283677732	0.6875427951915671	1.0	1.0	2.0
87840000	0.6183532381753951	0.17179683001056942	1.0	1.0	2.0
87850000	1.548771804740653	1.0559456281251431	1.0	1.0	2.0
87860000	1.5083607367527971	1.3915811246496677	1.0	1.0	2.0
87870000	1.4758887989516591	1.1712186920734693	1.0	1.0	2.0
87880000	0.2933209894843958	0.03502322361431302	1.0	1.0	2.0
87890000	0.49890849156436795	0.4557876668454614	1.0	1.0	2.0
87900000	4.498522267306736	0.005623730035881172	1.0	1.0	2.0
87910000	0.6191221410925444	0.5852113907953984	1.0	1.0	2.0
87920000	1.7426168862389877	0.034934444420210056	1.0	1.0	2.0
87930000	0.9719581306474326	0.7892452061003806	1.0	1.0	2.0
87940000	2.6485844733619404	0.1202547361460009	1.0	1.0	2.0
87950000	0.743755825952076	0.8254081736272794	1.0	1.0	2.0
87960000	3.674895815210273	1.4844716869592036	1.0	1.0	2.0
87970000	1.0832888029815015	0.5509356882156066	1.0	1.0	2.0
87980000	2.07277700416539	0.1825598381200794	1.0	1.0	2.0
87990000	0.03551080856188541	0.05981432214037657	1.0	1.0	2.0
88000000	0.2632713027920817	0.04253021047030938	1.0	1.0	2.0
88010000	0.18420607520426915	0.016967930223962095	1.0	1.0	2.0
88020000	2.0886873800028933	2.762475824388284	1.0	1.0	2.0
88030000	2.210564721472616	2.6153687539822483	1.0	1.0	2.0
88040000	1.883938870600403	1.149142705952164	1.0	1.0	2.0
88050000	1.2225787818785179	0.022148567678703088	1.0	1.0	2.0
88060000	0.6045135139882511	0.039341859606420754	1.0	1.0	2.0
88070000	1.090826291818445	0.0781994691015502	1.0	1.0	2.0
88080000	2.2461913149634873	0.20876799452292832	1.0	1.0	2.0
88090000	0.6111198122818027	0.5974258732629074	1.0	1.0	2.0
88100000	0.7081254491464112	0.4727842008868465	1.0	1.0	2.0
88110000	0.7517415037527563	0.7630866481493052	1.0	1.0	2.0
88120000	1.0883249904839143	0.15536313786146638	1.0	1.0	2.0
88130000	2.851898313052358	1.091577962156382	1.0	1.0	2.0
88140000	1.20513525942401	0.7462016568601375	1.0	1.0	2.0
88150000	1.0441032743704435	0.03321732654284389	1.0	1.0	2.0
88160000	2.834332683188413	0.31169293866401543	1.0	1.0	2.0
88170000	0.7784465779477573	0.7700633939665321	1.0	1.0	2.0
88180000	2.168348237571807	0.4809329165713548	1.0	1.0	2.0
88190000	1.7186273329559743	0.39160831677294466	1.0	1.0	2.0
88200000	1.1555998995077823	0.6213449491145541	1.0	1.0	2.0
88210000	0.1220295518754411	0.0873011583941239	1.0	1.0	2.0
88220000	2.5188182374781793	0.1772388383711565	1.0	1.0	2.0
88230000	0.6504521099843076	0.3750567827347392	1.0	1.0	2.0
88240000	0.39837403156772605	0.5426856680242059	1.0	1.0	2.0
88250000	1.4962479360447962	2.000568047030629	1.0	1.0	2.0
88260000	0.5125599005397152	1.6408126734244577	1.0	1.0	2.0
88270000	5.7210075576392	1.0147503235216109	1.0	1.0	2.0
88280000	0.7651430808035367	0.7182324928895727	1.0	1.0	2.0
88290000	4.408226299942526	0.6400886032641483	0.0	1.0	1.0
88300000	1.6978462010241977	0.337854033482637	1.0	1.0	2.0
88310000	1.3132294461315466	0.006661299335835009	1.0	1.0	2.0
88320000	0.462227805731773	0.4320887718824893	1.0	1.0	2.0
88330000	1.0003032631778919	0.5742265663584347	1.0	1.0	2.0
88340000	0.5670913048315205	0.5275242556994989	1.0	1.0	2.0
88350000	0.8828710349946189	1.0098524628659	1.0	1.0	2.0
88360000	2.620073129740378	2.2931285814207767	1.0	1.0	2.0
88370000	0.7841878386929356	0.13122217449868956	1.0	1.0	2.0
88380000	3.406332335231736	0.5965458432641997	1.0	1.0	2.0
88390000	0.5418615876530112	0.11298349329670652	1.0	1.0	2.0
88400000	1.0534054302300064	0.35617057367702837	1.0	1.0	2.0
88410000	0.7042881980416551	0.06661335454678934	1.0	1.0	2.0
88420000	0.2982559700417296	0.17790862747901193	1.0	1.0	2.0
88430000	1.6661739965056959	0.23944863225094346	1.0	1.0	2.0
88440000	1.3776643436404588	1.1061726833760825	1.0	1.0	2.0
88450000	1.3539200760365455	1.8458393658675607	1.0	1.0	2.0
88460000	0.5989884868948931	0.02388458223596238	1.0	1.0	2.0
88470000	0.5815538328982307	0.10106176450076149	1.0	1.0	2.0
88480000	0.7241710629421539	0.6627493486981375	1.0	1.0	2.0
88490000	1.962269469297129	1.4024582289161676	1.0	1.0	2.0
88500000	0.39924336838262514	0.13136207085688736	1.0	1.0	2.0
88510000	1.2322480839432042	0.943026503998879	1.0	1.0	2.0
88520000	1.8609834998660715	0.6518831323983187	1.0	1.0	2.0
88530000	0.6603898198874043	0.10757174438293692	1.0	1.0	2.0
88540000	2.159682171805203	2.79114713042079	1.0	1.0	2.0
88550000	0.6856739155191618	0.8013371843340438	1.0	1.0	2.0
88560000	1.0509499608883837	0.1519028042986136	1.0	1.0	2.0
88570000	0.074382505080561	0.12020513707939118	1.0	1.0	2.0
88580000	1.9377235467578005	0.5872800877024964	1.0	1.0	2.0
88590000	1.5239267705207418	1.6078558688560414	1.0	1.0	2.0
88600000	1.2626587772941915	0.13481697007524393	1.0	1.0	2.0
88610000	1.9032225835072545	0.10911165702229378	1.0	1.0	2.0
88620000	0.5170112923162278	1.1217228290346157	1.0	1.0	2.0
88630000	1.3201293801415104	0.19173475000417417	1.0	1.0	2.0
88640000	0.29033201096836914	0.014803349246582656	1.0	1.0	2.0
88650000	0.3561126006714424	1.939420121127033	1.0	1.0	2.0
88660000	0.799041219373708	0.17572882740108475	1.0	1.0	2.0
88670000	1.2867998201389197	0.8695391571642713	1.0	1.0	2.0
88680000	0.5108746861410645	0.24878700104677837	1.0	1.0	2.0
88690000	1.274822609538449	2.1249517521929184	1.0	1.0	2.0
88700000	0.7989299815651689	0.272973347529039	1.0	1.0	2.0
88710000	1.847830743950268	0.5640943524988487	1.0	1.0	2.0
88720000	0.5904174027969612	0.024743517664201634	1.0	1.0	2.0
88730000	1.5687698800796894	0.37262595983767494	1.0	1.0	2.0
88740000	1.4279725104763032	0.8353736475327931	1.0	1.0	2.0
88750000	3.962489660168627	0.6156572536967165	1.0	1.0	2.0
88760000	0.8441237377135201	0.02932940671965762	1.0	1.0	2.0
88770000	0.6520978937446225	0.27090980977821216	1.0	1.0	2.0
88780000	0.8891136473175596	1.1481241216883395	1.0	1.0	2.0
88790000	0.5526912097038702	0.5793683831478177	1.0	1.0	2.0
88800000	1.5607453135649707	0.8279806266012372	1.0	1.0	2.0
88810000	1.6341736660650836	1.55246968354339	1.0	1.0	2.0
88820000	1.0972304566044002	0.4202306431410423	1.0	1.0	2.0
88830000	1.709131918244657	0.15986358310969975	1.0	1.0	2.0
88840000	2.5294452164662506	1.5945443340392382	1.0	1.0	2.0
88850000	2.4525691696315843	0.14844718287407377	1.0	1.0	2.0
88860000	0.48081901584807424	0.0076109927509953644	1.0	1.0	2.0
88870000	3.9664233817365524	0.14600020044640322	1.0	1.0	2.0
88880000	0.5007129738973227	0.5306349358554988	1.0	1.0	2.0
88890000	0.37182784650192197	0.30295270537985414	1.0	1.0	2.0
88900000	0.8753041221074903	0.9586147575094169	1.0	1.0	2.0
88910000	0.7298510357545774	0.23085935556285733	1.0	1.0	2.0
88920000	3.0211246104889606	0.01007555482353137	1.0	1.0	2.0
88930000	2.3462318790007215	1.5252002179824942	1.0	1.0	2.0
88940000	0.37718837836961744	0.005566998529446336	1.0	1.0	2.0
88950000	2.3926695450169237	0.04935710240924071	1.0	1.0	2.0
88960000	2.5365464597093736	1.3431493739366633	1.0	1.0	2.0
88970000	0.9313929018547832	0.49046253184856525	1.0	1.0	2.0
88980000	1.7322533994530787	0.02459146188451602	1.0	1.0	2.0
88990000	0.4185322557082258	0.01767070471396563	1.0	1.0	2.0
89000000	1.4798121019834016	2.357299411112389	1.0	1.0	2.0
89010000	1.154798320178351	0.035799509674850655	1.0	1.0	2.0
89020000	0.6882650168506723	0.03666773839846582	1.0	1.0	2.0
89030000	0.6993994768660476	0.3674439056345352	1.0	1.0	2.0
89040000	0.6297463416128112	0.250892618036925	1.0	1.0	2.0
89050000	1.7139410026341826	0.1477216116180382	1.0	1.0	2.0
89060000	1.7885317886813474	0.36118285296470143	1.0	1.0	2.0
89070000	0.176175485527168	0.11439663954276959	1.0	1.0	2.0
89080000	2.7603390593978365	0.5129764073744341	1.0	1.0	2.0
89090000	0.394457548781593	0.0730872761193194	1.0	1.0	2.0
89100000	0.2725426370297054	0.6344649005404834	1.0	1.0	2.0
89110000	0.41767835364643546	1.1876680126561254	1.0	1.0	2.0
89120000	1.061792987285105	0.43107699978243097	1.0	1.0	2.0
89130000	0.43515039310582204	0.02453898681926607	1.0	1.0	2.0
89140000	0.9507258109370792	0.7597927217128653	1.0	1.0	2.0
89150000	1.903823723597737	0.16594058489556168	1.0	1.0	2.0
89160000	1.1400851357070254	2.6293415808647587	1.0	1.0	2.0
89170000	2.3466766348798256	0.3176462048498214	1.0	1.0	2.0
89180000	0.980172728608865	0.10917232449279332	1.0	1.0	2.0
89190000	0.12367019675376306	0.04273699849896335	1.0	1.0	2.0
89200000	0.994185619427653	0.6245661946189703	1.0	1.0	2.0
89210000	0.6985487403233066	0.06162733855830609	1.0	1.0	2.0
89220000	0.23951790256259867	0.011487373665591199	1.0	1.0	2.0
89230000	1.555758439112782	0.3391415712811304	1.0	1.0	2.0
89240000	0.37230203422008845	0.056799090105967995	1.0	1.0	2.0
89250000	4.235378121701747	0.16086834194632962	1.0	1.0	2.0
89260000	0.7755596096153186	1.3154611177103193	1.0	1.0	2.0
89270000	1.3409305015613395	0.11843124500487609	1.0	1.0	2.0
89280000	0.7386411995051118	0.41256620265203037	1.0	1.0	2.0
89290000	4.696564356737725	2.4329463808357685	1.0	1.0	2.0
89300000	0.5451581949796629	0.6009257225727831	1.0	1.0	2.0
89310000	3.818444488565757	2.0498045111215593	1.0	1.0	2.0
89320000	0.5060462812506058	0.3468221467616856	1.0	1.0	2.0
89330000	2.986380489775124	0.7760008925937861	1.0	1.0	2.0
89340000	1.837137876643093	0.23817488177315582	1.0	1.0	2.0
89350000	4.340654276718575	0.40666892933246623	1.0	1.0	2.0
89360000	0.9705890205224325	0.20022272984022899	1.0	1.0	2.0
89370000	1.59619316769196	0.07011376219236198	1.0	1.0	2.0
89380000	0.5520165789574785	0.3369958576440082	1.0	1.0	2.0
89390000	0.6692164671675909	0.34546638640494237	1.0	1.0	2.0
89400000	1.7301630496961165	0.743093564075341	1.0	1.0	2.0
89410000	0.9081026679635523	1.7646832960245777	1.0	1.0	2.0
89420000	0.36809415252016375	0.5560019331223669	1.0	1.0	2.0
89430000	1.6788779702052545	0.056980243436358435	1.0	1.0	2.0
89440000	0.7811634315940809	0.14938632952759046	1.0	1.0	2.0
89450000	1.1809798625589643	0.6927270505934919	1.0	1.0	2.0
89460000	2.497259104375683	0.45581317951867323	1.0	1.0	2.0
89470000	1.0360281543525123	2.108260983516133	1.0	1.0	2.0
89480000	0.7653231828231846	0.2202530359073782	1.0	1.0	2.0
89490000	1.9328244132942864	2.3695714071257115	1.0	1.0	2.0
89500000	1.8376639136331527	0.15168003073150682	1.0	1.0	2.0
89510000	0.8118767677261597	2.94943177716553	1.0	1.0	2.0
89520000	0.3037845441312436	0.011573482527152911	1.0	1.0	2.0
89530000	1.9586449935461268	0.19939405609947558	1.0	1.0	2.0
89540000	1.3508273229211327	0.03169430496727628	1.0	1.0	2.0
89550000	0.09355729515492478	0.10435333090821274	1.0	1.0	2.0
89560000	1.2244770114636847	0.6635397252606096	1.0	1.0	2.0
89570000	0.187699587260918	0.4797613093819259	1.0	1.0	2.0
89580000	2.625132158847395	0.07359488821083307	1.0	1.0	2.0
89590000	0.3580049250877477	0.0862929371459699	1.0	1.0	2.0
89600000	0.9735075155678359	1.2806254881148549	1.0	1.0	2.0
89610000	0.40573458519223343	0.010856824817729194	1.0	1.0	2.0
89620000	0.9829690079564644	0.595124699367363	1.0	1.0	2.0
89630000	0.1605626505307145	0.33996782192852587	1.0	1.0	2.0
89640000	0.9168162608468646	0.869809405426792	1.0	1.0	2.0
89650000	0.2556069886791423	0.4897077063171938	1.0	1.0	2.0
89660000	0.8393356768343191	0.3719805002231885	1.0	1.0	2.0
89670000	0.9045746895811381	1.3135025301370513	1.0	1.0	2.0
89680000	0.591029241264348	0.46504525689054826	1.0	1.0	2.0
89690000	0.771671099926596	0.4582634611474339	1.0	1.0	2.0
89700000	2.385633547849766	0.3178486994990864	1.0	1.0	2.0
89710000	4.892317560489299	0.8169422379452459	1.0	1.0	2.0
89720000	0.8468178781671762	0.5123620980794436	1.0	1.0	2.0
89730000	0.8945019304285688	0.8489542104282618	1.0	1.0	2.0
89740000	2.004890740562019	5.756761595324201	1.0	1.0	2.0
89750000	0.9028086590120001	0.24416215302008573	1.0	1.0	2.0
89760000	3.540783711356017	0.11185881870792481	1.0	1.0	2.0
89770000	4.7007513911873255	0.5777772672319487	1.0	1.0	2.0
89780000	1.3508299043782455	0.21005424135260106	1.0	1.0	2.0
89790000	2.033998800875833	1.4265731107755615	1.0	1.0	2.0
89800000	1.041194298985912	0.46266029063198244	1.0	1.0	2.0
89810000	0.5058778453766988	0.06071055491501022	1.0	1.0	2.0
89820000	1.4922292461809135	0.4305465298088634	1.0	1.0	2.0
89830000	0.8458722696699416	0.2844701956603825	1.0	1.0	2.0
89840000	1.5839195617634922	0.2435189897725308	1.0	1.0	2.0
89850000	2.951640158689577	0.10538231021910269	1.0	1.0	2.0
89860000	0.6020320077536979	0.5270079488119205	1.0	1.0	2.0
89870000	0.1641832649817786	0.6374287692180027	1.0	1.0	2.0
89880000	1.0460427898364406	0.5002781271792953	1.0	1.0	2.0
89890000	1.0391957105304788	0.1454700597197804	1.0	1.0	2.0
89900000	2.88816661950842	0.0016570792315588141	1.0	1.0	2.0
89910000	1.956100642193243	0.8279552961577855	1.0	1.0	2.0
89920000	0.6051078883510141	0.012745685020619905	1.0	1.0	2.0
89930000	2.332436099323524	0.1125452479269672	1.0	1.0	2.0
89940000	1.2907682712307935	0.15459245935424845	1.0	1.0	2.0
89950000	0.4813458777283682	0.27379666191887875	1.0	1.0	2.0
89960000	2.6084831659645977	1.1835391565038478	1.0	1.0	2.0
89970000	1.204000300381237	0.05157956112958975	1.0	1.0	2.0
89980000	1.6712029139652604	0.9367327482562552	1.0	1.0	2.0
89990000	3.0955146512685636	0.7531184960621847	1.0	1.0	2.0
90000000	1.8498319194631359	0.41516247324817834	1.0	1.0	2.0
90010000	1.0703141301006933	1.569002287480082	1.0	1.0	2.0
90020000	1.6195166533643817	0.2260960232406337	1.0	1.0	2.0
90030000	0.6540049884849469	0.1685452981248206	1.0	1.0	2.0
90040000	1.2659100257460585	0.11896175769772704	1.0	1.0	2.0
90050000	0.5963105152436646	0.03930013556108261	1.0	1.0	2.0
90060000	0.8469966038470965	0.5463365649972403	1.0	1.0	2.0
90070000	3.1519487990466444	0.13247993625797155	1.0	1.0	2.0
90080000	0.9327752174652865	0.020134446877497686	1.0	1.0	2.0
90090000	1.6813439536128463	0.50910561970061	1.0	1.0	2.0
90100000	0.877989916368766	0.5659182947851201	1.0	1.0	2.0
90110000	0.6930947195271805	1.0946084473149147	1.0	1.0	2.0
90120000	0.3401128729841626	1.2724265403036075	1.0	1.0	2.0
90130000	0.6230739499433027	0.6730105495728367	1.0	1.0	2.0
90140000	2.871541698199897	0.2722736896877129	1.0	1.0	2.0
90150000	1.4575331658189377	0.968814221246015	1.0	1.0	2.0
90160000	2.0345961803226658	2.3793408757570638	1.0	1.0	2.0
90170000	0.6900360244528291	0.6239457547483395	1.0	1.0	2.0
90180000	2.546173557542071	2.9698550620612125	1.0	1.0	2.0
90190000	2.7862658923561736	1.0997233435551306	1.0	1.0	2.0
90200000	2.1545684158918905	0.007722940431694937	1.0	1.0	2.0
90210000	0.3351947094184245	0.12671655234635687	1.0	1.0	2.0
90220000	0.049112203683861384	0.10430789909918797	1.0	1.0	2.0
90230000	3.0527244979964823	0.2502674611150267	1.0	1.0	2.0
90240000	0.7339992863830201	0.186824073010075	1.0	1.0	2.0
90250000	1.5771495694654956	1.0518850599095921	1.0	1.0	2.0
90260000	0.720168022088807	0.3067226570700342	1.0	1.0	2.0
90270000	0.7692614986351157	1.391939352429266	1.0	1.0	2.0
90280000	1.4568423171247622	0.18657901205364422	1.0	1.0	2.0
90290000	1.4333122089332402	0.28660789610744775	1.0	1.0	2.0
90300000	1.3391749265202175	0.4079728247883053	1.0	1.0	2.0
90310000	0.7136546489540729	0.14696050967793758	1.0	1.0	2.0
90320000	1.3439577034650945	1.265757793590324	1.0	1.0	2.0
90330000	0.6753582348725649	0.2833272082528518	1.0	1.0	2.0
90340000	0.08460233001940208	0.46025384466591124	1.0	1.0	2.0
90350000	1.2255624711560027	0.26259365588838496	1.0	1.0	2.0
90360000	1.1758361825521828	1.2951724842970256	1.0	1.0	2.0
90370000	3.2711606831604243	0.11793547950259528	1.0	1.0	2.0
90380000	1.2426759493923156	0.5501663151272375	1.0	1.0	2.0
90390000	1.3054221938941255	0.42446612392591576	1.0	1.0	2.0
90400000	1.5681037713780503	0.10335505825064183	1.0	1.0	2.0
90410000	1.2663094472109202	0.07560847757350245	1.0	1.0	2.0
90420000	0.45770117054507403	0.06385921656151382	1.0	1.0	2.0
90430000	0.08536146918446594	0.28545643720966557	1.0	1.0	2.0
90440000	1.1460271332532745	0.3976762336890438	1.0	1.0	2.0
90450000	1.3337712764715264	0.15338173540211097	1.0	1.0	2.0
90460000	1.3800179475207037	0.2851786079996771	1.0	1.0	2.0
90470000	0.5973988880524569	0.9570523057257568	1.0	1.0	2.0
90480000	0.9520839601742214	0.005526290392187216	1.0	1.0	2.0
90490000	3.3863508985473127	0.31371663323973664	1.0	1.0	2.0
90500000	0.579190830133937	0.6657921707981582	1.0	1.0	2.0
90510000	1.38808772106214	0.1695811598605112	1.0	1.0	2.0
90520000	1.1384943546194124	0.9158435668411437	1.0	1.0	2.0
90530000	3.016864022539271	0.24328670596887234	1.0	1.0	2.0
90540000	0.41356380018202443	0.07869447627593382	1.0	1.0	2.0
90550000	1.3925680327497716	0.36507647451344166	1.0	1.0	2.0
90560000	1.192402390440062	0.0804979361561275	1.0	1.0	2.0
90570000	0.2836483739011093	0.6848416172604835	1.0	1.0	2.0
90580000	0.7703891692878314	0.004415413962166864	1.0	1.0	2.0
90590000	0.7357378270336777	0.17253191991246591	1.0	1.0	2.0
90600000	0.9957877760123369	0.6687734508844005	1.0	1.0	2.0
90610000	0.5907434192444532	0.4869172847661793	1.0	1.0	2.0
90620000	1.6246198980688196	1.3363917933417884	1.0	1.0	2.0
90630000	0.6826636479564585	0.2979257033940391	1.0	1.0	2.0
90640000	1.8827857914697244	0.5455084716476561	1.0	1.0	2.0
90650000	0.5132577631409981	1.0993909470976817	1.0	1.0	2.0
90660000	1.0793375777027177	0.328090427028673	1.0	1.0	2.0
90670000	1.7538282251381627	0.08052422655887995	1.0	1.0	2.0
90680000	2.561397801189465	2.825288936839627	1.0	1.0	2.0
90690000	1.1431881733086027	1.4961612823983625	1.0	1.0	2.0
90700000	2.8109094495265836	0.4550940854694369	1.0	1.0	2.0
90710000	2.7721998390056277	0.20564366025483005	1.0	1.0	2.0
90720000	1.2024047972980692	0.43734793103248965	1.0	1.0	2.0
90730000	4.2565610527537014	0.26763468182826977	1.0	1.0	2.0
90740000	3.1614181436500637	0.8350353988512308	1.0	1.0	2.0
90750000	0.5791733945903131	0.366866671821295	1.0	1.0	2.0
90760000	2.061492879709292	0.4079250987182506	1.0	1.0	2.0
90770000	1.3101027768720717	0.14176284961362862	1.0	1.0	2.0
90780000	0.9450652211286253	0.09236276583735484	1.0	1.0	2.0
90790000	1.9288652454289863	1.207442843860653	1.0	1.0	2.0
90800000	0.7242212052652479	0.8489517268033422	1.0	1.0	2.0
90810000	0.7162092541729843	0.3906478781798753	1.0	1.0	2.0
90820000	0.16555903221707535	0.18257706513866695	1.0	1.0	2.0
90830000	0.3541574757222643	0.34708556075837194	1.0	1.0	2.0
90840000	2.125101150565557	0.01817429782766609	1.0	1.0	2.0
90850000	3.0530155039753812	1.2585191929985762	1.0	1.0	2.0
90860000	1.0893579270725533	0.592795812647401	1.0	1.0	2.0
90870000	0.756026339572415	0.3250429455399545	1.0	1.0	2.0
90880000	0.5222556218730173	0.08182734875805592	1.0	1.0	2.0
90890000	1.7989962256202636	0.457782915164627	1.0	1.0	2.0
90900000	0.32135768053934044	0.6007953469224717	1.0	1.0	2.0
90910000	0.7476637526930289	0.07249657146072398	1.0	1.0	2.0
90920000	0.572001356527611	0.8888326841425404	1.0	1.0	2.0
90930000	0.9768983342787174	0.20339127805902849	1.0	1.0	2.0
90940000	1.5203240299408278	1.9933767057944192	1.0	1.0	2.0
90950000	2.552445176546806	0.18483003312234997	1.0	1.0	2.0
90960000	1.1129211256751164	2.3740389512776323	1.0	1.0	2.0
90970000	0.4746197312698919	0.4279855370425009	1.0	1.0	2.0
90980000	1.110073544210975	3.0142631903266794	1.0	1.0	2.0
90990000	2.893335096653112	0.7011583182166427	1.0	1.0	2.0
91000000	0.7040949674317786	0.35619040183529466	1.0	1.0	2.0
91010000	2.1709031932256218	0.02499950220460105	1.0	1.0	2.0
91020000	1.012447669437657	0.24014209481093313	1.0	1.0	2.0
91030000	0.5889477177629145	0.14190616220862215	1.0	1.0	2.0
91040000	0.7414375745852693	0.3476962354110734	1.0	1.0	2.0
91050000	1.3139965306816286	0.08582461742133644	1.0	1.0	2.0
91060000	2.0626513726327014	1.0397544602919868	1.0	1.0	2.0
91070000	1.5056556447183078	0.1278494027475691	1.0	1.0	2.0
91080000	2.645464078219975	0.06897410722047678	1.0	1.0	2.0
91090000	2.0696568077880766	0.33120084499978747	1.0	1.0	2.0
91100000	0.14830594476004896	0.684527495105034	1.0	1.0	2.0
91110000	0.3351323814684664	0.11103696958214072	1.0	1.0	2.0
91120000	0.5438430394873653	0.14964426913213064	1.0	1.0	2.0
91130000	2.420957978750641	0.24186325436352424	1.0	1.0	2.0
91140000	0.14450659890628592	0.35380488555584955	1.0	1.0	2.0
91150000	0.7751978115093101	0.6216830334012542	1.0	1.0	2.0
91160000	1.0072292502189788	0.24519622171314875	1.0	1.0	2.0
91170000	1.1651658575917008	0.307796521665332	1.0	1.0	2.0
91180000	2.126355961001647	0.4413003822438159	1.0	1.0	2.0
91190000	0.8270184193314963	0.09664205693526852	1.0	1.0	2.0
91200000	1.647184424796455	0.24753652460015602	1.0	1.0	2.0
91210000	0.20036616850664218	0.3885040102739954	1.0	1.0	2.0
91220000	1.5911550814644082	1.673438166978257	1.0	1.0	2.0
91230000	0.595144735336301	1.3320261099141444	1.0	1.0	2.0
91240000	1.418391716367652	0.20552139102018374	1.0	1.0	2.0
91250000	0.2945609756623023	0.05023152984056102	1.0	1.0	2.0
91260000	0.8100489946270678	0.4913431638963835	1.0	1.0	2.0
91270000	3.1764617083305415	0.9953893376969574	1.0	1.0	2.0
91280000	1.9095942807072235	1.365118287314784	1.0	1.0	2.0
91290000	0.42698896631927985	0.01702633697143614	1.0	1.0	2.0
91300000	0.44878829595775177	2.729992846671407	1.0	1.0	2.0
91310000	1.1355245988282523	0.05847312636664808	1.0	1.0	2.0
91320000	0.7539476572221084	0.8348283113534041	1.0	1.0	2.0
91330000	1.7779694446003944	0.07203289826916363	1.0	1.0	2.0
91340000	1.0558934198415815	0.0972099684339178	1.0	1.0	2.0
91350000	1.0064077237511428	0.023080703264827144	1.0	1.0	2.0
91360000	3.1007289058895915	0.2687839244876761	1.0	1.0	2.0
91370000	0.5467132031379597	0.34202679983407175	1.0	1.0	2.0
91380000	0.49759117965459576	0.38724122330157146	1.0	1.0	2.0
91390000	1.5802353699886553	0.2582337456818957	1.0	1.0	2.0
91400000	0.8055831445612377	1.2534993094314444	1.0	1.0	2.0
91410000	0.4992499541514865	0.9474489468872949	1.0	1.0	2.0
91420000	1.3948512751809414	0.7462367370320527	1.0	1.0	2.0
91430000	2.3486002930551937	0.24563465796384373	1.0	1.0	2.0
91440000	0.6294133406703455	0.18675439035774738	1.0	1.0	2.0
91450000	2.7764367767465417	0.5272041675009189	1.0	1.0	2.0
91460000	0.6738194867536832	0.5249644185762273	1.0	1.0	2.0
91470000	4.194630062801428	1.9861766510793892	1.0	1.0	2.0
91480000	0.37999861495347953	0.21937294585332276	1.0	1.0	2.0
91490000	0.5731658942952577	0.26216472152417913	1.0	1.0	2.0
91500000	1.1322628146066305	0.648242405761446	1.0	1.0	2.0
91510000	1.10185297045798	0.5258677321593219	1.0	1.0	2.0
91520000	0.664047468027547	0.14199310109286706	1.0	1.0	2.0
91530000	1.0956433582408296	0.5711332659631886	1.0	1.0	2.0
91540000	0.8408346606182877	0.016682546703575225	1.0	1.0	2.0
91550000	1.8833020231799724	0.34526698336292017	1.0	1.0	2.0
91560000	0.24602867343338986	0.13414130641960048	1.0	1.0	2.0
91570000	1.4807007369258605	0.5226944117951708	1.0	1.0	2.0
91580000	2.755901387609735	0.21077177980942777	1.0	1.0	2.0
91590000	1.0275575716907557	0.7140361278165215	1.0	1.0	2.0
91600000	1.2372883113464566	0.0536863856516504	1.0	1.0	2.0
91610000	1.377462846528966	1.0605589068644472	1.0	1.0	2.0
91620000	1.2536068755556435	0.5132712599757183	1.0	1.0	2.0
91630000	0.10755949146730864	0.3279870368963733	1.0	1.0	2.0
91640000	0.4020536034652994	0.44299528522824216	1.0	1.0	2.0
91650000	0.9874629288618109	1.7503259125599826	1.0	1.0	2.0
91660000	6.202675802546387	0.04594099415784316	1.0	1.0	2.0
91670000	2.3272574429402897	1.1721767474723979	1.0	1.0	2.0
91680000	1.1161613793013871	0.5923720646901628	1.0	1.0	2.0
91690000	0.4984250533131085	0.4771555847338202	1.0	1.0	2.0
91700000	0.9586228032036743	0.5951925648253412	1.0	1.0	2.0
91710000	2.9795671632254592	0.4879705262003501	1.0	1.0	2.0
91720000	1.1967555318332423	0.4864331315207779	1.0	1.0	2.0
91730000	1.1372913326604481	0.6531880962760429	1.0	1.0	2.0
91740000	1.6979641800896044	0.24213346949843442	1.0	1.0	2.0
91750000	1.0139443586947456	0.2984352499517869	1.0	1.0	2.0
91760000	1.0667504404859025	0.378765514535735	1.0	1.0	2.0
91770000	3.720762063808288	1.3980346463246756	1.0	1.0	2.0
91780000	3.262560032686091	0.37877402458398207	1.0	1.0	2.0
91790000	0.763219992805735	0.3171251408612809	1.0	1.0	2.0
91800000	0.9173511526547169	0.030342625561091897	1.0	1.0	2.0
91810000	4.4716139008962	0.2147852275432382	1.0	1.0	2.0
91820000	1.4654077122913978	0.497997578435547	1.0	1.0	2.0
91830000	2.039271099974751	0.04832030212564949	1.0	1.0	2.0
91840000	1.608244425679947	1.4506356286569273	1.0	1.0	2.0
91850000	0.19723072152452195	0.5913947665775816	1.0	1.0	2.0
91860000	0.6135066126856511	0.08962024874480347	1.0	1.0	2.0
91870000	0.507715025580606	0.22361143743380454	1.0	1.0	2.0
91880000	0.6383999280069063	0.5955963362520249	1.0	1.0	2.0
91890000	0.5348917272706661	0.20568729922965592	1.0	1.0	2.0
91900000	1.055597205943955	0.10907992620719892	1.0	1.0	2.0
91910000	4.801063032593873	0.6100453202224698	1.0	1.0	2.0
91920000	0.13646892546600495	0.28331270147831	1.0	1.0	2.0
91930000	1.102546652201633	0.49273535321437567	1.0	1.0	2.0
91940000	0.5861583958216031	0.021819213113036126	1.0	1.0	2.0
91950000	0.6290142442428441	0.015461575562899909	1.0	1.0	2.0
91960000	0.6169474614876829	1.7063553113412855	1.0	1.0	2.0
91970000	0.06448211918842144	0.3876295515887821	1.0	1.0	2.0
91980000	2.3436826157811046	0.8018009361147717	1.0	1.0	2.0
91990000	2.3150943587538273	0.47552558788079036	1.0	1.0	2.0
92000000	0.39016797157592437	0.1639112367118419	1.0	1.0	2.0
92010000	0.26140745874122256	0.004480259708106721	1.0	1.0	2.0
92020000	0.09858669518809354	0.060569300977980356	1.0	1.0	2.0
92030000	2.729808505572222	4.593885481934665	1.0	1.0	2.0
92040000	1.6940618811282473	0.3944918199834941	1.0	1.0	2.0
92050000	0.7527551809114973	0.11419073285638934	1.0	1.0	2.0
92060000	0.615923406967679	0.4561089949173732	1.0	1.0	2.0
92070000	1.1506794354649719	0.2676926097220298	1.0	1.0	2.0
92080000	4.027298489357724	0.26230510775147386	1.0	1.0	2.0
92090000	0.8465519785118129	0.3636106826328656	1.0	1.0	2.0
92100000	3.563432063145974	0.5132940329305375	1.0	1.0	2.0
92110000	1.806095522920921	0.5341842854141637	1.0	1.0	2.0
92120000	0.9871613171379836	0.8339708710918229	1.0	1.0	2.0
92130000	2.709756630937468	0.0018473030142074653	1.0	1.0	2.0
92140000	0.7494328450838279	1.0409846083206278	1.0	1.0	2.0
92150000	2.474799257026033	0.39489017430421547	1.0	1.0	2.0
92160000	0.34913439346855313	0.1698464752156108	1.0	1.0	2.0
92170000	0.2777564280790448	0.01676935723015491	1.0	1.0	2.0
92180000	0.8370295186536814	0.5232753743940546	1.0	1.0	2.0
92190000	1.2767355268463834	0.2884060051586351	1.0	1.0	2.0
92200000	1.5440615104475064	0.8899545801110208	1.0	1.0	2.0
92210000	3.8921328088993876	0.07898290976892904	1.0	1.0	2.0
92220000	1.0423325800271046	0.22719209500960139	1.0	1.0	2.0
92230000	0.04046991818224839	0.2551399440453289	1.0	1.0	2.0
92240000	7.727400251043866	0.35676623258849544	1.0	1.0	2.0
92250000	1.8300194165683388	0.2835185940464955	1.0	1.0	2.0
92260000	0.6267087987690573	1.669294534486539	1.0	1.0	2.0
92270000	0.9881427112946154	0.27839035614180246	1.0	1.0	2.0
92280000	1.2156689810848476	1.6614236163189091	1.0	1.0	2.0
92290000	1.5111865127142627	0.7210655619417701	1.0	1.0	2.0
92300000	1.5015880695078052	0.4176901579666182	1.0	1.0	2.0
92310000	1.0768379876422165	0.8773439454141921	1.0	1.0	2.0
92320000	2.8074357737067803	0.5474899112786507	1.0	1.0	2.0
92330000	1.8608010736091263	0.6036363882837551	1.0	1.0	2.0
92340000	0.13920576797879536	0.21658283099137357	1.0	1.0	2.0
92350000	0.32587389652071125	0.03432534752727032	1.0	1.0	2.0
92360000	0.29482939602549413	0.6771439084520936	1.0	1.0	2.0
92370000	0.2425680049210311	0.3903763531041002	1.0	1.0	2.0
92380000	0.6066890570555439	0.8626606062383354	1.0	1.0	2.0
92390000	2.3269325498522346	0.4839214355358374	1.0	1.0	2.0
92400000	3.2166374917835214	1.1864415007286626	1.0	1.0	2.0
92410000	2.083159324918131	0.1410683476877768	1.0	1.0	2.0
92420000	0.5241019839687301	1.6917767402624495	1.0	1.0	2.0
92430000	1.8388125075576125	0.5775772153673102	1.0	1.0	2.0
92440000	0.5587787117690434	0.7045966368457213	1.0	1.0	2.0
92450000	1.0414028094575818	0.9150545247909702	1.0	1.0	2.0
92460000	2.5838935712331006	0.8806518076930943	1.0	1.0	2.0
92470000	0.40851055938529424	1.6101964761548377	1.0	1.0	2.0
92480000	1.4077366015917183	0.051020558781621345	1.0	1.0	2.0
92490000	0.3291528573227401	0.5588390302940415	1.0	1.0	2.0
92500000	1.516557507049904	0.19308983515605407	1.0	1.0	2.0
92510000	1.1289638253014447	0.18763015527455568	1.0	1.0	2.0
92520000	0.5814674846844743	0.17068336045895927	1.0	1.0	2.0
92530000	1.739239974997617	0.0634070698792605	1.0	1.0	2.0
92540000	1.1930600908164712	1.0067143909791954	1.0	1.0	2.0
92550000	1.4905284776100278	0.22896740924519846	1.0	1.0	2.0
92560000	4.2606117958125775	2.2840999804534543	1.0	1.0	2.0
92570000	2.692081856835116	0.15804222119851785	1.0	1.0	2.0
92580000	1.6273949248420592	0.5663739980435607	1.0	1.0	2.0
92590000	1.3303040897736862	0.7172258755891988	1.0	1.0	2.0
92600000	1.3735926322908851	0.40167155387544107	1.0	1.0	2.0
92610000	1.0689826057654297	1.3198882009317865	1.0	1.0	2.0
92620000	0.487465551204342	0.3639191142123739	1.0	1.0	2.0
92630000	0.2187694339040549	0.2479241006913276	1.0	1.0	2.0
92640000	0.09499147577886718	0.07172199281367936	1.0	1.0	2.0
92650000	1.6890294424240595	2.4757022575149463	1.0	1.0	2.0
92660000	1.4123163184255125	1.5363680678539313	1.0	1.0	2.0
92670000	0.1965568342662354	0.039101570578526035	1.0	1.0	2.0
92680000	0.7135138983867783	0.08591574151158837	1.0	1.0	2.0
92690000	1.428263318167034	0.707765260383404	1.0	1.0	2.0
92700000	2.674905136032932	0.26359035111915957	1.0	1.0	2.0
92710000	1.0718765178193839	0.22069132306504477	1.0	1.0	2.0
92720000	1.228365503635789	2.224169453311389	1.0	1.0	2.0
92730000	2.9349318794505246	1.6524152449227172	1.0	1.0	2.0
92740000	1.0073887762887699	0.4908033241109522	1.0	1.0	2.0
92750000	2.540683875005117	2.2417762342438934	1.0	1.0	2.0
92760000	1.6418748384487047	0.8690334156190722	1.0	1.0	2.0
92770000	1.0518031495985256	0.011664504818545422	1.0	1.0	2.0
92780000	2.9047646095848654	0.28173246182293094	1.0	1.0	2.0
92790000	0.9587310971910742	0.6341971046728417	1.0	1.0	2.0
92800000	0.9592517022784789	0.08000608915576958	1.0	1.0	2.0
92810000	2.779097678523949	1.9459028437195398	1.0	1.0	2.0
92820000	0.7825359879252738	0.1858737885292927	1.0	1.0	2.0
92830000	1.4017668820800773	1.5135201871415256	1.0	1.0	2.0
92840000	0.34172094073542625	0.6683301095474826	1.0	1.0	2.0
92850000	0.9857072944537231	0.25110952541575216	1.0	1.0	2.0
92860000	1.951698226131822	0.42828913383470435	1.0	1.0	2.0
92870000	0.9603624039156506	0.3015622673207042	1.0	1.0	2.0
92880000	1.9212632284510471	0.12460031795289733	1.0	1.0	2.0
92890000	1.1716218528965978	0.2734041537968381	1.0	1.0	2.0
92900000	0.7674057678402879	0.25524470898233625	1.0	1.0	2.0
92910000	0.9824841079465944	0.16630736799955692	1.0	1.0	2.0
92920000	1.436897678963914	1.7505924526213423	1.0	1.0	2.0
92930000	1.5456213476298575	0.0373225794149705	1.0	1.0	2.0
92940000	0.3376280567981553	0.22430827431106187	1.0	1.0	2.0
92950000	0.2971943469905112	0.003045229517233032	1.0	1.0	2.0
92960000	1.288785124464555	0.6789907703725345	1.0	1.0	2.0
92970000	2.084529070874449	0.27599771239969706	1.0	1.0	2.0
92980000	1.7464234765624573	0.41361640459154214	1.0	1.0	2.0
92990000	0.24709452247136018	0.4534979504330967	1.0	1.0	2.0
93000000	0.4873307652524219	0.4217102236505591	1.0	1.0	2.0
93010000	0.23948387150926162	0.10353092822808672	1.0	1.0	2.0
93020000	0.7301174501912433	0.007455426206247765	1.0	1.0	2.0
93030000	0.011338878504364837	0.027261102963225144	1.0	1.0	2.0
93040000	1.9830004049363623	0.6435485753641118	1.0	1.0	2.0
93050000	3.2358913683680397	0.07097196583179817	1.0	1.0	2.0
93060000	1.74109180211403	0.8048848346359647	1.0	1.0	2.0
93070000	0.7656569007958675	0.462487007271922	1.0	1.0	2.0
93080000	2.0899871113115487	0.17180477686759188	1.0	1.0	2.0
93090000	0.24357060650954623	0.6323292105603509	1.0	1.0	2.0
93100000	1.2520197800420128	1.3768964386019569	1.0	1.0	2.0
93110000	3.5735775866083825	3.1502124445875617	1.0	1.0	2.0
93120000	3.4600838030865693	0.02573317773359659	1.0	1.0	2.0
93130000	1.1945259983417327	0.3137162487168049	1.0	1.0	2.0
93140000	5.255563027918877	0.3797681363165435	1.0	1.0	2.0
93150000	3.077898852529487	0.09518829290758635	1.0	1.0	2.0
93160000	0.3341462659542259	0.026591453464213013	1.0	1.0	2.0
93170000	1.6721684714496636	1.1953266541930263	1.0	1.0	2.0
93180000	0.4214288499463407	1.5334359278646275	1.0	1.0	2.0
93190000	1.298148194541567	0.11965001195214797	1.0	1.0	2.0
93200000	0.3642420433435568	0.07231023815687312	1.0	1.0	2.0
93210000	0.8368227973831861	0.41808778096088384	1.0	1.0	2.0
93220000	1.7093842357169111	0.03213688121033755	1.0	1.0	2.0
93230000	0.5697361255181412	0.9718857471474235	1.0	1.0	2.0
93240000	0.08726856076337432	0.07461320516615783	1.0	1.0	2.0
93250000	1.8870010968100737	0.04956094683279412	1.0	1.0	2.0
93260000	0.18797490650692322	0.08213910203651471	1.0	1.0	2.0
93270000	1.5259328091135567	0.5154589944409723	1.0	1.0	2.0
93280000	0.17160262057326933	0.22906949855126665	1.0	1.0	2.0
93290000	0.4648433714044386	0.3190704563923182	1.0	1.0	2.0
93300000	1.659418007346102	0.8501070111885155	1.0	1.0	2.0
93310000	0.26279323646054153	0.1204584057671927	1.0	1.0	2.0
93320000	0.7184890843841981	0.9561799908980372	1.0	1.0	2.0
93330000	1.238201803079102	0.26206090506862917	1.0	1.0	2.0
93340000	1.0697090305999755	0.9712747457461866	1.0	1.0	2.0
93350000	0.22605790283479058	0.34502893503859755	1.0	1.0	2.0
93360000	0.7906221468673531	0.2444097917967697	1.0	1.0	2.0
93370000	0.2524761649927914	0.03608710248194567	1.0	1.0	2.0
93380000	0.40325864629135266	0.2281800436072956	1.0	1.0	2.0
93390000	0.4688350533660184	0.8615501612688468	0.0	1.0	1.0
93400000	3.3123601698736405	0.4616072738660941	1.0	1.0	2.0
93410000	0.4406832751610115	1.1614835709980658	1.0	1.0	2.0
93420000	0.805686989706867	0.42328601302041685	1.0	1.0	2.0
93430000	0.470571730001362	0.10747546026127275	1.0	1.0	2.0
93440000	0.7646028851619381	0.5595340459211229	1.0	1.0	2.0
93450000	1.3416099653082674	0.21389914125700576	1.0	1.0	2.0
93460000	1.578625835028916	0.4998444893250523	1.0	1.0	2.0
93470000	1.5210250434862251	0.20395868210092685	1.0	1.0	2.0
93480000	0.49615065249502743	0.03113971898808052	1.0	1.0	2.0
93490000	0.4821842823081386	0.19268233794557513	1.0	1.0	2.0
93500000	0.1223657926636326	0.01604295787804598	1.0	1.0	2.0
93510000	0.4426000748125207	0.5224225146254996	1.0	1.0	2.0
93520000	1.7787399531262955	0.4502892200315161	1.0	1.0	2.0
93530000	0.36529308709641267	0.41984169747272637	1.0	1.0	2.0
93540000	0.6868113869839583	0.5084300392832836	1.0	1.0	2.0
93550000	2.246047497486267	1.0911894409065297	1.0	1.0	2.0
93560000	0.40015157138424984	0.057665922531551166	1.0	1.0	2.0
93570000	1.7594415650239454	0.35213394464367853	1.0	1.0	2.0
93580000	0.7959819363409317	0.1685795275837542	1.0	1.0	2.0
93590000	0.29270032908630156	0.6046470301792319	1.0	1.0	2.0
93600000	4.455871776111065	0.6122758493047296	1.0	1.0	2.0
93610000	0.4677696520639324	0.018508629689862787	1.0	1.0	2.0
93620000	0.575959511464892	0.45917254364082083	1.0	1.0	2.0
93630000	0.917294141429048	0.22351752468244146	1.0	1.0	2.0
93640000	0.33198017285193193	0.04353824830132647	1.0	1.0	2.0
93650000	0.344783453479769	0.10937952993693788	1.0	1.0	2.0
93660000	1.979053453449446	0.5533085946532519	1.0	1.0	2.0
93670000	5.874338420297996	0.9379909030971993	1.0	1.0	2.0
93680000	0.4595251269127985	0.9217623606026316	1.0	1.0	2.0
93690000	1.310583500952226	0.27168730799632224	1.0	1.0	2.0
93700000	0.34479857405231806	0.06916868635433775	1.0	1.0	2.0
93710000	3.6796809657987413	0.6020107302092907	1.0	1.0	2.0
93720000	0.947520188849764	0.8826528227616648	1.0	1.0	2.0
93730000	3.9298446677699124	1.546583657926556	1.0	1.0	2.0
93740000	0.231603983678277	0.34420019446683203	1.0	1.0	2.0
93750000	0.4913161053982179	0.21908159356441315	1.0	1.0	2.0
93760000	1.2033593475606255	0.5695238610562897	1.0	1.0	2.0
93770000	0.863956489433572	1.1836024202613824	1.0	1.0	2.0
93780000	1.1698619600049842	0.4895231758226954	1.0	1.0	2.0
93790000	0.26854634448746173	0.025292959647236275	1.0	1.0	2.0
93800000	0.5897680469604292	0.6694737100015422	1.0	1.0	2.0
93810000	0.4768771320723349	0.04735006015437136	1.0	1.0	2.0
93820000	1.5225296226231857	0.4624818193014436	1.0	1.0	2.0
93830000	1.7620029674444218	0.052691800862616205	1.0	1.0	2.0
93840000	1.0300767047702741	1.1219369252818743	1.0	1.0	2.0
93850000	0.40666229271983173	0.10710996236837887	1.0	1.0	2.0
93860000	0.6191539115722462	0.8802292196904529	1.0	1.0	2.0
93870000	1.027951093976615	0.5559305849076301	1.0	1.0	2.0
93880000	1.4252373206027513	0.30604885561787387	1.0	1.0	2.0
93890000	2.4951022296804055	0.9758092221141678	1.0	1.0	2.0
93900000	0.7378442272261089	1.7929925265173783	1.0	1.0	2.0
93910000	1.896505032144092	1.1385175508210286	1.0	1.0	2.0
93920000	0.7259712346060109	0.6357941508533903	1.0	1.0	2.0
93930000	0.4118715373803384	0.12314904806117648	1.0	1.0	2.0
93940000	1.7662714113899962	3.8238101371159186	1.0	1.0	2.0
93950000	1.133308482965303	0.03505971215775137	1.0	1.0	2.0
93960000	0.8112462104495368	0.3776036942385526	1.0	1.0	2.0
93970000	0.7357729038714463	0.07986291304825384	1.0	1.0	2.0
93980000	2.6797618162887598	2.157990839913684	1.0	1.0	2.0
93990000	8.404353291648391	2.3109525961118584	1.0	1.0	2.0
94000000	3.1382870010287762	1.2792578789838085	1.0	1.0	2.0
94010000	0.17874035404663355	0.06241954044238979	1.0	1.0	2.0
94020000	1.477850528130823	0.0336432867647851	1.0	1.0	2.0
94030000	2.965773534664507	2.428769834739073	1.0	1.0	2.0
94040000	1.0599455688821904	0.8686085993507644	1.0	1.0	2.0
94050000	3.755477484043231	0.019993750951811266	1.0	1.0	2.0
94060000	0.46947282859973066	0.05624118245405952	1.0	1.0	2.0
94070000	1.2929799562779034	0.24151177566476856	1.0	1.0	2.0
94080000	1.3578500034890357	0.3123833493798096	1.0	1.0	2.0
94090000	2.511861270907148	0.5912234239515826	1.0	1.0	2.0
94100000	1.3081407010674344	0.12181370132585725	1.0	1.0	2.0
94110000	2.057709233349792	0.49192420421885347	1.0	1.0	2.0
94120000	2.623692798299547	1.591648273201699	1.0	1.0	2.0
94130000	3.2588306077292684	0.32782270465169694	1.0	1.0	2.0
94140000	2.2092159003059537	1.2382827496692896	1.0	1.0	2.0
94150000	1.5802791383360122	0.49459998154499085	1.0	1.0	2.0
94160000	0.7373192372871036	0.19111112900269686	1.0	1.0	2.0
94170000	1.9221123801631057	0.9140162576485324	1.0	1.0	2.0
94180000	0.7934176897277923	1.548481899906099	1.0	1.0	2.0
94190000	1.501249032026254	1.5965821857352256	1.0	1.0	2.0
94200000	0.3667949709061999	0.04263878453435488	1.0	1.0	2.0
94210000	0.3417033073233457	0.2507410552899973	1.0	1.0	2.0
94220000	0.609211612732886	0.01874248786765222	1.0	1.0	2.0
94230000	0.864261311406782	0.739529280599694	1.0	1.0	2.0
94240000	0.4133799491477077	0.0014175564538077725	1.0	1.0	2.0
94250000	0.31478996411292554	0.296583219158622	1.0	1.0	2.0
94260000	2.1464987176071677	0.4836490710283732	1.0	1.0	2.0
94270000	2.6371992720383943	0.13907448175960896	1.0	1.0	2.0
94280000	1.91328879710743	0.027724608304456014	1.0	1.0	2.0
94290000	1.9827658715193115	0.4509903117847435	1.0	1.0	2.0
94300000	1.9264898953092748	0.18613357336717304	1.0	1.0	2.0
94310000	0.9136836440080496	0.4840432149190568	1.0	1.0	2.0
94320000	0.49030337755630365	0.16383586843214198	1.0	1.0	2.0
94330000	0.8114882178715528	1.4215815734518682	1.0	1.0	2.0
94340000	2.82724630112625	0.26063546990119135	1.0	1.0	2.0
94350000	4.104958355723712	0.01610199122891947	1.0	1.0	2.0
94360000	2.8988546726410154	1.2449258856895051	1.0	1.0	2.0
94370000	1.2533588529100557	0.041954654180342436	1.0	1.0	2.0
94380000	1.128773188993426	0.3255566065691166	1.0	1.0	2.0
94390000	0.7093915660863416	0.5054326449188112	1.0	1.0	2.0
94400000	1.1696119323635834	0.1186116892579087	1.0	1.0	2.0
94410000	2.549529758525818	0.4915036912099825	1.0	1.0	2.0
94420000	0.46952070954598907	1.001692993543667	1.0	1.0	2.0
94430000	1.628456123806205	0.38984098166952036	1.0	1.0	2.0
94440000	1.1286314558022839	0.32923368559627186	1.0	1.0	2.0
94450000	1.2336861968511652	0.3330660721047602	1.0	1.0	2.0
94460000	1.1555384325583968	0.33294233199206535	1.0	1.0	2.0
94470000	3.7402582714328694	0.3509587972155034	1.0	1.0	2.0
94480000	3.4127160563927665	0.1198969684119033	1.0	1.0	2.0
94490000	2.3817761212135937	0.08753348010659011	1.0	1.0	2.0
94500000	2.4149360758086993	1.8550016780716247	1.0	1.0	2.0
94510000	0.4596205593107893	0.41176935257737807	1.0	1.0	2.0
94520000	0.7686143218835388	0.032439637148264845	1.0	1.0	2.0
94530000	0.5418060153787531	0.19099255749273708	1.0	1.0	2.0
94540000	0.48276501774560426	0.14046041966844913	1.0	1.0	2.0
94550000	1.524639228671749	0.29001545553301167	1.0	1.0	2.0
94560000	2.617715653798683	1.1927654125833191	1.0	1.0	2.0
94570000	1.1278530859395375	1.772768162181021	1.0	1.0	2.0
94580000	2.4079793076847724	0.04234648139895424	1.0	1.0	2.0
94590000	2.0612413469214794	0.7637525235765392	1.0	1.0	2.0
94600000	1.4532662003609267	1.4993051053036939	1.0	1.0	2.0
94610000	1.2380673739960761	0.5433467219618604	1.0	1.0	2.0
94620000	2.232498815285236	0.4959435641999455	1.0	1.0	2.0
94630000	0.47740429051178024	0.3415501779628313	1.0	1.0	2.0
94640000	0.6842456177553747	2.1678316302368077	1.0	1.0	2.0
94650000	0.13203425418866913	0.07683302034234848	1.0	1.0	2.0
94660000	0.6513276408389017	1.6996535734790386	1.0	1.0	2.0
94670000	0.5290933624883924	0.42911677832933875	1.0	1.0	2.0
94680000	0.8807442355749641	0.06320277629595442	1.0	1.0	2.0
94690000	1.1729540358664108	0.3832073450312549	1.0	1.0	2.0
94700000	1.224285070172598	1.857508467122269	1.0	1.0	2.0
94710000	0.7562233887950686	0.4403863680291421	1.0	1.0	2.0
94720000	1.142090844942473	0.6096917971197293	1.0	1.0	2.0
94730000	0.2746581826954855	0.352283152110874	1.0	1.0	2.0
94740000	1.1119000801357057	1.088838875807088	1.0	1.0	2.0
94750000	1.0042767744640044	0.9389060509450424	1.0	1.0	2.0
94760000	1.0268324676393699	2.8685011341196165	1.0	1.0	2.0
94770000	0.4571389122312161	0.3334823691619485	1.0	1.0	2.0
94780000	0.8256753987781351	1.308329318852223	1.0	1.0	2.0
94790000	1.5352817042942877	1.8646613933589433	1.0	1.0	2.0
94800000	1.0536085981750176	0.1673605966782012	1.0	1.0	2.0
94810000	1.0112361623674366	1.4053464779068898	1.0	1.0	2.0
94820000	3.7714893780628618	0.36172484713106395	1.0	1.0	2.0
94830000	3.0290570108551744	1.0438611976546792	1.0	1.0	2.0
94840000	0.5538551276473058	0.13230458205892912	1.0	1.0	2.0
94850000	1.9822579859607874	0.10474005521147646	1.0	1.0	2.0
94860000	4.056046479672115	0.5656487599918255	1.0	1.0	2.0
94870000	1.0439797287546435	0.4352737088165657	1.0	1.0	2.0
94880000	1.490878149642707	0.7685553205799135	1.0	1.0	2.0
94890000	1.5939913715014622	0.12102329080041889	1.0	1.0	2.0
94900000	0.37838871197842916	0.8455397064963667	1.0	1.0	2.0
94910000	0.35760474283868465	0.9749526473734393	1.0	1.0	2.0
94920000	1.6587178717790902	0.40938643061783725	1.0	1.0	2.0
94930000	1.538955365443396	0.6570998152159019	1.0	1.0	2.0
94940000	1.1855764624252865	1.8172101734003743	1.0	1.0	2.0
94950000	1.5033554499169353	0.32488528803741934	1.0	1.0	2.0
94960000	0.5161326117135775	1.235486468661654	1.0	1.0	2.0
94970000	1.0961627904285827	0.097065046739003	1.0	1.0	2.0
94980000	3.763700939616921	0.8901003900591234	1.0	1.0	2.0
94990000	0.6731449436457342	0.726857084061793	1.0	1.0	2.0
95000000	1.6005409199927028	0.22203252151190642	1.0	1.0	2.0
95010000	0.9087835024029723	0.12698487684017867	1.0	1.0	2.0
95020000	0.7941953446624423	0.12154492771786922	1.0	1.0	2.0
95030000	0.44730666460930424	8.654581031337828E-4	1.0	1.0	2.0
95040000	3.555591079445783	0.8683409904779621	1.0	1.0	2.0
95050000	1.7640952133826788	1.5716280045939992	1.0	1.0	2.0
95060000	0.5243426770389146	0.9116168530796832	1.0	1.0	2.0
95070000	2.357841323368073	0.6071656240928347	1.0	1.0	2.0
95080000	0.4394365715503911	0.3469400891910088	1.0	1.0	2.0
95090000	1.2110972620816682	0.0032914550369850934	1.0	1.0	2.0
95100000	0.6461519356275902	0.3920353423947451	1.0	1.0	2.0
95110000	1.994852505357719	0.7768228126252533	1.0	1.0	2.0
95120000	1.1404473897127538	0.055136412361978394	1.0	1.0	2.0
95130000	0.6276928924640269	0.12670937394615492	1.0	1.0	2.0
95140000	0.31978937083347664	0.21619577855614366	1.0	1.0	2.0
95150000	0.2660427848397579	0.029993095468832463	1.0	1.0	2.0
95160000	1.2148082020493582	0.3394820123266591	1.0	1.0	2.0
95170000	0.21641707421461182	0.07936434322917431	1.0	1.0	2.0
95180000	1.5312341824182985	0.03401249710662155	1.0	1.0	2.0
95190000	1.7863181087338649	0.7294043248940605	1.0	1.0	2.0
95200000	0.6982165700497909	1.5050377665034524	1.0	1.0	2.0
95210000	1.405310679876086	1.593316523607364	1.0	1.0	2.0
95220000	0.7180236152147058	0.10510231810951252	1.0	1.0	2.0
95230000	2.2809394113817056	1.5959755389039438	1.0	1.0	2.0
95240000	1.2455904822949744	0.3906237932942753	1.0	1.0	2.0
95250000	1.6199626020084608	0.5939718411816894	1.0	1.0	2.0
95260000	3.4711337623205107	1.6415841479465296	1.0	1.0	2.0
95270000	1.44707737417088	0.030956323294553414	1.0	1.0	2.0
95280000	0.9132650643683083	0.16007878523954203	1.0	1.0	2.0
95290000	0.5942624483597144	0.9423763708917225	1.0	1.0	2.0
95300000	2.8844867420028253	1.057656945302832	1.0	1.0	2.0
95310000	2.8454006785804324	2.1590852441773953	1.0	1.0	2.0
95320000	2.779639456345887	3.0045283219988166	1.0	1.0	2.0
95330000	2.3837810658347705	1.06083510287422	1.0	1.0	2.0
95340000	0.8161515368080162	0.2975323297066783	1.0	1.0	2.0
95350000	0.08448606105362665	0.25024467704446995	1.0	1.0	2.0
95360000	1.2751461812052696	1.0565318663726733	1.0	1.0	2.0
95370000	0.1677760278453432	1.2084637551695134	0.0	1.0	1.0
95380000	1.0240870732201164	0.01732254373517105	1.0	1.0	2.0
95390000	3.2590855499016254	0.1222850412109464	1.0	1.0	2.0
95400000	0.3232058634136689	0.3416808736752624	1.0	1.0	2.0
95410000	0.7118813619018985	0.020709676249226313	1.0	1.0	2.0
95420000	0.288836993278795	1.4195850009774807E-4	1.0	1.0	2.0
95430000	0.4775408766118079	0.12700929204144168	1.0	1.0	2.0
95440000	0.9444495538179988	0.8645082093473917	1.0	1.0	2.0
95450000	1.2192430567984953	0.5527674261055145	1.0	1.0	2.0
95460000	0.8788079088367803	0.0035015596666274464	1.0	1.0	2.0
95470000	1.7157189800802335	2.36643264468995	1.0	1.0	2.0
95480000	1.326332389698625	0.7676647269568491	1.0	1.0	2.0
95490000	0.4558319319440377	0.3861385051728945	1.0	1.0	2.0
95500000	0.48920311499143976	0.04152223672294584	1.0	1.0	2.0
95510000	1.928360603558416	0.5427500119393303	1.0	1.0	2.0
95520000	0.2457685410356259	0.41470951064835515	1.0	1.0	2.0
95530000	0.44482944864429613	0.12341811512998631	1.0	1.0	2.0
95540000	2.9381231316933207	1.836164946070979	1.0	1.0	2.0
95550000	1.5674206681941507	0.12629211066733204	1.0	1.0	2.0
95560000	0.9156911944635616	0.3469196205541012	1.0	1.0	2.0
95570000	1.1698526157420646	0.37177490716702866	1.0	1.0	2.0
95580000	0.4337722520645329	1.3125613430485277	1.0	1.0	2.0
95590000	0.3338127494746783	0.25091317159627535	1.0	1.0	2.0
95600000	0.3496390035617686	0.2837817742578164	1.0	1.0	2.0
95610000	2.176165300264786	0.20048387820169386	1.0	1.0	2.0
95620000	1.4068226833937412	0.5432651063773183	1.0	1.0	2.0
95630000	0.5770437419046173	0.400613052392907	1.0	1.0	2.0
95640000	0.8209175463201898	0.37518669427769286	1.0	1.0	2.0
95650000	1.5044127162060994	1.9803252483328107	1.0	1.0	2.0
95660000	1.1985433571664592	0.7151692109033768	1.0	1.0	2.0
95670000	0.9599813663069244	0.4745534746367008	1.0	1.0	2.0
95680000	0.3916168797808085	0.06465815410604814	1.0	1.0	2.0
95690000	1.8261550535678541	0.8578866146556445	1.0	1.0	2.0
95700000	0.777722808104818	0.6114562240079151	1.0	1.0	2.0
95710000	1.544592122706725	1.5434375556829276	1.0	1.0	2.0
95720000	0.11797004284397473	0.05430377424373827	1.0	1.0	2.0
95730000	0.6791089969800909	0.39720898766098106	1.0	1.0	2.0
95740000	2.3010921601319008	0.5355757532885427	1.0	1.0	2.0
95750000	2.3591773020776317	0.6227587231627372	1.0	1.0	2.0
95760000	0.2411162058349439	0.018774075855712714	1.0	1.0	2.0
95770000	0.46792750476023653	0.34368522953822905	1.0	1.0	2.0
95780000	0.8681947252660401	0.1964876350449175	1.0	1.0	2.0
95790000	1.5438513508870564	0.6580754982990812	1.0	1.0	2.0
95800000	1.5705606968220935	0.671050299769091	1.0	1.0	2.0
95810000	1.8257426135508694	0.3376814207366022	1.0	1.0	2.0
95820000	0.26168479273738704	0.10962549296532202	1.0	1.0	2.0
95830000	1.5691063888019021	1.5778201965926548	1.0	1.0	2.0
95840000	1.8367426629436117	1.6208842844693383	1.0	1.0	2.0
95850000	0.43033121766721577	0.18321819330237793	1.0	1.0	2.0
95860000	0.6699442748868529	0.03926391441704944	1.0	1.0	2.0
95870000	1.2077985410904448	1.3055455948166215	1.0	1.0	2.0
95880000	0.3279626728986062	0.15355278741514852	1.0	1.0	2.0
95890000	1.080325619576258	0.8104137866776079	1.0	1.0	2.0
95900000	7.124985836205808	0.7193395842858744	1.0	1.0	2.0
95910000	3.3607146114782127	0.026212253861809625	1.0	1.0	2.0
95920000	3.04633131922924	0.19253045563064183	1.0	1.0	2.0
95930000	2.55551433978989	0.7925260168598259	1.0	1.0	2.0
95940000	0.32587550934438697	0.1954133133365103	0.0	1.0	1.0
95950000	1.1012688801520867	0.3418615758195652	1.0	1.0	2.0
95960000	0.4909646279716228	0.6696116017099352	1.0	1.0	2.0
95970000	1.3315700039303515	0.42051708875643434	1.0	1.0	2.0
95980000	0.29536330416210355	0.11193128085252291	1.0	1.0	2.0
95990000	0.7989279946082986	0.49349790616008965	1.0	1.0	2.0
96000000	1.244864329554661	3.766386777340081	1.0	1.0	2.0
96010000	2.580590193377141	0.2885351928034462	1.0	1.0	2.0
96020000	2.4862697631672743	0.4871912981657305	1.0	1.0	2.0
96030000	0.5780520879321557	0.043441306321025865	1.0	1.0	2.0
96040000	4.627302815633418	0.49510572390083923	1.0	1.0	2.0
96050000	0.6506187488676968	1.275988365784566	1.0	1.0	2.0
96060000	0.6579931727280024	0.14992725091087458	1.0	1.0	2.0
96070000	0.3364134557577793	0.33916928529750856	1.0	1.0	2.0
96080000	0.39935236225237825	0.16318724612350632	1.0	1.0	2.0
96090000	1.5980807665648564	0.12936201296418345	1.0	1.0	2.0
96100000	2.4392433416556516	0.09956234579921854	1.0	1.0	2.0
96110000	4.272931334844332	1.1326512326420606	1.0	1.0	2.0
96120000	0.6402489851823331	1.3166244002221195	1.0	1.0	2.0
96130000	1.0530932162893398	1.6757453359571777	1.0	1.0	2.0
96140000	1.614602489760175	0.4326817636918002	1.0	1.0	2.0
96150000	1.6841386270004455	0.26524594758779624	1.0	1.0	2.0
96160000	0.0642078950266304	0.05606523672890342	1.0	1.0	2.0
96170000	0.21505997399073054	0.05212082338589059	1.0	1.0	2.0
96180000	0.3779002146865633	1.0783524307694583	1.0	1.0	2.0
96190000	4.008542838285154	0.06882976363073376	1.0	1.0	2.0
96200000	0.841647043622937	0.22501666809217455	1.0	1.0	2.0
96210000	2.7609071362305797	0.23736595994799925	1.0	1.0	2.0
96220000	0.15526895967884335	0.24074591321912495	1.0	1.0	2.0
96230000	0.42418422468775957	0.20274263453320535	1.0	1.0	2.0
96240000	0.531465537165632	6.664248631399116E-4	1.0	1.0	2.0
96250000	2.941791157129553	2.4238034742963372	1.0	1.0	2.0
96260000	0.5025478909651706	0.22662696941691698	1.0	1.0	2.0
96270000	1.6549768989046034	0.12157638289166378	1.0	1.0	2.0
96280000	1.309889778893498	0.06756012084192878	1.0	1.0	2.0
96290000	1.3673509656008118	0.05164511906037306	1.0	1.0	2.0
96300000	0.8084319305440612	0.17572271955725058	1.0	1.0	2.0
96310000	1.447505830433299	1.2900854084496343	1.0	1.0	2.0
96320000	0.5907424922581962	3.7713342435136674	1.0	1.0	2.0
96330000	1.0506006641014443	0.3513264405584669	1.0	1.0	2.0
96340000	0.10800694576079081	0.017588711442510892	1.0	1.0	2.0
96350000	0.2898462792837346	0.2588248934845631	1.0	1.0	2.0
96360000	1.5600002213492574	0.2899951337673867	1.0	1.0	2.0
96370000	0.8530768219978683	0.13240768450977095	1.0	1.0	2.0
96380000	0.8797772873186115	0.6173208457200086	1.0	1.0	2.0
96390000	0.6475839367050417	0.5103888230519653	1.0	1.0	2.0
96400000	0.6922845775413813	0.43046257538428645	1.0	1.0	2.0
96410000	0.5093747982711389	0.49974605153117785	1.0	1.0	2.0
96420000	1.8013382165376612	1.2408123312903614	1.0	1.0	2.0
96430000	2.7034228799302857	0.5471880932401681	1.0	1.0	2.0
96440000	1.0982014055277791	2.0954168247700644	1.0	1.0	2.0
96450000	3.254305537842883	0.8146355623204944	1.0	1.0	2.0
96460000	2.7804132818513914	0.5866090969977377	1.0	1.0	2.0
96470000	1.6316372576779188	0.23243515160682	0.0	1.0	1.0
96480000	2.8519879134828403	3.679166099857775	1.0	1.0	2.0
96490000	0.595079988242911	0.14529474331203548	1.0	1.0	2.0
96500000	0.2799404159977456	0.24944748236635164	1.0	1.0	2.0
96510000	1.9801136354645592	0.22179074035793578	1.0	1.0	2.0
96520000	2.3471445545890126	2.2755104296919693	1.0	1.0	2.0
96530000	0.852401214274078	0.12812671961659264	1.0	1.0	2.0
96540000	1.6239802039823235	0.4842586104973752	1.0	1.0	2.0
96550000	1.445062391731307	2.093325028254533	1.0	1.0	2.0
96560000	1.9535270889510317	0.35780875959610375	1.0	1.0	2.0
96570000	3.013799521206522	0.311269247409412	1.0	1.0	2.0
96580000	1.6546803969099735	0.6242455779090891	1.0	1.0	2.0
96590000	1.2890641755039418	0.412493544343224	1.0	1.0	2.0
96600000	0.5385312046200963	0.048035474671913686	1.0	1.0	2.0
96610000	1.0453069088363351	1.7470990183388113	1.0	1.0	2.0
96620000	2.3319274431081287	1.6812951882901606	1.0	1.0	2.0
96630000	0.4372886790140088	2.509392991896086	0.0	1.0	1.0
96640000	1.397217938838742	1.7169442589852022	1.0	1.0	2.0
96650000	1.0495858391059643	0.09638923765225917	1.0	1.0	2.0
96660000	1.179238066938279	0.22472047263402467	1.0	1.0	2.0
96670000	1.7158440482254074	1.655858026278676	1.0	1.0	2.0
96680000	0.885204516683085	0.476899790186457	1.0	1.0	2.0
96690000	0.6350663233127395	0.038735675512794096	1.0	1.0	2.0
96700000	1.8311888906948808	0.4258742972189337	1.0	1.0	2.0
96710000	1.8081438261030942	2.5767341828642865	1.0	1.0	2.0
96720000	0.8969636774380927	0.06325737396809422	1.0	1.0	2.0
96730000	0.15891931812860494	0.012475121594337004	1.0	1.0	2.0
96740000	1.1035409588063394	0.018804656259599564	1.0	1.0	2.0
96750000	1.5861516529191289	0.717449585692688	1.0	1.0	2.0
96760000	1.2715082070782646	0.3514201158146759	1.0	1.0	2.0
96770000	2.0951401007924706	0.6782289715266924	1.0	1.0	2.0
96780000	0.661272727685453	1.2811196509412193	1.0	1.0	2.0
96790000	0.22736634304114933	0.05378468003439766	1.0	1.0	2.0
96800000	0.5909577281415676	0.08137869226619528	1.0	1.0	2.0
96810000	3.56268892100593	0.3028286082409045	1.0	1.0	2.0
96820000	1.2460802162645659	1.7052871357574795	1.0	1.0	2.0
96830000	2.3424251278416413	0.97932088271146	1.0	1.0	2.0
96840000	1.8224027014805295	0.28573038933377454	1.0	1.0	2.0
96850000	0.31044432880782513	0.8752704878766739	1.0	1.0	2.0
96860000	0.49722156202379375	0.07300509548979632	1.0	1.0	2.0
96870000	0.5061787048391423	0.02720244506590777	1.0	1.0	2.0
96880000	0.6439701383213705	0.42798947407023724	1.0	1.0	2.0
96890000	2.000099312168915	0.0860608012864976	1.0	1.0	2.0
96900000	0.23251133458537931	0.11455948562645521	1.0	1.0	2.0
96910000	2.189613799437884	0.4303574368524784	1.0	1.0	2.0
96920000	0.7321738757205422	1.0050864074309367	1.0	1.0	2.0
96930000	0.008083476071656808	0.012542001246952586	1.0	1.0	2.0
96940000	2.8251134464657226	0.6377498119010053	1.0	1.0	2.0
96950000	0.2438235872307753	0.1503701821925278	1.0	1.0	2.0
96960000	0.6628003180351939	0.5002105753792463	1.0	1.0	2.0
96970000	1.5241641701018767	0.6451997062554052	1.0	1.0	2.0
96980000	0.5862657650111142	0.9922422596913241	1.0	1.0	2.0
96990000	1.338562054646716	0.6412125402568503	1.0	1.0	2.0
97000000	0.2796374839707037	0.33808623245484576	1.0	1.0	2.0
97010000	2.811761872902566	0.38504833421205226	1.0	1.0	2.0
97020000	2.7517564286340495	2.1914871931785083	1.0	1.0	2.0
97030000	0.2080312996074136	0.05510887400753332	1.0	1.0	2.0
97040000	1.9504179527821408	0.32308565412454815	1.0	1.0	2.0
97050000	1.395868637410931	2.2580462808472523	1.0	1.0	2.0
97060000	1.0811412187410683	0.00755447006216101	1.0	1.0	2.0
97070000	0.36226964914205023	0.18418122200129022	1.0	1.0	2.0
97080000	2.2626365625537432	0.5005991619675992	1.0	1.0	2.0
97090000	4.2273113496645385	1.1866765529016057	1.0	1.0	2.0
97100000	2.129978933198023	0.003566197254849907	1.0	1.0	2.0
97110000	0.7960673956344125	3.298595964798032	1.0	1.0	2.0
97120000	0.4082398307013309	0.11700193800198504	1.0	1.0	2.0
97130000	0.3776912438496562	0.18850269459896105	1.0	1.0	2.0
97140000	1.3746432318323714	0.47335655469066307	1.0	1.0	2.0
97150000	0.17381964141689468	0.5271473161617868	1.0	1.0	2.0
97160000	2.1712437503931006	0.16013124088133077	1.0	1.0	2.0
97170000	1.859916427102053	1.1409029088219442	1.0	1.0	2.0
97180000	2.160750053856685	0.05928056851922016	1.0	1.0	2.0
97190000	0.1643392738003772	0.027801261073933825	1.0	1.0	2.0
97200000	1.2364157784765422	1.1583039443255565	1.0	1.0	2.0
97210000	0.8533944789040532	1.6197540162571422	1.0	1.0	2.0
97220000	1.2615600848832396	0.11711355048302281	1.0	1.0	2.0
97230000	1.1651268220551687	0.2130544989131436	1.0	1.0	2.0
97240000	0.5999240538419722	0.04476494296500864	1.0	1.0	2.0
97250000	1.4578283278382576	0.058560921297539904	1.0	1.0	2.0
97260000	1.3904488199705403	1.0045841370001534	1.0	1.0	2.0
97270000	1.7614378788738614	0.046612278983220956	1.0	1.0	2.0
97280000	0.12641194874692735	0.061987078505173564	1.0	1.0	2.0
97290000	3.0662652321030013	0.3232370489785249	1.0	1.0	2.0
97300000	6.7519112530679415	0.20937134501579113	1.0	1.0	2.0
97310000	0.6093083262559102	0.3313687066207304	1.0	1.0	2.0
97320000	0.3551036804926629	1.8170370823403628	1.0	1.0	2.0
97330000	0.02791583748187681	1.642525405286077	0.0	1.0	1.0
97340000	2.4129117225015717	2.6498406221339588	1.0	1.0	2.0
97350000	1.342322857299844	0.5869654473327315	1.0	1.0	2.0
97360000	0.5139282864401248	0.35136326370367327	1.0	1.0	2.0
97370000	1.01522946674931	0.7653360249222771	1.0	1.0	2.0
97380000	0.030014565473376123	0.036326711329433076	1.0	1.0	2.0
97390000	0.22858879280731584	0.09856740632457806	1.0	1.0	2.0
97400000	4.22445395482786	0.22792196281709445	1.0	1.0	2.0
97410000	1.4903116874108444	0.26133899945192307	1.0	1.0	2.0
97420000	2.4444124402160536	0.27334322590704874	1.0	1.0	2.0
97430000	0.3592902711027006	0.045833567312079285	1.0	1.0	2.0
97440000	1.069497877712361	0.6575830392806771	1.0	1.0	2.0
97450000	1.0500282702386925	1.1036573808390102	1.0	1.0	2.0
97460000	4.32059583827593	0.8210667356167982	1.0	1.0	2.0
97470000	1.3558495061143718	0.5400759987621704	1.0	1.0	2.0
97480000	0.6627131021497664	0.5849215940311308	1.0	1.0	2.0
97490000	0.6883581102953434	0.11002664828578518	1.0	1.0	2.0
97500000	0.49577186198844037	0.5460963164659675	1.0	1.0	2.0
97510000	0.3340598270585112	0.14175830011336155	1.0	1.0	2.0
97520000	5.356022443206087	0.8851075317047035	1.0	1.0	2.0
97530000	1.0457304137051557	0.19867566833393183	1.0	1.0	2.0
97540000	1.141424699982504	0.3526694962482374	1.0	1.0	2.0
97550000	0.7553749571258586	0.3474475002543242	1.0	1.0	2.0
97560000	2.0713835281584116	0.9082603103751811	1.0	1.0	2.0
97570000	0.7304710305282569	0.560972997431521	1.0	1.0	2.0
97580000	0.6689035996006836	0.8354766477926747	1.0	1.0	2.0
97590000	2.4484439810031997	2.27889389924919	1.0	1.0	2.0
97600000	0.58699895566385	0.007181225214651021	1.0	1.0	2.0
97610000	0.29988730505683175	0.36373426485699817	1.0	1.0	2.0
97620000	1.7178431485873091	0.327401206515137	1.0	1.0	2.0
97630000	0.32728480095161366	0.026454753941954588	1.0	1.0	2.0
97640000	2.046248763196495	1.9869736166731058	1.0	1.0	2.0
97650000	0.2982425629249984	0.8665999713886111	0.0	1.0	1.0
97660000	0.20855435257474428	0.1392606223483533	1.0	1.0	2.0
97670000	0.09577028857329889	0.005274091096526056	1.0	1.0	2.0
97680000	0.3185342512941687	0.093968302636807	1.0	1.0	2.0
97690000	1.639684187476575	0.05595391352254586	1.0	1.0	2.0
97700000	0.26524983964138543	0.47208279733932085	1.0	1.0	2.0
97710000	0.2258588440638037	0.7680933447717551	1.0	1.0	2.0
97720000	0.6514045727599209	0.062436496995702945	1.0	1.0	2.0
97730000	1.1819363088029808	2.0243875712710513	1.0	1.0	2.0
97740000	2.727808364359824	0.21569798859360634	1.0	1.0	2.0
97750000	0.8748872719705357	1.0699266740485118	1.0	1.0	2.0
97760000	0.9904967698824487	0.1989407044056514	1.0	1.0	2.0
97770000	1.2806498322592859	0.4003488643442625	1.0	1.0	2.0
97780000	1.515794087817786	0.7157591222019947	1.0	1.0	2.0
97790000	5.0605032712589	0.8298140636722142	1.0	1.0	2.0
97800000	0.42194788033951075	0.029013887332288223	1.0	1.0	2.0
97810000	1.5350269468908095	0.39466435651996246	1.0	1.0	2.0
97820000	1.989120353723554	0.043566508569697814	1.0	1.0	2.0
97830000	0.49209385884258683	0.29126281263830484	1.0	1.0	2.0
97840000	1.4519301513225862	0.743976029736281	1.0	1.0	2.0
97850000	0.4259185967093305	0.00630311517582413	1.0	1.0	2.0
97860000	2.429744678432157	0.17344462964689059	1.0	1.0	2.0
97870000	3.621532863935103	0.21963822123245552	1.0	1.0	2.0
97880000	1.1556089029355556	0.1916042902056852	1.0	1.0	2.0
97890000	1.007313961259634	0.8522821205748897	1.0	1.0	2.0
97900000	0.6823605198261888	0.8305315861007911	1.0	1.0	2.0
97910000	0.1821720113895377	0.32692343376665167	1.0	1.0	2.0
97920000	3.636340039423577	0.24901804451895168	1.0	1.0	2.0
97930000	1.2982227258940457	0.13254155929434283	1.0	1.0	2.0
97940000	1.431577240618319	0.004441075735667035	1.0	1.0	2.0
97950000	0.30781749339455655	0.35548305011329356	1.0	1.0	2.0
97960000	1.314338619237779	1.0893731876713126	1.0	1.0	2.0
97970000	6.152211991414441	1.0037017382050453	1.0	1.0	2.0
97980000	1.1914371319013861	0.9966381852773053	1.0	1.0	2.0
97990000	1.0087622121388735	0.6933877204523912	1.0	1.0	2.0
98000000	1.9287061150134848	0.6626177038058032	1.0	1.0	2.0
98010000	0.41526067981624076	0.24387956927749585	1.0	1.0	2.0
98020000	1.0141577351080762	0.2552538983332442	1.0	1.0	2.0
98030000	2.0774788572678666	1.2116284581532204	1.0	1.0	2.0
98040000	1.225939911306748	0.7268301220215108	1.0	1.0	2.0
98050000	1.6233303560717423	1.119909363596905	1.0	1.0	2.0
98060000	1.30975826533757	1.4928525925329974	1.0	1.0	2.0
98070000	2.159021920484128	0.07812505525591923	1.0	1.0	2.0
98080000	0.8160482349772626	0.2271285765537208	1.0	1.0	2.0
98090000	1.6732358039987467	0.34977204345524715	1.0	1.0	2.0
98100000	0.5121822665697494	0.1886739131986987	1.0	1.0	2.0
98110000	0.8206156393217624	0.03740884490046019	1.0	1.0	2.0
98120000	1.624898666970311	0.7511718707765577	1.0	1.0	2.0
98130000	2.547321062243026	0.07706843125313087	1.0	1.0	2.0
98140000	0.8179635384186803	0.338628203727465	1.0	1.0	2.0
98150000	0.8837994825642943	1.5444939633439365	1.0	1.0	2.0
98160000	0.6677955247805655	0.1071959277990094	1.0	1.0	2.0
98170000	0.7052230508345361	0.06223270967144195	1.0	1.0	2.0
98180000	0.42511242587548226	0.4207301212303677	1.0	1.0	2.0
98190000	0.9391998791659264	0.5969287531180127	1.0	1.0	2.0
98200000	0.9591321876022679	2.158839923348832	1.0	1.0	2.0
98210000	0.6380457320688824	0.7867404424877125	1.0	1.0	2.0
98220000	2.410547827852524	2.3651787308111683	1.0	1.0	2.0
98230000	1.2627008261221493	0.08023885257848233	1.0	1.0	2.0
98240000	1.951850342815649	0.019487950856612063	1.0	1.0	2.0
98250000	0.9165578164102606	0.3457292004559715	1.0	1.0	2.0
98260000	2.5281162625925715	0.3156016125908165	1.0	1.0	2.0
98270000	0.5162234273240036	0.7245284776789351	1.0	1.0	2.0
98280000	0.23750478592137225	0.6327360052824675	1.0	1.0	2.0
98290000	0.4510308446229693	0.17544256773500874	1.0	1.0	2.0
98300000	0.49706704677715263	0.733048678535431	1.0	1.0	2.0
98310000	1.7272343494340654	0.8078037791349729	1.0	1.0	2.0
98320000	1.9376017658716043	0.6958498265287504	1.0	1.0	2.0
98330000	0.7427445965761402	0.269909051847066	1.0	1.0	2.0
98340000	0.8839360005587868	0.29302715965109505	1.0	1.0	2.0
98350000	0.40551089312248506	0.14227280917402563	1.0	1.0	2.0
98360000	0.30331101269498045	0.5425697370232245	1.0	1.0	2.0
98370000	1.387300567812562	0.19736034788088022	1.0	1.0	2.0
98380000	1.837722193193309	0.09984847457446122	1.0	1.0	2.0
98390000	1.7240814014274308	0.03695346794443272	1.0	1.0	2.0
98400000	0.6462500024094363	0.013008154722791387	1.0	1.0	2.0
98410000	0.4162953951026021	0.4427917708963694	1.0	1.0	2.0
98420000	0.9550639547375465	0.09044011969771368	1.0	1.0	2.0
98430000	1.528406941716993	0.23761962328683722	1.0	1.0	2.0
98440000	0.5277647513960675	0.2681997424714907	1.0	1.0	2.0
98450000	0.6315909163717314	0.21198123703727403	1.0	1.0	2.0
98460000	1.984594729319567	0.2256999559362765	1.0	1.0	2.0
98470000	0.9253825665150751	0.2160243260583791	1.0	1.0	2.0
98480000	2.4619551855296695	0.06683802124890015	1.0	1.0	2.0
98490000	2.1163517609724574	0.1867940828325666	1.0	1.0	2.0
98500000	0.21727814768372009	0.16629758020339158	1.0	1.0	2.0
98510000	0.6202685984333902	0.5981210627894535	1.0	1.0	2.0
98520000	0.9237634619548761	0.9356967562253918	1.0	1.0	2.0
98530000	2.3156840579789053	0.15318637858229703	1.0	1.0	2.0
98540000	0.10236248655098186	0.14992526361932906	1.0	1.0	2.0
98550000	5.001090242914861	0.19486617446033136	1.0	1.0	2.0
98560000	1.0109059006975813	0.0025074775795315466	1.0	1.0	2.0
98570000	1.7975331658392728	0.462160211792885	1.0	1.0	2.0
98580000	2.104350035059135	0.7328210404228681	1.0	1.0	2.0
98590000	2.2699864853782974	0.6867228825933601	1.0	1.0	2.0
98600000	2.4173455081682245	1.0389379490902675	1.0	1.0	2.0
98610000	1.3072050367251757	2.0851032110616723	1.0	1.0	2.0
98620000	0.14737561316227837	0.11400850313325593	1.0	1.0	2.0
98630000	0.4273587665888478	0.10737812151461709	1.0	1.0	2.0
98640000	2.0741394181893917	1.6697671419912234	1.0	1.0	2.0
98650000	3.4279233943918372	0.8472061944017937	1.0	1.0	2.0
98660000	1.968327385939472	0.14663342202397991	1.0	1.0	2.0
98670000	1.2237210802149947	0.7578151050345	1.0	1.0	2.0
98680000	1.0207149456272993	0.36017331523509283	1.0	1.0	2.0
98690000	0.7375337871532575	0.2671486455939705	1.0	1.0	2.0
98700000	0.12835607675247312	0.1773276193698938	1.0	1.0	2.0
98710000	0.7622794825508675	0.8092047624391263	1.0	1.0	2.0
98720000	1.3359965900445072	0.16970273054147206	1.0	1.0	2.0
98730000	2.7198279190823413	0.01995743028094103	1.0	1.0	2.0
98740000	0.687384938559202	0.11727935066758403	1.0	1.0	2.0
98750000	0.6483738807878452	1.6208511083889434	1.0	1.0	2.0
98760000	0.7573536115034541	1.072747312417365	1.0	1.0	2.0
98770000	0.7689713390682676	0.5367079945376061	1.0	1.0	2.0
98780000	1.3899455440008806	0.23507091185027454	1.0	1.0	2.0
98790000	4.926532710661529	0.365954774220754	1.0	1.0	2.0
98800000	0.3698422592191031	0.009522578571703438	1.0	1.0	2.0
98810000	3.755522950948026	1.3396137605911418	1.0	1.0	2.0
98820000	1.1782130031022282	0.5471261684690494	1.0	1.0	2.0
98830000	0.8433874594397509	0.48671299529990353	1.0	1.0	2.0
98840000	2.270884148354788	0.018956278034466152	1.0	1.0	2.0
98850000	0.7177752719382755	0.49261993728306525	1.0	1.0	2.0
98860000	3.810619779538351	3.3157552538384425	1.0	1.0	2.0
98870000	1.8590938326964894	0.8956443922960327	1.0	1.0	2.0
98880000	0.28003611972291775	0.12961642455138933	1.0	1.0	2.0
98890000	0.5553935225575793	0.20412315213239493	1.0	1.0	2.0
98900000	0.8024712795301269	0.5652442809176365	1.0	1.0	2.0
98910000	1.6666162323760725	0.8085000250879004	1.0	1.0	2.0
98920000	0.5316991423021779	0.8951713689471137	1.0	1.0	2.0
98930000	0.12589722921855587	0.13830454765947267	1.0	1.0	2.0
98940000	0.607309304394596	0.47582319261085304	1.0	1.0	2.0
98950000	0.27794785152245843	0.014519936683939064	1.0	1.0	2.0
98960000	0.2789703050381614	0.6963385201073163	1.0	1.0	2.0
98970000	0.5657750770113233	0.0701549721629678	1.0	1.0	2.0
98980000	0.7793082862739913	0.09160278356736007	1.0	1.0	2.0
98990000	1.994916035296536	0.22114339945366301	1.0	1.0	2.0
99000000	2.093925621377758	0.061171650004961275	1.0	1.0	2.0
99010000	0.2264753147034892	0.06622191413312581	1.0	1.0	2.0
99020000	4.421956939149784	1.1049622262134295	1.0	1.0	2.0
99030000	2.21943111482871	0.46280456493200844	1.0	1.0	2.0
99040000	1.9644974841002114	0.08533562534339609	1.0	1.0	2.0
99050000	4.120171002902173	0.14982549279676183	1.0	1.0	2.0
99060000	1.2816162731491163	0.20687115896569805	1.0	1.0	2.0
99070000	1.3485371187609096	0.38158491749003387	1.0	1.0	2.0
99080000	1.2686940342353563	0.14876006455221918	1.0	1.0	2.0
99090000	0.9492325305175973	0.7356943628094837	1.0	1.0	2.0
99100000	2.7661629088514528	0.08893924915004801	1.0	1.0	2.0
99110000	1.2938598474300882	0.705268137175535	1.0	1.0	2.0
99120000	0.24678340356406228	0.33468795797469897	1.0	1.0	2.0
99130000	0.28216596990201304	0.4280232897589363	1.0	1.0	2.0
99140000	0.4773396176905755	1.705470556443455	1.0	1.0	2.0
99150000	3.5991858124101093	1.579529053745826	1.0	1.0	2.0
99160000	1.495121773104413	0.01513584547512571	1.0	1.0	2.0
99170000	3.6640772160131094	0.7392116790142946	1.0	1.0	2.0
99180000	0.9912133732415741	0.3171215681131488	1.0	1.0	2.0
99190000	2.253509217063162	0.2733662402602458	1.0	1.0	2.0
99200000	0.2919773723836329	0.20968159833557776	1.0	1.0	2.0
99210000	1.361606004499771	1.064768617713653	1.0	1.0	2.0
99220000	2.3676493036056674	0.362039715879362	1.0	1.0	2.0
99230000	3.4074894201730683	0.043269167474664805	1.0	1.0	2.0
99240000	1.5172699072616287	0.9256929503792447	1.0	1.0	2.0
99250000	1.3352479913739705	1.2948151506521977	1.0	1.0	2.0
99260000	2.5306452024950663	0.34456814199165897	1.0	1.0	2.0
99270000	1.2162453179344253	0.13174944081685566	1.0	1.0	2.0
99280000	0.46950276325286616	0.15340483679099745	1.0	1.0	2.0
99290000	0.15473220239936245	0.11693837059535128	1.0	1.0	2.0
99300000	0.6438955901305317	0.3034588143301116	1.0	1.0	2.0
99310000	1.0482654024844915	0.894306045871466	1.0	1.0	2.0
99320000	0.514120081417745	0.2385776792325227	1.0	1.0	2.0
99330000	0.9076789945207777	0.3083035681965039	1.0	1.0	2.0
99340000	0.6585717546918988	1.4754629201354468	1.0	1.0	2.0
99350000	0.3668794301751061	0.044428715610844285	1.0	1.0	2.0
99360000	0.21375964499321584	0.13511729356888355	1.0	1.0	2.0
99370000	1.4130257609779338	0.1619764414359369	1.0	1.0	2.0
99380000	0.3237464905922443	0.6181738045920817	1.0	1.0	2.0
99390000	1.9990733290920844	1.1111871438081495	1.0	1.0	2.0
99400000	0.5263181877112124	0.0015699978446441095	1.0	1.0	2.0
99410000	1.0869266136966407	1.2301018651335187	1.0	1.0	2.0
99420000	2.1280982948624394	0.27156724163095897	1.0	1.0	2.0
99430000	2.510496915602334	0.23881496954078543	1.0	1.0	2.0
99440000	1.0427842765311892	0.24597737181147747	1.0	1.0	2.0
99450000	2.187494604439832	0.5809837462419353	1.0	1.0	2.0
99460000	0.2596441190232694	0.4156178406492622	1.0	1.0	2.0
99470000	1.0948654554611599	0.14059829184248976	1.0	1.0	2.0
99480000	0.68115200630701	0.04489605129788413	1.0	1.0	2.0
99490000	4.446800573754162	4.88165582837477	1.0	1.0	2.0
99500000	1.2299087507823743	0.1055545994229676	1.0	1.0	2.0
99510000	0.5940734866695964	0.46110964983542513	1.0	1.0	2.0
99520000	2.6464206086588526	0.10508175866306942	1.0	1.0	2.0
99530000	0.6283982913237252	1.7122764486510909	1.0	1.0	2.0
99540000	0.07848093829402066	0.26091423635842764	1.0	1.0	2.0
99550000	1.4500593764678196	0.3551246173769589	1.0	1.0	2.0
99560000	0.7785798687618294	0.4001985855100396	1.0	1.0	2.0
99570000	1.5589169618574075	1.788182742144644	1.0	1.0	2.0
99580000	3.0046165302986063	0.5223019304305189	1.0	1.0	2.0
99590000	1.80118826576161	0.49790218065198244	1.0	1.0	2.0
99600000	0.31312355869467534	0.24885821678667142	1.0	1.0	2.0
99610000	3.1348401865480557	0.4769260715340412	1.0	1.0	2.0
99620000	1.473645341584717	0.5113173872209538	1.0	1.0	2.0
99630000	0.9604759790023527	0.3199503260091317	1.0	1.0	2.0
99640000	1.3275917938876156	0.5744349791239518	1.0	1.0	2.0
99650000	1.7256920567157843	1.4882357534586137	1.0	1.0	2.0
99660000	1.6899420680069583	1.446203236656245	1.0	1.0	2.0
99670000	1.2611023410370974	3.2347590174446106	1.0	1.0	2.0
99680000	0.6995615362666102	0.6235508840976586	1.0	1.0	2.0
99690000	1.6294187508688065	0.7909631918948277	1.0	1.0	2.0
99700000	3.678895934108991	0.5529017149682733	1.0	1.0	2.0
99710000	0.45640045440646093	0.0426369586579234	1.0	1.0	2.0
99720000	0.9037798760503352	0.8240685287889588	1.0	1.0	2.0
99730000	0.4181383768126804	0.59355675223121	1.0	1.0	2.0
99740000	0.8947573013386563	0.2724660519792091	1.0	1.0	2.0
99750000	1.0530029176275288	0.10499974886102527	1.0	1.0	2.0
99760000	0.8109045073004943	1.1169385285872755	1.0	1.0	2.0
99770000	0.3586425866458848	0.06155829513107623	1.0	1.0	2.0
99780000	1.4315528873500252	0.268809935058186	1.0	1.0	2.0
99790000	1.6746524308403674	0.042366963451836145	1.0	1.0	2.0
99800000	0.5253331763803094	0.912724234338784	1.0	1.0	2.0
99810000	1.1274137292940682	0.026392315431110536	1.0	1.0	2.0
99820000	1.4696403130218694	0.290841230158895	1.0	1.0	2.0
99830000	1.2748868340942383	0.17708238100174434	1.0	1.0	2.0
99840000	2.1659384002171054	1.1589764260441824	1.0	1.0	2.0
99850000	1.3376562411052688	0.14852658148796424	1.0	1.0	2.0
99860000	1.288648693570264	0.29434270463834195	1.0	1.0	2.0
99870000	1.7171255710600217	0.04754706502081219	1.0	1.0	2.0
99880000	1.4337908758488078	0.19344242164324812	1.0	1.0	2.0
99890000	1.9918711975433459	0.01701291878751008	1.0	1.0	2.0
99900000	0.3152862616902067	1.145077322376573	1.0	1.0	2.0
99910000	0.6706113018802029	0.36826276082492315	1.0	1.0	2.0
99920000	2.159460596673997	0.3980731349387633	1.0	1.0	2.0
99930000	1.5915709650982965	0.3069027315279696	1.0	1.0	2.0
99940000	0.3747211447678516	0.10417902129023468	1.0	1.0	2.0
99950000	1.6127690580150813	0.5175700286616425	1.0	1.0	2.0
99960000	0.7656349486443093	0.5894241973340031	1.0	1.0	2.0
99970000	3.0798505706381176	0.5058869704971892	1.0	1.0	2.0
99980000	1.0048005261136959	0.036138752646564916	1.0	1.0	2.0
99990000	0.5861617571378155	0.09343268494324758	1.0	1.0	2.0
100000000	4.662552359024703	0.43118283338596514	1.0	1.0	2.0
