# BEAST v10.5.0
# Generated Thu Apr 09 11:53:39 BRT 2026 [seed=1775746417747]
# CDV_GTRG4_skygrid_strict_4traits.xml
state	host_1.rates.Carnivora.Primates	host_1.rates.Primates.Carnivora	host_1.indicators.Carnivora.Primates	host_1.indicators.Primates.Carnivora	host_1.nonZeroRates
0	1.0	1.0	1.0	1.0	2.0
10000	0.5104112428740054	0.3699196555583368	1.0	1.0	2.0
20000	2.9420465829175835	2.9255191162695615	1.0	1.0	2.0
30000	0.8110493149123885	0.7319296319324069	1.0	1.0	2.0
40000	1.5297961278684236	0.7678467756732554	1.0	1.0	2.0
50000	0.16682344135181654	0.7864788923942854	1.0	1.0	2.0
60000	4.50756876846049	0.3384506165336816	1.0	1.0	2.0
70000	0.1930674281897592	0.013803395773469965	1.0	1.0	2.0
80000	1.2169514039924443	1.0562289079653622	1.0	1.0	2.0
90000	1.4670329698941291	2.686113115503638	1.0	1.0	2.0
100000	0.6574057146231592	0.37177593670624054	1.0	1.0	2.0
110000	0.2608242050720426	0.12695806883786148	1.0	1.0	2.0
120000	0.4913671086370651	0.05049372206893263	1.0	1.0	2.0
130000	1.2010560608491057	0.20001372922615215	1.0	1.0	2.0
140000	1.0822131943798403	0.002975169611377524	1.0	1.0	2.0
150000	0.32255423093432345	0.19558417416113055	1.0	1.0	2.0
160000	5.292500563252651	1.6531617855899337	1.0	1.0	2.0
170000	0.4241033347545986	0.19569845005833067	1.0	1.0	2.0
180000	0.970993221333007	0.8285253171399126	1.0	1.0	2.0
190000	0.7664179618813852	1.303171157553353	1.0	1.0	2.0
200000	1.671395190017669	0.544093357247469	1.0	1.0	2.0
210000	0.42635899581044717	0.6911736654682517	1.0	1.0	2.0
220000	1.467138042066267	0.48863213276707684	1.0	1.0	2.0
230000	0.5932143058058377	0.45039449950186927	1.0	1.0	2.0
240000	1.8809174220796947	3.1156559370145094	1.0	1.0	2.0
250000	1.2857611236134818	0.5035538401458131	1.0	1.0	2.0
260000	0.2857628799719405	0.07012689427028536	1.0	1.0	2.0
270000	1.0527556537311167	0.05340739201657448	1.0	1.0	2.0
280000	3.213482746559316	1.492630825448307	1.0	1.0	2.0
290000	2.446133063271974	1.0731004722366753	1.0	1.0	2.0
300000	2.0338335498326687	0.11310896219495471	1.0	1.0	2.0
310000	2.205702995246784	0.4437122821429651	1.0	1.0	2.0
320000	1.0767748911963084	1.9833043703272026	1.0	1.0	2.0
330000	2.029242557731413	0.025040499522886717	1.0	1.0	2.0
340000	0.36199728928684344	0.1795989473172845	1.0	1.0	2.0
350000	0.37467627229318784	1.100918677120956	1.0	1.0	2.0
360000	1.301007239757652	0.6574868386142535	1.0	1.0	2.0
370000	1.7778853169539945	0.43524185834920315	1.0	1.0	2.0
380000	1.4050260110156234	0.13712513538190196	1.0	1.0	2.0
390000	0.6127582979235173	1.756834449692463	1.0	1.0	2.0
400000	0.273083783528555	1.9273564699998968	1.0	1.0	2.0
410000	0.4784503819308172	0.07460908293198434	1.0	1.0	2.0
420000	1.1563842290760709	0.946695858202547	1.0	1.0	2.0
430000	0.42117580689363593	0.6081856390927939	1.0	1.0	2.0
440000	0.3786437385509587	0.1632914272360794	0.0	1.0	1.0
450000	1.3509052209702668	0.01169554594510674	1.0	1.0	2.0
460000	0.7166570124032463	0.09906469014698263	1.0	1.0	2.0
470000	2.164720047178921	0.430410349152909	1.0	1.0	2.0
480000	0.683665126910831	0.03231804099330163	1.0	1.0	2.0
490000	0.3997719899259574	0.3051500851171012	1.0	1.0	2.0
500000	0.8013115192999632	0.03058050952851118	1.0	1.0	2.0
510000	3.768912055118676	0.8638688079066529	1.0	1.0	2.0
520000	0.6156471262548343	0.01848720557733625	1.0	1.0	2.0
530000	0.811715415311361	0.017076512228544387	1.0	1.0	2.0
540000	0.24482562454240483	0.1077119710911144	1.0	1.0	2.0
550000	2.9370014768466874	0.2664325485466728	1.0	1.0	2.0
560000	0.9561599211881235	0.19522706992519603	1.0	1.0	2.0
570000	2.8343433487252123	1.5098768191620835	1.0	1.0	2.0
580000	0.2418347021942349	1.0670051788858035	1.0	1.0	2.0
590000	1.2749800860606875	0.05130912688794478	1.0	1.0	2.0
600000	1.5634661224213913	0.38376719295455813	1.0	1.0	2.0
610000	1.0424160083307559	0.24644196732945536	1.0	1.0	2.0
620000	1.8418496810044833	0.8498970741615909	1.0	1.0	2.0
630000	0.8773266096591401	0.42276475674267033	1.0	1.0	2.0
640000	4.2975286474658025	0.4820189581882638	1.0	1.0	2.0
650000	0.6693587202346007	0.2561147803561229	1.0	1.0	2.0
660000	0.30821643060247883	0.11122777762564609	1.0	1.0	2.0
670000	0.831609355370294	0.061124221813864676	1.0	1.0	2.0
680000	0.9427686258228334	0.5558185705443491	1.0	1.0	2.0
690000	2.73665605974764	1.357937854095178	1.0	1.0	2.0
700000	0.45021372194154724	0.06736694243374935	1.0	1.0	2.0
710000	1.0867695636545025	1.5373097271436043	1.0	1.0	2.0
720000	1.8714821117847307	0.7857644875581673	1.0	1.0	2.0
730000	0.21568597522488503	0.1568159394670893	1.0	1.0	2.0
740000	1.8949066863397603	1.9251634068405694	1.0	1.0	2.0
750000	3.4823694135944807	0.07942374065671591	1.0	1.0	2.0
760000	1.6153271429252107	0.8934039340545438	1.0	1.0	2.0
770000	1.1699293794208738	0.17803220927639574	1.0	1.0	2.0
780000	2.1412569273620212	0.7922756233464203	1.0	1.0	2.0
790000	0.6450413473520317	0.4317474960384873	1.0	1.0	2.0
800000	1.4632531068551464	0.5699687206542008	1.0	1.0	2.0
810000	2.8008472586958386	0.18593164510171353	1.0	1.0	2.0
820000	0.2687699649443818	0.4163105941329191	1.0	1.0	2.0
830000	0.9484887069837561	0.21748785656167754	1.0	1.0	2.0
840000	0.45394046870791604	0.30629685745702834	1.0	1.0	2.0
850000	2.176046332747963	1.3871671802676087	1.0	1.0	2.0
860000	1.4560360787586184	0.9278361867443503	1.0	1.0	2.0
870000	1.983579923109718	2.0041284564266095	1.0	1.0	2.0
880000	2.0131594722928496	0.954471319399558	1.0	1.0	2.0
890000	1.064667582033417	0.9705290983870248	1.0	1.0	2.0
900000	0.45435875019068234	0.34272627082768675	1.0	1.0	2.0
910000	0.3926863204381372	0.5767854997818358	1.0	1.0	2.0
920000	1.7507357973505668	1.0155475802147083	1.0	1.0	2.0
930000	0.623499837631513	0.34636143396550784	1.0	1.0	2.0
940000	1.756173943664204	0.9590592345963154	1.0	1.0	2.0
950000	2.391873460218372	0.8302742055083724	1.0	1.0	2.0
960000	0.9133505013905315	0.4326516619070979	1.0	1.0	2.0
970000	0.24138831658338664	0.5394458951170287	1.0	1.0	2.0
980000	0.397329406599036	0.2145374420525409	1.0	1.0	2.0
990000	1.2459636354663488	0.5585933403190326	1.0	1.0	2.0
1000000	0.3038149337174516	1.3126168832753218	1.0	1.0	2.0
1010000	0.7078330545270313	1.5542533533342926	0.0	1.0	1.0
1020000	0.7768035157053877	0.1533004017668557	1.0	1.0	2.0
1030000	0.2953362074332921	0.29785897152549556	1.0	1.0	2.0
1040000	0.8421988780528401	0.10420932611342662	1.0	1.0	2.0
1050000	3.7443174074855654	0.10535026963571172	1.0	1.0	2.0
1060000	0.764910779458055	0.35606277794097185	1.0	1.0	2.0
1070000	0.38858292432098973	0.2408382154619154	1.0	1.0	2.0
1080000	0.6921961919980291	1.0627880967639856	1.0	1.0	2.0
1090000	1.521582458614329	0.30815767896067153	1.0	1.0	2.0
1100000	0.8307634573802873	0.7025805512951926	1.0	1.0	2.0
1110000	0.23594873583516107	0.0365740852421653	1.0	1.0	2.0
1120000	0.2289314373295374	0.11717678657336666	1.0	1.0	2.0
1130000	1.2440517773279034	1.145378920905136	1.0	1.0	2.0
1140000	0.2532506183891405	0.1366803179842358	1.0	1.0	2.0
1150000	2.5200037153363186	1.02698406362959	1.0	1.0	2.0
1160000	0.7293266090769519	0.46622134827708916	1.0	1.0	2.0
1170000	0.043615723488016206	0.015276141868926224	1.0	1.0	2.0
1180000	1.0417706062244685	0.746192934760267	1.0	1.0	2.0
1190000	1.218413001838937	0.5580773116143989	1.0	1.0	2.0
1200000	2.121143759807056	0.1723614162018916	1.0	1.0	2.0
1210000	1.2561958276804022	0.10623135913834357	1.0	1.0	2.0
1220000	0.3452375219551436	0.1428568777700041	1.0	1.0	2.0
1230000	0.5181109620172379	0.9276363747225164	1.0	1.0	2.0
1240000	0.9587813580343981	0.42829579273316404	1.0	1.0	2.0
1250000	0.78342061050259	1.1949563828194707	1.0	1.0	2.0
1260000	0.11307700151742678	0.132802823536719	1.0	1.0	2.0
1270000	0.21605182760193326	0.043523377825513604	1.0	1.0	2.0
1280000	0.6854052986315472	0.03980375946656708	1.0	1.0	2.0
1290000	1.3383224570706473	1.0815761078357573	1.0	1.0	2.0
1300000	0.1914803384972814	0.03573604661981004	1.0	1.0	2.0
1310000	1.1124313188651593	3.126666035882798	1.0	1.0	2.0
1320000	0.1641094831450351	0.005101968246063979	1.0	1.0	2.0
1330000	1.555292357371817	0.21312310495680042	1.0	1.0	2.0
1340000	1.5358679880861563	2.1162846031229643	1.0	1.0	2.0
1350000	2.6981368668392505	0.1469679474230932	1.0	1.0	2.0
1360000	3.343431310150587	1.8207222687540485	1.0	1.0	2.0
1370000	0.13272217459148555	0.08673103755868891	1.0	1.0	2.0
1380000	0.17878465396545604	0.09303075028630392	1.0	1.0	2.0
1390000	0.6814065300035906	1.0298167444582857	1.0	1.0	2.0
1400000	0.2608590024836977	1.023473951354201	1.0	1.0	2.0
1410000	0.49928061249660366	0.0934925214484924	1.0	1.0	2.0
1420000	0.6336131094694228	0.7395805259644694	1.0	1.0	2.0
1430000	0.4879608333840797	0.1913069566646266	1.0	1.0	2.0
1440000	0.44312789687243104	0.10771212273540369	1.0	1.0	2.0
1450000	1.4084938581889694	0.11140820565781175	1.0	1.0	2.0
1460000	0.44415016326061924	1.612885643928654	1.0	1.0	2.0
1470000	2.5108967858310796	0.023438843897678203	1.0	1.0	2.0
1480000	0.9524714851826326	0.2317150472943329	1.0	1.0	2.0
1490000	0.31320724828444135	0.022057664731398096	1.0	1.0	2.0
1500000	0.518923755921897	0.17852179312278543	1.0	1.0	2.0
1510000	1.4703132175844151	1.1759832358938245	1.0	1.0	2.0
1520000	0.4465100330093543	0.5021587715728181	1.0	1.0	2.0
1530000	0.2153697755142797	0.07503713369094688	1.0	1.0	2.0
1540000	1.435207063491043	0.37160251098691804	1.0	1.0	2.0
1550000	0.821636822220215	0.2893183596314847	1.0	1.0	2.0
1560000	1.3178899942422726	0.2515329127224893	1.0	1.0	2.0
1570000	1.2974628510905342	0.6861221384566047	1.0	1.0	2.0
1580000	0.4972159054988278	0.837686070445875	1.0	1.0	2.0
1590000	3.196703368298263	0.32924440943156635	1.0	1.0	2.0
1600000	0.39970073533090184	0.14591040728023794	1.0	1.0	2.0
1610000	1.9607482754261247	2.5123295836717876	1.0	1.0	2.0
1620000	0.24627595448046663	0.039213670073203755	1.0	1.0	2.0
1630000	0.4154058245201445	0.157477061952021	1.0	1.0	2.0
1640000	1.9018442427415283	0.223856537033528	1.0	1.0	2.0
1650000	0.13281636607622446	0.22277430439498122	1.0	1.0	2.0
1660000	0.5708027991182963	0.6630144552358197	1.0	1.0	2.0
1670000	1.2811576247341345	0.6309930246406407	1.0	1.0	2.0
1680000	0.8470860612883371	0.1821247750089109	1.0	1.0	2.0
1690000	1.0759446222588507	0.13178593230474395	1.0	1.0	2.0
1700000	4.1134874239007715	0.9001597920125404	1.0	1.0	2.0
1710000	0.726167339115806	0.034140125822108666	1.0	1.0	2.0
1720000	1.8950582305210235	0.27465051052856776	1.0	1.0	2.0
1730000	2.865812636216005	0.4293214489119962	1.0	1.0	2.0
1740000	0.9231120495470174	0.05301602438511406	1.0	1.0	2.0
1750000	2.7169040689372146	0.2936180255247861	1.0	1.0	2.0
1760000	0.7245190902107511	0.11479405553193663	1.0	1.0	2.0
1770000	0.682832995196264	1.932287808026948	1.0	1.0	2.0
1780000	0.23540764385206123	0.18732960464151896	1.0	1.0	2.0
1790000	1.6523558068585567	0.05862200421298373	1.0	1.0	2.0
1800000	0.4714588475890736	0.08675374922093375	1.0	1.0	2.0
1810000	0.9320614854365115	1.3417403123389489	1.0	1.0	2.0
1820000	3.376928942659943	0.9147919056033433	1.0	1.0	2.0
1830000	4.117555303731026	0.003082654587026121	1.0	1.0	2.0
1840000	1.9277487605180414	1.535364476555647	1.0	1.0	2.0
1850000	0.4396303717993228	0.24733263415358403	1.0	1.0	2.0
1860000	0.22879277117812	0.11141206312938212	1.0	1.0	2.0
1870000	1.3753951150842998	1.8273347407330287	1.0	1.0	2.0
1880000	0.3669831243453297	0.03235995139785748	1.0	1.0	2.0
1890000	1.1951395725610734	0.38456804864871735	1.0	1.0	2.0
1900000	0.250278076620613	0.42103434112994936	1.0	1.0	2.0
1910000	0.11296094631308316	0.14523201557368876	1.0	1.0	2.0
1920000	0.6364020704166999	0.47662382677217396	1.0	1.0	2.0
1930000	2.418581402581043	0.07521080983982345	1.0	1.0	2.0
1940000	0.7242388600291199	0.9034848690439541	1.0	1.0	2.0
1950000	2.3840438811561078	0.9773077460483176	1.0	1.0	2.0
1960000	0.5331609058750669	0.2824726442135639	1.0	1.0	2.0
1970000	1.335009315045124	0.037608370246360344	1.0	1.0	2.0
1980000	0.4612572081079451	0.15641471560826006	1.0	1.0	2.0
1990000	1.1736238340589713	0.590761959495694	1.0	1.0	2.0
2000000	1.2809609944029476	0.04307371088684269	1.0	1.0	2.0
2010000	1.7153006186092932	1.7529987471082538	1.0	1.0	2.0
2020000	1.8008526093659678	0.4438696899174423	1.0	1.0	2.0
2030000	2.2477225161405463	0.34234844419555044	1.0	1.0	2.0
2040000	2.032536626962927	0.3001646653497883	1.0	1.0	2.0
2050000	2.4435155824233035	0.27111989688773763	1.0	1.0	2.0
2060000	0.3063814803035284	0.009491631553212393	1.0	1.0	2.0
2070000	0.9207709972793865	0.4781210033325266	1.0	1.0	2.0
2080000	1.1711570073533086	0.792058432246727	1.0	1.0	2.0
2090000	0.7279045138993423	0.3177342715296296	1.0	1.0	2.0
2100000	0.8705250167952129	0.06259266809623346	1.0	1.0	2.0
2110000	0.5369275259526274	0.47447490046465823	1.0	1.0	2.0
2120000	1.4656740841044378	0.15944594955595778	1.0	1.0	2.0
2130000	0.9267976308550219	0.20684777363850784	1.0	1.0	2.0
2140000	0.2921578914590208	0.23527747026425136	1.0	1.0	2.0
2150000	1.8586247746895683	0.5235115477462453	1.0	1.0	2.0
2160000	1.6046514041657092	0.6503285742297749	1.0	1.0	2.0
2170000	1.940236616333617	0.05758237116088701	1.0	1.0	2.0
2180000	0.6244393338243898	0.5737312684898045	1.0	1.0	2.0
2190000	1.8899961844290145	0.4928390816494226	1.0	1.0	2.0
2200000	0.5784674068504635	0.522948746419282	1.0	1.0	2.0
2210000	0.154486304987898	0.14685426610465568	1.0	1.0	2.0
2220000	0.4713192351342958	0.5941205380162453	1.0	1.0	2.0
2230000	2.13129297839249	1.4948347889794869	1.0	1.0	2.0
2240000	0.6750534660577759	0.028281971880318228	1.0	1.0	2.0
2250000	2.06078836274361	0.45550428515385755	1.0	1.0	2.0
2260000	0.07168163590146136	0.11760194214467964	1.0	1.0	2.0
2270000	0.6069029803643128	0.5246760403627581	1.0	1.0	2.0
2280000	2.176317393042941	0.004465650356219926	1.0	1.0	2.0
2290000	0.9898782119511838	0.6228212482339499	1.0	1.0	2.0
2300000	1.676234647576542	0.4791889636245963	1.0	1.0	2.0
2310000	1.1685598540180493	0.1877151240066997	1.0	1.0	2.0
2320000	1.1628214012850475	0.08559653243586818	1.0	1.0	2.0
2330000	0.9604704048933462	0.21588583359946684	1.0	1.0	2.0
2340000	1.195053878956313	0.34672298463731444	1.0	1.0	2.0
2350000	0.3384930553753103	0.7251795974564293	1.0	1.0	2.0
2360000	4.252383513947805	2.461929922969258	1.0	1.0	2.0
2370000	4.203614115021827	0.22242038071811346	1.0	1.0	2.0
2380000	2.2174852943793137	0.10484364069872998	1.0	1.0	2.0
2390000	4.92847859834215	0.636492188647851	1.0	1.0	2.0
2400000	0.26088861134671687	1.5862990556485836	1.0	1.0	2.0
2410000	0.3952275013127046	0.2229462211199843	1.0	1.0	2.0
2420000	0.9634475849056178	0.20294392288047708	1.0	1.0	2.0
2430000	2.5761795914379095	0.9935608043324679	1.0	1.0	2.0
2440000	0.4938327462842454	0.6543924738310137	1.0	1.0	2.0
2450000	0.5025971987658765	0.9180426407456745	1.0	1.0	2.0
2460000	0.44939308765655683	0.008800346113168963	1.0	1.0	2.0
2470000	4.268732629619653	0.14530198174789258	1.0	1.0	2.0
2480000	1.0063443657334479	0.6816873786783454	1.0	1.0	2.0
2490000	2.0003282709195265	0.3771428069425364	1.0	1.0	2.0
2500000	1.2052941193980409	0.16237029117703422	1.0	1.0	2.0
2510000	3.8025196452935637	0.5985798110478714	1.0	1.0	2.0
2520000	0.12291480331914298	0.21468707341931947	1.0	1.0	2.0
2530000	1.313238436862298	0.2890380872998555	1.0	1.0	2.0
2540000	1.752891066411277	0.043548026357504835	1.0	1.0	2.0
2550000	0.9027549207667751	0.45249464092094255	1.0	1.0	2.0
2560000	0.1885260356492296	0.25241250159151385	1.0	1.0	2.0
2570000	0.988114792654934	2.3747519701850512	1.0	1.0	2.0
2580000	0.2643447893642522	0.008700043126975912	1.0	1.0	2.0
2590000	0.5165099423166037	0.014953770375597118	1.0	1.0	2.0
2600000	0.4524210518910152	1.3834765087825214	1.0	1.0	2.0
2610000	1.9722111907990445	0.0062742651578711625	1.0	1.0	2.0
2620000	0.6097472245953645	1.305525913763331	1.0	1.0	2.0
2630000	5.219274329185087	0.2962431412223926	1.0	1.0	2.0
2640000	0.9300849226066963	0.28083051068850945	1.0	1.0	2.0
2650000	2.05415912823094	0.023535834089479818	1.0	1.0	2.0
2660000	0.8592910387053592	0.3273148006087315	1.0	1.0	2.0
2670000	0.20909397842093627	0.3579818009769458	1.0	1.0	2.0
2680000	1.4016232136817939	0.13797415482896372	1.0	1.0	2.0
2690000	1.2834871837340427	0.0077843723595734165	1.0	1.0	2.0
2700000	4.465762346097068	1.3042078923310763	1.0	1.0	2.0
2710000	3.7410868202992638	1.0464960879076561	1.0	1.0	2.0
2720000	0.20090768205023515	0.39225072591041055	1.0	1.0	2.0
2730000	0.07337655366408141	0.13756514038168313	1.0	1.0	2.0
2740000	0.17761625505964837	0.7035244639987814	1.0	1.0	2.0
2750000	0.46941843653511667	0.26688617307511614	1.0	1.0	2.0
2760000	1.6745213625187911	1.0157242954124726	1.0	1.0	2.0
2770000	0.5384215087427024	1.0894734962885784	1.0	1.0	2.0
2780000	1.0746067944017699	0.3094510409219056	1.0	1.0	2.0
2790000	1.1696894418564907	0.39151581826678133	1.0	1.0	2.0
2800000	3.2410915721997506	0.5545966721260156	1.0	1.0	2.0
2810000	0.7087727133723791	0.6597083750650778	1.0	1.0	2.0
2820000	0.019366069619407737	1.4860874745687118	1.0	1.0	2.0
2830000	2.0992155247890163	0.3165843564641567	1.0	1.0	2.0
2840000	1.7797918509456772	1.7587987694251974	1.0	1.0	2.0
2850000	1.0366251504706558	0.055219659786125544	1.0	1.0	2.0
2860000	5.642649433214374	0.42174626942147225	1.0	1.0	2.0
2870000	0.6335944434336976	2.5761264080875588	1.0	1.0	2.0
2880000	0.35377169441734174	0.3107963748510914	1.0	1.0	2.0
2890000	0.4018984717730925	0.15799611390711496	1.0	1.0	2.0
2900000	1.1209727549308501	0.2411907185612404	1.0	1.0	2.0
2910000	2.418352789820376	0.5094507761510334	1.0	1.0	2.0
2920000	3.4066538101099524	2.404142521101676	1.0	1.0	2.0
2930000	0.044787938676858645	0.00911142531921761	1.0	1.0	2.0
2940000	1.7787654924404082	0.7784151592403906	1.0	1.0	2.0
2950000	0.3307766618956287	0.014712838450410784	1.0	1.0	2.0
2960000	0.7368207965910294	0.1341819844854277	1.0	1.0	2.0
2970000	0.559173587181347	0.06437913541239268	1.0	1.0	2.0
2980000	1.6883317407958882	1.1171079707521174	1.0	1.0	2.0
2990000	0.08501268828623004	0.06125401667486918	1.0	1.0	2.0
3000000	1.022545407450114	0.07825619828912848	1.0	1.0	2.0
3010000	2.9873232243039465	0.11132441660793113	1.0	1.0	2.0
3020000	1.3976423699563287	0.3933560855817273	1.0	1.0	2.0
3030000	3.014049529698316	2.1952239468015535	1.0	1.0	2.0
3040000	0.8183134896344498	0.34662398345498296	1.0	1.0	2.0
3050000	0.09483537670285522	0.020962139077189135	1.0	1.0	2.0
3060000	4.071807547511265	0.9259252108680025	1.0	1.0	2.0
3070000	0.4735592187691111	0.0043926337530931685	1.0	1.0	2.0
3080000	0.5863577597522058	0.5125033918758962	1.0	1.0	2.0
3090000	2.3211507031315715	0.5215726768224568	1.0	1.0	2.0
3100000	0.48704681609303235	0.30433195086154863	1.0	1.0	2.0
3110000	0.7840035721897639	1.039768934147462	1.0	1.0	2.0
3120000	1.7541281496725611	0.20589946322141753	1.0	1.0	2.0
3130000	3.1320204136268073	0.825953263785433	1.0	1.0	2.0
3140000	0.3606168074780324	0.014042035566557944	1.0	1.0	2.0
3150000	0.31907557333593595	0.06368380174558888	1.0	1.0	2.0
3160000	0.1067549219801685	0.1480993008764966	1.0	1.0	2.0
3170000	0.8139779858170202	0.04633566988748779	1.0	1.0	2.0
3180000	2.500773852509824	1.5052127734813139	1.0	1.0	2.0
3190000	3.601536148020511	0.0685819744064469	1.0	1.0	2.0
3200000	0.5873169938031529	0.5161389923508172	1.0	1.0	2.0
3210000	1.0553950088180362	0.47082168111962247	1.0	1.0	2.0
3220000	0.9115867340732494	0.3914564007300423	1.0	1.0	2.0
3230000	3.2273674283176983	0.6191436771015059	1.0	1.0	2.0
3240000	0.5505851578672308	0.706214576645488	1.0	1.0	2.0
3250000	1.3460155585158597	0.48690167204141205	1.0	1.0	2.0
3260000	0.4507961279441511	0.22403793632707014	1.0	1.0	2.0
3270000	1.0065209170720282	0.7877826569843012	1.0	1.0	2.0
3280000	1.8489906137411058	0.1673117263324563	1.0	1.0	2.0
3290000	2.9171930182129797	0.05473632414342759	1.0	1.0	2.0
3300000	0.12520067511834704	0.007925753806151594	1.0	1.0	2.0
3310000	0.28750131069140145	0.032859674880532944	1.0	1.0	2.0
3320000	0.9563763341835346	0.7826115684462172	1.0	1.0	2.0
3330000	3.4722005324314056	0.27073444737941565	1.0	1.0	2.0
3340000	1.2775504828429916	0.4041890400681361	1.0	1.0	2.0
3350000	0.28754187692402916	0.06347578318226688	1.0	1.0	2.0
3360000	0.6897405509025618	1.5751605540320486	1.0	1.0	2.0
3370000	0.4144762215385314	0.9817969124965884	1.0	1.0	2.0
3380000	2.5278236712645463	0.48899374756823377	1.0	1.0	2.0
3390000	0.47703350092088387	1.021616740529669	1.0	1.0	2.0
3400000	2.2021368581458884	1.8747756499898973	1.0	1.0	2.0
3410000	1.738859043161543	0.8095974056732034	0.0	1.0	1.0
3420000	0.7856507835443821	0.7217195475373793	1.0	1.0	2.0
3430000	1.0797559679929718	0.27239712655450976	1.0	1.0	2.0
3440000	0.6821972612150617	0.03281135356276526	1.0	1.0	2.0
3450000	1.9763945271507488	0.295744575318205	1.0	1.0	2.0
3460000	0.5891967587954117	0.19451819087314723	1.0	1.0	2.0
3470000	3.4796240993542704	0.8856088279563323	1.0	1.0	2.0
3480000	4.167428326887684	0.3865834991015667	1.0	1.0	2.0
3490000	1.7447668871529123	0.7352153488724997	1.0	1.0	2.0
3500000	0.6356756427725287	0.06710474933999373	1.0	1.0	2.0
3510000	1.5436738164431325	1.5315577489290442	1.0	1.0	2.0
3520000	0.7991857124779208	0.15622961300620525	1.0	1.0	2.0
3530000	2.1930001144803435	0.5086678784569906	1.0	1.0	2.0
3540000	0.6013198527461989	0.24057648795658476	1.0	1.0	2.0
3550000	1.1154205853157602	0.7651464880353762	1.0	1.0	2.0
3560000	1.974173829658154	0.026597237367627584	1.0	1.0	2.0
3570000	0.9450394676071732	0.04126232218486771	1.0	1.0	2.0
3580000	0.645470456678682	0.1449277068079493	1.0	1.0	2.0
3590000	1.691858398255698	1.0201959931960929	1.0	1.0	2.0
3600000	0.9243722329209243	0.34855490886232166	1.0	1.0	2.0
3610000	0.2285692344164128	0.6449774288438923	1.0	1.0	2.0
3620000	1.238400987390075	0.9944862387871393	1.0	1.0	2.0
3630000	0.2716068111898507	0.2838795486971417	1.0	1.0	2.0
3640000	1.5069297910563324	0.1546554016538723	1.0	1.0	2.0
3650000	1.5166124319159069	0.546613947471749	1.0	1.0	2.0
3660000	0.5117785092871783	1.8173406283719171	1.0	1.0	2.0
3670000	0.34127587469008264	1.1250618772117866	1.0	1.0	2.0
3680000	1.295107126088893	0.08371529404347107	1.0	1.0	2.0
3690000	0.5760165811448651	0.06542180024965143	1.0	1.0	2.0
3700000	1.8110841897812422	1.8413631605567595	1.0	1.0	2.0
3710000	1.562819368126781	0.28527371505735366	1.0	1.0	2.0
3720000	2.451879421684939	2.6678864833960794	1.0	1.0	2.0
3730000	4.737500989455704	1.2158518198836774	1.0	1.0	2.0
3740000	2.5566177283654765	0.9238020675855746	1.0	1.0	2.0
3750000	0.2252558285146953	0.14209810885499016	1.0	1.0	2.0
3760000	1.5158708348272574	0.04003544005029552	1.0	1.0	2.0
3770000	1.5023194736270629	0.2838694301145671	1.0	1.0	2.0
3780000	0.05800646288694921	0.1305889193310015	1.0	1.0	2.0
3790000	0.9589226809111592	0.9675424602954166	1.0	1.0	2.0
3800000	0.9723854975721884	0.14511709193751168	1.0	1.0	2.0
3810000	2.054799742692135	0.9482939976539124	1.0	1.0	2.0
3820000	2.3757341484551886	0.5082256543533449	1.0	1.0	2.0
3830000	2.4965513929644865	7.8797021766292	1.0	1.0	2.0
3840000	1.2676266476364522	0.6863626040578058	1.0	1.0	2.0
3850000	2.462102048417545	0.1178044923218212	1.0	1.0	2.0
3860000	2.938707402564428	4.531084346212606	1.0	1.0	2.0
3870000	0.8093761539244833	0.2997774459229541	1.0	1.0	2.0
3880000	1.3897855870827802	0.344945581898038	1.0	1.0	2.0
3890000	4.721424395868814	1.640303112787157	1.0	1.0	2.0
3900000	1.1369257748660195	0.1666760308416968	1.0	1.0	2.0
3910000	0.8936318488942218	0.2017601559516916	1.0	1.0	2.0
3920000	1.909054055272244	0.40266946696134226	1.0	1.0	2.0
3930000	0.4643892247478442	0.005648526083923234	1.0	1.0	2.0
3940000	1.2395551330245216	0.791767780750112	1.0	1.0	2.0
3950000	0.8975584333016151	0.08276354506036064	1.0	1.0	2.0
3960000	1.8255380702020516	0.6094433425134802	1.0	1.0	2.0
3970000	2.54647692831835	0.35385654989736204	1.0	1.0	2.0
3980000	0.5052328112768939	0.6672603834532193	1.0	1.0	2.0
3990000	1.7754605249301063	1.3233772061767097	1.0	1.0	2.0
4000000	1.510484962539595	1.2326008174501764	1.0	1.0	2.0
4010000	1.3007168423389313	0.4070790493715163	1.0	1.0	2.0
4020000	0.320101663447064	0.1529460688979531	1.0	1.0	2.0
4030000	0.29490125122838323	0.19894442083913522	1.0	1.0	2.0
4040000	3.3355732473515567	0.5885436604304	1.0	1.0	2.0
4050000	2.467157520469525	0.1934753724514406	1.0	1.0	2.0
4060000	2.2869181847112756	2.661448866093094	1.0	1.0	2.0
4070000	1.1507314634129122	0.22489553843411375	1.0	1.0	2.0
4080000	0.6144592436787696	0.7428671946202883	1.0	1.0	2.0
4090000	0.19801084868290947	0.06049488114972411	1.0	1.0	2.0
4100000	1.4345742443711882	0.7782303482336419	1.0	1.0	2.0
4110000	1.2620205303465606	0.8764590481806157	1.0	1.0	2.0
4120000	0.47394143219286783	0.10218400160642174	1.0	1.0	2.0
4130000	1.0531416423553785	0.4509634073352959	1.0	1.0	2.0
4140000	0.3285877394165425	1.6168177739251024	1.0	1.0	2.0
4150000	2.387278932540332	0.06175548839202851	1.0	1.0	2.0
4160000	2.3022625852156793	0.08636733784669708	1.0	1.0	2.0
4170000	0.7963215097260458	0.14166451099953814	1.0	1.0	2.0
4180000	0.8835238076329964	0.20378928376218958	1.0	1.0	2.0
4190000	0.2207855903699893	0.164468387994415	1.0	1.0	2.0
4200000	4.530375151853116	0.20536879005999797	1.0	1.0	2.0
4210000	0.9149620680824964	0.17691915827921273	1.0	1.0	2.0
4220000	4.74775151076253	0.31436634358555765	1.0	1.0	2.0
4230000	1.4257899463813322	0.8353678912236716	1.0	1.0	2.0
4240000	2.966711532425461	0.3793792663395112	1.0	1.0	2.0
4250000	1.3316139832106	0.5686827611310493	1.0	1.0	2.0
4260000	1.2700389763823057	0.12240327880463506	1.0	1.0	2.0
4270000	1.1202586071819842	1.2341140917082332	1.0	1.0	2.0
4280000	3.072001857532325	0.5627911023542703	1.0	1.0	2.0
4290000	1.3984233286187606	1.3170139844855402	1.0	1.0	2.0
4300000	0.5149417197395721	0.015933815492197398	1.0	1.0	2.0
4310000	0.5711714079301071	0.5119003944642755	1.0	1.0	2.0
4320000	1.4642701834827234	0.8844665055262175	1.0	1.0	2.0
4330000	1.8471947680286378	0.3232991923437585	1.0	1.0	2.0
4340000	1.6999247648267104	1.042403759085085	1.0	1.0	2.0
4350000	1.4414992572035943	2.4626594739174017	1.0	1.0	2.0
4360000	0.7792247658368519	1.5711323420408114	1.0	1.0	2.0
4370000	3.112916010559323	0.2556764682559649	1.0	1.0	2.0
4380000	1.1682377088002243	0.6813589069415806	1.0	1.0	2.0
4390000	0.647095831300275	0.2192978800788694	1.0	1.0	2.0
4400000	0.5960170278219749	1.0484147617084527	1.0	1.0	2.0
4410000	0.8457042649917357	0.056739935508532596	1.0	1.0	2.0
4420000	1.1551257308228045	0.16435240346994245	1.0	1.0	2.0
4430000	0.5800740280247219	0.07776984119512971	1.0	1.0	2.0
4440000	2.5703820224277774	0.3011087886370622	1.0	1.0	2.0
4450000	1.9723462694250506	0.9788292031763912	1.0	1.0	2.0
4460000	0.4334186086090129	0.8667477694259645	1.0	1.0	2.0
4470000	1.6337351190016656	0.8345766991854808	1.0	1.0	2.0
4480000	0.2917598608608712	0.10474838676306206	1.0	1.0	2.0
4490000	0.8798719895988244	0.2466455184259748	1.0	1.0	2.0
4500000	1.5796890420890604	0.2202527206350309	1.0	1.0	2.0
4510000	1.031823667722287	0.8365508814704067	1.0	1.0	2.0
4520000	1.051721166897696	0.07325618802547337	1.0	1.0	2.0
4530000	1.7457853152690403	0.9527301042502693	1.0	1.0	2.0
4540000	1.1051771080621737	0.3630782418696898	1.0	1.0	2.0
4550000	2.534116893903192	0.64578287356312	1.0	1.0	2.0
4560000	2.0677343757324387	0.04433190151460525	1.0	1.0	2.0
4570000	1.346709375707377	0.14335825315729936	1.0	1.0	2.0
4580000	1.1107735341759564	1.4627443531925615	1.0	1.0	2.0
4590000	0.3564696437505042	0.05745207257748219	1.0	1.0	2.0
4600000	0.8307449871009724	1.068648199598124	1.0	1.0	2.0
4610000	1.300817838958031	0.5264128619015763	1.0	1.0	2.0
4620000	0.5012371405411696	0.4565676280646415	1.0	1.0	2.0
4630000	0.4781909250891255	0.7425333920244437	1.0	1.0	2.0
4640000	0.6957773447875586	0.049273255868852776	1.0	1.0	2.0
4650000	0.5843034576295834	0.27620127476088396	1.0	1.0	2.0
4660000	5.420496035572155	0.3266975486908122	1.0	1.0	2.0
4670000	2.1295273436866937	0.4110727333846405	1.0	1.0	2.0
4680000	2.465626344314495	0.5087971235827592	1.0	1.0	2.0
4690000	0.1453658870728864	0.008390923775979484	1.0	1.0	2.0
4700000	2.406591855209894	0.0562439577384877	1.0	1.0	2.0
4710000	1.5300523330286957	0.1121966792298821	1.0	1.0	2.0
4720000	0.13604730719498603	0.29622601093049383	1.0	1.0	2.0
4730000	0.16457072581229526	0.404603487384075	1.0	1.0	2.0
4740000	0.20446614145443062	0.014990353958928337	1.0	1.0	2.0
4750000	1.9320891905450248	1.09888447853214	1.0	1.0	2.0
4760000	3.546820602955478	1.2479061929895094	1.0	1.0	2.0
4770000	1.4712622678074152	0.48247256506734926	1.0	1.0	2.0
4780000	3.1177147360385433	0.7657392283431764	1.0	1.0	2.0
4790000	4.118692439894145	1.1193914377199563	1.0	1.0	2.0
4800000	1.5733494008008713	0.8316825941609878	1.0	1.0	2.0
4810000	3.0933190839019473	0.9181577666190842	1.0	1.0	2.0
4820000	0.8613855696716399	0.6957231413406043	1.0	1.0	2.0
4830000	0.7464888830157784	0.2607966452157445	1.0	1.0	2.0
4840000	1.1949095071258	0.10249378920082529	1.0	1.0	2.0
4850000	1.0900923507231726	0.23994422780477767	1.0	1.0	2.0
4860000	0.5843308367908303	0.012490266208715111	1.0	1.0	2.0
4870000	0.2507174802505457	0.20340181640717458	1.0	1.0	2.0
4880000	0.44290049853863656	0.3419097522084287	1.0	1.0	2.0
4890000	0.6625157759510008	2.0528537688621538	1.0	1.0	2.0
4900000	1.2866040767586393	0.40761978886589184	1.0	1.0	2.0
4910000	0.8117213057571987	1.0649409934807033	1.0	1.0	2.0
4920000	0.25259068290508124	0.1717323170067113	1.0	1.0	2.0
4930000	0.5195356973053871	0.6675078457339109	1.0	1.0	2.0
4940000	0.9033208509452307	3.600573571425421E-4	1.0	1.0	2.0
4950000	1.7516659411422515	0.24756585528050534	1.0	1.0	2.0
4960000	0.6791371924474444	0.3386382012374383	1.0	1.0	2.0
4970000	2.251305139989502	0.73097878033074	1.0	1.0	2.0
4980000	0.9282401157782952	1.6058133340538272	1.0	1.0	2.0
4990000	1.1910362390385911	0.14287635974104115	1.0	1.0	2.0
5000000	2.4463128350100525	1.3482957607391146	1.0	1.0	2.0
5010000	0.8264205998785596	2.37100483207572	1.0	1.0	2.0
5020000	1.2364916380071123	0.1678779800447882	1.0	1.0	2.0
5030000	1.0366315767708334	0.2613352995514688	1.0	1.0	2.0
5040000	2.1663412226173318	0.37296625338765765	1.0	1.0	2.0
5050000	1.2450836030681989	1.6964971238939373	1.0	1.0	2.0
5060000	0.8344369475745624	0.2781886842937674	1.0	1.0	2.0
5070000	0.5201176902541975	0.2618109888532337	1.0	1.0	2.0
5080000	0.2608528422120373	0.3452033991222377	1.0	1.0	2.0
5090000	0.5767339815411875	0.7115290247427624	1.0	1.0	2.0
5100000	3.861591913191065	1.3866168955919724	1.0	1.0	2.0
5110000	2.905164797215794	0.13356680570940335	1.0	1.0	2.0
5120000	6.3072903594169425	0.06690660762185174	1.0	1.0	2.0
5130000	0.513790747142613	0.36568087232008806	1.0	1.0	2.0
5140000	0.5586653902924333	0.47170299471510924	1.0	1.0	2.0
5150000	0.7709881433096799	0.10425432352953226	1.0	1.0	2.0
5160000	3.8347334018286117	0.1996603014633246	1.0	1.0	2.0
5170000	2.013179336258221	0.5471838598956588	1.0	1.0	2.0
5180000	0.27862379954497535	0.20397846970194458	1.0	1.0	2.0
5190000	0.13738785649294177	0.019982913729919474	1.0	1.0	2.0
5200000	0.9515387273833886	0.23769563086946158	1.0	1.0	2.0
5210000	0.1102726790125675	0.11440949696187952	1.0	1.0	2.0
5220000	1.1861944727681266	1.7848971705667915	1.0	1.0	2.0
5230000	0.26444503756295257	0.0034328684851648826	1.0	1.0	2.0
5240000	1.4309537296044086	0.06413259494388356	1.0	1.0	2.0
5250000	2.681971038686972	0.5566159248796978	1.0	1.0	2.0
5260000	2.428222477184574	1.4409802601733657	1.0	1.0	2.0
5270000	2.2322877847451936	0.598156598503522	1.0	1.0	2.0
5280000	0.8010788220665666	2.3986956749758357	1.0	1.0	2.0
5290000	0.7556680010014235	0.057816437856933064	1.0	1.0	2.0
5300000	1.365129011076651	1.0897704772905508	1.0	1.0	2.0
5310000	0.14490439063303598	0.06318962178025356	1.0	1.0	2.0
5320000	0.09976136213296868	0.20499015558576936	1.0	1.0	2.0
5330000	0.7598169165951155	0.647009611827373	1.0	1.0	2.0
5340000	0.4584295717931438	0.022028580061933437	1.0	1.0	2.0
5350000	0.5069267643678051	0.08667301999055521	1.0	1.0	2.0
5360000	0.0807230715510034	0.04128603381332861	1.0	1.0	2.0
5370000	0.07831860650842026	0.0566609821914112	1.0	1.0	2.0
5380000	0.15566006304955077	0.46377692393259096	1.0	1.0	2.0
5390000	1.5148870134252124	0.18226933366351966	1.0	1.0	2.0
5400000	0.5186171140099411	0.1013281580395123	1.0	1.0	2.0
5410000	2.3316575880473427	0.9476162275220267	1.0	1.0	2.0
5420000	1.520068401614046	2.2195836717152075	1.0	1.0	2.0
5430000	0.42505631673249133	1.692783522480634	0.0	1.0	1.0
5440000	1.959757110712725	0.5206728180577828	1.0	1.0	2.0
5450000	1.2959049826394586	1.102122777612886	1.0	1.0	2.0
5460000	1.8084400541667989	0.8443057761726439	1.0	1.0	2.0
5470000	1.3287938836669027	0.3200637011867234	1.0	1.0	2.0
5480000	0.811542570276884	0.6428017489547918	1.0	1.0	2.0
5490000	1.389649776677417	0.3404557067111421	1.0	1.0	2.0
5500000	1.6590877020072858	1.704693566260898	1.0	1.0	2.0
5510000	0.8443897854332184	3.1093584170531594	1.0	1.0	2.0
5520000	0.44741172194931716	0.2891582390618951	1.0	1.0	2.0
5530000	1.4239887125462445	0.6203942915772697	1.0	1.0	2.0
5540000	0.7652876359149509	1.5280802209253872	1.0	1.0	2.0
5550000	0.30741667332812456	0.4330945034101432	1.0	1.0	2.0
5560000	2.1389996716852733	0.19940017183324008	1.0	1.0	2.0
5570000	1.872649299880777	0.9734245042073575	1.0	1.0	2.0
5580000	2.4819063243856503	0.8211012810964502	1.0	1.0	2.0
5590000	1.0094036837188602	0.13163306601098554	1.0	1.0	2.0
5600000	0.7753283093876545	1.2088521951229627	1.0	1.0	2.0
5610000	2.3222951823785887	0.0171139929689291	1.0	1.0	2.0
5620000	0.4221826078818713	0.12507255915552767	1.0	1.0	2.0
5630000	0.4468882571583226	0.0969563300202335	1.0	1.0	2.0
5640000	2.2988731992694658	1.256693296078971	1.0	1.0	2.0
5650000	0.5486495053079248	0.3497051083730295	1.0	1.0	2.0
5660000	2.3424071974291527	0.19085247876053557	1.0	1.0	2.0
5670000	1.0218439123987415	0.03528155311095156	1.0	1.0	2.0
5680000	0.09774715937436063	0.35702224509558234	1.0	1.0	2.0
5690000	0.9664796340457097	5.941822409048781E-4	1.0	1.0	2.0
5700000	0.9263998674915546	0.5943094970289368	1.0	1.0	2.0
5710000	0.10303043220674181	0.04962141865197529	1.0	1.0	2.0
5720000	0.4330005768335323	0.07365850804935521	1.0	1.0	2.0
5730000	0.19231047028633996	0.007965803175830118	1.0	1.0	2.0
5740000	0.4421193927002025	0.2804689000999633	1.0	1.0	2.0
5750000	0.7183429910491421	0.819894486039332	1.0	1.0	2.0
5760000	0.6307905399204556	0.3378726314271924	1.0	1.0	2.0
5770000	1.3451085577060107	0.5642727134546616	1.0	1.0	2.0
5780000	1.0060419187699514	2.749662275587826	1.0	1.0	2.0
5790000	0.3377849695906779	1.9861300047037167	1.0	1.0	2.0
5800000	0.3103003662852994	0.4950702391895894	1.0	1.0	2.0
5810000	0.6126670422874783	1.9135326247100901	1.0	1.0	2.0
5820000	1.6877060000009176	1.9086810846519453	1.0	1.0	2.0
5830000	1.1904047572585172	0.3064790962399417	1.0	1.0	2.0
5840000	1.2760315082027245	0.1467087456785805	1.0	1.0	2.0
5850000	1.5380929091472635	1.1785315311055704	1.0	1.0	2.0
5860000	0.4836934501331812	0.5491424244019478	1.0	1.0	2.0
5870000	0.41430665149696505	0.07212214827137194	1.0	1.0	2.0
5880000	0.891983886793576	0.7780580982403735	1.0	1.0	2.0
5890000	0.274130526303502	0.3235657204506406	1.0	1.0	2.0
5900000	0.689449550265276	0.8133098812913785	1.0	1.0	2.0
5910000	0.21728729272405886	0.11143491162663288	1.0	1.0	2.0
5920000	0.25915043848039127	0.2911057025642369	1.0	1.0	2.0
5930000	0.6935869632597881	0.18856160585027912	1.0	1.0	2.0
5940000	0.6029050359547335	0.11123481931344963	1.0	1.0	2.0
5950000	1.2021122379968514	0.4661493128342205	1.0	1.0	2.0
5960000	1.3984156892781008	0.07237128347964024	1.0	1.0	2.0
5970000	3.8821896849959496	1.822310537788326	1.0	1.0	2.0
5980000	1.3554412357786343	0.2686376731707472	1.0	1.0	2.0
5990000	3.3219364506864126	1.2202300092375737	1.0	1.0	2.0
6000000	0.7813417354505027	0.6629768636438248	1.0	1.0	2.0
6010000	0.9704924224430619	0.3838505916316236	1.0	1.0	2.0
6020000	1.617251020705445	0.28679485636107405	1.0	1.0	2.0
6030000	1.5091456303604527	0.04346980149933751	1.0	1.0	2.0
6040000	0.5749772423973877	0.38164784006268826	1.0	1.0	2.0
6050000	1.5144304424349606	0.2138902505518863	1.0	1.0	2.0
6060000	1.4459373378329323	0.4162958366794478	1.0	1.0	2.0
6070000	2.329698399533849	0.43488367062676486	1.0	1.0	2.0
6080000	1.9098030563825394	0.12942369138706208	1.0	1.0	2.0
6090000	2.5179737647681844	0.021662389557753483	1.0	1.0	2.0
6100000	1.2097046658132373	1.1077450111508655	1.0	1.0	2.0
6110000	0.1354848114110514	0.0379575739814539	1.0	1.0	2.0
6120000	0.7604804008796716	0.9781483889360484	1.0	1.0	2.0
6130000	1.5604275037909705	0.6009701571779577	1.0	1.0	2.0
6140000	0.8553421618157104	0.07762659945480477	1.0	1.0	2.0
6150000	0.2899649732716736	0.1537562618957331	1.0	1.0	2.0
6160000	1.0994392814379148	0.22220071715944129	1.0	1.0	2.0
6170000	1.7062364777768113	0.0018203160271532503	1.0	1.0	2.0
6180000	0.26218952186811545	1.6212722104967634	1.0	1.0	2.0
6190000	1.078018373124586	1.0744476726385788	1.0	1.0	2.0
6200000	0.5925895679238183	0.022565654471675335	1.0	1.0	2.0
6210000	0.45170525815218254	0.33508254819089633	1.0	1.0	2.0
6220000	3.270376069362918	0.5432265691295983	1.0	1.0	2.0
6230000	0.13566727192874942	0.03327939911636124	1.0	1.0	2.0
6240000	0.6759781455917824	0.13568350797964682	1.0	1.0	2.0
6250000	1.5523354248123677	0.7778034541458503	1.0	1.0	2.0
6260000	1.0493614181780826	0.4674322949769261	1.0	1.0	2.0
6270000	0.25322735078348957	1.3099024812269908	1.0	1.0	2.0
6280000	2.035861041485843	2.6680420610006665	1.0	1.0	2.0
6290000	0.35141857496101414	0.23243428465635713	1.0	1.0	2.0
6300000	0.027808877708975232	0.00662562495089653	1.0	1.0	2.0
6310000	0.5267512966407342	0.45542106458138754	1.0	1.0	2.0
6320000	1.4163680463230945	0.7564428231260949	1.0	1.0	2.0
6330000	3.0759330606433335	0.6927813896926059	1.0	1.0	2.0
6340000	0.8851425344693458	0.4977140398006487	1.0	1.0	2.0
6350000	2.0710518498989723	0.381619959612271	1.0	1.0	2.0
6360000	1.0984207535923909	0.5726638274414904	1.0	1.0	2.0
6370000	3.4682087818552865	0.2815433086647891	1.0	1.0	2.0
6380000	0.8910685154558907	0.7190352053984994	1.0	1.0	2.0
6390000	1.180113853169921	0.02337407350966589	1.0	1.0	2.0
6400000	3.860730140218196	0.5102739670510646	1.0	1.0	2.0
6410000	1.9308383327630454	0.6042346506450844	1.0	1.0	2.0
6420000	0.8671190064239532	0.05345053372538032	1.0	1.0	2.0
6430000	2.1448578533020806	0.7860403245971691	1.0	1.0	2.0
6440000	1.174746909386684	0.1399128115248807	1.0	1.0	2.0
6450000	0.6697396311267566	0.8500656800828157	1.0	1.0	2.0
6460000	1.5317809816429178	0.48741563947951927	1.0	1.0	2.0
6470000	1.6762106692458425	0.8917858323746319	1.0	1.0	2.0
6480000	0.40149474341237035	1.054208602386937	1.0	1.0	2.0
6490000	1.9794567277391117	0.3619431104724675	1.0	1.0	2.0
6500000	1.1279276915603318	0.04887189937090845	1.0	1.0	2.0
6510000	0.39229882338917516	0.0782427973460164	1.0	1.0	2.0
6520000	1.8536591009196168	0.9116120904754343	1.0	1.0	2.0
6530000	1.370630504542878	1.370854297894106	1.0	1.0	2.0
6540000	1.5377047780119462	0.7097662839962439	1.0	1.0	2.0
6550000	1.609843137920504	0.08631051665863257	1.0	1.0	2.0
6560000	0.32059202142355075	0.1326389890141638	1.0	1.0	2.0
6570000	0.5562325561598045	0.14109864309140757	1.0	1.0	2.0
6580000	1.7359737207390178	0.43273897487675445	1.0	1.0	2.0
6590000	0.512501091643848	0.3989999404077255	1.0	1.0	2.0
6600000	0.8062210904545719	0.0011345363650423765	1.0	1.0	2.0
6610000	2.215737245193499	0.5915020648269284	1.0	1.0	2.0
6620000	3.263417243662132	1.9565866853543348	1.0	1.0	2.0
6630000	1.6787647095127178	0.0662818928678412	1.0	1.0	2.0
6640000	0.8402680139387141	0.06935622069527875	1.0	1.0	2.0
6650000	0.6734785594250742	0.10807975412705739	1.0	1.0	2.0
6660000	0.9596494531480071	0.15746138263811268	1.0	1.0	2.0
6670000	2.341714236440303	0.024848654458069965	1.0	1.0	2.0
6680000	2.6197702879237523	0.04827408669943939	1.0	1.0	2.0
6690000	0.5212679890713822	0.051343198401971574	1.0	1.0	2.0
6700000	2.0946566425943285	0.6259136007638154	1.0	1.0	2.0
6710000	0.9906964136498178	0.46307659044178423	1.0	1.0	2.0
6720000	2.2333112537750606	1.021033033982692	1.0	1.0	2.0
6730000	1.6703059178465214	0.07843596238499614	1.0	1.0	2.0
6740000	1.4369113128909232	0.29038985002688344	1.0	1.0	2.0
6750000	1.1517262252802263	0.46066371566447833	1.0	1.0	2.0
6760000	1.1182005539196156	0.9005194252351478	0.0	1.0	1.0
6770000	0.25592265294995586	0.3630129241292703	1.0	1.0	2.0
6780000	2.720881662170625	1.4146847148906299	1.0	1.0	2.0
6790000	1.742380705570695	0.2008426574613822	1.0	1.0	2.0
6800000	0.70367769820656	0.2853133618907309	1.0	1.0	2.0
6810000	1.1622678580980912	0.6859696417509032	1.0	1.0	2.0
6820000	1.2011869705650156	0.17954653511997806	1.0	1.0	2.0
6830000	0.334710682887945	0.26890623275763703	1.0	1.0	2.0
6840000	0.32768832688808064	0.3839329940364173	1.0	1.0	2.0
6850000	0.19072362105486143	0.3352086281741043	1.0	1.0	2.0
6860000	0.44776994850621976	0.4106412737169125	1.0	1.0	2.0
6870000	1.0931809129304595	0.807678400257965	1.0	1.0	2.0
6880000	1.9878293995518648	1.0056589429085556	1.0	1.0	2.0
6890000	1.3199507668107913	0.18626845454734772	1.0	1.0	2.0
6900000	0.9065633966200903	0.38428466891192453	1.0	1.0	2.0
6910000	1.9698976865186946	0.343199156776842	1.0	1.0	2.0
6920000	0.37389625474031535	0.2671506778745776	1.0	1.0	2.0
6930000	0.8090537196769163	0.03914669029449552	1.0	1.0	2.0
6940000	2.406018016177275	1.8906523603527268	1.0	1.0	2.0
6950000	2.139506780520073	0.06608321457573092	1.0	1.0	2.0
6960000	2.644647082800347	0.5092701739580837	1.0	1.0	2.0
6970000	0.40377049751527455	0.21542302105610336	1.0	1.0	2.0
6980000	0.1854435904432443	0.7895243553772727	1.0	1.0	2.0
6990000	0.12960325270076925	0.13543730124576944	1.0	1.0	2.0
7000000	1.1471504090219091	0.32051776006938315	1.0	1.0	2.0
7010000	2.5900259465297704	0.4950701582220315	1.0	1.0	2.0
7020000	0.27839386954700424	0.9267349267311388	1.0	1.0	2.0
7030000	0.4846378652706169	0.13094626830424677	1.0	1.0	2.0
7040000	1.8000727226772253	0.5035026378280435	1.0	1.0	2.0
7050000	0.20606203688491803	0.04852041313217794	0.0	1.0	1.0
7060000	2.411634941202769	2.4933045553122244	1.0	1.0	2.0
7070000	0.43654620276492145	0.2637219978838018	1.0	1.0	2.0
7080000	2.5440884221935667	0.7038702480409849	1.0	1.0	2.0
7090000	1.4970415312937182	0.5594820502785571	1.0	1.0	2.0
7100000	0.37740014700802	0.38550917418207375	1.0	1.0	2.0
7110000	3.1533914522122326	2.362638857795973	1.0	1.0	2.0
7120000	3.056680013585898	0.0529642776127863	1.0	1.0	2.0
7130000	0.689226044982453	0.6356452669328272	1.0	1.0	2.0
7140000	0.7041836578382454	0.05128623928372118	0.0	1.0	1.0
7150000	2.2527665180572907	1.6000905065886761	1.0	1.0	2.0
7160000	1.0883357017790125	0.06527964222684758	1.0	1.0	2.0
7170000	0.3872269172580217	0.20523140865043418	1.0	1.0	2.0
7180000	2.2498506351758967	0.4588381446776882	1.0	1.0	2.0
7190000	4.290530172329404	0.11283308242216955	1.0	1.0	2.0
7200000	0.6454909386666101	0.43566474836636215	1.0	1.0	2.0
7210000	0.9200746878310876	1.1638562388115514	1.0	1.0	2.0
7220000	0.631019566435053	1.0401427067314337	1.0	1.0	2.0
7230000	2.171452008132469	0.8746870197521269	1.0	1.0	2.0
7240000	1.5289747137372942	0.24766936865547506	1.0	1.0	2.0
7250000	2.8833028976288544	0.1387146203420518	1.0	1.0	2.0
7260000	1.72172714497676	0.1784171882686294	1.0	1.0	2.0
7270000	0.9172928459122078	0.2702328886908532	1.0	1.0	2.0
7280000	0.6141709296858653	2.486262392223318	1.0	1.0	2.0
7290000	1.562782115240468	0.5519270286621457	1.0	1.0	2.0
7300000	1.6653996597167662	0.3771107762756323	1.0	1.0	2.0
7310000	1.298228303292676	1.0360329067991736	1.0	1.0	2.0
7320000	0.6414426025028855	0.12908241658396097	1.0	1.0	2.0
7330000	2.1343693740927168	0.15588356191475294	1.0	1.0	2.0
7340000	0.33408282549470214	0.21049017098503858	1.0	1.0	2.0
7350000	2.7996048790000327	0.3569843590607828	1.0	1.0	2.0
7360000	1.4908765235383052	1.6672319748153916	1.0	1.0	2.0
7370000	0.4666505837807599	1.7609675996409215	1.0	1.0	2.0
7380000	2.6263392207820466	0.5004185141520809	1.0	1.0	2.0
7390000	0.504822961691722	0.4260229796911676	1.0	1.0	2.0
7400000	2.998291534973089	0.093775384983264	1.0	1.0	2.0
7410000	0.5678525596955469	0.1198733878498432	1.0	1.0	2.0
7420000	2.5009454198512824	4.675787375265061	1.0	1.0	2.0
7430000	0.38500793359372315	0.012810019741093135	1.0	1.0	2.0
7440000	0.8606864705154968	0.8022418144610783	1.0	1.0	2.0
7450000	0.4706518960334878	0.13470037401196386	1.0	1.0	2.0
7460000	1.328871578934529	0.7499384936626264	1.0	1.0	2.0
7470000	3.3687952409142703	2.0179341974131124	1.0	1.0	2.0
7480000	0.38571828058482704	1.3724530380156412	1.0	1.0	2.0
7490000	0.4079378532203909	0.09700456110369945	1.0	1.0	2.0
7500000	0.5125968292033288	0.2678064007975639	1.0	1.0	2.0
7510000	0.636114758661745	1.2373116747639568	1.0	1.0	2.0
7520000	0.564230661370783	0.5748493028380092	1.0	1.0	2.0
7530000	0.4833630755339099	1.617304966016489	1.0	1.0	2.0
7540000	0.18665981603907753	0.070612501273366	1.0	1.0	2.0
7550000	2.2982829653043493	0.506216582773831	1.0	1.0	2.0
7560000	0.6833089577692181	1.3426797850465222	1.0	1.0	2.0
7570000	1.0123463800710317	0.12602542859201493	1.0	1.0	2.0
7580000	4.972393505670708	0.8136621081922383	1.0	1.0	2.0
7590000	1.5849496283099864	1.233641989573295	1.0	1.0	2.0
7600000	1.0621401528252612	0.6392264020810109	1.0	1.0	2.0
7610000	0.7671177010334108	0.587135824285136	1.0	1.0	2.0
7620000	1.4230291707830873	0.22596965408850733	1.0	1.0	2.0
7630000	2.269582979907977	0.7342349144674062	1.0	1.0	2.0
7640000	0.5707038956561813	0.2949683351956563	1.0	1.0	2.0
7650000	1.3316446598422265	1.0187402740389269	1.0	1.0	2.0
7660000	0.7450129130700638	0.23953575086757958	1.0	1.0	2.0
7670000	0.528979737993154	0.2983622950154123	1.0	1.0	2.0
7680000	2.9827008773736554	0.42417755503443133	1.0	1.0	2.0
7690000	0.5284653069762489	0.23999025769748156	1.0	1.0	2.0
7700000	0.4087640528533132	0.34534692619422747	1.0	1.0	2.0
7710000	0.3252568333041553	0.22100991128054107	1.0	1.0	2.0
7720000	1.1017984739635738	0.284583162194237	1.0	1.0	2.0
7730000	0.8410963326925729	0.05022821402191759	1.0	1.0	2.0
7740000	0.8746892784191314	0.03855297660178821	1.0	1.0	2.0
7750000	0.7759854376488334	0.8948964554496807	1.0	1.0	2.0
7760000	0.8675845049064443	0.36333020474364924	1.0	1.0	2.0
7770000	0.3998214666807669	0.12260689483946309	1.0	1.0	2.0
7780000	1.039228294452848	0.6977439651520485	1.0	1.0	2.0
7790000	0.9719480022854909	0.032100555942470195	1.0	1.0	2.0
7800000	2.6186392533390643	0.16839207151977661	1.0	1.0	2.0
7810000	0.7727899499243628	0.745513954960027	1.0	1.0	2.0
7820000	1.26015697849397	0.3757610755921607	1.0	1.0	2.0
7830000	1.0350913071719994	0.147759794600413	1.0	1.0	2.0
7840000	2.4973562437753816	2.1349779417516	1.0	1.0	2.0
7850000	0.5795817548511881	0.8659319145005322	1.0	1.0	2.0
7860000	1.1642590307631409	2.1665652583164796	1.0	1.0	2.0
7870000	1.4453356084967537	0.6077298278416612	1.0	1.0	2.0
7880000	0.8353080847248775	0.0568540673914637	1.0	1.0	2.0
7890000	0.8564020471245295	0.35903827001452554	1.0	1.0	2.0
7900000	1.2144417801496696	0.4688968058685247	1.0	1.0	2.0
7910000	1.0359839466502507	0.08459160646985425	1.0	1.0	2.0
7920000	4.696294767401757	0.15010592904509493	1.0	1.0	2.0
7930000	1.2917229115364133	1.4199581647346688	1.0	1.0	2.0
7940000	0.9629822301973647	0.08578428421935197	1.0	1.0	2.0
7950000	0.45568657246480865	1.225141159440775	1.0	1.0	2.0
7960000	2.2120210456503893	0.39217527938338886	1.0	1.0	2.0
7970000	0.08205120004786859	0.010937929157322175	1.0	1.0	2.0
7980000	0.6509688209982181	0.06535022955907799	1.0	1.0	2.0
7990000	0.9740198965852652	0.03151740549907797	1.0	1.0	2.0
8000000	0.6821414195219783	0.31527753599931274	1.0	1.0	2.0
8010000	0.8885780107422309	0.6854024364681934	1.0	1.0	2.0
8020000	2.883113926618966	0.6527457224028428	1.0	1.0	2.0
8030000	0.7960638300604385	0.8900277328675117	1.0	1.0	2.0
8040000	0.3260365566241662	0.7529544696129	1.0	1.0	2.0
8050000	2.0192828423186646	1.3605413652897325	1.0	1.0	2.0
8060000	1.3489574936213464	0.3939027810461251	1.0	1.0	2.0
8070000	0.39644837058632365	0.6534882866956377	1.0	1.0	2.0
8080000	1.1803661254820503	0.1711689478699037	1.0	1.0	2.0
8090000	2.2171652866709013	1.6376067869710278	1.0	1.0	2.0
8100000	3.0831911157404126	0.7917922545941617	1.0	1.0	2.0
8110000	4.151414308914644	0.3905770074443964	1.0	1.0	2.0
8120000	1.5915091778255557	0.294473962942682	1.0	1.0	2.0
8130000	2.8922798499009263	2.1919634956962915	1.0	1.0	2.0
8140000	0.44339139007074063	0.0846120519462516	1.0	1.0	2.0
8150000	1.029670855378321	0.26665107748057787	1.0	1.0	2.0
8160000	2.2741886253283594	0.757098471316781	1.0	1.0	2.0
8170000	0.48012816347140336	0.05511245504112488	1.0	1.0	2.0
8180000	2.1649058523146447	0.658188191005957	1.0	1.0	2.0
8190000	4.191184369405366	0.4212025647994676	1.0	1.0	2.0
8200000	0.40098647807808313	0.6651371102976084	1.0	1.0	2.0
8210000	0.8316946004578617	1.2152290360838696	1.0	1.0	2.0
8220000	0.8377905263675041	0.2030069428425224	1.0	1.0	2.0
8230000	2.1805571724255794	0.9062524154132141	1.0	1.0	2.0
8240000	0.42773959700300296	0.8605125886522031	1.0	1.0	2.0
8250000	0.7047725246784075	0.37701418633268236	1.0	1.0	2.0
8260000	1.0527548934281221	0.06891870636548815	1.0	1.0	2.0
8270000	1.6068605033061198	0.3313619343199931	1.0	1.0	2.0
8280000	0.8029123004568398	0.8734809763652331	1.0	1.0	2.0
8290000	0.5177351208091808	0.14019074897608055	1.0	1.0	2.0
8300000	1.9455683228630554	0.6680468168513899	1.0	1.0	2.0
8310000	1.5519164384837258	0.3325748571590735	1.0	1.0	2.0
8320000	0.33819285180025055	0.32257613962657816	1.0	1.0	2.0
8330000	2.9650680497561654	0.4854267686111925	1.0	1.0	2.0
8340000	1.7500843988719967	0.4472549910741032	1.0	1.0	2.0
8350000	3.7723367043330462	0.17450173619272427	1.0	1.0	2.0
8360000	0.6202367742672401	0.2834484798117206	1.0	1.0	2.0
8370000	0.6539335684704243	0.3276448483850916	1.0	1.0	2.0
8380000	0.3760456506331191	0.06303224398295997	1.0	1.0	2.0
8390000	0.1499521415659709	0.06509005092850137	1.0	1.0	2.0
8400000	1.5053402995685006	0.7057908849666907	1.0	1.0	2.0
8410000	2.4554591943825796	0.3422797819571987	1.0	1.0	2.0
8420000	0.6676966703596576	1.6529421449885355	1.0	1.0	2.0
8430000	1.0336401523561578	2.5265308948966885	1.0	1.0	2.0
8440000	0.11887314748440776	0.0013197590753272197	1.0	1.0	2.0
8450000	1.8220393235971977	0.4043509106778439	1.0	1.0	2.0
8460000	0.5700317739622675	0.9782038406933672	1.0	1.0	2.0
8470000	0.3443538052882416	0.3840795310618156	1.0	1.0	2.0
8480000	2.4732510224605613	0.17114445189481264	1.0	1.0	2.0
8490000	1.9364674447675725	1.029753461404922	1.0	1.0	2.0
8500000	2.0671703825728973	0.19062123893559965	1.0	1.0	2.0
8510000	0.7980933583511766	0.1026433580872685	1.0	1.0	2.0
8520000	0.33430096139325854	0.21332867180680837	1.0	1.0	2.0
8530000	0.16649670429822944	5.541348759578308E-4	1.0	1.0	2.0
8540000	0.7021866656328704	0.39847642590101123	1.0	1.0	2.0
8550000	3.2831744290408955	0.4468660480469552	1.0	1.0	2.0
8560000	1.3930369211061482	1.825845894811322	1.0	1.0	2.0
8570000	2.1109424244531203	1.8827765566827714	1.0	1.0	2.0
8580000	0.39696059487256036	0.0040216329999283075	1.0	1.0	2.0
8590000	2.7659018827882895	2.3255538480567997	1.0	1.0	2.0
8600000	0.14753975108173448	0.18662231424529865	1.0	1.0	2.0
8610000	0.45561340832178465	0.12283478216657254	1.0	1.0	2.0
8620000	0.4235293243644792	0.13977743536735393	1.0	1.0	2.0
8630000	0.926435733320015	0.6431049248995891	1.0	1.0	2.0
8640000	1.2012821606668034	0.23676417630523572	1.0	1.0	2.0
8650000	1.5232517956916471	0.6819747164475061	1.0	1.0	2.0
8660000	0.47288404618959123	0.35314153320825026	1.0	1.0	2.0
8670000	1.7213975076962975	0.5952562078272609	1.0	1.0	2.0
8680000	3.242908774704065	0.8849453631832652	1.0	1.0	2.0
8690000	1.5652641208614004	1.3790270008190937	1.0	1.0	2.0
8700000	2.0225931260312024	0.08695799174231374	1.0	1.0	2.0
8710000	1.099883471728906	0.05813552789298821	1.0	1.0	2.0
8720000	0.31400436040202484	0.3305934155522932	1.0	1.0	2.0
8730000	2.231119748012185	0.7945711257275349	1.0	1.0	2.0
8740000	3.583002724844502	0.004666005308457634	1.0	1.0	2.0
8750000	2.4231567418735542	0.02949988378683018	1.0	1.0	2.0
8760000	1.996242709372047	1.559393206751329	1.0	1.0	2.0
8770000	0.022844305856024944	0.009394981579490064	1.0	1.0	2.0
8780000	0.5276335449603807	0.3639992237562425	1.0	1.0	2.0
8790000	0.9826103715826278	0.11713827070326173	1.0	1.0	2.0
8800000	0.8788910131593842	0.19914863614748438	1.0	1.0	2.0
8810000	0.8703651178084144	0.15795698167700045	1.0	1.0	2.0
8820000	0.16394414496390933	0.016757922739157438	1.0	1.0	2.0
8830000	2.049470179277789	0.8684538321500159	1.0	1.0	2.0
8840000	2.5426310518829633	1.9576156123584267	1.0	1.0	2.0
8850000	2.6461293229711065	0.9153741578617071	1.0	1.0	2.0
8860000	0.9809663127368349	0.006248245143614075	1.0	1.0	2.0
8870000	0.7964746920269525	0.44138382339122095	1.0	1.0	2.0
8880000	2.3053568942920903	0.3955199541377502	1.0	1.0	2.0
8890000	2.096072496905501	0.07993050987874536	1.0	1.0	2.0
8900000	2.825488542072893	0.05600073568736608	1.0	1.0	2.0
8910000	3.164045660917725	0.14365482969817947	1.0	1.0	2.0
8920000	2.0555973279446675	1.11799793681071	1.0	1.0	2.0
8930000	1.8448451787288591	0.44214964815635427	1.0	1.0	2.0
8940000	0.2464933638349892	0.01933251070134135	1.0	1.0	2.0
8950000	0.30065109636590714	0.1440031032146297	1.0	1.0	2.0
8960000	1.6277997861259816	0.26886061926274707	1.0	1.0	2.0
8970000	3.884904090382736	0.5223935565120569	1.0	1.0	2.0
8980000	2.232409036991159	0.9285252947103754	1.0	1.0	2.0
8990000	4.024967373048411	0.7552378211770651	1.0	1.0	2.0
9000000	1.0759079490177552	0.18563835799858833	1.0	1.0	2.0
9010000	4.307514240721808	0.4055805932762532	1.0	1.0	2.0
9020000	1.6784270502602996	1.2263258142307183	1.0	1.0	2.0
9030000	0.6211299846366186	0.4272339815285979	1.0	1.0	2.0
9040000	1.1243029775554245	0.17286224459378172	1.0	1.0	2.0
9050000	0.44109747218185014	0.46863746859698374	1.0	1.0	2.0
9060000	0.5223454246895932	0.3367241639099331	1.0	1.0	2.0
9070000	3.322707036832928	1.5395154770028812	1.0	1.0	2.0
9080000	0.728129628890419	0.5751920144287954	1.0	1.0	2.0
9090000	2.746526131390144	0.19807887049138925	1.0	1.0	2.0
9100000	1.9696488139148511	1.732445094872044	1.0	1.0	2.0
9110000	0.6061037819352986	0.4703435289838366	1.0	1.0	2.0
9120000	1.050073723648292	1.6062781914340722	1.0	1.0	2.0
9130000	1.2771337188776672	1.2148871069141516	1.0	1.0	2.0
9140000	1.5814061768849144	0.5110283984386385	1.0	1.0	2.0
9150000	3.2346905038131153	0.26721174670024794	1.0	1.0	2.0
9160000	0.9887936923037638	0.035612801520884925	1.0	1.0	2.0
9170000	0.32504588134748313	0.09136927254199347	1.0	1.0	2.0
9180000	1.6757343542117553	0.1341096433043478	1.0	1.0	2.0
9190000	0.7697868707446872	1.3279016316893282	1.0	1.0	2.0
9200000	1.2032444445598751	0.9584425218976749	1.0	1.0	2.0
9210000	2.2543393097970186	1.430504519179606	1.0	1.0	2.0
9220000	1.2242582918495115	0.7669024174969885	1.0	1.0	2.0
9230000	0.45437556937087065	0.24194796649851405	1.0	1.0	2.0
9240000	0.6438130237586501	2.5222360448235204	1.0	1.0	2.0
9250000	2.507306147774182	0.43232312129604006	1.0	1.0	2.0
9260000	1.6994485878568844	0.535220982787376	1.0	1.0	2.0
9270000	2.7585927602241185	0.1014154630113794	1.0	1.0	2.0
9280000	1.642202906908688	0.636560749469284	1.0	1.0	2.0
9290000	0.7384949283867137	1.9581924421510977	1.0	1.0	2.0
9300000	1.5403041908389734	1.0843796283868898	1.0	1.0	2.0
9310000	1.7946647720924567	0.5291644670012393	1.0	1.0	2.0
9320000	1.0419712176133191	1.6386376147989314	1.0	1.0	2.0
9330000	0.6960195559859507	0.30337927058089864	1.0	1.0	2.0
9340000	1.4160386065065471	1.0700712819234965	1.0	1.0	2.0
9350000	4.334545300839694	1.4558879776680698	1.0	1.0	2.0
9360000	0.16469830429214863	0.029597686407828217	1.0	1.0	2.0
9370000	3.9225389569955285	0.6787052963504951	1.0	1.0	2.0
9380000	1.5035607153791735	0.19275766319509166	1.0	1.0	2.0
9390000	3.2202980559368592	0.5389678354038361	1.0	1.0	2.0
9400000	3.541682840748656	0.04844042979226438	1.0	1.0	2.0
9410000	0.6439899740938051	0.5453684506376762	1.0	1.0	2.0
9420000	1.9194170757726015	3.2700086328982856	1.0	1.0	2.0
9430000	1.483611103909553	0.4475420255615077	1.0	1.0	2.0
9440000	0.8553623704568408	0.10847943638973426	1.0	1.0	2.0
9450000	1.4250557652652787	0.6566532847509576	1.0	1.0	2.0
9460000	1.7837493886035185	0.06539707272234548	1.0	1.0	2.0
9470000	0.843245628707129	0.3696563427700571	1.0	1.0	2.0
9480000	0.6892617356023882	1.1660635594181092	1.0	1.0	2.0
9490000	1.2957374582248313	1.6672491339481612	1.0	1.0	2.0
9500000	0.8902129929740953	9.763579149689611E-4	1.0	1.0	2.0
9510000	0.772961640799203	0.5510141696932837	1.0	1.0	2.0
9520000	0.27743751491657764	0.39492807774737626	1.0	1.0	2.0
9530000	2.0457360090675043	0.515339804036041	1.0	1.0	2.0
9540000	1.4184944517725306	0.07960079155382571	1.0	1.0	2.0
9550000	1.2332662047291645	0.2367494836820768	1.0	1.0	2.0
9560000	1.0197197727372709	0.7120212178269361	1.0	1.0	2.0
9570000	1.1047338818974373	0.6433477200619939	1.0	1.0	2.0
9580000	0.21207192789376278	0.8742697117949277	1.0	1.0	2.0
9590000	1.013191992853012	2.4820169421256444	1.0	1.0	2.0
9600000	1.3476010613475633	0.11086615123760934	1.0	1.0	2.0
9610000	1.6842984906190563	0.4633207481009063	1.0	1.0	2.0
9620000	2.3993488655569974	0.30239981549963957	1.0	1.0	2.0
9630000	2.3482681409618973	0.8496828795510397	1.0	1.0	2.0
9640000	0.7447698595912982	1.0180966776354903	1.0	1.0	2.0
9650000	0.36496965733415987	0.29266785578503546	1.0	1.0	2.0
9660000	2.6981391835177955	1.3116964647841733	1.0	1.0	2.0
9670000	1.3038229187705286	0.8328297232796793	1.0	1.0	2.0
9680000	1.3210213203350534	0.9731722461645412	1.0	1.0	2.0
9690000	0.6769286825762311	0.7452512028509035	1.0	1.0	2.0
9700000	1.1407271998737558	0.5926611469410977	1.0	1.0	2.0
9710000	3.1037279614930036	0.411547159245824	1.0	1.0	2.0
9720000	0.8561968369473159	0.17120551982220023	1.0	1.0	2.0
9730000	1.8308501343613002	0.05489830151726706	1.0	1.0	2.0
9740000	1.7339905905139483	0.9428489723650578	1.0	1.0	2.0
9750000	4.319776911379255	0.8330874070461447	1.0	1.0	2.0
9760000	0.5531286212541912	0.8213500480103021	1.0	1.0	2.0
9770000	0.5335375171299813	0.959711051528736	1.0	1.0	2.0
9780000	1.1546049860573189	0.26860787706535183	1.0	1.0	2.0
9790000	1.424185729979081	0.3958472903451491	1.0	1.0	2.0
9800000	3.5304240482476112	0.6939276951191032	1.0	1.0	2.0
9810000	0.5779484194980767	0.008778190331981763	1.0	1.0	2.0
9820000	0.7949138970608863	1.2940386653006364	1.0	1.0	2.0
9830000	1.6082185565912488	0.344584787095757	1.0	1.0	2.0
9840000	0.7415393142630741	0.08555699768412812	1.0	1.0	2.0
9850000	0.10042130257687905	0.06339604915967743	1.0	1.0	2.0
9860000	2.308870313197597	0.5605351596481667	1.0	1.0	2.0
9870000	1.087347242936588	1.661821647028522	1.0	1.0	2.0
9880000	0.22473982441053889	0.10020238080907876	1.0	1.0	2.0
9890000	5.532717782658481	0.06203272462905283	1.0	1.0	2.0
9900000	0.5826959474696495	0.4411398838436193	1.0	1.0	2.0
9910000	0.3444139906534871	0.8659053680280748	1.0	1.0	2.0
9920000	2.450491849236855	0.049147277250467684	1.0	1.0	2.0
9930000	0.5303082114785044	0.583851235824733	1.0	1.0	2.0
9940000	2.4361163622541873	0.3796094865952646	1.0	1.0	2.0
9950000	1.2010746173997495	2.9038760269288653	1.0	1.0	2.0
9960000	0.46182099107464425	0.45029575674803546	1.0	1.0	2.0
9970000	1.3688852781601144	0.7436361891002949	1.0	1.0	2.0
9980000	0.3578273929380105	0.5572968040827616	1.0	1.0	2.0
9990000	1.950771103582098	0.1121757199043871	1.0	1.0	2.0
10000000	2.2196163948891448	0.3913957786603566	1.0	1.0	2.0
10010000	0.2749027253387452	0.6156938177377732	1.0	1.0	2.0
10020000	0.5181073873229143	0.09486461914449991	1.0	1.0	2.0
10030000	1.4529871499578366	0.1438300336871759	1.0	1.0	2.0
10040000	3.9662589847511764	0.30967956875092584	1.0	1.0	2.0
10050000	1.500069380707881	0.6359198236758794	1.0	1.0	2.0
10060000	1.2134693796406328	0.36103753788815185	1.0	1.0	2.0
10070000	1.06921703371905	0.6141459908512094	1.0	1.0	2.0
10080000	1.2512590945729294	0.09213331080189856	1.0	1.0	2.0
10090000	1.4968864744604131	0.7209081115134488	1.0	1.0	2.0
10100000	0.4084798730355824	1.0569619088160365	1.0	1.0	2.0
10110000	1.5933734634761865	0.11520476459845874	1.0	1.0	2.0
10120000	2.065703955392305	2.782082865623667	1.0	1.0	2.0
10130000	0.8635333101437405	0.07083040044504522	1.0	1.0	2.0
10140000	1.2682208819003753	0.7159626781095864	1.0	1.0	2.0
10150000	0.7958023369542472	0.07818087663659877	1.0	1.0	2.0
10160000	0.1187736426489392	0.3404890498622494	1.0	1.0	2.0
10170000	4.053688420607699	0.17989375245516395	1.0	1.0	2.0
10180000	0.5850073371628781	0.4304425794923222	1.0	1.0	2.0
10190000	0.1256893948790633	0.3978950110049565	1.0	1.0	2.0
10200000	0.05248316082592383	0.0032657018702591314	1.0	1.0	2.0
10210000	0.5957243346226834	0.730571343314853	1.0	1.0	2.0
10220000	2.0342441760790693	0.29928323838133	1.0	1.0	2.0
10230000	1.6184656689150767	0.15301289724381145	1.0	1.0	2.0
10240000	0.39225113395611216	0.06849137029138595	1.0	1.0	2.0
10250000	0.9717217292280786	0.5722305798908026	1.0	1.0	2.0
10260000	1.4972191585934478	0.299228884658513	1.0	1.0	2.0
10270000	1.16821028141427	0.04204689033038194	1.0	1.0	2.0
10280000	1.766593744377577	0.5520204942130521	1.0	1.0	2.0
10290000	1.111649522077793	0.27866924186569436	1.0	1.0	2.0
10300000	0.8747620443097653	0.292032741715994	1.0	1.0	2.0
10310000	0.11598428089392195	0.04139731251200841	1.0	1.0	2.0
10320000	0.40340637783805366	1.143289138273137	1.0	1.0	2.0
10330000	1.411763116566386	4.309322698336887	1.0	1.0	2.0
10340000	2.0095848725723355	1.1367181615276127	1.0	1.0	2.0
10350000	0.18373607605447495	0.09426402198073182	1.0	1.0	2.0
10360000	2.124244475255345	0.4680047965828763	1.0	1.0	2.0
10370000	2.3175720395540984	1.623431298413675	1.0	1.0	2.0
10380000	1.6200408229745962	0.3764772540320464	1.0	1.0	2.0
10390000	0.11235806239362252	0.034527732424867924	1.0	1.0	2.0
10400000	0.020858492032234784	0.0032217771194508753	1.0	1.0	2.0
10410000	0.1467561528232574	0.27547833751412953	1.0	1.0	2.0
10420000	1.1656100968079874	1.3194749938219976	1.0	1.0	2.0
10430000	0.20019504089190054	0.2269264403160498	1.0	1.0	2.0
10440000	2.295401473150865	0.7870470772011968	1.0	1.0	2.0
10450000	0.12124060782370119	0.029546273576463257	1.0	1.0	2.0
10460000	1.2354038933451978	0.9276646384739543	1.0	1.0	2.0
10470000	0.3936531463710486	0.7475511726362819	1.0	1.0	2.0
10480000	0.6318696238759985	0.8958797280411531	1.0	1.0	2.0
10490000	0.7722883938096045	0.5932933712762686	1.0	1.0	2.0
10500000	1.9884974549025336	0.5651313789080732	1.0	1.0	2.0
10510000	2.142027169945399	0.5025745423943174	1.0	1.0	2.0
10520000	1.099115240895973	0.12643767226369887	1.0	1.0	2.0
10530000	0.5079425004696492	0.2467417856853466	1.0	1.0	2.0
10540000	0.9253871015917134	0.14731921837767017	1.0	1.0	2.0
10550000	0.6092058352414257	0.7967034315359538	1.0	1.0	2.0
10560000	1.175463509271125	0.33244594790009113	1.0	1.0	2.0
10570000	1.147972861444049	0.39248556500087317	1.0	1.0	2.0
10580000	1.2389531761478807	1.4606539967810386	1.0	1.0	2.0
10590000	1.999230862339111	0.04302445644697579	1.0	1.0	2.0
10600000	0.7970542556877896	0.08735129071859657	1.0	1.0	2.0
10610000	2.3786952101052163	1.808652154295312	1.0	1.0	2.0
10620000	1.0594917131159147	0.602672848522455	1.0	1.0	2.0
10630000	3.546261192593048	0.44633483592027084	1.0	1.0	2.0
10640000	3.85628945811132	0.6262020229172796	1.0	1.0	2.0
10650000	0.730158281568349	0.7228233048518059	1.0	1.0	2.0
10660000	7.203859592874898	2.8633081404381957	1.0	1.0	2.0
10670000	0.9787076401210348	0.31253530024620396	1.0	1.0	2.0
10680000	0.46069313702798137	1.3722873843691352	1.0	1.0	2.0
10690000	2.4708982079789905	0.24139667296711967	1.0	1.0	2.0
10700000	3.2467561731645564	1.1362930777689702	1.0	1.0	2.0
10710000	1.8733308995936495	0.6405983492475525	1.0	1.0	2.0
10720000	2.472709139645079	0.5841971336773437	1.0	1.0	2.0
10730000	1.1406847286545094	0.35380335812156244	1.0	1.0	2.0
10740000	1.0392327131525194	0.03359842714648827	1.0	1.0	2.0
10750000	2.760849698534296	0.2718840569065626	1.0	1.0	2.0
10760000	1.035862362451567	0.6512672159447072	1.0	1.0	2.0
10770000	1.9933136921213943	0.05400104587258051	1.0	1.0	2.0
10780000	1.1139590738843435	0.49962129530308913	1.0	1.0	2.0
10790000	2.0029044151595823	0.1417628627449509	1.0	1.0	2.0
10800000	0.2945486745451153	0.3547860616752725	1.0	1.0	2.0
10810000	0.1157769000136932	0.0967482797084574	1.0	1.0	2.0
10820000	0.30294867577570933	0.32226586001326285	1.0	1.0	2.0
10830000	0.7432348077464611	0.5853022809429068	1.0	1.0	2.0
10840000	1.2266805245520638	0.07107393326614599	1.0	1.0	2.0
10850000	8.12915533399637	0.27069551952957926	1.0	1.0	2.0
10860000	2.8671171713173655	0.8715116603850291	1.0	1.0	2.0
10870000	2.6595547193675197	1.400384334990105	1.0	1.0	2.0
10880000	1.1739090406930017	0.029300348999717372	1.0	1.0	2.0
10890000	1.9841772058281946	1.1710406076218711	1.0	1.0	2.0
10900000	0.6694086609513171	0.21740756437117872	1.0	1.0	2.0
10910000	0.19083620342669264	0.07471887079512969	1.0	1.0	2.0
10920000	0.9509944993726052	0.31632101601052937	1.0	1.0	2.0
10930000	0.42955050760669405	0.33271910850468445	1.0	1.0	2.0
10940000	1.91420983910956	0.032987557686834985	1.0	1.0	2.0
10950000	2.0620520765880173	0.21746022529375034	1.0	1.0	2.0
10960000	1.7235142270556756	0.4217321683469378	1.0	1.0	2.0
10970000	1.1930484816138285	0.21949272688863847	1.0	1.0	2.0
10980000	1.552149080414066	1.4525371183848366	1.0	1.0	2.0
10990000	1.1149854312126397	0.21975016529201408	1.0	1.0	2.0
11000000	3.2153867137829124	0.7666735845478383	1.0	1.0	2.0
11010000	1.3848891411490223	0.9297711955170735	1.0	1.0	2.0
11020000	2.5147291613867235	0.11992762047433868	1.0	1.0	2.0
11030000	0.9107212148004841	0.5423407145599414	1.0	1.0	2.0
11040000	0.13447684859947862	0.24574325781845294	1.0	1.0	2.0
11050000	1.5677970387433353	3.5319064651009806	1.0	1.0	2.0
11060000	2.372501204011235	1.289433234026563	1.0	1.0	2.0
11070000	0.9794483989808872	1.6710037329812366	1.0	1.0	2.0
11080000	2.1815459974894384	0.21441754728850737	1.0	1.0	2.0
11090000	1.6150077695277498	0.1061287406798743	1.0	1.0	2.0
11100000	1.1163675095807746	0.26070819033701303	1.0	1.0	2.0
11110000	1.2157322888121385	0.2814381692953643	1.0	1.0	2.0
11120000	0.8347791721304854	0.5002118391265323	1.0	1.0	2.0
11130000	1.2780902029153791	1.386862865065775	1.0	1.0	2.0
11140000	0.7099782886030288	0.31933791122950245	1.0	1.0	2.0
11150000	0.6949959851553346	0.3531871625440831	1.0	1.0	2.0
11160000	1.87887736271804	0.41710603405814956	1.0	1.0	2.0
11170000	0.9980242502971126	0.5292685720508629	1.0	1.0	2.0
11180000	0.8179033556476208	0.6634803519197124	1.0	1.0	2.0
11190000	1.3416389722137336	0.6795451463579375	1.0	1.0	2.0
11200000	1.452541305155365	2.95773888895886	1.0	1.0	2.0
11210000	1.396235617037377	0.09905954152487001	1.0	1.0	2.0
11220000	1.3599345785511328	1.8666594956360811	1.0	1.0	2.0
11230000	1.062322732731209	0.19751472069386938	1.0	1.0	2.0
11240000	1.1275961440802327	0.8493257374579901	1.0	1.0	2.0
11250000	1.2767416564431002	1.2914964336824133	1.0	1.0	2.0
11260000	4.816577651896827	0.8346516436203849	1.0	1.0	2.0
11270000	0.4773989076487724	0.668129320091083	1.0	1.0	2.0
11280000	4.730992688367936	0.03207968913965311	1.0	1.0	2.0
11290000	1.1640743204744335	0.7460616908713147	1.0	1.0	2.0
11300000	2.1518985527235883	0.6996131091242153	1.0	1.0	2.0
11310000	1.852585503328782	0.8479326700144262	1.0	1.0	2.0
11320000	0.39423285334046565	0.01340463255064527	1.0	1.0	2.0
11330000	0.5056020471806116	1.0270140625624953	1.0	1.0	2.0
11340000	2.3709907156782073	1.476965555831008	1.0	1.0	2.0
11350000	2.3234164719145594	0.25301289394979837	1.0	1.0	2.0
11360000	4.246142941788925	0.05317860370447375	1.0	1.0	2.0
11370000	0.5645816231401769	0.3062139111758816	1.0	1.0	2.0
11380000	0.7627505559147888	0.5949125091301376	1.0	1.0	2.0
11390000	0.6753369230793201	0.037104072437611046	1.0	1.0	2.0
11400000	1.9593248836113388	0.449833879560741	1.0	1.0	2.0
11410000	1.5814379006107804	0.6796839465806361	1.0	1.0	2.0
11420000	1.240027486858006	1.1519780021412591	1.0	1.0	2.0
11430000	1.342235946294515	1.343617106477724	1.0	1.0	2.0
11440000	1.2102744169041155	0.7686477546741429	1.0	1.0	2.0
11450000	1.713675729834728	0.15154830607459557	1.0	1.0	2.0
11460000	4.044884751919527	1.6161037366631594	1.0	1.0	2.0
11470000	1.0743433217896459	0.9359244877242013	1.0	1.0	2.0
11480000	0.3259810700484037	0.018186460653635828	1.0	1.0	2.0
11490000	1.563712164692162	0.08460687535973843	1.0	1.0	2.0
11500000	0.5123227755983674	0.37702301997776344	1.0	1.0	2.0
11510000	0.2810571199538609	0.7299860477002146	1.0	1.0	2.0
11520000	0.7042915588030579	0.15496937480259265	1.0	1.0	2.0
11530000	1.5762150466829379	0.767929993512895	1.0	1.0	2.0
11540000	0.5472620954763852	0.2430157266776473	1.0	1.0	2.0
11550000	2.2618427249822104	0.2693988304718945	1.0	1.0	2.0
11560000	0.88662875738302	0.5103624342722217	1.0	1.0	2.0
11570000	0.5231448800546846	0.126096763319282	1.0	1.0	2.0
11580000	1.0695242065056023	0.09766357373711204	1.0	1.0	2.0
11590000	0.37346036951981754	0.18629726297975932	1.0	1.0	2.0
11600000	2.61511530277713	0.24305585320179243	1.0	1.0	2.0
11610000	0.6282717358133829	0.08298657900825045	1.0	1.0	2.0
11620000	2.0907102255925327	0.4881290510447051	1.0	1.0	2.0
11630000	0.33329970948803916	0.00642070844652803	1.0	1.0	2.0
11640000	0.5592708754128864	0.18122539106502064	1.0	1.0	2.0
11650000	0.49634448563181555	0.4324795426184168	1.0	1.0	2.0
11660000	1.326039561176707	1.8573298054660439	1.0	1.0	2.0
11670000	1.472136377820846	1.1458159368647916	1.0	1.0	2.0
11680000	1.125027393975025	0.2773545156262851	1.0	1.0	2.0
11690000	0.63709370447182	0.3444249952226924	1.0	1.0	2.0
11700000	3.651854236643977	1.9268560095548612	1.0	1.0	2.0
11710000	1.7414300541008938	0.883661484356301	1.0	1.0	2.0
11720000	1.0130866632971498	1.0362789564325248	1.0	1.0	2.0
11730000	0.4128607125431785	0.23877566524669822	1.0	1.0	2.0
11740000	1.2145209072818577	0.5065484351948801	1.0	1.0	2.0
11750000	0.5985101605608603	0.03166735207548714	1.0	1.0	2.0
11760000	1.8029947258451933	0.7689747774112385	1.0	1.0	2.0
11770000	1.6440200642485825	0.4796426983814115	1.0	1.0	2.0
11780000	0.030024794156279996	0.21119310145706954	1.0	1.0	2.0
11790000	1.7760140651969052	0.2613826850705436	1.0	1.0	2.0
11800000	0.33520800257423405	1.322981846734426	1.0	1.0	2.0
11810000	0.32990350637063753	0.7286146173990223	1.0	1.0	2.0
11820000	0.9775668539937334	0.8415583563832922	1.0	1.0	2.0
11830000	1.2535101567632354	1.5512735215249318	1.0	1.0	2.0
11840000	3.442279334955434	2.4776191869884854	1.0	1.0	2.0
11850000	1.7181918704411603	0.2669843300522789	1.0	1.0	2.0
11860000	0.608446622027507	0.059254319806538606	1.0	1.0	2.0
11870000	1.3341551711781667	0.08426521882534253	1.0	1.0	2.0
11880000	0.7306613164429436	0.13970316597768814	1.0	1.0	2.0
11890000	4.4756757594445675	0.5174916827278282	1.0	1.0	2.0
11900000	0.9480187477590428	0.6404675000100445	1.0	1.0	2.0
11910000	0.9410239720026623	0.706959859455249	1.0	1.0	2.0
11920000	2.2626816113591417	0.04657741495496095	1.0	1.0	2.0
11930000	1.0075044277237006	0.3049298146763749	1.0	1.0	2.0
11940000	0.28582038315016095	0.008152451911977356	1.0	1.0	2.0
11950000	0.8326702124533384	0.273734977344782	1.0	1.0	2.0
11960000	1.3474418069443246	0.15121410366141447	1.0	1.0	2.0
11970000	3.2517167095028414	1.741816966093747	1.0	1.0	2.0
11980000	0.8469195427416377	1.1031350632783683	1.0	1.0	2.0
11990000	6.202708334562031	1.7035539490713718	0.0	1.0	1.0
12000000	1.844692519236552	0.2693388593903545	1.0	1.0	2.0
12010000	0.6896453663373306	1.0393911481464677	1.0	1.0	2.0
12020000	1.9197739428169278	0.21883391274761907	1.0	1.0	2.0
12030000	0.44877693142095393	0.44227717836002445	1.0	1.0	2.0
12040000	0.5658251570872534	1.46393804214476	1.0	1.0	2.0
12050000	1.0744416220572839	0.3242474210309506	1.0	1.0	2.0
12060000	0.3156638846340168	0.009373874636371366	1.0	1.0	2.0
12070000	0.903042336202249	0.01456029523783245	1.0	1.0	2.0
12080000	2.0884634059507614	0.3242570411615626	1.0	1.0	2.0
12090000	1.8761581586028824	0.21956242165129908	1.0	1.0	2.0
12100000	0.5536164119388183	0.15782085055887873	1.0	1.0	2.0
12110000	0.8309078879447811	1.8376934057615086	1.0	1.0	2.0
12120000	0.1709372088204474	0.16610972361438095	1.0	1.0	2.0
12130000	0.7379497661060848	0.5465967460615794	1.0	1.0	2.0
12140000	0.736615436410879	0.449507054677674	1.0	1.0	2.0
12150000	0.12089461409446838	0.1116685633170437	1.0	1.0	2.0
12160000	2.6345332806548365	2.3053099715549243	1.0	1.0	2.0
12170000	2.0284012073200337	0.059492878284414304	1.0	1.0	2.0
12180000	0.775773951393015	0.23328490958383682	1.0	1.0	2.0
12190000	2.5561707548894854	1.1946465689441654	1.0	1.0	2.0
12200000	0.43154615883629804	0.08286677519002501	1.0	1.0	2.0
12210000	3.606379964608244	0.646123693686823	1.0	1.0	2.0
12220000	1.7807787750044834	0.20520100633603094	1.0	1.0	2.0
12230000	1.5846014746191743	0.41893399074982673	1.0	1.0	2.0
12240000	1.2845436364137868	0.21382104227898366	1.0	1.0	2.0
12250000	1.9929462736768369	0.7023723414044477	1.0	1.0	2.0
12260000	1.5610047528594255	0.2469023929600825	1.0	1.0	2.0
12270000	3.4665412261487623	0.281167625915956	1.0	1.0	2.0
12280000	0.150752169772983	0.24495569046506319	1.0	1.0	2.0
12290000	0.19010007228811626	0.02764313259944785	1.0	1.0	2.0
12300000	2.0925558816125536	0.683119077499251	1.0	1.0	2.0
12310000	1.7597975688288114	1.045950113685511	1.0	1.0	2.0
12320000	3.632070225899433	0.5997723761723446	1.0	1.0	2.0
12330000	1.1865070449722672	0.14247285651922112	1.0	1.0	2.0
12340000	0.03399425878293397	0.059294131199225455	0.0	1.0	1.0
12350000	0.6077236412059815	0.5680793539551195	1.0	1.0	2.0
12360000	2.0495412893835487	0.4555870751132152	1.0	1.0	2.0
12370000	3.972634670813079	1.6570250781913534	1.0	1.0	2.0
12380000	1.64101599613529	0.6223962757742322	1.0	1.0	2.0
12390000	0.05050505555611768	0.07761361955515875	1.0	1.0	2.0
12400000	0.3473010454877417	0.04350748254271588	1.0	1.0	2.0
12410000	0.4227212152612478	0.19866224837115132	1.0	1.0	2.0
12420000	2.2685281745365367	0.8365052042179557	1.0	1.0	2.0
12430000	0.9553805155658228	1.2882548986176745	1.0	1.0	2.0
12440000	1.3497813071357199	0.06756246241196094	1.0	1.0	2.0
12450000	1.967026009727469	0.16530911996914452	1.0	1.0	2.0
12460000	0.9407221583666385	0.007060282976136129	1.0	1.0	2.0
12470000	0.5824608992108824	0.18486546890897054	1.0	1.0	2.0
12480000	0.4098666330765158	0.30550167136489437	1.0	1.0	2.0
12490000	1.1281189302297663	0.93449546054699	1.0	1.0	2.0
12500000	0.6985334817685457	0.3567214247172232	1.0	1.0	2.0
12510000	2.188270640104121	0.26788600627667336	1.0	1.0	2.0
12520000	0.8353392297317624	0.12632031358921775	1.0	1.0	2.0
12530000	0.10438560111251628	0.11867671858543555	1.0	1.0	2.0
12540000	0.4890059985425599	0.6306111152580531	1.0	1.0	2.0
12550000	2.0294670208914343	0.15085894861416757	1.0	1.0	2.0
12560000	0.6376619607481812	0.05913584684558322	1.0	1.0	2.0
12570000	0.732872333119978	1.5027269266253627	1.0	1.0	2.0
12580000	0.41070668309250286	0.4173254408529698	1.0	1.0	2.0
12590000	1.521975434710045	0.06481059968951834	1.0	1.0	2.0
12600000	1.8188141053617737	0.39943468980390023	1.0	1.0	2.0
12610000	0.28632625283695984	0.11442131364493366	1.0	1.0	2.0
12620000	2.8041362789132993	0.5909595231568681	1.0	1.0	2.0
12630000	0.7721570618120716	0.06816207716567263	1.0	1.0	2.0
12640000	1.2358693588800882	0.5257384976998819	1.0	1.0	2.0
12650000	0.8706029920480164	0.8388106947901749	1.0	1.0	2.0
12660000	0.11965750917358876	0.03821495369339518	1.0	1.0	2.0
12670000	0.26212638895260876	0.12970245195234414	1.0	1.0	2.0
12680000	1.4794273672507823	0.5095856789542607	1.0	1.0	2.0
12690000	2.1220507239203923	0.0525935610706147	1.0	1.0	2.0
12700000	0.7512577975211341	0.024108959993768702	1.0	1.0	2.0
12710000	2.7335115139300354	0.5190111025244162	1.0	1.0	2.0
12720000	0.07363149366012839	0.17628398715944837	1.0	1.0	2.0
12730000	0.778017071168615	1.0297713893120966	1.0	1.0	2.0
12740000	0.36618664750690877	0.18616692076143268	1.0	1.0	2.0
12750000	0.3981648392940816	2.336358153234694	1.0	1.0	2.0
12760000	2.4799858158411667	0.9398289172561742	1.0	1.0	2.0
12770000	0.8706795108846836	0.0037529432390731626	1.0	1.0	2.0
12780000	2.0435418003550843	0.2867488974726373	1.0	1.0	2.0
12790000	0.2133752538034532	0.302243914853989	1.0	1.0	2.0
12800000	3.707081166595511	0.609703476806112	1.0	1.0	2.0
12810000	0.25448693695308816	0.26252001363692556	1.0	1.0	2.0
12820000	1.2037396311095534	0.3544238023722003	1.0	1.0	2.0
12830000	0.9590355429951656	0.1820995297775673	1.0	1.0	2.0
12840000	3.438724790295233	1.1986519207735582	1.0	1.0	2.0
12850000	3.2926253678311888	0.6597300288258517	1.0	1.0	2.0
12860000	1.1529686172931195	0.2043131371727503	1.0	1.0	2.0
12870000	0.3011620076840985	0.2254721088065878	1.0	1.0	2.0
12880000	0.900402435027531	1.1212335383287748	1.0	1.0	2.0
12890000	1.137674647504761	2.30527660037524	1.0	1.0	2.0
12900000	1.7097914733820476	0.8061302986087155	1.0	1.0	2.0
12910000	0.15714249945621334	0.0053361225274943525	1.0	1.0	2.0
12920000	2.607321032461988	2.4230301847621507	1.0	1.0	2.0
12930000	1.4077201129657555	0.20531146826988275	1.0	1.0	2.0
12940000	0.9717293260174327	1.3461549079251174	1.0	1.0	2.0
12950000	2.7057089892521287	0.7213933799834608	1.0	1.0	2.0
12960000	1.5064403598787177	0.6257550841159351	1.0	1.0	2.0
12970000	1.1092097607590299	0.543422092803915	1.0	1.0	2.0
12980000	0.1909876720153527	0.021097437358199404	1.0	1.0	2.0
12990000	2.2826007252677445	0.6468883634470792	1.0	1.0	2.0
13000000	3.6645509452914875	1.2565795338473629	1.0	1.0	2.0
13010000	1.8739152721876504	0.4626490059880066	1.0	1.0	2.0
13020000	1.4246068648784558	0.015477712259037388	1.0	1.0	2.0
13030000	0.15558093197109243	0.032247039254895166	1.0	1.0	2.0
13040000	1.43466712616202	0.07749109702484062	1.0	1.0	2.0
13050000	2.252344510565629	1.120501251530318	1.0	1.0	2.0
13060000	1.0669242526649645	0.12378349226710782	1.0	1.0	2.0
13070000	0.2359987926845161	0.013922305944446944	1.0	1.0	2.0
13080000	0.9244973049643106	0.11251147376710591	1.0	1.0	2.0
13090000	0.631696807959896	0.14301999242123223	1.0	1.0	2.0
13100000	0.681673487274524	0.19703904669934316	1.0	1.0	2.0
13110000	1.1103579121482847	0.467136263848505	1.0	1.0	2.0
13120000	2.349089079071039	0.15518162543251168	1.0	1.0	2.0
13130000	0.7689915520828162	1.5510935330071218	1.0	1.0	2.0
13140000	0.7500515502708137	1.7699902772450593	1.0	1.0	2.0
13150000	2.477922148631381	0.004701311092458409	1.0	1.0	2.0
13160000	0.659420948012904	0.1023697096872715	1.0	1.0	2.0
13170000	0.4891533365298229	0.665617088958206	1.0	1.0	2.0
13180000	0.6660421963983032	0.241026995251624	1.0	1.0	2.0
13190000	1.040108410706891	0.8990022720317198	1.0	1.0	2.0
13200000	2.071920974764321	0.18946757568985403	1.0	1.0	2.0
13210000	2.7732264056420686	0.28407989979114573	1.0	1.0	2.0
13220000	1.577491184710802	1.181380001606625	1.0	1.0	2.0
13230000	2.0332211371165103	1.1990479890905432	1.0	1.0	2.0
13240000	1.9305123318706612	0.03321548603709289	1.0	1.0	2.0
13250000	1.9171558400438857	0.8835802286030965	1.0	1.0	2.0
13260000	0.18693436988192505	0.04156372273126496	1.0	1.0	2.0
13270000	0.3612489037535902	1.1382080269448	1.0	1.0	2.0
13280000	1.6025908507592561	0.2088232381084911	1.0	1.0	2.0
13290000	1.9396341763517597	0.10828650808390525	1.0	1.0	2.0
13300000	1.1221169585581523	0.008151632374924637	1.0	1.0	2.0
13310000	0.5285523403474714	0.002261666753247144	1.0	1.0	2.0
13320000	1.8915777887334697	0.1319987703333648	1.0	1.0	2.0
13330000	2.1028875954479647	0.03258416777066857	1.0	1.0	2.0
13340000	2.30049185729734	1.790763924172008	1.0	1.0	2.0
13350000	0.9138431220730109	0.4111855919701087	1.0	1.0	2.0
13360000	0.6421686059909104	0.19494144626217239	1.0	1.0	2.0
13370000	0.8699562834506576	0.06281712625953276	1.0	1.0	2.0
13380000	0.7096612276773301	0.02545262304135384	1.0	1.0	2.0
13390000	1.3265916719069117	0.20105045389330128	1.0	1.0	2.0
13400000	0.6191059583285006	0.25191431082485527	1.0	1.0	2.0
13410000	0.18973879764218615	0.03268116447698287	1.0	1.0	2.0
13420000	0.17726868467168608	0.3793508398509618	1.0	1.0	2.0
13430000	2.1125708926006785	1.3497718534055425	1.0	1.0	2.0
13440000	0.422683800550806	0.021921025806197696	1.0	1.0	2.0
13450000	1.118025590081145	0.49166977758986	1.0	1.0	2.0
13460000	0.46295067991129224	2.028137356508284	1.0	1.0	2.0
13470000	0.8898796030123138	0.3217304757978966	1.0	1.0	2.0
13480000	0.4002913382986045	0.4456642405749232	1.0	1.0	2.0
13490000	1.5403116811876092	1.038961371936652	1.0	1.0	2.0
13500000	0.35470236609716055	0.059583245071959445	1.0	1.0	2.0
13510000	0.4426846424865165	1.210331980422599	1.0	1.0	2.0
13520000	1.0720903444896295	0.24078084526501298	1.0	1.0	2.0
13530000	1.2153800131397845	0.8571808705697346	1.0	1.0	2.0
13540000	2.0340107409768726	0.44485017489616685	1.0	1.0	2.0
13550000	1.1191031125903053	0.6173472220208207	1.0	1.0	2.0
13560000	3.1487910169866096	0.7285710108020989	1.0	1.0	2.0
13570000	7.193539416483085	0.928709019092003	1.0	1.0	2.0
13580000	2.8658836428963856	0.3344269923983166	1.0	1.0	2.0
13590000	0.5673725022270565	0.031217243926506173	1.0	1.0	2.0
13600000	4.097359145951224	1.8094049424228957	1.0	1.0	2.0
13610000	2.2206944943668834	0.08799636115305635	1.0	1.0	2.0
13620000	0.5586488620478481	0.05871803685976988	1.0	1.0	2.0
13630000	0.3054868640878521	0.15574468329058228	1.0	1.0	2.0
13640000	0.3657475409602014	0.039475833643821685	1.0	1.0	2.0
13650000	1.9797092321713126	0.2561396035268586	1.0	1.0	2.0
13660000	1.4454322544107283	0.6739616254653571	1.0	1.0	2.0
13670000	0.7445432971857737	0.23342183766220728	1.0	1.0	2.0
13680000	1.5602220231877362	2.196737383208946	1.0	1.0	2.0
13690000	1.1664202276986766	0.8063954504427647	1.0	1.0	2.0
13700000	1.232622120809101	0.9219997399657792	1.0	1.0	2.0
13710000	0.6784284814717516	0.35523342403097996	1.0	1.0	2.0
13720000	4.217851016546591	0.11218344448797321	1.0	1.0	2.0
13730000	0.36168723377374973	0.8884188405437388	1.0	1.0	2.0
13740000	0.29296787195627927	0.10368639884405342	1.0	1.0	2.0
13750000	0.9861579728789928	1.0396730216433314	1.0	1.0	2.0
13760000	1.272103621584585	0.9224628354674276	1.0	1.0	2.0
13770000	1.0747585907184964	0.9178688164188785	1.0	1.0	2.0
13780000	1.4088253350705364	0.7175125481017114	1.0	1.0	2.0
13790000	5.336626692457146	1.6414378834299168	1.0	1.0	2.0
13800000	1.4377147507073713	0.7416101593269228	1.0	1.0	2.0
13810000	0.33746824569404693	0.3467433790024962	1.0	1.0	2.0
13820000	0.6314500742770175	0.4552712343279305	1.0	1.0	2.0
13830000	0.41292426091668927	1.2968296386862095	0.0	1.0	1.0
13840000	1.6537457036720031	0.3296381429815905	1.0	1.0	2.0
13850000	2.0885121339507227	0.3641445184652505	1.0	1.0	2.0
13860000	1.1560295716744329	0.4366688781573405	1.0	1.0	2.0
13870000	2.041483304628778	2.052709231195523	1.0	1.0	2.0
13880000	0.2238059408277705	0.19045595274215457	1.0	1.0	2.0
13890000	0.5515788448543423	0.050156831074253415	1.0	1.0	2.0
13900000	1.0892154806123868	0.10440787556592591	1.0	1.0	2.0
13910000	1.260670426468018	1.4424129287801657	1.0	1.0	2.0
13920000	0.844698373194883	0.23289406377007585	1.0	1.0	2.0
13930000	0.39640505444330415	0.1301163708312662	1.0	1.0	2.0
13940000	2.2633468755770134	0.01593283982411048	1.0	1.0	2.0
13950000	2.2247278552451584	0.748833472889748	1.0	1.0	2.0
13960000	0.07267891747130781	0.13904943330818864	1.0	1.0	2.0
13970000	1.226125574886066	0.8321929037578119	1.0	1.0	2.0
13980000	1.9610098545657781	1.9466494886605157	1.0	1.0	2.0
13990000	1.9086364649795768	0.3660834189874611	1.0	1.0	2.0
14000000	0.5558981211636799	0.31212564224443534	1.0	1.0	2.0
14010000	1.6635335847102275	4.576449074705641	1.0	1.0	2.0
14020000	0.4389476906953875	0.2738767956007632	1.0	1.0	2.0
14030000	6.036342070635261	0.06738130443201583	1.0	1.0	2.0
14040000	0.22602848371065837	0.15476974328315896	1.0	1.0	2.0
14050000	3.3431229530915783	0.4450746918085653	1.0	1.0	2.0
14060000	0.6331789302436972	0.008109003708725951	1.0	1.0	2.0
14070000	0.4142982426543276	0.08224494080149891	1.0	1.0	2.0
14080000	3.471864262347556	0.9246836800200704	1.0	1.0	2.0
14090000	1.8632590850424493	0.015261117775014094	1.0	1.0	2.0
14100000	0.4252866438081115	0.03827700111697627	1.0	1.0	2.0
14110000	1.4494414219328033	0.1386177714625585	1.0	1.0	2.0
14120000	0.43788247646990897	0.23355975459197167	1.0	1.0	2.0
14130000	2.0482059203889493	0.25196639104935287	1.0	1.0	2.0
14140000	0.5726704137951028	0.21000369912080516	1.0	1.0	2.0
14150000	1.7131309071712186	0.3901698075947934	1.0	1.0	2.0
14160000	1.4162096145364949	1.302923670092543	1.0	1.0	2.0
14170000	2.921029863754909	0.168508555050023	1.0	1.0	2.0
14180000	2.889511094770568	0.5321022568583867	1.0	1.0	2.0
14190000	0.8973932314458981	0.3575086360553656	1.0	1.0	2.0
14200000	0.7515328405397133	0.17324459509351273	1.0	1.0	2.0
14210000	1.4481176707996661	0.49286122377092073	1.0	1.0	2.0
14220000	1.070411471602774	0.07526181736143978	1.0	1.0	2.0
14230000	0.8336984914607113	0.19631792671623433	1.0	1.0	2.0
14240000	2.3024633411579054	0.09129592945596773	1.0	1.0	2.0
14250000	3.550309637729065	0.052908587991737754	1.0	1.0	2.0
14260000	0.49605632574449515	0.14562907943865622	1.0	1.0	2.0
14270000	4.609397297959343	1.690218607569084	1.0	1.0	2.0
14280000	0.39109454426486323	0.25805602796291716	1.0	1.0	2.0
14290000	1.086619089197084	0.32017637772936364	1.0	1.0	2.0
14300000	0.6658805797796051	0.9542892205906653	1.0	1.0	2.0
14310000	2.7055486140086926	0.5900672173488919	1.0	1.0	2.0
14320000	0.7138526440612999	0.6103568494741235	1.0	1.0	2.0
14330000	2.9990914882405613	0.46622445717825706	1.0	1.0	2.0
14340000	0.7545606104713297	0.44136776293281904	1.0	1.0	2.0
14350000	1.1112745361035072	0.015404488865748201	1.0	1.0	2.0
14360000	2.177586751072019	0.5560648456302603	1.0	1.0	2.0
14370000	0.9522380224185424	0.3556052360561851	1.0	1.0	2.0
14380000	1.9850681459534407	0.1140178659174707	1.0	1.0	2.0
14390000	1.0587606727235468	2.3089841503180364	1.0	1.0	2.0
14400000	1.2214451921718685	0.5798505145028343	1.0	1.0	2.0
14410000	0.47890607489104453	1.7028140351905339	1.0	1.0	2.0
14420000	1.0265159912365949	1.6110366568933152	1.0	1.0	2.0
14430000	1.0976955294562893	0.07137490454202851	1.0	1.0	2.0
14440000	3.6531863025479443	0.6514407256277894	1.0	1.0	2.0
14450000	0.7278961978643482	0.7184240577460187	1.0	1.0	2.0
14460000	0.9738242716789307	0.05615640707136949	1.0	1.0	2.0
14470000	0.27495635401510127	0.17703074010437939	1.0	1.0	2.0
14480000	1.267112767010386	0.6548358723462291	1.0	1.0	2.0
14490000	0.4873103962593615	1.0563185271594207	1.0	1.0	2.0
14500000	1.2755369438915063	0.23455450314018708	1.0	1.0	2.0
14510000	0.7566422079306074	0.25332863897272284	1.0	1.0	2.0
14520000	1.5424653623565647	0.5015822261450875	1.0	1.0	2.0
14530000	0.20144958218162382	0.20722270762368622	1.0	1.0	2.0
14540000	1.5954732382130221	2.4222731030717704	1.0	1.0	2.0
14550000	2.675501977386715	0.015885919465163535	1.0	1.0	2.0
14560000	0.9700959870138165	0.5003144662031663	1.0	1.0	2.0
14570000	4.046879109893602	0.4035131958171937	1.0	1.0	2.0
14580000	3.572047697015506	0.9706877800495851	1.0	1.0	2.0
14590000	1.8300256427697428	0.2107273104973029	1.0	1.0	2.0
14600000	1.1689943626647665	1.3069881173704379	1.0	1.0	2.0
14610000	0.6646100215026889	0.06796268285981162	1.0	1.0	2.0
14620000	1.4236687018443037	0.49462557884339187	1.0	1.0	2.0
14630000	0.5758318237124895	0.18465492132562467	1.0	1.0	2.0
14640000	1.4370243596071854	0.794120886382476	1.0	1.0	2.0
14650000	0.7774686491269153	0.04052972464520177	1.0	1.0	2.0
14660000	0.20041009843125945	0.03034780709479179	1.0	1.0	2.0
14670000	0.37784303997862384	0.2084673096080508	1.0	1.0	2.0
14680000	1.6621870412088464	0.5529933515303245	1.0	1.0	2.0
14690000	0.919905323409827	0.055713745514240236	1.0	1.0	2.0
14700000	2.5444720844574955	0.25776037021803627	1.0	1.0	2.0
14710000	0.8654392094082864	0.13940503178475772	1.0	1.0	2.0
14720000	1.290783523717554	0.08666039072976316	1.0	1.0	2.0
14730000	0.005403731682269341	0.017430423211253137	1.0	1.0	2.0
14740000	3.2553704143013147	1.1549234344693975	1.0	1.0	2.0
14750000	1.4065745300860708	0.2763463672477873	1.0	1.0	2.0
14760000	0.15618699505982406	0.27214778463642103	1.0	1.0	2.0
14770000	1.4723244911986606	0.23618694916844096	1.0	1.0	2.0
14780000	1.79392564253643	0.35526348631033045	1.0	1.0	2.0
14790000	0.08199704997325219	0.02677206307211779	1.0	1.0	2.0
14800000	1.2840276072443475	0.1371487846236983	1.0	1.0	2.0
14810000	1.7076754522436557	0.05960848929512028	1.0	1.0	2.0
14820000	2.7695127262444332	0.572677436455252	1.0	1.0	2.0
14830000	0.3638422862459454	0.10794303406022816	1.0	1.0	2.0
14840000	0.9556677033803781	0.04060118190645244	1.0	1.0	2.0
14850000	0.3704256127929373	0.28244873600281084	1.0	1.0	2.0
14860000	0.9608001146973528	0.27998342634876083	1.0	1.0	2.0
14870000	0.36827022512966096	0.02606475878430326	1.0	1.0	2.0
14880000	0.09693745152042096	0.001991735431186738	1.0	1.0	2.0
14890000	0.7087280826034528	0.7526092111789434	1.0	1.0	2.0
14900000	3.226540456362051	0.05639183430401857	1.0	1.0	2.0
14910000	0.8703971991010537	0.5418590258780962	1.0	1.0	2.0
14920000	2.051119137469415	0.4531344960935102	1.0	1.0	2.0
14930000	1.7965199190666306	0.752799984907687	1.0	1.0	2.0
14940000	0.1128907148597278	0.04257248560231584	1.0	1.0	2.0
14950000	1.1014966550256051	0.019167028831650983	1.0	1.0	2.0
14960000	2.3198849628698466	0.5656391875362596	1.0	1.0	2.0
14970000	1.5452005898007668	0.32452302846111974	1.0	1.0	2.0
14980000	1.89625891258897	2.210385615295923	1.0	1.0	2.0
14990000	1.942118337693568	0.2082314957532937	1.0	1.0	2.0
15000000	0.952947098728565	0.06089357895100222	1.0	1.0	2.0
15010000	0.30355857486300974	0.666141746520459	1.0	1.0	2.0
15020000	1.9256786715923506	1.2652070325887805	1.0	1.0	2.0
15030000	3.8487877310887817	0.08751762198235212	1.0	1.0	2.0
15040000	0.8720574831519401	0.17000254125392347	1.0	1.0	2.0
15050000	0.45616366324462837	0.3012929695234947	1.0	1.0	2.0
15060000	0.42950688507554796	0.26928426319045173	1.0	1.0	2.0
15070000	1.524521260705159	0.8275780687027094	1.0	1.0	2.0
15080000	2.198852197684408	1.6140803601844278	1.0	1.0	2.0
15090000	0.6036432970386819	0.5471979855935992	1.0	1.0	2.0
15100000	2.1749966884858343	2.5543263666188	1.0	1.0	2.0
15110000	2.0162787115627934	0.07989360110624963	1.0	1.0	2.0
15120000	3.331334053961086	0.3860879020990876	1.0	1.0	2.0
15130000	1.5415928003651769	0.6334267860015179	1.0	1.0	2.0
15140000	1.1893162030533346	0.5302648684235802	1.0	1.0	2.0
15150000	0.17510067879753974	0.21911809485092215	1.0	1.0	2.0
15160000	0.6699648601858448	1.5034181252213057	1.0	1.0	2.0
15170000	2.071316637492088	0.7701316999462485	1.0	1.0	2.0
15180000	3.727542990181657	1.0440592724979496	1.0	1.0	2.0
15190000	0.7215602019784064	0.5740549671838363	1.0	1.0	2.0
15200000	1.374297795887656	1.0837990926017977	1.0	1.0	2.0
15210000	2.448937867129665	0.012722789998106557	1.0	1.0	2.0
15220000	2.4285091258903444	0.1296258050657448	1.0	1.0	2.0
15230000	0.3760740059016681	0.01889918107405549	1.0	1.0	2.0
15240000	1.1568008222957953	0.27839175453772624	1.0	1.0	2.0
15250000	1.2705957500777334	0.20255381586410998	1.0	1.0	2.0
15260000	1.4074067332190707	0.011993622591372622	1.0	1.0	2.0
15270000	0.2109028658224704	1.1011210602611807	1.0	1.0	2.0
15280000	1.3484447408569105	1.5415400119705147	1.0	1.0	2.0
15290000	2.0808478081529604	0.5364238388372158	1.0	1.0	2.0
15300000	2.0147175739253047	0.938154745608915	1.0	1.0	2.0
15310000	0.7737762228202553	0.4783469438298288	1.0	1.0	2.0
15320000	2.489994779802106	0.0452005487220398	1.0	1.0	2.0
15330000	0.16031927330605303	0.18333732146057968	1.0	1.0	2.0
15340000	8.21832996445607	1.2574984848099626	1.0	1.0	2.0
15350000	0.7434078324870595	0.4958291096124276	1.0	1.0	2.0
15360000	0.7154720994107684	0.20096209381533353	1.0	1.0	2.0
15370000	0.21789797919181078	0.12066160983323293	1.0	1.0	2.0
15380000	0.6676974192158835	0.8628150807538898	1.0	1.0	2.0
15390000	2.2630725024182055	1.7132144405343026	1.0	1.0	2.0
15400000	0.2921471340099308	0.005935126010728094	1.0	1.0	2.0
15410000	0.10719836087028026	0.02767415065495717	1.0	1.0	2.0
15420000	1.4964212348875838	0.34190999761860996	1.0	1.0	2.0
15430000	1.1378919110992427	1.0067763421042928	1.0	1.0	2.0
15440000	0.3205147303720033	0.28512618830146036	1.0	1.0	2.0
15450000	0.6566322764299773	1.6095974086327498	1.0	1.0	2.0
15460000	2.6241061659363463	1.4822555831480735	1.0	1.0	2.0
15470000	1.2363835754496963	0.23444548777023907	1.0	1.0	2.0
15480000	1.4836872968287136	0.2609717838386306	1.0	1.0	2.0
15490000	1.2301791215606657	0.4854293527345797	1.0	1.0	2.0
15500000	1.8043008402834582	0.16693401260995921	1.0	1.0	2.0
15510000	1.0648713154199898	0.8292155156244002	1.0	1.0	2.0
15520000	0.36857988647480133	0.3416378066172255	1.0	1.0	2.0
15530000	1.5255301474337484	0.06759037194274313	1.0	1.0	2.0
15540000	1.3075314144948043	0.5050597156967166	1.0	1.0	2.0
15550000	0.5821686687542397	2.633936563994603	1.0	1.0	2.0
15560000	1.8814312251238432	0.19812498584309218	1.0	1.0	2.0
15570000	0.4509245652861483	0.5376387601835129	1.0	1.0	2.0
15580000	2.668833858434258	0.3094014375666494	1.0	1.0	2.0
15590000	0.9119097797231477	0.30977475411468625	1.0	1.0	2.0
15600000	0.25325172224007436	0.49181086901758464	1.0	1.0	2.0
15610000	0.3239383736706587	0.554967917018285	1.0	1.0	2.0
15620000	0.9328023075786017	0.38133827995779906	1.0	1.0	2.0
15630000	1.44370851061816	0.49608660996645587	1.0	1.0	2.0
15640000	2.374890950147577	0.11454155891656667	1.0	1.0	2.0
15650000	1.2561775644494317	0.14975771081034892	1.0	1.0	2.0
15660000	1.2359801719025127	0.3297664705415262	1.0	1.0	2.0
15670000	1.5169319386462194	0.32768639143709644	1.0	1.0	2.0
15680000	0.9858502605096653	0.08857485595829333	1.0	1.0	2.0
15690000	3.153818496583074	0.8057235595335372	1.0	1.0	2.0
15700000	1.5107098325850756	0.376343255937044	1.0	1.0	2.0
15710000	0.7207985886488915	0.009112965753217813	1.0	1.0	2.0
15720000	0.3382848968841872	0.052792311108244644	1.0	1.0	2.0
15730000	0.6133113640340799	0.005121220328467075	1.0	1.0	2.0
15740000	2.1368975792496823	1.6838204546139472	1.0	1.0	2.0
15750000	0.16087354710554805	0.0616827754665569	1.0	1.0	2.0
15760000	0.4464704844252576	0.5483068673534286	1.0	1.0	2.0
15770000	0.7647027428374945	0.1030243538602763	1.0	1.0	2.0
15780000	1.3611702711219837	0.19203192062044278	1.0	1.0	2.0
15790000	0.17491272666483043	1.1212641413385562	0.0	1.0	1.0
15800000	3.289767169697644	0.0226822319877934	1.0	1.0	2.0
15810000	0.8392602158287924	0.2684976241489466	1.0	1.0	2.0
15820000	3.2161548819053403	0.5727803807504643	1.0	1.0	2.0
15830000	0.4858743162382391	0.0734568849288415	1.0	1.0	2.0
15840000	0.22252066969695816	0.025105016392709633	1.0	1.0	2.0
15850000	2.0263677476118116	1.2894182454867957	1.0	1.0	2.0
15860000	1.8206962269836415	0.08812214077397895	1.0	1.0	2.0
15870000	2.3509201547355905	0.42524229226988874	1.0	1.0	2.0
15880000	0.7052440840103285	0.17606169458781776	1.0	1.0	2.0
15890000	2.8707344248738864	1.05017474121022	1.0	1.0	2.0
15900000	1.7671804564803035	0.06253112268052043	1.0	1.0	2.0
15910000	0.2979308558946309	0.4518526079626915	1.0	1.0	2.0
15920000	0.5290819064579871	1.0454096345423236	1.0	1.0	2.0
15930000	0.6759882711337468	2.5960944955503313	1.0	1.0	2.0
15940000	0.5179935608090412	0.28711080089678936	1.0	1.0	2.0
15950000	0.9537658031129495	0.001331105621003429	1.0	1.0	2.0
15960000	0.7975420911085019	0.1471725967538802	1.0	1.0	2.0
15970000	0.5628653101186748	0.37866942611827137	1.0	1.0	2.0
15980000	1.595974510472665	0.3069554847682025	1.0	1.0	2.0
15990000	1.2684631799755384	0.03473717116566272	1.0	1.0	2.0
16000000	4.271613439070965	0.5218722635068604	1.0	1.0	2.0
16010000	0.15367993478720088	0.6036768885722926	1.0	1.0	2.0
16020000	0.5497950046907549	0.8070718309506575	1.0	1.0	2.0
16030000	1.868661022610995	1.3489696098715447	1.0	1.0	2.0
16040000	1.8711561754712758	2.4747319824248697	1.0	1.0	2.0
16050000	0.26484794221173896	0.057350702846158334	1.0	1.0	2.0
16060000	1.6124153112815405	0.1618835313167593	1.0	1.0	2.0
16070000	2.9950440353009786	0.1607772197735536	1.0	1.0	2.0
16080000	0.8253186326121454	0.05558141172772706	1.0	1.0	2.0
16090000	2.658988876070798	0.045706600403811505	1.0	1.0	2.0
16100000	1.5254359961922586	1.3958995774283418	1.0	1.0	2.0
16110000	1.1184345971871577	0.528405470764519	1.0	1.0	2.0
16120000	1.8754001982264625	0.7769923939443995	1.0	1.0	2.0
16130000	1.5858718158542198	0.4941214249359448	1.0	1.0	2.0
16140000	1.0345273987876473	0.2393728729047513	1.0	1.0	2.0
16150000	1.0597615400346687	0.8969273944564454	1.0	1.0	2.0
16160000	0.30191923160685696	0.605260141858325	1.0	1.0	2.0
16170000	0.9632869445025967	0.5111349132081361	1.0	1.0	2.0
16180000	0.1974269333952571	1.1451633992527062	1.0	1.0	2.0
16190000	1.5757939366891631	0.05058760097693222	1.0	1.0	2.0
16200000	0.5680175650737248	0.35532695478085213	1.0	1.0	2.0
16210000	0.402916474597171	0.2619751377984644	1.0	1.0	2.0
16220000	0.5049018769924192	0.9668059333901825	1.0	1.0	2.0
16230000	1.839343447363398	0.14622079059634754	1.0	1.0	2.0
16240000	1.2248571699744168	0.6574226751548129	1.0	1.0	2.0
16250000	0.4971495188577148	1.777866322229615	1.0	1.0	2.0
16260000	0.7851067964049726	0.666193672001339	1.0	1.0	2.0
16270000	3.5471204042670186	0.27329562531157653	1.0	1.0	2.0
16280000	0.12233664469243487	0.018113735114448363	1.0	1.0	2.0
16290000	1.6042933479481991	1.012738913688207	1.0	1.0	2.0
16300000	1.3433524777422208	0.9053526965139992	1.0	1.0	2.0
16310000	0.6536731625114637	0.024179911286849314	1.0	1.0	2.0
16320000	2.717684464590035	0.8983633683248947	1.0	1.0	2.0
16330000	0.6504581072012809	0.24706203229853596	1.0	1.0	2.0
16340000	1.5534841293064088	0.12075055267559184	1.0	1.0	2.0
16350000	0.1371135979992522	0.33041877220948357	1.0	1.0	2.0
16360000	0.597517573007431	0.5763725396102979	1.0	1.0	2.0
16370000	0.17327104218028383	0.16508586375951392	1.0	1.0	2.0
16380000	0.18204945273294995	0.3983206984548722	1.0	1.0	2.0
16390000	1.337292712835687	1.2351080208509804	1.0	1.0	2.0
16400000	1.29113696829929	0.5395502450004741	1.0	1.0	2.0
16410000	0.7878220954679217	1.2712561769257156	1.0	1.0	2.0
16420000	2.431213641874129	0.02517325773174927	1.0	1.0	2.0
16430000	1.3713754517235688	0.20772719938712975	1.0	1.0	2.0
16440000	0.2490856530134769	0.3539487870576515	1.0	1.0	2.0
16450000	0.9373239563229808	1.4941255611476716	1.0	1.0	2.0
16460000	1.7072005299767496	1.2925770861272143	1.0	1.0	2.0
16470000	1.8930260060122408	1.3593535260903704	1.0	1.0	2.0
16480000	1.3974541460073984	0.14678940894656023	1.0	1.0	2.0
16490000	1.0013485373595703	0.8981858390265433	1.0	1.0	2.0
16500000	2.3340380169335684	0.07721746506432468	1.0	1.0	2.0
16510000	0.9146528486994242	0.5706487014505939	1.0	1.0	2.0
16520000	2.2052288334242975	0.2806592982594975	1.0	1.0	2.0
16530000	0.05014483653039905	0.08940981375523961	1.0	1.0	2.0
16540000	1.5467388961376387	0.3696592175301453	1.0	1.0	2.0
16550000	2.334438575952066	0.26542949223933704	1.0	1.0	2.0
16560000	1.23783500784039	0.13728624199252648	1.0	1.0	2.0
16570000	0.940691311505733	0.836536233312502	1.0	1.0	2.0
16580000	0.6209994056898668	0.37644831767604786	1.0	1.0	2.0
16590000	0.17309888882558916	0.08025543162330075	1.0	1.0	2.0
16600000	0.6962924904953958	0.6821873642673217	1.0	1.0	2.0
16610000	0.8758817334810334	0.335897890625581	1.0	1.0	2.0
16620000	2.6807735790074374	0.34969528579918957	1.0	1.0	2.0
16630000	2.9008249708064673	1.1185179252422317	1.0	1.0	2.0
16640000	0.7535280042451932	0.21872443039281944	1.0	1.0	2.0
16650000	1.3292514381680898	0.5938127330304586	1.0	1.0	2.0
16660000	1.6930431409793445	0.09743960382150992	1.0	1.0	2.0
16670000	1.197563779372464	0.694816016550081	1.0	1.0	2.0
16680000	0.04625635464126877	0.0164073595557412	1.0	1.0	2.0
16690000	0.9761707364836643	0.0010164144161388716	1.0	1.0	2.0
16700000	0.7482183537213883	1.4635199410499835	1.0	1.0	2.0
16710000	1.2937638463794368	0.874785064585707	1.0	1.0	2.0
16720000	2.470952685089056	1.4419177004265489	1.0	1.0	2.0
16730000	1.5119579193806345	0.27642655752018447	1.0	1.0	2.0
16740000	2.6650460350584537	0.49356089756912175	1.0	1.0	2.0
16750000	1.0031232543422028	0.4096625387888653	1.0	1.0	2.0
16760000	0.13586701231247061	0.1593892164253738	1.0	1.0	2.0
16770000	2.0211428717813127	3.0226602129765885	1.0	1.0	2.0
16780000	0.768004479545557	0.23306082995035404	1.0	1.0	2.0
16790000	0.6198510896624216	0.4722937642393372	1.0	1.0	2.0
16800000	0.7835415082012639	0.3651382823160081	1.0	1.0	2.0
16810000	1.1472243403690363	0.006309253645953274	1.0	1.0	2.0
16820000	1.1279758584301405	0.26362092132172227	1.0	1.0	2.0
16830000	0.874144643651718	0.4174058108622265	1.0	1.0	2.0
16840000	2.392347694427101	0.41816283736045423	1.0	1.0	2.0
16850000	1.906553838432999	1.7402043464127321	1.0	1.0	2.0
16860000	0.3119252924169522	0.267033668235302	1.0	1.0	2.0
16870000	0.625947886560283	0.9710878681684308	1.0	1.0	2.0
16880000	0.965358723169354	1.2021259349143751	1.0	1.0	2.0
16890000	0.6052556049703075	0.21121861123906008	1.0	1.0	2.0
16900000	2.0270840407253665	0.5825700470481574	1.0	1.0	2.0
16910000	2.113181769127685	0.47482129463748257	1.0	1.0	2.0
16920000	2.2168525328005333	0.11048199271231054	1.0	1.0	2.0
16930000	1.7428286270211013	0.20941062748940312	1.0	1.0	2.0
16940000	3.0087714403877595	3.6349396484678786	1.0	1.0	2.0
16950000	0.041913889065834646	0.05539642406454478	1.0	1.0	2.0
16960000	0.21261298529187722	0.022499904362872455	1.0	1.0	2.0
16970000	0.9941265433780039	0.24873416592279673	1.0	1.0	2.0
16980000	2.814445304314611	0.19597866933331917	1.0	1.0	2.0
16990000	3.835945237427338	0.02272462255781938	1.0	1.0	2.0
17000000	2.4566094194989483	1.5146477788286201	1.0	1.0	2.0
17010000	2.1154575479295463	0.009761465751618386	1.0	1.0	2.0
17020000	1.3818530287934088	0.585814849836354	1.0	1.0	2.0
17030000	1.8257703176304307	0.23461494539885475	1.0	1.0	2.0
17040000	3.9750584023832345	1.2912454186957827	1.0	1.0	2.0
17050000	0.7229113676801091	0.056268000311119185	1.0	1.0	2.0
17060000	1.5853165828021074	0.2160386559899795	1.0	1.0	2.0
17070000	1.783524051809266	0.9837633602546205	1.0	1.0	2.0
17080000	0.5879275545617512	0.7400592599354474	1.0	1.0	2.0
17090000	0.1736898248820931	1.728824260253254	1.0	1.0	2.0
17100000	1.366377766222761	1.505002989074685	1.0	1.0	2.0
17110000	5.390043948279983	0.3650120656874534	1.0	1.0	2.0
17120000	1.4454169600034288	0.266453782087466	1.0	1.0	2.0
17130000	1.136900189880043	0.4944435015409507	1.0	1.0	2.0
17140000	0.7618233890715999	0.3823999227215726	1.0	1.0	2.0
17150000	0.5829766947052833	1.007958366113265	1.0	1.0	2.0
17160000	0.8259858590909829	0.1931643606282467	1.0	1.0	2.0
17170000	1.0005824143255764	0.1498610925739223	1.0	1.0	2.0
17180000	0.44810705939850054	0.6628180652595098	1.0	1.0	2.0
17190000	1.3386985336747088	2.033158676808899	1.0	1.0	2.0
17200000	1.8463531437278295	0.4128098485935046	1.0	1.0	2.0
17210000	2.0772289435659976	0.028318503078494865	1.0	1.0	2.0
17220000	3.2756157986899246	0.036587732129757536	1.0	1.0	2.0
17230000	2.7120081834647483	0.3409038279981079	1.0	1.0	2.0
17240000	2.6523127181236457	0.10552850004194601	1.0	1.0	2.0
17250000	0.6543375358256306	0.017908877586257203	1.0	1.0	2.0
17260000	0.7563342094042973	0.38255514694055637	1.0	1.0	2.0
17270000	3.0958257779540688	0.32385114042322577	1.0	1.0	2.0
17280000	1.050268725557508	0.19440698667081838	1.0	1.0	2.0
17290000	0.6491874314625041	0.1933431985812832	1.0	1.0	2.0
17300000	0.3220344676148894	0.22375999107443603	1.0	1.0	2.0
17310000	3.719744277852347	0.3555142810117357	1.0	1.0	2.0
17320000	0.5215646320054472	0.6548634179958924	1.0	1.0	2.0
17330000	0.7347921746500481	0.4749471538829938	1.0	1.0	2.0
17340000	0.24956615284462239	1.9019298175042998	0.0	1.0	1.0
17350000	0.6634037658672884	0.17433773534705355	1.0	1.0	2.0
17360000	3.1106929905655387	1.1440477458670515	1.0	1.0	2.0
17370000	1.679590877773314	0.9930643988083738	1.0	1.0	2.0
17380000	3.9583990893046805	0.7286445763126994	1.0	1.0	2.0
17390000	0.5573730449741308	1.8152316320121527	1.0	1.0	2.0
17400000	1.100570634330612	0.5522225129100266	1.0	1.0	2.0
17410000	0.0944436146342003	0.009357604003069595	1.0	1.0	2.0
17420000	1.6803211330017105	0.06030825728392627	1.0	1.0	2.0
17430000	0.6409360834016613	0.6560613476681149	1.0	1.0	2.0
17440000	0.7882534677081073	0.5619235650806667	1.0	1.0	2.0
17450000	2.342276368231638	3.675845369127828	1.0	1.0	2.0
17460000	1.137968837836486	0.6229060060291584	1.0	1.0	2.0
17470000	2.0087864216420717	0.9752005961299144	1.0	1.0	2.0
17480000	0.5132793562524158	1.0987661571928478	1.0	1.0	2.0
17490000	1.4583887012026282	0.07381976227500059	1.0	1.0	2.0
17500000	0.8236619400225172	0.014851597288207128	1.0	1.0	2.0
17510000	1.29921787031759	0.009495027582342499	1.0	1.0	2.0
17520000	0.44978066806760697	0.424241751593013	1.0	1.0	2.0
17530000	0.6891961929303809	0.6225977977677404	1.0	1.0	2.0
17540000	1.351924487309066	1.4992370033675586	1.0	1.0	2.0
17550000	2.6640378809726597	0.43916048631040766	1.0	1.0	2.0
17560000	0.5883954065559347	1.6854035963844518	1.0	1.0	2.0
17570000	0.4404141022969584	0.5968616692556028	1.0	1.0	2.0
17580000	2.032017506497746	1.2803445272668592	1.0	1.0	2.0
17590000	1.447167204017259	0.14146523752014925	1.0	1.0	2.0
17600000	0.8177107992060049	1.6298300697135233	1.0	1.0	2.0
17610000	0.5915750483350138	0.8468479277851201	1.0	1.0	2.0
17620000	2.947192820308182	0.11595701861670468	1.0	1.0	2.0
17630000	1.9829823525080623	0.6264881752757303	1.0	1.0	2.0
17640000	0.7867114808496244	0.28735121429226407	1.0	1.0	2.0
17650000	0.9902819881610734	0.4582530975880428	1.0	1.0	2.0
17660000	0.9435455804564753	0.7550589393899882	1.0	1.0	2.0
17670000	3.4897850976488995	1.4155610699892693	1.0	1.0	2.0
17680000	1.0477001259880623	2.8293745154669785	1.0	1.0	2.0
17690000	1.410088626597736	0.11671894848038694	1.0	1.0	2.0
17700000	2.2207753905854415	0.822273670171513	1.0	1.0	2.0
17710000	0.4989450518191407	0.6248002577775623	1.0	1.0	2.0
17720000	0.9776616784777804	0.9492438648261633	1.0	1.0	2.0
17730000	3.763507802258257	0.6112825187176995	1.0	1.0	2.0
17740000	0.7318720631730986	2.601898716902682	1.0	1.0	2.0
17750000	0.3844965961559906	0.24967311604505535	1.0	1.0	2.0
17760000	0.3603723510018806	0.36653054152743186	1.0	1.0	2.0
17770000	5.095094943917751	1.112620153487915	1.0	1.0	2.0
17780000	1.1996783684004215	0.21434234226886628	1.0	1.0	2.0
17790000	0.6424865874847675	2.047651258067428	1.0	1.0	2.0
17800000	2.7510309791037373	2.6531971793692364	1.0	1.0	2.0
17810000	1.2584778603306963	0.20725576959349457	1.0	1.0	2.0
17820000	1.051701409954582	0.6166009451752985	1.0	1.0	2.0
17830000	0.3270478979970555	2.542049908539842	1.0	1.0	2.0
17840000	1.0598598532925523	0.49518836946663103	1.0	1.0	2.0
17850000	0.9279516864994807	0.27531293774818344	1.0	1.0	2.0
17860000	1.1025256498706524	0.20357663858998024	1.0	1.0	2.0
17870000	0.41720900302715147	0.20141242811662705	1.0	1.0	2.0
17880000	1.489004831726881	1.6404064034551047	1.0	1.0	2.0
17890000	1.8893354391854256	0.8920143713835537	1.0	1.0	2.0
17900000	1.9224259440198874	1.6863613381139428	1.0	1.0	2.0
17910000	2.2609869547122527	1.6319026507754653	1.0	1.0	2.0
17920000	3.731951473444863	0.05352953480036665	1.0	1.0	2.0
17930000	4.35213412544261	0.12525098430754944	1.0	1.0	2.0
17940000	2.487618443154214	0.7823835912480909	1.0	1.0	2.0
17950000	0.6320278864154878	2.308404389222559	1.0	1.0	2.0
17960000	3.2773934950145427	0.3360166105112746	1.0	1.0	2.0
17970000	0.03739953425330843	0.014984164134155598	1.0	1.0	2.0
17980000	1.421631930908971	1.2426906008659464	1.0	1.0	2.0
17990000	0.8434173047358237	0.8600736485409661	1.0	1.0	2.0
18000000	2.7929209507043793	0.9220715953522957	1.0	1.0	2.0
18010000	1.321204375444226	1.8061602565274104	1.0	1.0	2.0
18020000	0.793517376918257	0.5190540455926467	1.0	1.0	2.0
18030000	3.9373328846828586	0.6990245329211273	1.0	1.0	2.0
18040000	0.8054417300743163	0.3779317782137484	1.0	1.0	2.0
18050000	1.2113223855411952	0.5409144775679149	1.0	1.0	2.0
18060000	1.7535445766998592	0.029071911869881516	1.0	1.0	2.0
18070000	0.8148762969107272	0.13212440823293914	1.0	1.0	2.0
18080000	0.7663674366909881	0.1356517016515691	1.0	1.0	2.0
18090000	0.11498170266895624	0.0555798728951688	1.0	1.0	2.0
18100000	1.6277079522771518	0.44512012196416884	1.0	1.0	2.0
18110000	2.4403188454592963	0.6696651361051158	1.0	1.0	2.0
18120000	0.5098875302423391	0.47698946438731366	1.0	1.0	2.0
18130000	1.215630286135791	0.2195205320147496	1.0	1.0	2.0
18140000	0.252320848234157	0.23545927198343614	1.0	1.0	2.0
18150000	1.4090105995907134	0.26329483277589744	1.0	1.0	2.0
18160000	4.513141785225719	0.6111019173602537	1.0	1.0	2.0
18170000	0.8266539331012988	0.6660791282278296	1.0	1.0	2.0
18180000	5.108568608247736	1.485980412389904	1.0	1.0	2.0
18190000	1.097523442456204	0.5834605551386578	1.0	1.0	2.0
18200000	1.0644373205257693	0.8901347949749727	1.0	1.0	2.0
18210000	1.0125944598677914	0.7796255879843588	1.0	1.0	2.0
18220000	0.9631206959630245	0.05179145328129093	1.0	1.0	2.0
18230000	1.3903924162961905	0.48486259606164617	1.0	1.0	2.0
18240000	4.668342552100447	1.4760084888445473	1.0	1.0	2.0
18250000	1.487378764027041	0.3395600060099244	1.0	1.0	2.0
18260000	0.3034553830101389	0.4694593440186029	1.0	1.0	2.0
18270000	1.5502967365356088	0.4023403975152005	1.0	1.0	2.0
18280000	0.3672161060821441	0.35953725486136123	1.0	1.0	2.0
18290000	1.418499913204227	0.2298996334772336	1.0	1.0	2.0
18300000	0.6658921539757813	0.22019034123752046	1.0	1.0	2.0
18310000	1.1774902124470998	0.2864771774970151	1.0	1.0	2.0
18320000	0.9815673953948245	1.6130959835618353	1.0	1.0	2.0
18330000	0.5056902238826598	0.34802468025660416	1.0	1.0	2.0
18340000	1.940592815795519	0.6544800206710611	1.0	1.0	2.0
18350000	3.9984867178546835	0.5353410112316501	1.0	1.0	2.0
18360000	1.3861400699560107	0.2831622030358671	1.0	1.0	2.0
18370000	2.8113368181396874	0.08992297235451564	1.0	1.0	2.0
18380000	2.5963412303368814	1.085037429871132	1.0	1.0	2.0
18390000	0.4728493413900608	0.40628460192773147	1.0	1.0	2.0
18400000	0.44307980432335997	0.5129162414867497	1.0	1.0	2.0
18410000	0.6289256335831441	0.001815285868500628	1.0	1.0	2.0
18420000	1.3784180542895264	0.4850566383691899	1.0	1.0	2.0
18430000	1.7258111163077494	0.671344360720348	1.0	1.0	2.0
18440000	0.8316948592023654	0.6223484406849972	1.0	1.0	2.0
18450000	0.7153305392048595	0.8064077967311634	1.0	1.0	2.0
18460000	0.8536229087181397	0.9354316338486005	1.0	1.0	2.0
18470000	1.3503636469836486	0.18127397728289044	1.0	1.0	2.0
18480000	0.10865344664190038	0.1640834700128983	1.0	1.0	2.0
18490000	1.3479142043017383	0.05199174608615274	1.0	1.0	2.0
18500000	2.9382520654970947	2.508849505990779	1.0	1.0	2.0
18510000	2.42569776151668	0.35877968477914474	1.0	1.0	2.0
18520000	0.9168721844728961	1.1567203242662203	1.0	1.0	2.0
18530000	0.5826561474014219	0.37146776201200987	1.0	1.0	2.0
18540000	3.5950045121661063	0.9295441389641098	1.0	1.0	2.0
18550000	0.6035176308402505	0.007086878666824716	1.0	1.0	2.0
18560000	0.23133729679865137	0.1298145087327109	1.0	1.0	2.0
18570000	0.712650117612592	0.22495684198038624	1.0	1.0	2.0
18580000	1.2462071018444867	0.31926920081616894	1.0	1.0	2.0
18590000	2.076317487302662	0.3571947444342429	1.0	1.0	2.0
18600000	0.9151802546051807	0.43910313259705214	1.0	1.0	2.0
18610000	2.917522952184289	0.09798699537007764	1.0	1.0	2.0
18620000	0.9610635719192151	1.3732537679521921	1.0	1.0	2.0
18630000	1.460644842921381	0.9456379574145891	1.0	1.0	2.0
18640000	1.0149141634098497	0.13478622702628462	1.0	1.0	2.0
18650000	1.2582838568593238	1.8592036941148051	1.0	1.0	2.0
18660000	0.5589482949741513	0.4023869932520109	1.0	1.0	2.0
18670000	2.5119907509674135	0.3258965940768903	1.0	1.0	2.0
18680000	0.44298113578657095	1.2003297993450168	1.0	1.0	2.0
18690000	3.318480710884646	0.45981742842562195	1.0	1.0	2.0
18700000	0.34049771462124806	0.452381745138048	1.0	1.0	2.0
18710000	0.6208425776248729	0.27093383085730277	1.0	1.0	2.0
18720000	1.1367403428188205	0.9319302480349064	1.0	1.0	2.0
18730000	0.7685731096807644	0.7267611059278811	1.0	1.0	2.0
18740000	0.15829870745313906	0.8349001380896803	1.0	1.0	2.0
18750000	0.6573451046294282	0.2858787231237382	1.0	1.0	2.0
18760000	0.9324212032659694	0.046149807842481884	1.0	1.0	2.0
18770000	1.2496728349663706	0.1592658523316247	1.0	1.0	2.0
18780000	1.8209210713470314	0.6303900078753795	1.0	1.0	2.0
18790000	0.3810780332232216	0.15304331623488468	1.0	1.0	2.0
18800000	0.16694534231637354	0.27303324380753985	1.0	1.0	2.0
18810000	1.784422061803189	0.4688266784521897	1.0	1.0	2.0
18820000	2.8788718785799228	2.6540271721914284	1.0	1.0	2.0
18830000	0.9187442246918551	0.3827039131293691	1.0	1.0	2.0
18840000	3.5475124809278706	0.17771793585030363	1.0	1.0	2.0
18850000	0.18452660950732425	0.502314400413621	1.0	1.0	2.0
18860000	1.0265020966356124	0.295848143816823	1.0	1.0	2.0
18870000	2.063518134366997	0.4259189858632151	1.0	1.0	2.0
18880000	2.0554517511289814	0.8955033398984253	1.0	1.0	2.0
18890000	1.930764772497734	0.8760336899597555	1.0	1.0	2.0
18900000	0.12339624216753389	0.3625650573741239	1.0	1.0	2.0
18910000	0.2502575737947501	0.4557557659451287	1.0	1.0	2.0
18920000	0.6883522261193109	0.47122993899663107	1.0	1.0	2.0
18930000	1.4483324731059124	0.6660032478664757	1.0	1.0	2.0
18940000	1.446994367104183	0.059563678094352826	1.0	1.0	2.0
18950000	2.4163940796396526	0.1997547541956883	1.0	1.0	2.0
18960000	1.2714376781204848	0.0578571269763638	1.0	1.0	2.0
18970000	0.9485655613197237	1.226884542152279	1.0	1.0	2.0
18980000	3.2227747075140747	0.18523536667251864	1.0	1.0	2.0
18990000	1.8886240299350951	0.6056329905019189	1.0	1.0	2.0
19000000	2.0460783384678725	1.3260413347226152	1.0	1.0	2.0
19010000	0.046013059548067885	0.09844830945240608	1.0	1.0	2.0
19020000	0.8887619808046869	0.19762013460415584	1.0	1.0	2.0
19030000	5.461704847418401	1.3270065240185296	1.0	1.0	2.0
19040000	0.2874880359883864	0.8089740385842339	1.0	1.0	2.0
19050000	2.5295287038227157	0.10101541707084237	1.0	1.0	2.0
19060000	1.454091766701906	0.37559051612917055	1.0	1.0	2.0
19070000	0.6190675885362029	0.7611769301158592	1.0	1.0	2.0
19080000	1.4430140678901904	3.5004401155521228	1.0	1.0	2.0
19090000	1.178180908484144	0.5159254368145323	1.0	1.0	2.0
19100000	0.521420787029512	0.32840084238045364	1.0	1.0	2.0
19110000	0.4033076103619395	0.15970621685022263	1.0	1.0	2.0
19120000	0.09843443918442571	0.008417571022523357	1.0	1.0	2.0
19130000	0.8414915408763631	0.9966933832949473	1.0	1.0	2.0
19140000	1.558535224921606	0.3597315061281335	1.0	1.0	2.0
19150000	1.376374996266971	0.09773408415280876	1.0	1.0	2.0
19160000	1.9682879554435944	0.10885135153481384	1.0	1.0	2.0
19170000	2.118863848100737	0.7583548658927879	1.0	1.0	2.0
19180000	0.617488931989772	1.511134881559935	1.0	1.0	2.0
19190000	2.615539829334674	0.6074132576749977	1.0	1.0	2.0
19200000	0.628940876037035	0.05199686146051215	1.0	1.0	2.0
19210000	1.97645329955018	0.6109327650137405	1.0	1.0	2.0
19220000	1.9113562443072762	0.1850821312065603	1.0	1.0	2.0
19230000	0.36985097998936395	0.8253289579594368	1.0	1.0	2.0
19240000	1.4900744757744335	1.163202411103663	1.0	1.0	2.0
19250000	0.21723216666751252	0.2505660257662686	1.0	1.0	2.0
19260000	0.24194119248730434	0.2326756829251744	1.0	1.0	2.0
19270000	0.9511535512450352	0.41748763617070483	1.0	1.0	2.0
19280000	1.1453646515926685	0.5737855477898969	1.0	1.0	2.0
19290000	1.6747791458657793	0.5726529505493038	1.0	1.0	2.0
19300000	1.3709354656503974	0.078136167981915	1.0	1.0	2.0
19310000	0.6141198768616499	0.7628705108260343	1.0	1.0	2.0
19320000	0.2708032708826032	0.9259979024384519	1.0	1.0	2.0
19330000	2.112577304377417	0.03956207429747904	1.0	1.0	2.0
19340000	0.3237926529133239	0.5833158272557065	1.0	1.0	2.0
19350000	0.7090094985477559	1.4081952774950757	1.0	1.0	2.0
19360000	1.28003722283799	0.8242602137638636	1.0	1.0	2.0
19370000	3.106691184204574	0.8523177510037634	1.0	1.0	2.0
19380000	0.8527231545058465	0.536060176383185	1.0	1.0	2.0
19390000	0.44776785398003016	0.14146907712807805	1.0	1.0	2.0
19400000	1.5684251239466411	0.5781331192803748	1.0	1.0	2.0
19410000	0.8891801328356411	0.5628878975220746	1.0	1.0	2.0
19420000	1.2702333369533565	0.0306797828225244	1.0	1.0	2.0
19430000	0.30796429231859634	0.15819218283319292	1.0	1.0	2.0
19440000	0.4785822065796806	0.055321506368792364	1.0	1.0	2.0
19450000	0.3918500557959375	0.050575196093916294	1.0	1.0	2.0
19460000	1.5500524853006992	0.3644412416778714	1.0	1.0	2.0
19470000	1.6469633844822165	0.6990229768757611	1.0	1.0	2.0
19480000	0.6246692982644336	0.1489216907114388	1.0	1.0	2.0
19490000	4.279112451434363	0.771341504762116	1.0	1.0	2.0
19500000	0.04124950352436223	0.12210431353805634	1.0	1.0	2.0
19510000	1.1492644740866098	0.5203705423052664	1.0	1.0	2.0
19520000	0.8112356634527668	0.21569735088483072	1.0	1.0	2.0
19530000	0.43612732503996776	0.024951866559107472	1.0	1.0	2.0
19540000	0.5260461374912088	0.780029470185557	1.0	1.0	2.0
19550000	1.1539953084890435	0.4640110030441235	1.0	1.0	2.0
19560000	0.2483575709916444	0.587161194594213	1.0	1.0	2.0
19570000	0.7962394686839307	1.0799626301557184	1.0	1.0	2.0
19580000	1.2598139115826383	1.5107191225963192	1.0	1.0	2.0
19590000	1.970957564327093	0.5805363767144966	1.0	1.0	2.0
19600000	0.7459557134951156	0.5572361757570307	1.0	1.0	2.0
19610000	3.8049566008181026	1.9590628286590699	1.0	1.0	2.0
19620000	1.8331245266111313	0.331087178425287	1.0	1.0	2.0
19630000	0.6884500348098335	0.7846837905109699	1.0	1.0	2.0
19640000	0.2487535335015561	0.7526378820642485	1.0	1.0	2.0
19650000	0.7452422119870982	1.7959100863625925	1.0	1.0	2.0
19660000	1.7294780434397614	1.0863489966510669	1.0	1.0	2.0
19670000	1.1455237696230849	0.31592454079019533	1.0	1.0	2.0
19680000	1.0220277494823047	0.013556485031200886	1.0	1.0	2.0
19690000	0.8554709078585678	0.0885646988911596	1.0	1.0	2.0
19700000	3.0957415160694595	1.8963562702234258	1.0	1.0	2.0
19710000	0.7840879032582276	0.06560615383288548	1.0	1.0	2.0
19720000	1.2992980391658737	0.13771139456276849	1.0	1.0	2.0
19730000	2.5108221262281676	1.3998626104909104	1.0	1.0	2.0
19740000	0.3464902669835671	0.0579052025814498	1.0	1.0	2.0
19750000	0.29893468075478297	0.12412835412179411	1.0	1.0	2.0
19760000	0.6579403120885445	0.012103889067833372	1.0	1.0	2.0
19770000	5.677240443444335	0.636272552336559	1.0	1.0	2.0
19780000	2.323227445935858	0.06318127441361715	1.0	1.0	2.0
19790000	0.6926769687483447	0.12340850298794806	1.0	1.0	2.0
19800000	5.629413908100664	1.3026424295560883	1.0	1.0	2.0
19810000	1.2254347569498227	0.09753646556863967	1.0	1.0	2.0
19820000	1.0734374572317016	0.3735535186672566	1.0	1.0	2.0
19830000	1.9491266153764755	1.1697717535419412	1.0	1.0	2.0
19840000	1.1431256610698264	1.2972390754349865	1.0	1.0	2.0
19850000	0.28612646772245726	0.2053575561946029	1.0	1.0	2.0
19860000	0.3136601483355066	0.4593744564252512	1.0	1.0	2.0
19870000	0.6592156303738631	0.5567350185426408	1.0	1.0	2.0
19880000	0.9212773176793854	0.2882188318616967	1.0	1.0	2.0
19890000	0.6217247257257071	0.5200728361885447	1.0	1.0	2.0
19900000	0.9713586675976367	0.1630661413436916	1.0	1.0	2.0
19910000	1.4189812895044365	0.7557898620738268	1.0	1.0	2.0
19920000	3.2937695349193503	0.16640125665199723	1.0	1.0	2.0
19930000	0.29275620816858694	0.20369870351267758	1.0	1.0	2.0
19940000	0.018887240450463496	0.16911778110189082	1.0	1.0	2.0
19950000	1.492635114785323	0.2680441614806332	1.0	1.0	2.0
19960000	0.6636458107752033	0.0760038561992562	1.0	1.0	2.0
19970000	0.21086702419096312	0.09977277430298531	1.0	1.0	2.0
19980000	0.5493403685612308	0.8784462921585452	1.0	1.0	2.0
19990000	0.7187889893698872	0.20878425769790804	1.0	1.0	2.0
20000000	1.1190523884247578	0.9549731834997339	1.0	1.0	2.0
20010000	0.045395730749895204	0.05215185051774387	1.0	1.0	2.0
20020000	0.4490396360943325	0.12871835013866118	1.0	1.0	2.0
20030000	1.4220102824511134	0.3279345528772011	1.0	1.0	2.0
20040000	0.06926105523243133	0.0029580382630972394	1.0	1.0	2.0
20050000	1.2920774474632981	0.5360931502200627	1.0	1.0	2.0
20060000	0.9131175979632769	0.1305493471848242	1.0	1.0	2.0
20070000	1.3697114391984242	2.1399452367806675	1.0	1.0	2.0
20080000	0.24694456069069828	0.2652767021747355	1.0	1.0	2.0
20090000	2.317463854510581	2.6667914099201204	1.0	1.0	2.0
20100000	1.647448557681598	0.44864665932958536	1.0	1.0	2.0
20110000	0.8527800261823483	6.161881520086034	1.0	1.0	2.0
20120000	1.8824884482029822	0.11178534641900262	1.0	1.0	2.0
20130000	0.08532735349835001	2.346228999973351	1.0	1.0	2.0
20140000	0.2305910344413895	0.040396685076336016	1.0	1.0	2.0
20150000	1.0331052136969106	1.490254748037251	1.0	1.0	2.0
20160000	1.1490684189469165	0.4182647923210801	1.0	1.0	2.0
20170000	1.5525200488776734	0.6449634892102594	1.0	1.0	2.0
20180000	1.198810490224976	1.3681099203851301	1.0	1.0	2.0
20190000	0.24285441104152364	0.19677668865117828	1.0	1.0	2.0
20200000	1.047211097300685	0.2761393157330227	1.0	1.0	2.0
20210000	0.6425149075171264	0.052765620132752655	1.0	1.0	2.0
20220000	0.9204253111597264	0.4009841066396802	1.0	1.0	2.0
20230000	1.6917920664650143	0.1356799984545802	1.0	1.0	2.0
20240000	0.30563036735697824	0.36273452629774516	1.0	1.0	2.0
20250000	1.3184393857218526	0.5467501240242049	1.0	1.0	2.0
20260000	0.11356217343029246	0.7405790665789298	1.0	1.0	2.0
20270000	4.190087782393405	1.4769532606022993	1.0	1.0	2.0
20280000	0.4111040914057059	0.6127756076601416	1.0	1.0	2.0
20290000	0.7594323799626266	0.06228650909850291	1.0	1.0	2.0
20300000	2.489170848725661	1.8660300682474091	1.0	1.0	2.0
20310000	3.6810109752799463	0.3450177114359288	1.0	1.0	2.0
20320000	0.5000930245189187	0.2229311876723051	1.0	1.0	2.0
20330000	1.463136295528318	0.6229845337472656	1.0	1.0	2.0
20340000	1.2103443013841872	0.7068291276688642	1.0	1.0	2.0
20350000	1.3654514185953068	2.8318752204812347	1.0	1.0	2.0
20360000	1.6066478401464463	0.05068553031714578	1.0	1.0	2.0
20370000	1.1750958812495527	0.8960154984510069	1.0	1.0	2.0
20380000	1.5207659436110599	0.8263120334385132	1.0	1.0	2.0
20390000	0.31797690697065256	0.20813844315599045	1.0	1.0	2.0
20400000	0.5163257199673835	0.19744668506411528	1.0	1.0	2.0
20410000	0.4869074928846039	0.5980163324190114	1.0	1.0	2.0
20420000	1.3198253898279597	0.18974366313778976	1.0	1.0	2.0
20430000	2.250869406383636	0.5425703198094438	1.0	1.0	2.0
20440000	1.9196311344387855	0.8003692211416952	1.0	1.0	2.0
20450000	2.1969390924814514	0.5165316939160639	1.0	1.0	2.0
20460000	0.8542313393469878	0.874058248474031	1.0	1.0	2.0
20470000	0.9033555534288857	0.814054318378413	0.0	1.0	1.0
20480000	0.6644197701633647	0.27564358879947815	1.0	1.0	2.0
20490000	0.5454138521634759	0.2942341783525827	1.0	1.0	2.0
20500000	1.5353159921608317	0.7189228691182801	1.0	1.0	2.0
20510000	0.9304514105672346	0.42406748574261666	1.0	1.0	2.0
20520000	3.7301629819554183	0.13092338089431252	1.0	1.0	2.0
20530000	1.4611105920985812	0.0010370342699885394	1.0	1.0	2.0
20540000	0.9586585468293813	0.3141433260986276	1.0	1.0	2.0
20550000	0.8517495967520503	0.584109799659909	1.0	1.0	2.0
20560000	0.7279298560552548	0.33146769448146723	1.0	1.0	2.0
20570000	0.7930490776406766	0.3189880850693242	1.0	1.0	2.0
20580000	1.7613427778512682	0.19694029177614514	1.0	1.0	2.0
20590000	1.4865836317807053	3.459583840029222	1.0	1.0	2.0
20600000	0.289292328083195	0.4014173447890962	1.0	1.0	2.0
20610000	1.4264377288584413	0.43040807234409006	1.0	1.0	2.0
20620000	0.14728038397077392	0.45591785183212974	1.0	1.0	2.0
20630000	0.47601269176902444	0.581327510938538	1.0	1.0	2.0
20640000	3.71746988488233	0.7033994505799872	1.0	1.0	2.0
20650000	0.27210180963999786	0.09390778630260425	1.0	1.0	2.0
20660000	0.18113643892222894	0.5399889201442181	1.0	1.0	2.0
20670000	0.40224023207945525	0.34187997142780413	1.0	1.0	2.0
20680000	0.32838288625639783	0.053468057163253646	1.0	1.0	2.0
20690000	3.649398736108049	0.9481130260130155	1.0	1.0	2.0
20700000	0.18114305919156984	0.16281527880486107	1.0	1.0	2.0
20710000	1.9222097255581647	0.2142158406109051	1.0	1.0	2.0
20720000	0.9422602592561188	0.04898716885942061	1.0	1.0	2.0
20730000	1.2632927446717344	0.052916870990948106	1.0	1.0	2.0
20740000	6.128391290125686	3.8293723519556027	1.0	1.0	2.0
20750000	0.07904308917287299	0.05223989780141577	1.0	1.0	2.0
20760000	0.4760766997961767	0.04890270821583989	1.0	1.0	2.0
20770000	1.0416497976695454	0.9773526870469271	1.0	1.0	2.0
20780000	2.1752673890645813	0.20292509834113184	1.0	1.0	2.0
20790000	0.6944658863317567	0.35930154282246257	1.0	1.0	2.0
20800000	1.4882297158567663	0.19886896282472857	1.0	1.0	2.0
20810000	2.4343900791855213	1.0533860985417423	1.0	1.0	2.0
20820000	0.9543609583173429	0.06412934397114992	1.0	1.0	2.0
20830000	0.1810575118285862	0.4348286272609009	1.0	1.0	2.0
20840000	1.9462165993867135	0.3150273227784136	1.0	1.0	2.0
20850000	0.1322604540880071	0.19404609371730114	1.0	1.0	2.0
20860000	3.2822982526655373	0.7364989242340654	1.0	1.0	2.0
20870000	1.9622001723709344	0.09849170175590094	1.0	1.0	2.0
20880000	0.14866385255859524	0.19163769815148457	1.0	1.0	2.0
20890000	2.309367828960798	0.8432955550899096	1.0	1.0	2.0
20900000	1.2338176822544764	0.5405804990357675	1.0	1.0	2.0
20910000	1.6574558108078827	0.09517995263775465	1.0	1.0	2.0
20920000	1.4096517538412763	0.24358400372475641	1.0	1.0	2.0
20930000	0.6967237962991158	0.17714528700190443	1.0	1.0	2.0
20940000	1.3020296040202444	0.7311748645764689	1.0	1.0	2.0
20950000	0.634727511942284	0.15970676338873846	1.0	1.0	2.0
20960000	0.3423622046607522	1.463346782502177	1.0	1.0	2.0
20970000	4.23512792324125	0.6597804829444305	1.0	1.0	2.0
20980000	2.0180426814578802	0.6066844993614116	1.0	1.0	2.0
20990000	1.757223089480353	0.7021455078003117	1.0	1.0	2.0
21000000	0.24426597376127107	0.08429619798581985	1.0	1.0	2.0
21010000	0.4774899217718011	0.20411474072664942	1.0	1.0	2.0
21020000	0.8795377447716983	0.018061131237598612	1.0	1.0	2.0
21030000	2.5666536336740573	0.01792825924166931	1.0	1.0	2.0
21040000	0.44650027891127836	0.01986765688131397	1.0	1.0	2.0
21050000	0.4819058576117876	0.34902702062575053	1.0	1.0	2.0
21060000	2.000979065186904	0.8802087888533411	1.0	1.0	2.0
21070000	0.35072550439975614	0.15940963523072676	1.0	1.0	2.0
21080000	4.021759800471178	1.3237908054338698	1.0	1.0	2.0
21090000	1.0434775654174326	0.2372475613169088	1.0	1.0	2.0
21100000	1.1180143034761822	0.6211220096010577	1.0	1.0	2.0
21110000	0.6943878719773002	0.09471935739987186	1.0	1.0	2.0
21120000	3.1527958693429734	3.3631871933766715	1.0	1.0	2.0
21130000	1.795749705362859	2.581941890784379	1.0	1.0	2.0
21140000	4.644389486324482	0.06956829031165838	1.0	1.0	2.0
21150000	2.2423589417953	0.29415803063274953	1.0	1.0	2.0
21160000	0.10367800813118944	0.012351694716821026	1.0	1.0	2.0
21170000	0.5851261708203843	2.122856802595175	1.0	1.0	2.0
21180000	2.1029558212387416	0.13243854729764304	1.0	1.0	2.0
21190000	2.0771085322875424	0.1991162210016322	1.0	1.0	2.0
21200000	0.4232873822278282	0.13466289640666002	1.0	1.0	2.0
21210000	1.2562262738065577	2.0692689771301156	1.0	1.0	2.0
21220000	0.16602193548957525	0.2816219144907534	1.0	1.0	2.0
21230000	0.7680471414914256	0.16725558831082452	1.0	1.0	2.0
21240000	2.2545406048132857	0.09583055394652405	1.0	1.0	2.0
21250000	0.2691586243248022	0.6176704389225154	1.0	1.0	2.0
21260000	0.667000072543744	0.3235681639487522	1.0	1.0	2.0
21270000	0.32626987550958153	1.055928793936047	1.0	1.0	2.0
21280000	0.8898483766136422	0.5776382626127097	1.0	1.0	2.0
21290000	0.6893591120799806	0.2625217629416207	1.0	1.0	2.0
21300000	1.1168557674793267	0.674910884373202	1.0	1.0	2.0
21310000	3.428094517968912	0.2567453749222436	1.0	1.0	2.0
21320000	2.156256234772032	3.3912226055445953	1.0	1.0	2.0
21330000	2.914102685909083	1.9602528688431455	1.0	1.0	2.0
21340000	1.8666135040670784	0.024513104125663432	1.0	1.0	2.0
21350000	0.7667441940593376	2.131201973337508	1.0	1.0	2.0
21360000	0.9631955519423442	0.3824758955224004	1.0	1.0	2.0
21370000	0.8479552584565272	0.10808704150201895	1.0	1.0	2.0
21380000	1.1286692463895691	0.7972423603370578	1.0	1.0	2.0
21390000	1.1857638540808393	0.40517198379947633	1.0	1.0	2.0
21400000	1.7161461039375834	0.08330393139845496	1.0	1.0	2.0
21410000	2.115341381930889	0.39979574423000913	1.0	1.0	2.0
21420000	5.980661289750812	0.3725213008801078	1.0	1.0	2.0
21430000	2.959215608895646	0.5269686562682615	1.0	1.0	2.0
21440000	2.880511172274693	4.094172275459145	1.0	1.0	2.0
21450000	2.279446441774122	0.20717278612722625	1.0	1.0	2.0
21460000	3.7708689394817005	1.0821594987909362	1.0	1.0	2.0
21470000	0.25587218018234115	2.0221442994469405	1.0	1.0	2.0
21480000	2.5925729474453534	0.14488877587705914	1.0	1.0	2.0
21490000	1.9377779566272746	1.0047093134417484	1.0	1.0	2.0
21500000	1.8126105404824935	0.7179326943037625	1.0	1.0	2.0
21510000	0.04967912457900139	0.14060027082014614	1.0	1.0	2.0
21520000	0.3601897436469784	0.24959623098718056	1.0	1.0	2.0
21530000	5.964733523259084	2.385289716421419	1.0	1.0	2.0
21540000	0.30657337385566036	0.13278500549875383	1.0	1.0	2.0
21550000	0.5054249290941286	0.9283443369423191	1.0	1.0	2.0
21560000	1.9154012501570314	0.12107410105675132	1.0	1.0	2.0
21570000	0.6327850932208593	1.4026223767943253	1.0	1.0	2.0
21580000	0.3918463749159141	0.7699664360631865	1.0	1.0	2.0
21590000	1.9456061205376778	1.9899987493612294	1.0	1.0	2.0
21600000	0.8309006477446071	0.22197402226540197	1.0	1.0	2.0
21610000	0.3290286553055083	0.725224130465577	1.0	1.0	2.0
21620000	0.1273825185451763	0.0225785006972828	1.0	1.0	2.0
21630000	2.0957453046993417	0.981120796954687	1.0	1.0	2.0
21640000	2.2796301986059415	0.003143823363220439	1.0	1.0	2.0
21650000	0.7838251562096689	0.17334286902336854	1.0	1.0	2.0
21660000	0.5886331682667125	0.0036572839153728755	1.0	1.0	2.0
21670000	1.0336428332931036	1.3983085503630772	1.0	1.0	2.0
21680000	3.12389321868625	0.1034278456701284	1.0	1.0	2.0
21690000	2.1289382769389857	0.46370633922939025	1.0	1.0	2.0
21700000	0.3851656073284307	0.4162461994830966	1.0	1.0	2.0
21710000	0.10995268443569105	0.5450412065957169	1.0	1.0	2.0
21720000	0.8396253584965808	0.05317675266847276	1.0	1.0	2.0
21730000	0.7689877145494444	0.11584283887002572	1.0	1.0	2.0
21740000	2.9895622267273927	1.1660744909991647	1.0	1.0	2.0
21750000	3.002857164599855	3.29623825753434	1.0	1.0	2.0
21760000	0.24877577126427358	0.46826431986767053	1.0	1.0	2.0
21770000	2.7943747761829307	0.09091910328233727	1.0	1.0	2.0
21780000	0.9559507788125747	0.24910120619333073	1.0	1.0	2.0
21790000	0.3493241594873154	0.43803234482507947	1.0	1.0	2.0
21800000	1.9201268178926822	0.07032149011997975	1.0	1.0	2.0
21810000	0.391468120120366	0.011514362624645546	1.0	1.0	2.0
21820000	1.1831089975886284	0.129681024564711	1.0	1.0	2.0
21830000	1.913992551011292	0.3119139262240084	1.0	1.0	2.0
21840000	0.9826781041966917	0.05983140939862296	1.0	1.0	2.0
21850000	0.6354420222500633	1.0472387304301305	1.0	1.0	2.0
21860000	0.758548513273194	0.7706833393004701	1.0	1.0	2.0
21870000	2.963946948859401	0.6134461127381087	1.0	1.0	2.0
21880000	1.9443165880258755	0.4395803306651134	1.0	1.0	2.0
21890000	1.4086463509709402	0.36418951604756006	1.0	1.0	2.0
21900000	1.4418552479123445	2.855561607238943	1.0	1.0	2.0
21910000	2.9968857209618363	0.543652601130384	1.0	1.0	2.0
21920000	0.5581911932611602	2.0453048271921106	1.0	1.0	2.0
21930000	0.28377119421199765	0.5390774734065148	1.0	1.0	2.0
21940000	1.4031962617954001	0.9101494413619576	1.0	1.0	2.0
21950000	0.5312217084290112	0.016097885724270025	1.0	1.0	2.0
21960000	3.6051971587670852	1.1378419905286348	1.0	1.0	2.0
21970000	0.2643817454497669	0.8691391437168772	1.0	1.0	2.0
21980000	1.049936890603626	0.14418763974148766	1.0	1.0	2.0
21990000	1.3494708755129192	2.400893774268489	1.0	1.0	2.0
22000000	0.10539611928554421	0.07701086357217453	1.0	1.0	2.0
22010000	2.3842592346686278	0.7645134215973647	1.0	1.0	2.0
22020000	1.1627264045164707	0.5266003761793882	1.0	1.0	2.0
22030000	2.423807072754162	0.023138159665754793	1.0	1.0	2.0
22040000	1.2384540456654198	0.2574299732752027	1.0	1.0	2.0
22050000	0.9295556916788011	1.255083854437022	1.0	1.0	2.0
22060000	2.6331648884228707	0.0973781339095648	1.0	1.0	2.0
22070000	0.7285348821549466	0.16893219824416164	1.0	1.0	2.0
22080000	2.098234690482977	0.12039643166550298	1.0	1.0	2.0
22090000	0.6794039478157144	0.6643728157740496	1.0	1.0	2.0
22100000	0.4195401786086777	0.4408449480038328	1.0	1.0	2.0
22110000	2.204101902473535	0.6453993188512828	1.0	1.0	2.0
22120000	1.0721045355020826	0.2110943254139202	1.0	1.0	2.0
22130000	1.4469502659286806	0.15692604900176724	1.0	1.0	2.0
22140000	1.3167406149707876	0.1772945069309951	1.0	1.0	2.0
22150000	0.39028257979082415	0.037182608176885505	1.0	1.0	2.0
22160000	0.8363703021482852	0.6677191854064188	1.0	1.0	2.0
22170000	1.4096859498172756	1.407891954661134	1.0	1.0	2.0
22180000	0.4448166287228851	0.46564922433899564	1.0	1.0	2.0
22190000	0.26361531208732747	0.03434855932443359	1.0	1.0	2.0
22200000	2.5630533915823532	0.8310526631655267	1.0	1.0	2.0
22210000	0.24224029500046873	1.2606865646864778	1.0	1.0	2.0
22220000	1.407906354504297	0.5512316262793392	1.0	1.0	2.0
22230000	0.33979269858592537	0.024271887528387777	1.0	1.0	2.0
22240000	1.3861893350947974	0.7737255508598062	1.0	1.0	2.0
22250000	0.40162010598345477	0.07675573954789888	1.0	1.0	2.0
22260000	1.4329809317328905	1.6575494690862027	1.0	1.0	2.0
22270000	1.3793642112348412	2.2773883224269453	1.0	1.0	2.0
22280000	0.9165801058333264	0.13042408653026427	1.0	1.0	2.0
22290000	1.3230359431334737	0.7819691904486008	1.0	1.0	2.0
22300000	0.32749596626433775	0.6849296428939022	0.0	1.0	1.0
22310000	1.2647351363878883	0.20932701104280851	1.0	1.0	2.0
22320000	1.3607001639617233	0.7840750605489238	1.0	1.0	2.0
22330000	1.0772587428952463	1.3286990756960353	1.0	1.0	2.0
22340000	0.6392787681091717	0.19370386091783018	1.0	1.0	2.0
22350000	0.36930625205374545	0.10364777364433028	1.0	1.0	2.0
22360000	0.22758105762617734	0.09111626523232665	1.0	1.0	2.0
22370000	1.444029057460487	0.1601727108808118	1.0	1.0	2.0
22380000	3.3984060135211793	0.5207946241277291	1.0	1.0	2.0
22390000	0.347760935245536	0.42915452278672783	1.0	1.0	2.0
22400000	0.8959863284864977	0.4011992523611261	1.0	1.0	2.0
22410000	0.6288214971685298	0.1928184054151205	1.0	1.0	2.0
22420000	1.6283339047588539	0.28761567755608286	1.0	1.0	2.0
22430000	1.0778927782458863	0.7347657681113422	1.0	1.0	2.0
22440000	2.5593346618663104	1.3618138174493972	1.0	1.0	2.0
22450000	0.08723425013257081	0.22622909859438403	1.0	1.0	2.0
22460000	1.8925730279649198	0.14269221471752283	1.0	1.0	2.0
22470000	0.3907986699949603	1.2372756921730006	1.0	1.0	2.0
22480000	1.1495356007625859	1.448814304078087	1.0	1.0	2.0
22490000	5.611713132360393	0.31289983394726034	1.0	1.0	2.0
22500000	0.9493546792235957	1.4623256444812864	1.0	1.0	2.0
22510000	0.01733833429206823	0.02180612205221424	1.0	1.0	2.0
22520000	0.5456934661431074	0.45296261749176164	1.0	1.0	2.0
22530000	0.1671500732305371	0.22696770313468137	1.0	1.0	2.0
22540000	2.593376951070085	0.06998789060335515	1.0	1.0	2.0
22550000	0.7215762627203658	0.5353898340208089	1.0	1.0	2.0
22560000	1.4458956728596857	0.4237606621995861	1.0	1.0	2.0
22570000	1.2224650088868392	0.08429638149278454	1.0	1.0	2.0
22580000	2.8579592893240062	2.211195731236534	1.0	1.0	2.0
22590000	0.45935238096194264	0.03596828329877922	1.0	1.0	2.0
22600000	1.8167319244353295	0.0728435475101539	1.0	1.0	2.0
22610000	2.594897235360781	0.17602094926783088	1.0	1.0	2.0
22620000	1.5779876895108096	1.4339671615133136	1.0	1.0	2.0
22630000	2.0884398680105543	0.49285004967180174	1.0	1.0	2.0
22640000	1.414398793595306	0.7764988125284584	1.0	1.0	2.0
22650000	3.13956790979477	0.6370998278468474	1.0	1.0	2.0
22660000	0.676228092396081	1.8944214389024747	1.0	1.0	2.0
22670000	3.1689889675349785	2.2326221236284076	1.0	1.0	2.0
22680000	0.9874317766417814	0.24979256346274736	1.0	1.0	2.0
22690000	1.6663734085382493	3.254610791913191	1.0	1.0	2.0
22700000	1.9454048923103724	0.7101747530956065	1.0	1.0	2.0
22710000	1.9570781325056419	1.6933292671861293	1.0	1.0	2.0
22720000	2.260281112605941	0.10875264383316868	1.0	1.0	2.0
22730000	1.3047586814470338	0.05361222712370861	1.0	1.0	2.0
22740000	0.5590549525620491	1.740563796579444	1.0	1.0	2.0
22750000	1.6382804377308195	0.44428316217051833	1.0	1.0	2.0
22760000	1.6374569692228542	1.062758310307914	1.0	1.0	2.0
22770000	0.5673321457780393	0.07730842209556066	1.0	1.0	2.0
22780000	1.9506351028559346	3.6093804968696763	1.0	1.0	2.0
22790000	2.774870316788585	1.6692625398398522	1.0	1.0	2.0
22800000	2.5825186898826975	0.015772838803038047	1.0	1.0	2.0
22810000	2.0838074252275125	0.4810475454777699	1.0	1.0	2.0
22820000	1.1467324351692043	0.4985230922019975	1.0	1.0	2.0
22830000	1.9966430020951593	0.15502718219063213	1.0	1.0	2.0
22840000	1.9652231850872732	0.400674162676223	1.0	1.0	2.0
22850000	0.510278288829566	0.3336423822865066	1.0	1.0	2.0
22860000	0.179833535986594	0.005024717648719248	1.0	1.0	2.0
22870000	4.165033216835185	0.25970157282053685	1.0	1.0	2.0
22880000	0.5761262813016371	0.45900782006302937	1.0	1.0	2.0
22890000	0.5518700699101328	0.00934932200879517	1.0	1.0	2.0
22900000	2.181209786651588	0.038116362069656254	1.0	1.0	2.0
22910000	2.699333038654289	0.5601183016225666	1.0	1.0	2.0
22920000	2.2051481042365753	2.011452957180371	1.0	1.0	2.0
22930000	1.6825489383246193	0.6538798573214106	1.0	1.0	2.0
22940000	0.9813686330570165	0.32651097224182196	1.0	1.0	2.0
22950000	1.1221986767899859	0.20183275829645694	1.0	1.0	2.0
22960000	1.2391142488884996	0.3865696578975907	1.0	1.0	2.0
22970000	1.3756386271265282	0.14923793002762173	1.0	1.0	2.0
22980000	1.1304355127965966	0.16505340345702488	1.0	1.0	2.0
22990000	0.3086737116451048	0.11008010541628027	1.0	1.0	2.0
23000000	0.23483435874740613	0.18318921209100728	1.0	1.0	2.0
23010000	1.4281017173232025	0.23412612502278765	1.0	1.0	2.0
23020000	1.0783562288411583	0.9589597785321792	1.0	1.0	2.0
23030000	1.728984732917091	0.23902942100452754	1.0	1.0	2.0
23040000	2.6626188753861415	0.02464719555904787	1.0	1.0	2.0
23050000	0.3258205967914319	0.7780993583611305	1.0	1.0	2.0
23060000	2.4070386098635073	0.3476776197806173	1.0	1.0	2.0
23070000	1.583720384200443	0.40758463249788285	1.0	1.0	2.0
23080000	4.18339860998443	0.44594909781109493	1.0	1.0	2.0
23090000	3.432766098230859	1.328457286837315	1.0	1.0	2.0
23100000	1.462960173694926	1.231519566374927	1.0	1.0	2.0
23110000	0.40558594037394025	0.06430310225582028	1.0	1.0	2.0
23120000	0.2368565438269993	0.06842736493705541	1.0	1.0	2.0
23130000	1.5774744993385161	0.7550202055559564	1.0	1.0	2.0
23140000	1.0052718857598086	0.5436104053107962	1.0	1.0	2.0
23150000	0.24734708425951127	0.08068326116428386	1.0	1.0	2.0
23160000	0.8900471700726622	0.02501090848981534	0.0	1.0	1.0
23170000	0.6927464967031323	0.10097742485950559	1.0	1.0	2.0
23180000	0.1397027138757938	0.15268511225377296	1.0	1.0	2.0
23190000	3.7304036648333883	4.501800076727408	1.0	1.0	2.0
23200000	0.3724178979329999	0.09185129398643162	1.0	1.0	2.0
23210000	3.4680379198733613	0.8954477960364254	1.0	1.0	2.0
23220000	1.9896412951598685	1.7873318674976004	1.0	1.0	2.0
23230000	0.5860404385064044	0.3451676513845685	1.0	1.0	2.0
23240000	1.507225902671599	2.4132537365948594	1.0	1.0	2.0
23250000	1.0114389381232405	0.7319857910734271	1.0	1.0	2.0
23260000	1.3436216383950295	0.17008243113379948	1.0	1.0	2.0
23270000	1.5346858388506777	2.0508641163002705	1.0	1.0	2.0
23280000	0.30368741128000104	0.05956627007756344	1.0	1.0	2.0
23290000	1.3106463852358392	2.6538532193155984	1.0	1.0	2.0
23300000	0.8366556228053108	0.37325783047079647	1.0	1.0	2.0
23310000	0.9608675373873066	1.2112213938171497	1.0	1.0	2.0
23320000	0.8720931579617214	0.04071520750514667	1.0	1.0	2.0
23330000	2.2018513399149557	0.803205494052668	1.0	1.0	2.0
23340000	0.7080007621291358	0.07549900688457639	1.0	1.0	2.0
23350000	0.2565426742407028	0.8207689327442262	1.0	1.0	2.0
23360000	1.6650444197441634	1.0480746355140704	1.0	1.0	2.0
23370000	2.0680700108706325	0.3552638230868656	1.0	1.0	2.0
23380000	3.393667137645131	0.23177389881685193	1.0	1.0	2.0
23390000	1.1563260584173103	0.9811240335227902	1.0	1.0	2.0
23400000	0.4651779928361972	0.28421522794781606	1.0	1.0	2.0
23410000	0.39136384034823213	0.11395197579704636	1.0	1.0	2.0
23420000	2.5515793396175837	0.14127268871687693	1.0	1.0	2.0
23430000	1.243933339788177	2.112530583888145	1.0	1.0	2.0
23440000	1.91304194356041	1.3597252272106923	1.0	1.0	2.0
23450000	0.3106310646888727	0.2954534211773517	1.0	1.0	2.0
23460000	0.7870229725227987	0.009726356981414911	1.0	1.0	2.0
23470000	2.1769019854819462	0.8201395603250599	1.0	1.0	2.0
23480000	0.48460411001411996	0.10941751638396784	1.0	1.0	2.0
23490000	0.7713024227463998	0.14256743815090078	1.0	1.0	2.0
23500000	0.9230684166204622	0.24923064419801885	1.0	1.0	2.0
23510000	2.9479640799895384	0.8054460072954522	1.0	1.0	2.0
23520000	2.162766559690422	0.09404084288919891	1.0	1.0	2.0
23530000	1.8576141687941672	1.325160675821197	1.0	1.0	2.0
23540000	0.6763695961079371	0.23941827997274187	1.0	1.0	2.0
23550000	0.055791474466267935	0.0838317452915791	1.0	1.0	2.0
23560000	0.6459980787400575	0.19169548945710763	1.0	1.0	2.0
23570000	1.8771666899256685	0.7067629326595511	1.0	1.0	2.0
23580000	1.6587650295045318	2.522490209215272	1.0	1.0	2.0
23590000	0.1299176275236773	0.4899004884474623	1.0	1.0	2.0
23600000	2.8776045574327425	1.5083171174679206	1.0	1.0	2.0
23610000	0.09318057210490481	0.1411795222750836	1.0	1.0	2.0
23620000	1.4342165473209172	0.5951418966186409	1.0	1.0	2.0
23630000	0.5887261060682477	0.28043490228099593	1.0	1.0	2.0
23640000	1.0684000351581031	1.5273323643533436	1.0	1.0	2.0
23650000	2.1428649119158227	0.9630558461483635	1.0	1.0	2.0
23660000	0.16127012536354332	0.08740297589905988	1.0	1.0	2.0
23670000	3.406220397658503	0.8088190169880938	1.0	1.0	2.0
23680000	0.3829017927132161	0.18293969950415573	1.0	1.0	2.0
23690000	0.289915956563557	0.18229398408774797	1.0	1.0	2.0
23700000	1.2124699352221975	0.47601605954842735	1.0	1.0	2.0
23710000	1.47702427319982	0.08051031233572122	1.0	1.0	2.0
23720000	0.7805499036873067	0.47939870258532985	1.0	1.0	2.0
23730000	3.824505813766148	0.8209737230803031	1.0	1.0	2.0
23740000	0.7527670513198892	0.2522074277408965	1.0	1.0	2.0
23750000	1.4991479693934366	0.13212376612607135	1.0	1.0	2.0
23760000	4.275287662637251	2.2503342222586826	1.0	1.0	2.0
23770000	1.3299464463029091	0.15377914730491196	1.0	1.0	2.0
23780000	0.9425172441249973	0.22223224667866884	1.0	1.0	2.0
23790000	0.6737945647860918	0.41153325913607375	1.0	1.0	2.0
23800000	0.6191732364584112	0.5621447471875802	1.0	1.0	2.0
23810000	2.189565126658927	0.09295554750271252	1.0	1.0	2.0
23820000	0.24272077492697897	0.653113746717952	1.0	1.0	2.0
23830000	0.3508051138222535	0.008672664628786467	1.0	1.0	2.0
23840000	1.0089411981613694	0.7720581353329361	1.0	1.0	2.0
23850000	0.3366476165857583	0.16576733323505702	1.0	1.0	2.0
23860000	0.39335615918125894	0.05189731849737005	1.0	1.0	2.0
23870000	3.0754248148940144	0.2929151197914561	1.0	1.0	2.0
23880000	0.13517910984390782	0.042149763620753046	1.0	1.0	2.0
23890000	0.7493279857375877	0.7436507579704212	1.0	1.0	2.0
23900000	0.4826936029214552	0.17397279302504673	1.0	1.0	2.0
23910000	0.6063339111556608	0.38448588479528484	1.0	1.0	2.0
23920000	0.6262613235772436	0.17624794979502573	1.0	1.0	2.0
23930000	0.4027731428900357	0.05105517681581179	1.0	1.0	2.0
23940000	3.9224073759349136	0.9572202271887174	1.0	1.0	2.0
23950000	2.68076718499642	1.8346772125166373	1.0	1.0	2.0
23960000	3.440918209032782	1.5420078179054897	1.0	1.0	2.0
23970000	2.943162444806721	0.9355850089345614	1.0	1.0	2.0
23980000	1.5957082200079507	2.2913207657569608	1.0	1.0	2.0
23990000	2.1344881005255383	0.027675673917320103	1.0	1.0	2.0
24000000	0.7455695541869523	0.2624205483907691	0.0	1.0	1.0
24010000	2.0374785977218925	0.2968010520440858	1.0	1.0	2.0
24020000	1.5969119151679279	0.4091010798890985	1.0	1.0	2.0
24030000	0.6928061309090805	0.7896807987751935	1.0	1.0	2.0
24040000	1.0146210658070705	0.16611732373640117	1.0	1.0	2.0
24050000	1.1582520349856456	0.49459910119765843	1.0	1.0	2.0
24060000	1.4729691675464693	1.1610550960978534	1.0	1.0	2.0
24070000	1.3660166050743454	0.6085250506103923	1.0	1.0	2.0
24080000	1.834085258603484	0.6542168367387322	1.0	1.0	2.0
24090000	4.484294075787621	1.2033316732254173	1.0	1.0	2.0
24100000	0.07332286949123479	0.2272326813596796	1.0	1.0	2.0
24110000	0.9250821907431224	1.7130915750863105	1.0	1.0	2.0
24120000	1.400623190796733	0.39664782700709295	1.0	1.0	2.0
24130000	0.5632788210366595	1.3575311227597318	1.0	1.0	2.0
24140000	0.36009510512478277	0.09309095275192321	1.0	1.0	2.0
24150000	4.909400492993994	2.4424483328794553	1.0	1.0	2.0
24160000	1.576166754870433	1.0103517516704015	1.0	1.0	2.0
24170000	2.5331197668494654	0.470649163119309	1.0	1.0	2.0
24180000	0.5450556440351128	0.5261955367743171	1.0	1.0	2.0
24190000	0.8042322818248807	0.026331096897600912	1.0	1.0	2.0
24200000	1.9143831785990488	1.955001680550711	1.0	1.0	2.0
24210000	0.9111441305020669	2.3515171605954266	1.0	1.0	2.0
24220000	1.588636423112871	0.1511865126963577	1.0	1.0	2.0
24230000	0.8684810361544667	0.277996024734324	1.0	1.0	2.0
24240000	0.7048250062699366	0.378684106818418	1.0	1.0	2.0
24250000	0.7810807319169893	0.11846314464117982	1.0	1.0	2.0
24260000	1.100015983040202	0.9934728807037713	1.0	1.0	2.0
24270000	1.814536269026233	1.1244904691488118	1.0	1.0	2.0
24280000	2.2516057471438433	0.44026780853236774	1.0	1.0	2.0
24290000	1.7051802512407608	0.09438822684465042	1.0	1.0	2.0
24300000	0.9508411905910036	0.30309846492076936	1.0	1.0	2.0
24310000	1.3703370141324989	3.6862359705791	1.0	1.0	2.0
24320000	1.116024846823985	0.06772591825730538	1.0	1.0	2.0
24330000	0.2535572101366963	0.23846065456103888	1.0	1.0	2.0
24340000	2.4067526334010383	0.1307774341928699	1.0	1.0	2.0
24350000	1.8187699416100909	0.696195730829991	1.0	1.0	2.0
24360000	0.6064710651376523	0.7015383151989892	1.0	1.0	2.0
24370000	1.0920445365340783	0.13384870509241392	1.0	1.0	2.0
24380000	2.5559403687292774	0.0104246857072045	1.0	1.0	2.0
24390000	1.9890562057900492	0.4512256685568962	1.0	1.0	2.0
24400000	2.0135280926023285	0.18818558714634137	1.0	1.0	2.0
24410000	1.4788494267850165	1.0881783184054754	1.0	1.0	2.0
24420000	0.6172690825031798	0.335514071952103	1.0	1.0	2.0
24430000	1.9341369139883775	0.2732235170490731	1.0	1.0	2.0
24440000	1.3909902339338962	0.6982201218524865	1.0	1.0	2.0
24450000	2.4891737267865057	1.8791745337178234	1.0	1.0	2.0
24460000	1.7464219455254129	0.5320778033831244	1.0	1.0	2.0
24470000	0.22622201342579715	0.24735754044957325	1.0	1.0	2.0
24480000	0.5804896286918296	0.015955080659402966	1.0	1.0	2.0
24490000	1.7441124791646878	0.11851663340423785	1.0	1.0	2.0
24500000	1.034112158144943	0.8185852443634909	1.0	1.0	2.0
24510000	1.6549806233669417	1.3825830242783412	1.0	1.0	2.0
24520000	1.143345533006432	0.6211390631743756	1.0	1.0	2.0
24530000	1.4300074365053927	0.17324832064101864	1.0	1.0	2.0
24540000	0.9818659964629677	0.23769437221685671	1.0	1.0	2.0
24550000	0.6688693589533253	0.3681150075825545	1.0	1.0	2.0
24560000	2.1078891077067508	0.6518180123546722	1.0	1.0	2.0
24570000	5.243705414972451	1.1723682625139153	1.0	1.0	2.0
24580000	1.4465741334189604	0.22326837787797593	1.0	1.0	2.0
24590000	1.4893731456923744	2.586320636799202	1.0	1.0	2.0
24600000	1.1088638619165514	1.1443104474525292	1.0	1.0	2.0
24610000	0.40058953019076027	0.21007546352467407	1.0	1.0	2.0
24620000	2.142541132799855	0.8521676338129637	1.0	1.0	2.0
24630000	0.8272006195412566	0.4185306656647593	1.0	1.0	2.0
24640000	0.5631519127352556	1.3402974359475113	1.0	1.0	2.0
24650000	0.6538292233657262	0.5468588549908592	1.0	1.0	2.0
24660000	2.0255557280651533	0.6418623180531439	1.0	1.0	2.0
24670000	4.976935608906013	0.5346642177122848	1.0	1.0	2.0
24680000	1.0478258473413977	0.406119590325117	1.0	1.0	2.0
24690000	0.29882872142743616	0.0712444165220027	1.0	1.0	2.0
24700000	1.051380936515871	0.4601071212505183	1.0	1.0	2.0
24710000	0.7341617118800963	0.09076136167956309	1.0	1.0	2.0
24720000	1.8594054590301312	1.9136903669195897	1.0	1.0	2.0
24730000	1.5772630009727873	0.955181235978473	1.0	1.0	2.0
24740000	1.8869846658776603	0.2994238465889256	1.0	1.0	2.0
24750000	1.2125018608750258	0.4857547919611986	1.0	1.0	2.0
24760000	0.4673447828539041	0.9997297124659122	1.0	1.0	2.0
24770000	0.41173455404374737	1.562045163530487	1.0	1.0	2.0
24780000	2.572349892190559	0.34589999096213725	1.0	1.0	2.0
24790000	1.6323407279578654	0.14159149428241133	1.0	1.0	2.0
24800000	1.5975970616262976	0.023398864219021643	1.0	1.0	2.0
24810000	0.7219429780217101	0.937789125245545	1.0	1.0	2.0
24820000	0.26064849299688586	0.8378596040987707	1.0	1.0	2.0
24830000	0.7607590122159856	0.23670697912025082	1.0	1.0	2.0
24840000	0.2901770386388906	0.25567547994020573	1.0	1.0	2.0
24850000	1.4933817430776881	0.7713399831908283	1.0	1.0	2.0
24860000	1.1905838271323412	0.2985811545622006	1.0	1.0	2.0
24870000	0.25732242385854753	0.1178126483516533	1.0	1.0	2.0
24880000	0.976503540289115	0.4531977049256488	1.0	1.0	2.0
24890000	0.6330910574382849	0.4218400714393883	1.0	1.0	2.0
24900000	0.7442049157920846	0.2612494067652674	1.0	1.0	2.0
24910000	2.9743903454207263	0.5581212580811278	1.0	1.0	2.0
24920000	1.03616765550335	0.04777329508488249	1.0	1.0	2.0
24930000	0.7191784233431051	0.2900171546245318	1.0	1.0	2.0
24940000	1.3325991445550665	0.6535195504760067	1.0	1.0	2.0
24950000	0.347891138123129	0.27958503794398387	1.0	1.0	2.0
24960000	0.33166201046262667	0.22918069892645412	1.0	1.0	2.0
24970000	0.2803608067036727	0.010091521867217387	1.0	1.0	2.0
24980000	2.3188288437387095	0.0053004427581119905	1.0	1.0	2.0
24990000	1.003093690291999	0.16712252365611457	1.0	1.0	2.0
25000000	2.6241466668633597	0.6970910969023247	1.0	1.0	2.0
25010000	1.514664372236651	0.5855526053370641	1.0	1.0	2.0
25020000	1.041839866034314	0.9825728046860204	1.0	1.0	2.0
25030000	0.3463319874665012	0.1270155994933542	1.0	1.0	2.0
25040000	1.7113819676694795	1.08594596536988	1.0	1.0	2.0
25050000	1.817957551913432	0.5411993304738644	1.0	1.0	2.0
25060000	0.989537820684747	0.7393523878347316	1.0	1.0	2.0
25070000	0.4865710237946243	0.1242627297884403	1.0	1.0	2.0
25080000	0.3089378158886938	0.8479380489093976	1.0	1.0	2.0
25090000	1.3600929014248664	0.5438797653303739	1.0	1.0	2.0
25100000	1.2624999046276804	0.345796939405694	1.0	1.0	2.0
25110000	0.691409149442124	0.5726607693108708	1.0	1.0	2.0
25120000	0.27272950732870127	0.9850995097804005	1.0	1.0	2.0
25130000	1.6660291378650633	0.7218596367361362	1.0	1.0	2.0
25140000	2.033493809446521	0.01693924888586747	1.0	1.0	2.0
25150000	2.4796673502460957	0.08403077038404345	1.0	1.0	2.0
25160000	0.36787525786841274	0.1788465520754314	1.0	1.0	2.0
25170000	0.14041848495988526	0.03853369776167359	1.0	1.0	2.0
25180000	3.4368325929073618	0.3084891786273901	1.0	1.0	2.0
25190000	4.57828817514329	0.6800005752820212	1.0	1.0	2.0
25200000	3.96194517137367	0.5091403364618868	1.0	1.0	2.0
25210000	0.23768915719390685	0.008270639957611143	1.0	1.0	2.0
25220000	5.1571104570409325	2.1378291701552374	1.0	1.0	2.0
25230000	1.813692690162449	0.045230589068265485	1.0	1.0	2.0
25240000	1.7731693422290493	0.6469629203008421	1.0	1.0	2.0
25250000	1.4400369953453123	0.4783895012026036	1.0	1.0	2.0
25260000	1.0297146558928898	2.6842778981172337	1.0	1.0	2.0
25270000	2.917293642873981	0.12838056337418247	1.0	1.0	2.0
25280000	0.8872944876949879	0.5656535205194768	1.0	1.0	2.0
25290000	2.6530612100734796	1.7639436599413447	1.0	1.0	2.0
25300000	0.5419219847349857	0.014143633855321244	1.0	1.0	2.0
25310000	0.15875538120207153	0.023357336417083065	1.0	1.0	2.0
25320000	0.11561407201650013	0.017568184997667696	1.0	1.0	2.0
25330000	2.2197260571883923	0.12756620603245522	1.0	1.0	2.0
25340000	1.6661103394715921	0.24193691657560035	1.0	1.0	2.0
25350000	2.4386062675397304	0.9231429217776254	1.0	1.0	2.0
25360000	0.797278085945777	0.49826759047130786	1.0	1.0	2.0
25370000	5.443751640739343	0.006334480467934808	1.0	1.0	2.0
25380000	0.7880497642422061	0.3403433094550102	1.0	1.0	2.0
25390000	0.3533031728849869	0.25659684277740724	1.0	1.0	2.0
25400000	0.810606233428709	0.33784810618399763	1.0	1.0	2.0
25410000	2.1704549064818304	0.09024292682982578	1.0	1.0	2.0
25420000	0.3453303179154159	0.005640330166790356	1.0	1.0	2.0
25430000	0.7783910797483218	0.30902573210856027	1.0	1.0	2.0
25440000	1.1836334100155441	0.1576435709157834	1.0	1.0	2.0
25450000	0.9629737673767764	0.01975841323437096	1.0	1.0	2.0
25460000	0.4965055815100815	0.03465610586382504	1.0	1.0	2.0
25470000	0.3060259304954078	0.7451264505472391	1.0	1.0	2.0
25480000	0.5249916335434658	0.2516091804166902	1.0	1.0	2.0
25490000	0.2312264580471147	0.058273923802833895	1.0	1.0	2.0
25500000	2.125106671814763	0.04412577889524713	1.0	1.0	2.0
25510000	0.6772676550789083	0.1332140912265005	1.0	1.0	2.0
25520000	2.114175570726781	0.6051639723107323	1.0	1.0	2.0
25530000	3.200572125954963	0.0737766655123311	1.0	1.0	2.0
25540000	1.942447715108064	0.030711120219618013	1.0	1.0	2.0
25550000	1.708960537204315	1.154496331945636	1.0	1.0	2.0
25560000	1.4294180942479595	0.203412749485854	1.0	1.0	2.0
25570000	1.4242880295553082	2.2534024280357747	1.0	1.0	2.0
25580000	0.0758582123493517	0.07747272084613864	1.0	1.0	2.0
25590000	5.383194917245988	0.17463572930585364	1.0	1.0	2.0
25600000	0.21599272264645414	0.02175261702936994	1.0	1.0	2.0
25610000	0.7556484891336588	0.09349861217642186	1.0	1.0	2.0
25620000	0.09968827253630327	0.0925359816611212	1.0	1.0	2.0
25630000	1.5527014525698972	0.014187082792829155	1.0	1.0	2.0
25640000	0.465279204012587	0.0964678165396596	1.0	1.0	2.0
25650000	0.20816613360701952	0.3611352968152082	1.0	1.0	2.0
25660000	1.1828532052170715	0.2774068816603829	1.0	1.0	2.0
25670000	0.8694275350979507	0.030283778971289494	1.0	1.0	2.0
25680000	0.16647680855967756	0.3714170576008372	1.0	1.0	2.0
25690000	1.2488672835707662	1.4362096737091274	1.0	1.0	2.0
25700000	0.1569815229656707	0.34853253021374986	1.0	1.0	2.0
25710000	1.404238083073062	1.3196557185252231	1.0	1.0	2.0
25720000	0.36001401756106244	0.8001359722605907	1.0	1.0	2.0
25730000	1.6489059271783286	0.23242813355824798	1.0	1.0	2.0
25740000	2.4647220007173822	0.01576122582265515	1.0	1.0	2.0
25750000	1.7629181267268126	0.09704775016013327	1.0	1.0	2.0
25760000	0.09760922779357864	0.010968436750013131	1.0	1.0	2.0
25770000	0.6047900299454614	0.7641449069695883	1.0	1.0	2.0
25780000	0.35003783490181045	0.38660264984241355	1.0	1.0	2.0
25790000	2.32407424920401	0.018173568491454153	1.0	1.0	2.0
25800000	1.24485866585028	2.0448734846991856	1.0	1.0	2.0
25810000	0.5783897717403409	0.1307070170810746	1.0	1.0	2.0
25820000	0.5213052844654714	0.20622342231298182	1.0	1.0	2.0
25830000	1.2240577236840682	0.2822826441305298	1.0	1.0	2.0
25840000	0.12399228215048526	0.088551598192847	1.0	1.0	2.0
25850000	1.8945171448680729	0.9742263193166183	1.0	1.0	2.0
25860000	0.40879167964522206	0.6491543380892463	1.0	1.0	2.0
25870000	0.6072432734531041	0.21217005429129057	1.0	1.0	2.0
25880000	0.7675405839523284	1.0706339737745696	1.0	1.0	2.0
25890000	1.6471582027764429	0.6535474369614475	1.0	1.0	2.0
25900000	0.08645627613623456	0.14211501659473733	1.0	1.0	2.0
25910000	3.588637728468108	1.154923405388153	1.0	1.0	2.0
25920000	5.3412746586301	0.641512157607373	1.0	1.0	2.0
25930000	2.7711518990829656	0.08151969372822976	1.0	1.0	2.0
25940000	0.5008234626800545	0.8476447814284285	1.0	1.0	2.0
25950000	0.9281383610386691	0.8107696974287006	1.0	1.0	2.0
25960000	0.7969518655040667	0.4549562462658855	1.0	1.0	2.0
25970000	0.7392583377463384	2.195609915494597	1.0	1.0	2.0
25980000	1.097658080358987	0.3318934521681421	1.0	1.0	2.0
25990000	1.1892359954285325	0.04271885975583156	1.0	1.0	2.0
26000000	0.7355410538729079	0.29952958562389226	1.0	1.0	2.0
26010000	0.3556924693555982	1.1253318722246903	1.0	1.0	2.0
26020000	2.197479859928919	0.537625193844408	1.0	1.0	2.0
26030000	0.676114509968647	0.2609584481221939	1.0	1.0	2.0
26040000	1.3783812923966647	1.463180860404249	1.0	1.0	2.0
26050000	0.17812606334599737	0.11940211213741969	1.0	1.0	2.0
26060000	2.3770343435356596	0.3447473619518842	1.0	1.0	2.0
26070000	0.7859842514136305	0.058949569801920156	1.0	1.0	2.0
26080000	0.8059925125710939	0.03890239316341604	1.0	1.0	2.0
26090000	1.8758534971278542	0.23030130269109847	1.0	1.0	2.0
26100000	1.2495101967443643	0.2547356140236159	1.0	1.0	2.0
26110000	2.903075074909778	1.068822431861815	1.0	1.0	2.0
26120000	4.815541089628891	1.050987226312679	1.0	1.0	2.0
26130000	2.086345093522226	0.0576208932127307	1.0	1.0	2.0
26140000	1.1409154412726874	0.673297912944753	1.0	1.0	2.0
26150000	1.1149894539477707	0.3435188589972458	1.0	1.0	2.0
26160000	1.3790601528196795	1.3510617684084751	1.0	1.0	2.0
26170000	0.6218464124150807	0.34888531646843934	1.0	1.0	2.0
26180000	0.8254686352700127	1.0908121796193695	1.0	1.0	2.0
26190000	2.2605956144131323	0.22813207992417203	1.0	1.0	2.0
26200000	1.2969127244108052	0.11512596665193726	1.0	1.0	2.0
26210000	0.8112436048702368	0.1279063918557057	1.0	1.0	2.0
26220000	2.0117967396511065	0.16749464293650798	1.0	1.0	2.0
26230000	0.4141668584109247	0.40345711506876564	1.0	1.0	2.0
26240000	1.59655056341856	0.4048931138677959	1.0	1.0	2.0
26250000	3.054272075844937	0.4555586181494612	1.0	1.0	2.0
26260000	2.097512940833572	0.6746349490440672	1.0	1.0	2.0
26270000	4.028096626755903	0.010026716073036328	1.0	1.0	2.0
26280000	0.5394863912713932	0.5398263110931426	1.0	1.0	2.0
26290000	0.2890726076236231	0.5658304351790946	1.0	1.0	2.0
26300000	1.7005369584981844	0.07212814547324724	1.0	1.0	2.0
26310000	1.5741038172613626	0.057092258783259464	1.0	1.0	2.0
26320000	0.07204558806028227	0.006157368145884814	1.0	1.0	2.0
26330000	2.1873435963631884	0.03372528221282202	1.0	1.0	2.0
26340000	1.0670327306765683	0.5269569108724129	1.0	1.0	2.0
26350000	1.6465301637430678	0.6973266886985443	1.0	1.0	2.0
26360000	5.0546941500550915	0.2038983136654306	1.0	1.0	2.0
26370000	0.3805290130929054	0.016240028373755492	1.0	1.0	2.0
26380000	3.9764184320206333	0.37639161706408547	1.0	1.0	2.0
26390000	1.011371397664595	0.5557365872660942	1.0	1.0	2.0
26400000	4.546004911278721	0.3945283603987204	1.0	1.0	2.0
26410000	1.675414122276685	0.3726954616455763	1.0	1.0	2.0
26420000	3.0323811551474695	0.7775798215617076	1.0	1.0	2.0
26430000	0.0829976001924803	0.9502629128426991	1.0	1.0	2.0
26440000	0.7641867285713795	0.2878452997521898	1.0	1.0	2.0
26450000	0.3376298229871928	0.03062108238704024	1.0	1.0	2.0
26460000	1.2432926352329274	1.6658848743704393	1.0	1.0	2.0
26470000	2.881268973630276	0.09685486892150619	1.0	1.0	2.0
26480000	0.33300425983967885	0.10090308046924557	1.0	1.0	2.0
26490000	0.9116364250829746	0.3924691751743917	1.0	1.0	2.0
26500000	0.48226771514612077	0.05034046605033759	1.0	1.0	2.0
26510000	0.34098371473219374	0.09316203912331969	1.0	1.0	2.0
26520000	0.8701289537600148	1.0008217183896186	1.0	1.0	2.0
26530000	1.164375946765846	0.14939356589919056	1.0	1.0	2.0
26540000	0.7997042737857363	2.7046794060473487	1.0	1.0	2.0
26550000	0.7695212302550835	0.1880512110257093	1.0	1.0	2.0
26560000	0.7386025884641564	1.1616897596796874	1.0	1.0	2.0
26570000	1.9101395724871824	0.45132218714796224	1.0	1.0	2.0
26580000	0.4481243545281576	0.03379194293773363	1.0	1.0	2.0
26590000	1.019379621190793	0.36871386436722925	1.0	1.0	2.0
26600000	1.4776935761881715	0.7785892719906098	1.0	1.0	2.0
26610000	0.3037514963528874	0.31359754812234736	1.0	1.0	2.0
26620000	2.221973619250098	0.15814334281675105	1.0	1.0	2.0
26630000	2.4862591850329525	1.9355514773299327	1.0	1.0	2.0
26640000	0.10186077344312297	2.4778694515911246	0.0	1.0	1.0
26650000	1.8771144072430581	0.07407097299628135	1.0	1.0	2.0
26660000	0.6151355352354614	0.26100241554970194	1.0	1.0	2.0
26670000	0.5424078147690642	0.14119306729894682	1.0	1.0	2.0
26680000	1.3693548623538048	0.4991512680983366	1.0	1.0	2.0
26690000	1.408417676151347	0.6052944014691407	1.0	1.0	2.0
26700000	0.261190258273457	0.3230798926034165	1.0	1.0	2.0
26710000	2.3389414049578896	2.5753156121685805	1.0	1.0	2.0
26720000	1.7240475452600967	0.11175191205696774	1.0	1.0	2.0
26730000	0.6430998160274525	0.27493855654006555	1.0	1.0	2.0
26740000	1.0621042422986537	0.1919915837858406	1.0	1.0	2.0
26750000	2.3491303409657225	0.09943341869507838	1.0	1.0	2.0
26760000	3.0950022914969506	0.7118133842370296	1.0	1.0	2.0
26770000	0.6619819885009621	1.239329791847126	1.0	1.0	2.0
26780000	1.0453932031779296	0.2712344004831518	1.0	1.0	2.0
26790000	1.0985651872058866	1.2979051520202598	1.0	1.0	2.0
26800000	1.2122224452534112	0.37015971264857905	1.0	1.0	2.0
26810000	1.9546374714408183	0.8218439155113666	1.0	1.0	2.0
26820000	0.18426565452219193	0.427299325012642	1.0	1.0	2.0
26830000	0.5547802549528351	0.11638322452962958	1.0	1.0	2.0
26840000	0.23399826377750235	0.14105590813571758	1.0	1.0	2.0
26850000	0.25797602870049846	0.9349926739671589	1.0	1.0	2.0
26860000	0.1955107743728015	0.15865148386251893	1.0	1.0	2.0
26870000	2.0493981829051564	0.6009303803272549	1.0	1.0	2.0
26880000	0.46388956313240676	0.10385596183423584	1.0	1.0	2.0
26890000	2.138709105922399	1.406687511809572	1.0	1.0	2.0
26900000	2.0402285931212663	0.42980526953246145	1.0	1.0	2.0
26910000	1.320257192894135	0.5208741595284129	1.0	1.0	2.0
26920000	1.6294807201084793	1.5816266822005607	1.0	1.0	2.0
26930000	0.5812635233294791	0.8847760597069125	1.0	1.0	2.0
26940000	1.0556715957030118	0.34026336063882806	1.0	1.0	2.0
26950000	4.967102399113435	0.9585410064282781	1.0	1.0	2.0
26960000	0.44069566533085336	0.17530113991301088	1.0	1.0	2.0
26970000	2.8656115055751217	0.7036770364998614	1.0	1.0	2.0
26980000	1.6130687658011253	0.13996357558737554	1.0	1.0	2.0
26990000	0.9632015214773093	0.0019462563744050846	1.0	1.0	2.0
27000000	0.1639723828104997	0.2746041768323232	1.0	1.0	2.0
27010000	0.3054909487655777	0.16352781106549907	1.0	1.0	2.0
27020000	0.12435946062944273	0.0995291148940578	1.0	1.0	2.0
27030000	0.5115947549065756	0.26104700353478155	1.0	1.0	2.0
27040000	1.9295291473798684	0.42383757282341716	1.0	1.0	2.0
27050000	1.7401703321562358	0.9449334059128809	1.0	1.0	2.0
27060000	1.3552811159054454	0.10010401468667132	1.0	1.0	2.0
27070000	1.2293692275896142	2.9147069903382827	1.0	1.0	2.0
27080000	1.927903716336587	0.3116883292682224	1.0	1.0	2.0
27090000	0.41100611495840045	0.9294285832882478	1.0	1.0	2.0
27100000	2.0146417793811935	0.6615405574709144	1.0	1.0	2.0
27110000	0.89665440008082	0.016738333657933268	1.0	1.0	2.0
27120000	2.88087653815416	1.5444421905853392	1.0	1.0	2.0
27130000	1.8243096473582228	0.09173273081918365	1.0	1.0	2.0
27140000	2.072444978741698	1.346489747216128	1.0	1.0	2.0
27150000	0.5133471031783139	0.25281914598552735	1.0	1.0	2.0
27160000	0.17858725258054958	0.03385273834043964	1.0	1.0	2.0
27170000	2.019966005377591	1.9326196588147606	1.0	1.0	2.0
27180000	0.8943075026215026	0.9983211651310114	1.0	1.0	2.0
27190000	1.1901266381181441	1.7878195720477863	1.0	1.0	2.0
27200000	0.08976685709931224	0.09895754438870195	1.0	1.0	2.0
27210000	0.3575546909611008	0.2016510789981003	1.0	1.0	2.0
27220000	0.11805011827634013	0.01938397393507844	1.0	1.0	2.0
27230000	2.286954185237899	0.1424187826139217	1.0	1.0	2.0
27240000	0.8656478831463851	1.089698849022443	1.0	1.0	2.0
27250000	0.39598956081225495	0.878999465884614	1.0	1.0	2.0
27260000	0.3166259384113081	0.5588783065606104	1.0	1.0	2.0
27270000	1.0622057630756683	0.7265526171498653	1.0	1.0	2.0
27280000	0.3705891741183786	0.33532915445611383	1.0	1.0	2.0
27290000	0.2937695188667541	0.08800198654860779	1.0	1.0	2.0
27300000	1.6991142104932835	1.91802684352994	1.0	1.0	2.0
27310000	3.253291721219446	1.0621706503214725	1.0	1.0	2.0
27320000	0.9828480520313484	0.060054886229521584	1.0	1.0	2.0
27330000	0.057204441332317106	0.046691267094922106	1.0	1.0	2.0
27340000	0.3270625206852004	0.08039686938366367	1.0	1.0	2.0
27350000	4.332393266317648	0.28563926619076896	1.0	1.0	2.0
27360000	0.15963112819703923	7.397057763857213E-4	1.0	1.0	2.0
27370000	3.50470916712544	2.02671813042126	1.0	1.0	2.0
27380000	0.7613079505954053	0.4616510970626043	1.0	1.0	2.0
27390000	0.6641440694211704	0.2869398617043445	1.0	1.0	2.0
27400000	1.0783943853031817	0.0429763669832598	1.0	1.0	2.0
27410000	2.414687902841313	1.2110605087789759	1.0	1.0	2.0
27420000	1.2827693843831773	0.058621623215497395	1.0	1.0	2.0
27430000	3.064619263127176	0.022002868743320376	1.0	1.0	2.0
27440000	0.449683758629685	0.0386554407423091	1.0	1.0	2.0
27450000	3.823160830936841	0.16923964631925484	1.0	1.0	2.0
27460000	0.8828211778980599	0.08854728929798891	1.0	1.0	2.0
27470000	2.1732179317306692	0.6497579267165996	1.0	1.0	2.0
27480000	1.1448458511250328	0.09591762470628873	1.0	1.0	2.0
27490000	0.42282307117470597	0.15720616953634006	1.0	1.0	2.0
27500000	0.6017546152985861	0.2874513987513671	1.0	1.0	2.0
27510000	5.633477340063379	0.19724883508424437	1.0	1.0	2.0
27520000	3.5216254482386375	0.6741878900304087	1.0	1.0	2.0
27530000	4.606769868665801	0.6708036381196473	1.0	1.0	2.0
27540000	0.7080795209367989	1.1493213234684938	1.0	1.0	2.0
27550000	0.41765632915418494	0.10613899987526113	1.0	1.0	2.0
27560000	1.8400459097257416	0.34171833961468107	1.0	1.0	2.0
27570000	0.693938437929142	0.13523249076854776	1.0	1.0	2.0
27580000	0.847142327782085	0.5563774808782522	1.0	1.0	2.0
27590000	1.2593633878732697	0.3618791385993968	1.0	1.0	2.0
27600000	0.387020859767834	0.8182310778256214	0.0	1.0	1.0
27610000	1.0887114377139095	0.510394937556975	1.0	1.0	2.0
27620000	0.347550939156463	0.02521935486190133	1.0	1.0	2.0
27630000	2.1889210650307436	1.0330683981758928	1.0	1.0	2.0
27640000	1.1162412507298525	1.0771182925303016	1.0	1.0	2.0
27650000	3.956826886365653	0.3405570215287026	1.0	1.0	2.0
27660000	0.21478692852701933	0.002098379201170003	1.0	1.0	2.0
27670000	0.36964192328800055	0.3377666090461534	1.0	1.0	2.0
27680000	2.352017378420784	0.06163241407763632	1.0	1.0	2.0
27690000	4.759291893950476	1.181448147861239	1.0	1.0	2.0
27700000	0.6966168941731052	2.3417597578976976	1.0	1.0	2.0
27710000	2.1802916524754266	2.8177567346805477	1.0	1.0	2.0
27720000	1.8964744463889196	0.08698379552568505	1.0	1.0	2.0
27730000	0.31357223033573633	0.1418251520398165	1.0	1.0	2.0
27740000	0.332080222081786	0.03189125998789894	1.0	1.0	2.0
27750000	0.5856917240686544	0.058282209494859454	1.0	1.0	2.0
27760000	0.8673334539916442	0.32789646992792587	1.0	1.0	2.0
27770000	2.514644595723798	0.4628435321170764	1.0	1.0	2.0
27780000	0.8795064788617666	0.0538958139478739	1.0	1.0	2.0
27790000	0.9912266712872022	0.6101592420567414	1.0	1.0	2.0
27800000	1.1718348252014845	0.5587821701871009	1.0	1.0	2.0
27810000	2.2016256763016626	0.5247482802796514	1.0	1.0	2.0
27820000	0.8503696915080842	0.3014237235424549	1.0	1.0	2.0
27830000	0.570580033111747	0.2755893176814964	1.0	1.0	2.0
27840000	0.053052023770163895	0.03406067859316401	1.0	1.0	2.0
27850000	0.9997501363631889	0.38288965366148137	1.0	1.0	2.0
27860000	2.0487231853182934	0.12461530774813064	1.0	1.0	2.0
27870000	4.514756773018478	1.0460200563360578	1.0	1.0	2.0
27880000	0.9557249320728428	0.24936400370195028	1.0	1.0	2.0
27890000	3.615991831646534	0.7443676140452655	1.0	1.0	2.0
27900000	0.3949889512557744	1.7179246697986534	1.0	1.0	2.0
27910000	4.665534739431171	0.32464659462109946	1.0	1.0	2.0
27920000	1.2225609216003455	1.4600345405597406	1.0	1.0	2.0
27930000	1.7460472561062927	0.22606434466835482	1.0	1.0	2.0
27940000	2.4235446128215044	2.8102762526549103	1.0	1.0	2.0
27950000	2.1665286453338024	0.8137412255286486	1.0	1.0	2.0
27960000	0.17731299048322505	0.0032764539772141975	1.0	1.0	2.0
27970000	1.1264550862615634	0.14773016793789645	1.0	1.0	2.0
27980000	0.89324556687734	0.27261810761794897	1.0	1.0	2.0
27990000	1.2836233296730803	1.3144736650498767	1.0	1.0	2.0
28000000	0.6791283021643019	0.16859934960185302	1.0	1.0	2.0
28010000	0.7182724116617037	0.436743119376676	1.0	1.0	2.0
28020000	0.8648477805741259	0.059441972081356695	1.0	1.0	2.0
28030000	0.4770407180770807	1.4260353779758939	1.0	1.0	2.0
28040000	1.7406485502640188	0.2961058559300732	1.0	1.0	2.0
28050000	0.6993920994773019	1.0472210371625554	1.0	1.0	2.0
28060000	1.6518164521436147	0.5168110308079844	1.0	1.0	2.0
28070000	0.6700562935339857	0.08944358395125518	1.0	1.0	2.0
28080000	0.22504822574849712	0.06960004559553798	1.0	1.0	2.0
28090000	0.4850944675761474	0.3661811956379331	1.0	1.0	2.0
28100000	2.532606668359642	0.5123524714209158	1.0	1.0	2.0
28110000	1.8129878585674772	0.12073612188050274	1.0	1.0	2.0
28120000	1.6622207926474917	0.5363026998527071	1.0	1.0	2.0
28130000	1.13571257400383	0.3093020495322455	1.0	1.0	2.0
28140000	2.968920087689391	0.9277958984563213	1.0	1.0	2.0
28150000	0.8771029769218771	0.1216452464984692	0.0	1.0	1.0
28160000	3.1125409612264496	0.1884089779238076	1.0	1.0	2.0
28170000	3.8906276917371314	1.1485973285944377	1.0	1.0	2.0
28180000	0.3929295181993934	0.018051787541168773	1.0	1.0	2.0
28190000	0.4501344114157693	0.03151043258120716	1.0	1.0	2.0
28200000	0.2462468491822367	0.13509489383323572	1.0	1.0	2.0
28210000	1.8180598905726206	5.327239665636278	1.0	1.0	2.0
28220000	4.372456867287487	0.288932540202239	1.0	1.0	2.0
28230000	0.7418100656237749	0.33897452731976585	1.0	1.0	2.0
28240000	1.174762272123269	0.8978508356375182	1.0	1.0	2.0
28250000	0.1861919088419536	0.011914625394050565	1.0	1.0	2.0
28260000	0.7089384092339562	6.541893126868896E-4	1.0	1.0	2.0
28270000	4.21063034865771	0.5686970437009047	1.0	1.0	2.0
28280000	2.828344251215973	0.006176243092927131	1.0	1.0	2.0
28290000	1.224449334058386	0.4784744739851555	1.0	1.0	2.0
28300000	1.6718030964312713	0.6200792947856452	1.0	1.0	2.0
28310000	3.2567202043225683	0.07485819296797197	1.0	1.0	2.0
28320000	2.2939257661306782	0.2932833009237902	1.0	1.0	2.0
28330000	3.195632399046059	0.8742922630716832	1.0	1.0	2.0
28340000	0.2586599868104663	0.4748189836796004	1.0	1.0	2.0
28350000	0.28603036103598656	0.049324229505951084	1.0	1.0	2.0
28360000	1.5554658593298025	0.98521535106336	1.0	1.0	2.0
28370000	2.8111804239336293	1.2698708937193055	1.0	1.0	2.0
28380000	1.860277388752676	0.17445869064679595	1.0	1.0	2.0
28390000	1.3302424212596244	2.0275691798871627	1.0	1.0	2.0
28400000	0.8901040667256859	0.21328341517540503	1.0	1.0	2.0
28410000	0.6007945768162425	0.6760970552492662	1.0	1.0	2.0
28420000	1.8596447843801371	0.7046897381133783	1.0	1.0	2.0
28430000	2.556293993970351	0.8857243363297839	1.0	1.0	2.0
28440000	3.007470323546333	4.114745099397318	1.0	1.0	2.0
28450000	0.7429143127470094	0.5204881770487301	1.0	1.0	2.0
28460000	2.6086184428535484	2.159120196451104	1.0	1.0	2.0
28470000	0.7425365309510065	0.5967793859275452	1.0	1.0	2.0
28480000	0.5142497140842004	1.7195193151507822	1.0	1.0	2.0
28490000	0.8808714549429548	1.072802446279419	1.0	1.0	2.0
28500000	3.2677934144295864	0.14079112733195956	1.0	1.0	2.0
28510000	1.105333968666428	0.5158535125434838	1.0	1.0	2.0
28520000	0.31904036154933385	0.0215992093037783	1.0	1.0	2.0
28530000	1.5178092550937685	0.03266810393660192	1.0	1.0	2.0
28540000	0.2866137218267789	0.2386858951726403	1.0	1.0	2.0
28550000	1.3425659225787245	0.6175132446617397	1.0	1.0	2.0
28560000	0.8216185240198192	0.33041718892009686	1.0	1.0	2.0
28570000	2.117210513651819	0.3996383295976406	1.0	1.0	2.0
28580000	0.9519755558509759	0.3004207421859253	1.0	1.0	2.0
28590000	0.5018324625977496	1.1726273565003416	1.0	1.0	2.0
28600000	1.0804067764916998	0.735907918749298	1.0	1.0	2.0
28610000	1.627013627411374	0.7477354489602352	1.0	1.0	2.0
28620000	0.632463936269646	0.3296011356582168	1.0	1.0	2.0
28630000	1.1704674866793885	0.8678767825925062	1.0	1.0	2.0
28640000	1.3999838829322355	0.08600982709921755	1.0	1.0	2.0
28650000	2.265285471746491	0.07727954844129774	1.0	1.0	2.0
28660000	1.0038362096987627	0.17826161493539852	1.0	1.0	2.0
28670000	2.121954471582156	0.9698352867950885	1.0	1.0	2.0
28680000	4.032684692642788	0.44048033315919766	1.0	1.0	2.0
28690000	0.34280842121960664	0.38823634751295794	1.0	1.0	2.0
28700000	0.8391404262922082	0.09756534419778769	1.0	1.0	2.0
28710000	1.609625995537493	0.5888384568035371	1.0	1.0	2.0
28720000	0.4953511261962794	0.5194951645703848	1.0	1.0	2.0
28730000	1.8035121013504842	0.12724881679882866	1.0	1.0	2.0
28740000	2.0845504289752466	0.4061406211100339	1.0	1.0	2.0
28750000	1.2042929970209384	0.5300228796897497	1.0	1.0	2.0
28760000	1.1737909126448298	0.1521695306699011	1.0	1.0	2.0
28770000	0.08847841236681407	0.5918139639707154	1.0	1.0	2.0
28780000	1.416167781221859	0.06414774343650657	1.0	1.0	2.0
28790000	2.074504971915458	0.028192239039183834	1.0	1.0	2.0
28800000	1.0973923416651394	0.16072211622787255	1.0	1.0	2.0
28810000	2.608038933853887	0.04501769285926071	1.0	1.0	2.0
28820000	0.4776819687927569	0.7674580949935929	1.0	1.0	2.0
28830000	0.4567663684907262	0.1210372542762655	1.0	1.0	2.0
28840000	1.8056877296549134	4.6174525206458313E-4	1.0	1.0	2.0
28850000	1.500654781057556	0.015540475381121485	1.0	1.0	2.0
28860000	1.5757283233253891	0.10345790208948187	1.0	1.0	2.0
28870000	0.7055940565332474	0.5072027953607214	1.0	1.0	2.0
28880000	1.018172970463757	0.838474202989149	1.0	1.0	2.0
28890000	0.08089364658925872	0.616498090801864	1.0	1.0	2.0
28900000	0.5017986468291614	1.946069331585422	1.0	1.0	2.0
28910000	0.2490519111444049	0.5239284369453333	1.0	1.0	2.0
28920000	0.9066337343249118	1.4929824573693835	1.0	1.0	2.0
28930000	3.634662263452586	0.06397104314968621	1.0	1.0	2.0
28940000	1.2203583445622872	0.5959428342364002	1.0	1.0	2.0
28950000	0.065650730868926	0.023720717950414624	1.0	1.0	2.0
28960000	1.8360449803923569	0.016941765012567056	1.0	1.0	2.0
28970000	0.8031871365154913	0.18407250835776767	1.0	1.0	2.0
28980000	1.872767450097699	0.23576045817565533	1.0	1.0	2.0
28990000	2.0270606600180656	0.6611910343167103	1.0	1.0	2.0
29000000	0.24556001280825346	0.11109049948260041	1.0	1.0	2.0
29010000	1.8737119325349094	0.39035415028136816	1.0	1.0	2.0
29020000	3.550002581570844	0.28071927293406707	1.0	1.0	2.0
29030000	0.8100483111366978	0.4405428082609195	0.0	1.0	1.0
29040000	0.2223359008510274	0.29220347333097646	1.0	1.0	2.0
29050000	1.5250430334707055	0.266109466227382	1.0	1.0	2.0
29060000	0.1928701714512406	0.023947534900313205	1.0	1.0	2.0
29070000	1.038470137012661	3.007614565498655	1.0	1.0	2.0
29080000	3.6381953177124293	0.21503869132607786	1.0	1.0	2.0
29090000	0.626253102708416	0.47614900748076167	1.0	1.0	2.0
29100000	0.40419449830275755	0.03380462706615795	1.0	1.0	2.0
29110000	0.26163394908361604	0.01727422224844411	1.0	1.0	2.0
29120000	0.41092338826765185	0.04049971693707075	1.0	1.0	2.0
29130000	1.1767287907234085	1.4266636437273716	1.0	1.0	2.0
29140000	2.0339973232996393	0.12783933168691944	1.0	1.0	2.0
29150000	1.911338435406548	2.816510238742096	1.0	1.0	2.0
29160000	1.9517980138259672	0.5709295931363261	1.0	1.0	2.0
29170000	1.612048809425175	0.22148531616951933	1.0	1.0	2.0
29180000	2.084253617152891	0.05960994687392134	1.0	1.0	2.0
29190000	0.5595216768756728	0.4698330698438799	1.0	1.0	2.0
29200000	0.9057022226249829	0.8490949451243167	1.0	1.0	2.0
29210000	0.1317594595325455	0.05983988895602529	1.0	1.0	2.0
29220000	1.0916992457961527	0.8047670340092951	1.0	1.0	2.0
29230000	1.044865350391114	0.7273071324981035	1.0	1.0	2.0
29240000	1.1097794681310609	0.4659801368776837	1.0	1.0	2.0
29250000	0.39375776150107883	0.089046974724066	1.0	1.0	2.0
29260000	2.3474503603138013	0.9572661731910103	1.0	1.0	2.0
29270000	0.14226801761883306	0.14881112423541004	1.0	1.0	2.0
29280000	0.11748986546774987	0.0743537939044576	1.0	1.0	2.0
29290000	2.780905127805544	0.3925362816115888	1.0	1.0	2.0
29300000	1.8094817498404576	1.9475546876972363	1.0	1.0	2.0
29310000	1.8864068103636082	1.389022670418559	1.0	1.0	2.0
29320000	1.6508052935603201	0.1117447535575438	1.0	1.0	2.0
29330000	2.004189633216545	0.21090415878344482	1.0	1.0	2.0
29340000	1.0084831795957534	1.1308386569230149	1.0	1.0	2.0
29350000	3.4243615640063068	0.08433466285422649	1.0	1.0	2.0
29360000	0.9735383893017164	0.3484562680564304	1.0	1.0	2.0
29370000	0.6433039559365461	0.5899477638147007	1.0	1.0	2.0
29380000	1.2750299075974556	0.16065482220122185	1.0	1.0	2.0
29390000	2.157109479646863	0.4314775836135596	1.0	1.0	2.0
29400000	9.299846187719488	0.9105925421199231	1.0	1.0	2.0
29410000	0.8678007843923387	1.4573317087967046	1.0	1.0	2.0
29420000	2.231123565507782	3.9386955591970834	1.0	1.0	2.0
29430000	0.1615935422054676	0.11930206821141497	1.0	1.0	2.0
29440000	0.7674408540289214	0.05546938583585199	1.0	1.0	2.0
29450000	3.5695614087586653	0.6223598546604298	1.0	1.0	2.0
29460000	2.280331541541801	1.628694842352412	1.0	1.0	2.0
29470000	2.2121467048332892	1.33142010465457	1.0	1.0	2.0
29480000	1.3409990746550478	2.339162524531085	1.0	1.0	2.0
29490000	1.642275461634497	1.03330638078807	1.0	1.0	2.0
29500000	3.7275381627869835	0.631906613997681	1.0	1.0	2.0
29510000	0.2909473518972253	0.0014096426954523724	1.0	1.0	2.0
29520000	0.4857490621281238	1.7592960140187945	1.0	1.0	2.0
29530000	0.8860485487986927	0.26554870359225813	1.0	1.0	2.0
29540000	0.3235364077474535	0.13750138992885413	1.0	1.0	2.0
29550000	1.492024138705212	0.43142447496988456	1.0	1.0	2.0
29560000	0.05005035702358006	0.1160225771082087	1.0	1.0	2.0
29570000	0.5685499058412449	0.33145311797717664	1.0	1.0	2.0
29580000	1.334238710328136	0.010581015138864747	1.0	1.0	2.0
29590000	0.5210967972099699	0.057973501838628774	1.0	1.0	2.0
29600000	2.9438245388008433	0.6596447315132933	1.0	1.0	2.0
29610000	1.2680700633352329	0.7188305474072902	1.0	1.0	2.0
29620000	4.342479619948463	0.17710174705250256	1.0	1.0	2.0
29630000	0.030552645695143654	0.012139341293744445	1.0	1.0	2.0
29640000	0.5172457577754591	0.5978857236460887	1.0	1.0	2.0
29650000	1.3818921835960454	1.351628121026613	1.0	1.0	2.0
29660000	1.8863076182649234	0.28982649599054067	1.0	1.0	2.0
29670000	1.1444139833414746	3.1205764528719966	1.0	1.0	2.0
29680000	1.4719547325858808	1.5306942578656046	1.0	1.0	2.0
29690000	0.9442098269018449	0.31628160229645724	1.0	1.0	2.0
29700000	0.1326946799662449	0.1451462413264482	1.0	1.0	2.0
29710000	0.36513520827758644	0.29073312830938464	1.0	1.0	2.0
29720000	0.4858134113956312	1.4589033294988556	1.0	1.0	2.0
29730000	1.898335380104297	2.561071476845673	1.0	1.0	2.0
29740000	4.117548467915536	0.06533123388542734	1.0	1.0	2.0
29750000	0.6639384755424205	0.4752132892962884	1.0	1.0	2.0
29760000	1.2555981459119465	0.8441424343533551	1.0	1.0	2.0
29770000	2.3220153474059937	0.08425509744267727	1.0	1.0	2.0
29780000	0.5610502841659486	1.281938053200536	1.0	1.0	2.0
29790000	2.063940366248858	2.4499719280609202	1.0	1.0	2.0
29800000	1.1358188556371605	0.9719873446530766	1.0	1.0	2.0
29810000	1.3319694954392227	1.9062235993482126	1.0	1.0	2.0
29820000	1.1470935934497564	0.09795087625499015	1.0	1.0	2.0
29830000	0.6671185034875888	0.37453310877947293	1.0	1.0	2.0
29840000	1.8559231399107596	0.23174526419395958	1.0	1.0	2.0
29850000	0.30872196346324837	0.1272757957331889	1.0	1.0	2.0
29860000	0.9497663018443349	0.20899103434663724	1.0	1.0	2.0
29870000	2.354937382061015	1.028263386196177	1.0	1.0	2.0
29880000	2.91181370083769	0.31392810635173707	1.0	1.0	2.0
29890000	0.14614200151685125	0.18293237960489464	1.0	1.0	2.0
29900000	0.714976901640348	0.25820174819653546	1.0	1.0	2.0
29910000	0.07671250688599242	0.0028503534209570773	1.0	1.0	2.0
29920000	2.0653892676706516	0.6027340478981532	1.0	1.0	2.0
29930000	1.2551671063567835	0.8797678543725672	1.0	1.0	2.0
29940000	0.5477196980794518	0.12747470218641005	1.0	1.0	2.0
29950000	0.38280602408964787	0.33372252656879386	1.0	1.0	2.0
29960000	0.2204899475013997	0.14854309688736603	1.0	1.0	2.0
29970000	0.8312208331653288	0.01140300618073769	1.0	1.0	2.0
29980000	1.3829956858317762	0.23746977545860176	1.0	1.0	2.0
29990000	0.658885895406025	4.4373221524058546E-4	1.0	1.0	2.0
30000000	0.8098012603602402	0.7198094257837577	1.0	1.0	2.0
30010000	0.5442500209016546	0.5246750461578452	1.0	1.0	2.0
30020000	1.790957078529892	0.24023622272221276	1.0	1.0	2.0
30030000	2.524794756803848	0.8799933867683905	1.0	1.0	2.0
30040000	1.6115130608564574	0.14059880431819546	1.0	1.0	2.0
30050000	0.8571881994620195	0.6241513448359778	1.0	1.0	2.0
30060000	4.382702868302224	0.4448960655613445	1.0	1.0	2.0
30070000	1.751885541285324	0.5575998301947422	1.0	1.0	2.0
30080000	1.854172149777127	0.050389241068666824	1.0	1.0	2.0
30090000	1.737915662849276	0.15433830116484695	1.0	1.0	2.0
30100000	2.191762080370174	0.07208652323659472	1.0	1.0	2.0
30110000	0.7340206033745061	1.5752456560665298	1.0	1.0	2.0
30120000	1.6459236519253924	0.16293763528797878	1.0	1.0	2.0
30130000	1.612305051785536	1.3534252786547751	1.0	1.0	2.0
30140000	0.8616233671425103	0.18319899731214104	1.0	1.0	2.0
30150000	1.9406413241298983	0.5217641734739393	1.0	1.0	2.0
30160000	0.592520771857535	3.2663318718326027	1.0	1.0	2.0
30170000	0.8408133033125733	0.300249095508154	1.0	1.0	2.0
30180000	0.4298575358214532	0.4423345735876758	1.0	1.0	2.0
30190000	1.7724852093032535	0.7895713653126734	1.0	1.0	2.0
30200000	1.721070786309949	1.0467231498421699	1.0	1.0	2.0
30210000	0.40813816450624285	0.2279520941847456	1.0	1.0	2.0
30220000	1.103884876809608	0.3576150057160016	1.0	1.0	2.0
30230000	1.1971525460464136	0.1168736425738206	1.0	1.0	2.0
30240000	0.39024014706544646	0.06053726368666267	1.0	1.0	2.0
30250000	2.07753258531566	0.4138881729378769	1.0	1.0	2.0
30260000	0.8845153918160119	0.5615348701469536	1.0	1.0	2.0
30270000	0.7203133634916041	0.09674136020305583	1.0	1.0	2.0
30280000	0.6731689309850909	0.9521823907343905	1.0	1.0	2.0
30290000	1.4916300423024584	0.33106704144090005	1.0	1.0	2.0
30300000	0.9034902091487027	0.058849795819370505	1.0	1.0	2.0
30310000	0.6777509726438959	0.1015051730976418	1.0	1.0	2.0
30320000	1.7310836096349815	0.29959455022212395	1.0	1.0	2.0
30330000	3.8878593579426135	2.803071677681659	1.0	1.0	2.0
30340000	0.5551915238591766	0.08925333289778013	1.0	1.0	2.0
30350000	0.4516551908866365	0.13414329990122095	1.0	1.0	2.0
30360000	1.2086544293917498	0.8664004971966547	1.0	1.0	2.0
30370000	1.8158507692963028	1.7349158054012215	1.0	1.0	2.0
30380000	1.487004066835214	0.18299743170538474	1.0	1.0	2.0
30390000	0.9294634602644766	0.23886263173365846	1.0	1.0	2.0
30400000	0.6366330851948553	0.5732901632407076	1.0	1.0	2.0
30410000	0.5713186556181936	0.4109213251920754	1.0	1.0	2.0
30420000	0.5828996102175031	0.025943721357874743	1.0	1.0	2.0
30430000	4.266177200168526	1.6594961424277468	1.0	1.0	2.0
30440000	2.983782407693818	0.15975825650654268	1.0	1.0	2.0
30450000	0.7193349027562713	1.312028411331231	1.0	1.0	2.0
30460000	1.1834688310969332	0.600283282649953	1.0	1.0	2.0
30470000	3.5037086503558075	0.237378538352626	1.0	1.0	2.0
30480000	0.4798251980622615	0.10812318155705372	1.0	1.0	2.0
30490000	0.4000500641857554	0.08766547332733744	1.0	1.0	2.0
30500000	1.016999771349743	0.9947127677651649	1.0	1.0	2.0
30510000	1.5221273384074858	0.10385310330854841	1.0	1.0	2.0
30520000	1.3196292774313967	0.33910993609540646	1.0	1.0	2.0
30530000	0.8957163699981269	0.005862495124184463	1.0	1.0	2.0
30540000	0.14364719517586108	0.13251651804070871	1.0	1.0	2.0
30550000	0.7273990818393391	0.134458743983499	1.0	1.0	2.0
30560000	1.2476505153588893	1.334572315506463	1.0	1.0	2.0
30570000	0.6165303353254085	0.023649599890879495	1.0	1.0	2.0
30580000	0.968511778723646	0.4549975556604434	1.0	1.0	2.0
30590000	3.9521029594125228	0.49763129073379364	1.0	1.0	2.0
30600000	1.3209436859063324	1.1916116750419492	1.0	1.0	2.0
30610000	2.794035034382726	0.11275656637897256	1.0	1.0	2.0
30620000	0.1771063784185611	1.1781002955123543	1.0	1.0	2.0
30630000	0.4777556158273221	0.6637532855507378	1.0	1.0	2.0
30640000	2.0017336840504125	0.9634300580235104	1.0	1.0	2.0
30650000	0.766271591423513	0.04290721998105069	1.0	1.0	2.0
30660000	0.8081767516467437	1.2905040094921425	1.0	1.0	2.0
30670000	0.9859583100026256	0.6764855959346948	1.0	1.0	2.0
30680000	1.7421787538797922	1.8886887994476225	1.0	1.0	2.0
30690000	2.304696859724419	0.5640852049840495	1.0	1.0	2.0
30700000	0.922114646849102	0.684378515024917	1.0	1.0	2.0
30710000	0.3628478296852632	0.19118046265807093	1.0	1.0	2.0
30720000	1.242249486212397	0.1342362658517146	1.0	1.0	2.0
30730000	0.6641643062435159	0.4546634439712125	1.0	1.0	2.0
30740000	0.4960596737939532	0.28385415581889145	1.0	1.0	2.0
30750000	2.749934473978831	0.3558891405852854	1.0	1.0	2.0
30760000	3.491395322405503	1.0959356087038985	1.0	1.0	2.0
30770000	1.6108509575563064	0.8528780553742287	1.0	1.0	2.0
30780000	5.00015180504587	0.5798473622363154	1.0	1.0	2.0
30790000	1.2535744025254374	0.44466544280891535	1.0	1.0	2.0
30800000	3.9741803481350284	0.2828860234976515	1.0	1.0	2.0
30810000	2.0062006355578395	0.3015956765579911	1.0	1.0	2.0
30820000	1.2090731193725568	0.2579939745352702	1.0	1.0	2.0
30830000	0.7951137546296668	1.8787740519471103	1.0	1.0	2.0
30840000	0.18020347233471323	0.8758095085415093	1.0	1.0	2.0
30850000	1.9241648675680527	0.21964435772726648	1.0	1.0	2.0
30860000	1.0955305214064077	0.1035260285533667	1.0	1.0	2.0
30870000	1.5716749024267087	0.4730956554705799	1.0	1.0	2.0
30880000	2.072696076950843	0.40536778832210046	1.0	1.0	2.0
30890000	0.9388238662581208	0.7288969483506696	1.0	1.0	2.0
30900000	3.2662225701697922	1.054240075525728	1.0	1.0	2.0
30910000	1.533867643784506	1.1928290118059104	1.0	1.0	2.0
30920000	0.20895504330718578	0.2454720078038825	1.0	1.0	2.0
30930000	1.5395351989841313	0.11757753666544847	1.0	1.0	2.0
30940000	0.3275294237254643	2.6556884075912293	1.0	1.0	2.0
30950000	3.2453459420844273	0.22574034860217532	1.0	1.0	2.0
30960000	0.157086254001804	0.09678670226251636	1.0	1.0	2.0
30970000	0.6476842661180021	0.8788959420410645	1.0	1.0	2.0
30980000	0.225963142333504	0.14955750297008824	1.0	1.0	2.0
30990000	0.2376556924265653	0.31635978203448256	1.0	1.0	2.0
31000000	0.7734618602118819	0.22842997287258757	1.0	1.0	2.0
31010000	0.36737474523497415	0.10706320984999593	1.0	1.0	2.0
31020000	1.4278522513973342	0.8786563810791075	1.0	1.0	2.0
31030000	2.123135443182939	0.007707456663419219	1.0	1.0	2.0
31040000	1.2415915510670188	0.19528848789262537	1.0	1.0	2.0
31050000	2.7157550075851544	1.177079880374927	1.0	1.0	2.0
31060000	0.8525133514166622	0.36640575291565597	1.0	1.0	2.0
31070000	0.4116558058094437	0.9300099783867727	1.0	1.0	2.0
31080000	0.6174182320655053	0.276776209157188	1.0	1.0	2.0
31090000	1.0187925141875491	0.1241996218621261	1.0	1.0	2.0
31100000	1.2180314355178001	0.6841721731450594	1.0	1.0	2.0
31110000	1.1596552845890886	0.012868769024566578	1.0	1.0	2.0
31120000	0.819594779164249	1.7924768470445545	1.0	1.0	2.0
31130000	0.9903160387542845	0.08942438317042121	1.0	1.0	2.0
31140000	1.5241261503782304	0.35114840559274635	1.0	1.0	2.0
31150000	1.2728040197441237	0.008194951328837114	1.0	1.0	2.0
31160000	0.621025655006198	2.110748572396274	1.0	1.0	2.0
31170000	2.050740185953718	0.3702134249540643	1.0	1.0	2.0
31180000	0.43476253337574045	0.4361513204726049	1.0	1.0	2.0
31190000	2.535830714600135	0.8680802560026183	1.0	1.0	2.0
31200000	0.5192991542016158	0.017386325942957113	1.0	1.0	2.0
31210000	0.932624080889087	1.025918477011868	1.0	1.0	2.0
31220000	1.6856975183242364	0.5101406090722052	1.0	1.0	2.0
31230000	1.6517354490228906	1.312049076879999	1.0	1.0	2.0
31240000	0.7731065488270512	0.10046727362749047	1.0	1.0	2.0
31250000	1.3494581350254031	0.15184249743789452	1.0	1.0	2.0
31260000	0.8111307586978158	0.5942657100197091	1.0	1.0	2.0
31270000	1.2106460448859186	0.4526873514094261	1.0	1.0	2.0
31280000	0.9585931671460256	0.9394477452681886	1.0	1.0	2.0
31290000	2.6844416045793436	0.042072183839818124	1.0	1.0	2.0
31300000	0.27845524189291276	0.11518760601273538	1.0	1.0	2.0
31310000	2.9962663177245803	0.24241956451688257	1.0	1.0	2.0
31320000	1.1771168587037528	1.0348375723015162	1.0	1.0	2.0
31330000	0.6635184515789593	0.427283737578857	1.0	1.0	2.0
31340000	2.9596643518114116	1.59892854699611	1.0	1.0	2.0
31350000	1.408459245025477	1.3527808009826152	1.0	1.0	2.0
31360000	1.1201411222831548	0.07846915382143574	1.0	1.0	2.0
31370000	0.9716900754106187	0.027913109476811537	1.0	1.0	2.0
31380000	0.6446807102551046	0.2685842608744435	1.0	1.0	2.0
31390000	1.1269152865379746	1.1640325948866594	1.0	1.0	2.0
31400000	1.5603200137525077	0.2994159782409067	1.0	1.0	2.0
31410000	5.06508352875305	0.7083497442836082	1.0	1.0	2.0
31420000	0.6216973181286344	0.3147649717644687	1.0	1.0	2.0
31430000	1.1783850353128567	0.43598935537596195	1.0	1.0	2.0
31440000	0.7826603278607486	0.5862719947389412	1.0	1.0	2.0
31450000	0.5128411637018037	0.10395106526432284	1.0	1.0	2.0
31460000	5.084615344176863	0.6542858804792662	1.0	1.0	2.0
31470000	1.0881039013000147	0.23796461843210842	1.0	1.0	2.0
31480000	1.1071519297247063	1.2602381158958473	1.0	1.0	2.0
31490000	2.453792220037458	0.4677079436020258	1.0	1.0	2.0
31500000	0.026161578731347994	1.6211697836804995	1.0	1.0	2.0
31510000	3.2122491799467574	1.833324112975243	1.0	1.0	2.0
31520000	0.5318752198051727	0.5624894110377224	1.0	1.0	2.0
31530000	0.9522787864517221	0.8617039910158899	1.0	1.0	2.0
31540000	1.8307108504824723	0.14648205398576702	1.0	1.0	2.0
31550000	0.30028618339150814	0.06968081453417402	1.0	1.0	2.0
31560000	1.9095054458442842	0.9198370588637019	1.0	1.0	2.0
31570000	1.7061802095334366	0.4186552965900323	1.0	1.0	2.0
31580000	0.9713744327919734	0.7319818314079192	1.0	1.0	2.0
31590000	1.3445611668748916	0.7876643282907354	1.0	1.0	2.0
31600000	1.5094014214014515	0.022616432336540575	1.0	1.0	2.0
31610000	0.9313443339251758	0.1514064974812959	1.0	1.0	2.0
31620000	2.1568977959663043	0.6917420100531508	1.0	1.0	2.0
31630000	0.8480320092227737	0.6799696524246881	1.0	1.0	2.0
31640000	0.7483277076335354	0.20238525936563953	1.0	1.0	2.0
31650000	4.787099756559433	1.2013824351295386	1.0	1.0	2.0
31660000	0.7017694217122566	0.1544073516474637	1.0	1.0	2.0
31670000	4.095545592822519	0.5834873287390561	1.0	1.0	2.0
31680000	0.7653592050020172	0.48898618776556996	1.0	1.0	2.0
31690000	0.8099058668856094	0.4969778958425577	1.0	1.0	2.0
31700000	1.982673186714017	0.8837592638352266	1.0	1.0	2.0
31710000	0.5016760625533601	0.025491075709534804	1.0	1.0	2.0
31720000	1.9441021974945691	0.3024445427658469	1.0	1.0	2.0
31730000	0.3473855365885855	0.25348890774961996	1.0	1.0	2.0
31740000	2.4230137627467703	2.5313490049207146	1.0	1.0	2.0
31750000	0.46299655495511505	0.010945249310832168	1.0	1.0	2.0
31760000	1.310539938461202	0.8558717942517586	1.0	1.0	2.0
31770000	0.9436551483395677	0.01612244070645407	1.0	1.0	2.0
31780000	2.288565519865498	1.489893202829438	1.0	1.0	2.0
31790000	0.7939360712186514	0.0071990484639062055	1.0	1.0	2.0
31800000	0.31947866016502835	0.20019116072831855	1.0	1.0	2.0
31810000	0.6589993986361364	0.132718591547563	1.0	1.0	2.0
31820000	0.5722820728230693	0.41407819613987756	1.0	1.0	2.0
31830000	0.4073536446883536	0.2508841446243649	1.0	1.0	2.0
31840000	1.2624432677966153	0.13176197793438285	1.0	1.0	2.0
31850000	5.705046554307137	0.30542858185990895	1.0	1.0	2.0
31860000	0.334885604984981	0.12897285244485962	1.0	1.0	2.0
31870000	1.2992157170756753	0.31004093762622087	1.0	1.0	2.0
31880000	0.5325955196024595	0.07919346845615013	0.0	1.0	1.0
31890000	2.5534436626564423	1.1888461366525012	1.0	1.0	2.0
31900000	0.7021096584131971	0.5317416520233135	1.0	1.0	2.0
31910000	2.077609381734286	0.06151532668337912	1.0	1.0	2.0
31920000	3.223054062154317	0.5520485377090896	1.0	1.0	2.0
31930000	2.4036015779738875	0.7018342441381112	1.0	1.0	2.0
31940000	0.3810810837640873	0.4444436274908993	1.0	1.0	2.0
31950000	0.22401920551363716	0.4772602555975795	1.0	1.0	2.0
31960000	2.187175921770491	0.03162774136519189	1.0	1.0	2.0
31970000	5.587400382833644	0.6094140422516133	1.0	1.0	2.0
31980000	2.315388472385082	0.0739592737135864	1.0	1.0	2.0
31990000	2.500619969963473	0.09575058642313422	1.0	1.0	2.0
32000000	0.4292330659733138	0.9465150823972223	1.0	1.0	2.0
32010000	0.3581604070928641	0.04536004437649606	1.0	1.0	2.0
32020000	0.5725999724066874	0.2610947475837459	1.0	1.0	2.0
32030000	1.491165515887119	1.750166395869099	1.0	1.0	2.0
32040000	1.810515763789248	0.40211614725509054	1.0	1.0	2.0
32050000	0.1068452763381224	0.18148299563528378	1.0	1.0	2.0
32060000	3.1947112917865534	0.04817727240507548	1.0	1.0	2.0
32070000	0.5703084343317806	1.0816197765975277	1.0	1.0	2.0
32080000	0.23843574753378213	0.7564541187455346	1.0	1.0	2.0
32090000	0.1030546412024997	0.2350250079766639	1.0	1.0	2.0
32100000	2.2266250104957486	0.060032693853271736	1.0	1.0	2.0
32110000	2.6379728472527484	0.38270218779262355	1.0	1.0	2.0
32120000	1.3076443653116097	0.19957209132787948	1.0	1.0	2.0
32130000	2.22178258055678	1.7823858846695402	1.0	1.0	2.0
32140000	2.8495496409284082	0.11795292086508088	1.0	1.0	2.0
32150000	3.187981853456877	1.8993052522976228	1.0	1.0	2.0
32160000	0.8681694544006285	0.41331699408450107	1.0	1.0	2.0
32170000	1.1452413556308885	1.5073972061290732	1.0	1.0	2.0
32180000	1.1376796317993507	1.143487122805448	1.0	1.0	2.0
32190000	1.0101103988404223	0.6579735929571155	1.0	1.0	2.0
32200000	2.5619736928520247	0.34641209493399583	1.0	1.0	2.0
32210000	1.8584093918513263	0.5530626485528816	1.0	1.0	2.0
32220000	0.6528087647878386	0.31181265030562216	1.0	1.0	2.0
32230000	1.637675521318267	0.10762829184425461	1.0	1.0	2.0
32240000	3.289243581474415	3.7288597026178696	1.0	1.0	2.0
32250000	0.44069014149303215	0.12070695569605693	1.0	1.0	2.0
32260000	0.28199394933615635	0.5282231378554569	1.0	1.0	2.0
32270000	0.645254435334953	0.45314772305910433	1.0	1.0	2.0
32280000	1.2872038640147498	1.8082827612453798	1.0	1.0	2.0
32290000	1.020253470549194	0.2418442857124741	1.0	1.0	2.0
32300000	0.2226159880307437	0.37859307992699254	1.0	1.0	2.0
32310000	1.7080911228015525	0.2094746652001933	1.0	1.0	2.0
32320000	1.741317005262979	0.30113098593928145	1.0	1.0	2.0
32330000	0.44136920294465887	0.6914384388784851	1.0	1.0	2.0
32340000	0.38715962882673427	0.07984286911637133	1.0	1.0	2.0
32350000	0.6261423144379621	0.5531722539543855	1.0	1.0	2.0
32360000	0.7594317090840557	0.09287343047001696	1.0	1.0	2.0
32370000	0.4238334675299461	0.14932616686706512	1.0	1.0	2.0
32380000	3.166152953239109	0.7737184639995827	1.0	1.0	2.0
32390000	0.3548860353766817	0.023876772239950914	1.0	1.0	2.0
32400000	1.3750725817517315	1.6484337230610657	1.0	1.0	2.0
32410000	0.7971431698215465	0.08548953304527139	1.0	1.0	2.0
32420000	0.5708031091333836	0.5914054595392992	1.0	1.0	2.0
32430000	3.8242037841139025	0.4234781183574639	1.0	1.0	2.0
32440000	2.0625751065995828	0.9224282520729341	1.0	1.0	2.0
32450000	3.7000502981037293	0.8383880032065778	1.0	1.0	2.0
32460000	0.6093132788111489	2.6983081827855018	1.0	1.0	2.0
32470000	0.9818888171840991	0.11016221368415761	1.0	1.0	2.0
32480000	0.12115939265425259	0.015994625610970002	1.0	1.0	2.0
32490000	0.9731439007962435	0.7526827196993868	1.0	1.0	2.0
32500000	0.6192506282089395	0.14584455040556982	1.0	1.0	2.0
32510000	1.5530566944852349	0.029133420454709257	1.0	1.0	2.0
32520000	0.7886491903253816	0.14650498527399844	1.0	1.0	2.0
32530000	0.45771835040335734	0.721602486239723	1.0	1.0	2.0
32540000	1.2868006774069152	0.20928774889625593	1.0	1.0	2.0
32550000	1.0451360623389856	0.6388635000398613	1.0	1.0	2.0
32560000	0.5568962548776122	0.23061209715054015	1.0	1.0	2.0
32570000	1.7179020929268614	3.6486708466322453	1.0	1.0	2.0
32580000	1.4001936077342836	0.9596296907940676	1.0	1.0	2.0
32590000	0.04720783367349916	0.025989990649517847	1.0	1.0	2.0
32600000	0.3608417252913895	1.1247841513893877	1.0	1.0	2.0
32610000	1.2872069476981365	0.4172289770481073	1.0	1.0	2.0
32620000	3.2250747368325055	0.4102323469638144	1.0	1.0	2.0
32630000	0.2780755206155326	0.07620950534641498	1.0	1.0	2.0
32640000	0.4640359033811022	1.0544826109161103	1.0	1.0	2.0
32650000	1.6301075758324635	0.14369719286891025	1.0	1.0	2.0
32660000	1.0281100326549168	0.17696799792965395	1.0	1.0	2.0
32670000	0.1416484500132694	0.016051185250747613	1.0	1.0	2.0
32680000	1.8573059752814545	0.22506491903999754	1.0	1.0	2.0
32690000	0.33086204382458634	0.04046363773948097	1.0	1.0	2.0
32700000	0.4880605760957265	0.6515021602016319	1.0	1.0	2.0
32710000	0.44796709369365134	0.13473633784635447	1.0	1.0	2.0
32720000	0.8267581807210794	0.20154172869736028	1.0	1.0	2.0
32730000	1.3587764349292522	0.39778070011881955	1.0	1.0	2.0
32740000	1.8376177240804739	1.2767402897351858	1.0	1.0	2.0
32750000	1.0566417901277654	0.07622249421194652	1.0	1.0	2.0
32760000	0.31619167143996024	0.13717015283164768	1.0	1.0	2.0
32770000	2.4371608098362816	1.5775798909136656	1.0	1.0	2.0
32780000	2.081989689668108	0.19003092607538757	1.0	1.0	2.0
32790000	0.7871973953933519	0.5186023972607771	1.0	1.0	2.0
32800000	2.855863067975726	0.959272344834659	1.0	1.0	2.0
32810000	0.664656518540724	0.36235080290378957	1.0	1.0	2.0
32820000	0.2723942404870961	0.3537506428654427	1.0	1.0	2.0
32830000	3.1307906157105556	0.4048848913466976	1.0	1.0	2.0
32840000	1.7918317787218447	0.2232166764855428	1.0	1.0	2.0
32850000	1.6348130140379171	0.7500803456091252	1.0	1.0	2.0
32860000	1.491457799716073	0.9251991928828073	1.0	1.0	2.0
32870000	0.2314952589888469	0.1686273598652622	1.0	1.0	2.0
32880000	0.05156796394024872	0.008681559600938428	1.0	1.0	2.0
32890000	1.311770999912836	1.2002470087485688	1.0	1.0	2.0
32900000	0.5331750109136437	0.03999873678923073	1.0	1.0	2.0
32910000	0.1119561926494858	0.04199953778919167	1.0	1.0	2.0
32920000	0.35145271734328537	0.5049853428179647	1.0	1.0	2.0
32930000	0.6030773249475416	0.002335167677757466	1.0	1.0	2.0
32940000	3.2066004081508663	0.5277506491968116	1.0	1.0	2.0
32950000	6.428865881725278	4.2923866443517875	1.0	1.0	2.0
32960000	0.44327003684123695	0.2974670144089019	1.0	1.0	2.0
32970000	0.27164300898238813	0.227488300705103	1.0	1.0	2.0
32980000	0.31638758777529585	0.1777211962821756	1.0	1.0	2.0
32990000	1.9972489562346738	0.630969081463821	1.0	1.0	2.0
33000000	0.8932643539102589	0.5420853201722792	1.0	1.0	2.0
33010000	0.43536800681612964	0.8675818848584849	1.0	1.0	2.0
33020000	1.0564887978050275	1.0824804413427127	1.0	1.0	2.0
33030000	0.25524489311207244	0.0931904748551436	1.0	1.0	2.0
33040000	1.112819416310984	0.4798945491395212	1.0	1.0	2.0
33050000	1.3384203987224155	0.9097715147360222	1.0	1.0	2.0
33060000	0.7185628106584706	0.512758368773942	1.0	1.0	2.0
33070000	2.1248936380702026	0.21108228103608948	1.0	1.0	2.0
33080000	0.2980952137662762	0.2017762187829529	1.0	1.0	2.0
33090000	2.4325736550832406	0.5710337488365207	1.0	1.0	2.0
33100000	0.47696352602211617	0.07897716970147994	1.0	1.0	2.0
33110000	0.6956396017389919	0.8055534961707425	1.0	1.0	2.0
33120000	0.5301607368920435	0.20068507251610138	1.0	1.0	2.0
33130000	2.097523697074444	0.5715234306544652	1.0	1.0	2.0
33140000	1.668856873303759	0.6799696269735379	1.0	1.0	2.0
33150000	1.1766456860145098	0.7600766810535707	1.0	1.0	2.0
33160000	0.1620242187914542	0.021177386671951196	1.0	1.0	2.0
33170000	1.944005310312875	0.3332427010082626	1.0	1.0	2.0
33180000	2.679410764360438	0.4118313774651265	1.0	1.0	2.0
33190000	2.0197465876735126	0.6793401123707927	1.0	1.0	2.0
33200000	0.49895096272956985	0.24228912656453377	1.0	1.0	2.0
33210000	0.4241783993970147	1.1684170687864845	0.0	1.0	1.0
33220000	2.292640187141344	1.2803809305407492	1.0	1.0	2.0
33230000	2.0866217228998742	1.5187299102370158	1.0	1.0	2.0
33240000	0.9789280009035686	0.017814004688919804	1.0	1.0	2.0
33250000	0.9745553525276185	0.27705153402447996	1.0	1.0	2.0
33260000	0.34677552174122445	0.09307340946839761	1.0	1.0	2.0
33270000	4.128820934094502	1.106809081037756	1.0	1.0	2.0
33280000	0.7847611136234821	0.16422964626363548	1.0	1.0	2.0
33290000	2.3006627170385388	2.279526523740659	1.0	1.0	2.0
33300000	0.43205209946261547	1.7215956724375552	1.0	1.0	2.0
33310000	1.6431198667452618	0.33825374305333916	1.0	1.0	2.0
33320000	0.10919755956170042	0.01901083436839821	1.0	1.0	2.0
33330000	0.7188239564509143	0.3742533723065659	1.0	1.0	2.0
33340000	0.3887335873543661	0.01146422263239256	1.0	1.0	2.0
33350000	0.8344615152857726	0.3540312313607115	1.0	1.0	2.0
33360000	3.0391675100155084	0.8454701449598996	1.0	1.0	2.0
33370000	0.8249753944570898	0.13811869466980473	1.0	1.0	2.0
33380000	1.7511343323911155	0.9507033047138328	1.0	1.0	2.0
33390000	3.173255523187144	1.6213456433937563	1.0	1.0	2.0
33400000	0.7617689837957572	1.7129058797343641	1.0	1.0	2.0
33410000	0.8496144462842892	0.5419697308028161	1.0	1.0	2.0
33420000	3.7095163237921125	2.9935288237220954	1.0	1.0	2.0
33430000	0.7663999357770571	0.3965721336148762	1.0	1.0	2.0
33440000	1.6908901529075022	1.6752972515767623	1.0	1.0	2.0
33450000	0.9017015803464187	1.1188373132645963	1.0	1.0	2.0
33460000	0.6293630861331524	0.01745336929306777	1.0	1.0	2.0
33470000	0.7158197308849776	1.3341158026111517	1.0	1.0	2.0
33480000	0.30123699001703	0.16338090010123477	1.0	1.0	2.0
33490000	3.1360586979583474	1.0185556723527982	1.0	1.0	2.0
33500000	0.21121561870645267	0.3293682067519729	1.0	1.0	2.0
33510000	0.7060532577324483	0.1879457503841819	1.0	1.0	2.0
33520000	0.4213729090020174	0.03220449830554628	1.0	1.0	2.0
33530000	2.946212065348561	0.9502029378171403	1.0	1.0	2.0
33540000	0.4298082477384397	0.7640762636438914	1.0	1.0	2.0
33550000	1.498618129777893	0.5610503323266564	1.0	1.0	2.0
33560000	2.622596329257481	0.544864281345944	1.0	1.0	2.0
33570000	0.9255548173315127	1.3643654557691556	1.0	1.0	2.0
33580000	0.44529402225878423	1.7255168198398028	1.0	1.0	2.0
33590000	0.8456550368875645	1.1178927247337158	1.0	1.0	2.0
33600000	0.626164893686707	0.28680513443627964	1.0	1.0	2.0
33610000	2.286221647595474	0.1255231174657644	1.0	1.0	2.0
33620000	2.1034417968604484	0.9779898842196071	1.0	1.0	2.0
33630000	2.5857123900533074	0.6660197878369618	1.0	1.0	2.0
33640000	2.4965704537623283	0.8779434879497069	1.0	1.0	2.0
33650000	0.3429988441617729	0.1382047998143185	1.0	1.0	2.0
33660000	0.9915572116296875	0.7906123825870902	1.0	1.0	2.0
33670000	1.1483826938995114	0.15054876313254273	1.0	1.0	2.0
33680000	1.167861823717418	1.0360150292839563	1.0	1.0	2.0
33690000	0.5994552579177659	0.1969486361296279	1.0	1.0	2.0
33700000	1.1190892088277733	0.1956613562696815	1.0	1.0	2.0
33710000	0.8208538364471716	0.21692275020143453	1.0	1.0	2.0
33720000	0.5997423058773178	0.13364911841572918	1.0	1.0	2.0
33730000	0.5303769566451584	0.21978867439428215	1.0	1.0	2.0
33740000	2.5069061713289575	0.6605911416112484	1.0	1.0	2.0
33750000	1.7090440781425074	0.2691979900450205	1.0	1.0	2.0
33760000	0.06285848810551944	1.6795790687622734	1.0	1.0	2.0
33770000	1.7312349518731789	1.3147028207861855	1.0	1.0	2.0
33780000	1.3149568197102919	0.9215061562245136	1.0	1.0	2.0
33790000	4.061512818016074	0.511099507169514	1.0	1.0	2.0
33800000	2.1209268988040484	0.2134040198944823	1.0	1.0	2.0
33810000	0.05735826981020334	0.29909912493212887	1.0	1.0	2.0
33820000	1.9337482734406215	0.6974737971387022	1.0	1.0	2.0
33830000	0.8365855996820107	0.35203944720253827	1.0	1.0	2.0
33840000	1.2323869433077124	0.5771103876838503	1.0	1.0	2.0
33850000	3.512490531073426	0.08119422481154476	1.0	1.0	2.0
33860000	1.0237950321571507	0.38783133562296945	1.0	1.0	2.0
33870000	2.8441486548725465	0.7404530771906049	1.0	1.0	2.0
33880000	1.0110347156856785	0.7739966170314867	1.0	1.0	2.0
33890000	0.08750308028847008	0.16635579888221716	1.0	1.0	2.0
33900000	4.208470971929434	0.5594273959472057	1.0	1.0	2.0
33910000	0.7961629552939165	0.22517649064873496	1.0	1.0	2.0
33920000	0.2911537103257889	0.027281682462391595	1.0	1.0	2.0
33930000	0.4014882300662419	0.16205314315837183	1.0	1.0	2.0
33940000	1.6357506367005519	2.664089549526894	1.0	1.0	2.0
33950000	3.303905099080691	0.8770784871331171	1.0	1.0	2.0
33960000	2.0907948707565307	0.10971289792478253	1.0	1.0	2.0
33970000	0.22209133037688103	0.4859216634824266	1.0	1.0	2.0
33980000	2.4542789640373073	0.008228218816269903	1.0	1.0	2.0
33990000	3.8630621058940746	0.0697186436266587	1.0	1.0	2.0
34000000	1.3938932354086517	1.0129587101185207	1.0	1.0	2.0
34010000	0.6487216932966702	0.034092963820688355	1.0	1.0	2.0
34020000	1.5262769346896112	0.9805299805148255	1.0	1.0	2.0
34030000	1.1395841786618421	1.0543590273445385	1.0	1.0	2.0
34040000	1.1136535892182373	0.3311294992375769	1.0	1.0	2.0
34050000	0.43913197442296126	0.7885848682150337	1.0	1.0	2.0
34060000	0.6123965188366159	1.0290918782759113	1.0	1.0	2.0
34070000	0.4028358058802962	0.8186644959137616	1.0	1.0	2.0
34080000	1.0579351076051062	0.44664370724780644	1.0	1.0	2.0
34090000	3.604726872961611	2.1875576608373737	1.0	1.0	2.0
34100000	0.856405314047654	0.09272876978362489	1.0	1.0	2.0
34110000	1.2241526304205557	0.04707366714652891	1.0	1.0	2.0
34120000	1.5749018263403907	0.09100896217014286	1.0	1.0	2.0
34130000	0.5226204946145667	0.5088598274395447	1.0	1.0	2.0
34140000	0.8781250495216614	0.5953122587670181	1.0	1.0	2.0
34150000	1.567441999256105	0.4422444427853271	1.0	1.0	2.0
34160000	0.6371380773911679	0.6562705972221325	1.0	1.0	2.0
34170000	0.4642069222271222	0.21801548387991465	1.0	1.0	2.0
34180000	0.7774029733969469	0.44654336501474745	1.0	1.0	2.0
34190000	0.6753129942067173	0.5386081958609429	1.0	1.0	2.0
34200000	0.8608534095384612	0.18500613020676304	1.0	1.0	2.0
34210000	0.008903011514860148	0.0016095738220100974	1.0	1.0	2.0
34220000	1.0548161327953764	0.1841134413666698	1.0	1.0	2.0
34230000	0.3168696566225801	0.12456045358093142	1.0	1.0	2.0
34240000	0.8158060695615625	0.17718761276732906	1.0	1.0	2.0
34250000	1.0892873994303818	0.42934624085422485	1.0	1.0	2.0
34260000	1.482070973736181	0.12086544846026806	1.0	1.0	2.0
34270000	1.1447025784130809	0.08098528118345028	1.0	1.0	2.0
34280000	2.156701023167405	0.6396895333713263	1.0	1.0	2.0
34290000	0.8866956880110872	0.5935871380594953	1.0	1.0	2.0
34300000	0.4958689777218414	0.34982178284120524	1.0	1.0	2.0
34310000	0.35360274296711924	0.27531994430450724	1.0	1.0	2.0
34320000	1.71448463939832	1.8656676418386946	1.0	1.0	2.0
34330000	0.10130424569448984	0.049674441459425726	1.0	1.0	2.0
34340000	1.9484561041648465	0.2989044901203738	1.0	1.0	2.0
34350000	3.8325700473393813	1.369754564911478	1.0	1.0	2.0
34360000	0.5223067966042897	0.09616803545382839	1.0	1.0	2.0
34370000	0.7753562155495214	0.049915376169875555	1.0	1.0	2.0
34380000	1.7296334601660537	0.6442358885661711	1.0	1.0	2.0
34390000	0.5170981996820586	0.55579674877387	1.0	1.0	2.0
34400000	0.9744497770960608	0.04688781043737272	1.0	1.0	2.0
34410000	2.147555280463534	0.08818173216938666	1.0	1.0	2.0
34420000	0.28098717650801003	0.9411840846745444	1.0	1.0	2.0
34430000	0.8557715165493976	0.3809329280209279	1.0	1.0	2.0
34440000	3.2469604555993063	0.27460275472550844	1.0	1.0	2.0
34450000	0.47552981225359814	0.23382991667294248	1.0	1.0	2.0
34460000	0.7798886650322813	1.2845003907988992	1.0	1.0	2.0
34470000	1.398386598401479	1.8684979478255448	1.0	1.0	2.0
34480000	1.3815142658633435	0.9481736110117239	1.0	1.0	2.0
34490000	1.1295135734054527	0.8382322485741395	1.0	1.0	2.0
34500000	0.7035412946229497	0.13947778545229972	1.0	1.0	2.0
34510000	2.366114360045526	1.2817486994123126	1.0	1.0	2.0
34520000	0.5144970987076756	0.08860530740206178	1.0	1.0	2.0
34530000	1.0437015354749684	0.9414209673093	1.0	1.0	2.0
34540000	3.9920243268246782	0.44890658444910614	1.0	1.0	2.0
34550000	1.9187844128569935	0.3248742936969213	1.0	1.0	2.0
34560000	1.6615955347592153	0.11274197124457086	1.0	1.0	2.0
34570000	0.4724719095901193	0.08302369694320699	1.0	1.0	2.0
34580000	2.828019101303486	0.17462391146851328	1.0	1.0	2.0
34590000	1.924545338509573	0.8332881405661826	1.0	1.0	2.0
34600000	0.6238746385815785	0.644096450561831	1.0	1.0	2.0
34610000	0.2182823950726465	0.07135574459301049	1.0	1.0	2.0
34620000	1.2926123832253678	1.4115677991980828	1.0	1.0	2.0
34630000	0.5070557201357019	1.0550305642093425	1.0	1.0	2.0
34640000	0.4958066733750675	1.1715506089252596	1.0	1.0	2.0
34650000	2.2294506601042348	0.24291409651387139	1.0	1.0	2.0
34660000	0.604209019561749	0.3533111081412759	1.0	1.0	2.0
34670000	2.1329062933963376	0.8799917516206498	1.0	1.0	2.0
34680000	0.3995191821652744	0.37594970462986327	1.0	1.0	2.0
34690000	1.2764728665680347	0.9265939072490383	1.0	1.0	2.0
34700000	0.3893973835317915	0.35355899106478006	1.0	1.0	2.0
34710000	0.08338226461232985	0.10866326661986175	1.0	1.0	2.0
34720000	0.30881021783744733	0.03948477783791741	1.0	1.0	2.0
34730000	0.4449764463067452	0.02278788432301226	1.0	1.0	2.0
34740000	2.095961157323926	0.8209376509911892	1.0	1.0	2.0
34750000	1.4716550053221806	0.34061325635535666	1.0	1.0	2.0
34760000	2.49323048368553	0.2554266429360392	1.0	1.0	2.0
34770000	0.9852328049838338	0.07340568850530856	1.0	1.0	2.0
34780000	0.7931016357757851	0.02423719367922051	1.0	1.0	2.0
34790000	0.556097847874498	0.29686511312275704	1.0	1.0	2.0
34800000	0.1454766677994571	0.004772050665112465	1.0	1.0	2.0
34810000	0.5941315253695663	0.3999172943838211	1.0	1.0	2.0
34820000	2.3188140522387815	0.15821289292779678	1.0	1.0	2.0
34830000	2.110016212355144	0.06095123562008177	1.0	1.0	2.0
34840000	1.512268483225355	1.3002675396760677	1.0	1.0	2.0
34850000	0.7035294456886725	1.732110444832365	1.0	1.0	2.0
34860000	1.6516410310313578	2.2422765656862143	1.0	1.0	2.0
34870000	1.5631579510775235	0.8354190787985515	1.0	1.0	2.0
34880000	1.0621451919711007	0.08592601546126526	1.0	1.0	2.0
34890000	1.5118736158847221	0.6488269980791362	1.0	1.0	2.0
34900000	1.2476984707319636	0.10940206481344694	1.0	1.0	2.0
34910000	0.8189457977494532	0.07607113540232707	1.0	1.0	2.0
34920000	0.34297853708718157	1.326313219683013	1.0	1.0	2.0
34930000	0.24981072768381288	0.16833860610897125	1.0	1.0	2.0
34940000	1.8683743057785227	0.18169349742429305	1.0	1.0	2.0
34950000	1.8190487122332828	0.24291062167937108	1.0	1.0	2.0
34960000	3.4247056948473187	0.17458016242912633	1.0	1.0	2.0
34970000	0.5130696260872701	0.23909692324075077	1.0	1.0	2.0
34980000	0.5659342403552348	0.18724585179258388	1.0	1.0	2.0
34990000	1.8265219018406276	0.3038817887136169	1.0	1.0	2.0
35000000	1.090690062424101	0.24061773628003458	1.0	1.0	2.0
35010000	0.8867899828762112	0.21780669309825276	1.0	1.0	2.0
35020000	3.323944776867731	0.6129594555148576	1.0	1.0	2.0
35030000	1.0997944239467257	0.26797200885377803	1.0	1.0	2.0
35040000	1.9042628583383698	0.05726676767172868	1.0	1.0	2.0
35050000	1.446587314731834	0.05491112147681069	1.0	1.0	2.0
35060000	1.2197555313341706	0.4795338087893996	1.0	1.0	2.0
35070000	4.360382782049761	0.964165438454522	1.0	1.0	2.0
35080000	0.20283299579272834	0.01040237156223706	1.0	1.0	2.0
35090000	0.9600403459822711	0.04679905389210875	1.0	1.0	2.0
35100000	0.30417500124480207	0.14511926640343054	1.0	1.0	2.0
35110000	1.941361562268683	0.06912879251529713	1.0	1.0	2.0
35120000	1.3426216029770692	0.24470776459109456	1.0	1.0	2.0
35130000	0.5169934140901836	0.6964853011188676	1.0	1.0	2.0
35140000	3.8305567288355333	1.1140491002343644	1.0	1.0	2.0
35150000	4.7363055989892375	0.44238424536040605	1.0	1.0	2.0
35160000	0.7074073090232507	0.8842008916101077	1.0	1.0	2.0
35170000	1.134220275777147	0.2375180023593872	1.0	1.0	2.0
35180000	1.2389014960791855	1.645459704132591	1.0	1.0	2.0
35190000	0.8681885037882205	0.41491731078013133	1.0	1.0	2.0
35200000	0.3883876252184297	0.21753993866180318	1.0	1.0	2.0
35210000	0.5698968997033306	0.5860867596262753	1.0	1.0	2.0
35220000	0.7345355840967934	0.6288208091275099	1.0	1.0	2.0
35230000	0.8226918917424288	0.47275434332523286	1.0	1.0	2.0
35240000	0.5552211500743504	0.3864054635283893	1.0	1.0	2.0
35250000	0.5690304539548279	1.2299463783195819	1.0	1.0	2.0
35260000	0.5449266871436144	0.7980009529333705	1.0	1.0	2.0
35270000	0.5921219854356188	1.4138589234265662	1.0	1.0	2.0
35280000	0.5198899535407547	0.30598559288280697	1.0	1.0	2.0
35290000	0.5033015085312923	0.18045193090747316	1.0	1.0	2.0
35300000	2.0879811132557893	1.3525053616852138	1.0	1.0	2.0
35310000	1.0568446716725508	0.3967485450278949	1.0	1.0	2.0
35320000	0.5037365393953015	0.30989038294407956	1.0	1.0	2.0
35330000	1.8619208661478883	0.4125228443060703	1.0	1.0	2.0
35340000	0.7469003449418746	0.9513371263819359	1.0	1.0	2.0
35350000	2.531161697402411	0.6101386552890243	1.0	1.0	2.0
35360000	2.925047142424744	0.27967851772538577	1.0	1.0	2.0
35370000	1.2195019728881356	0.2651469042005341	1.0	1.0	2.0
35380000	0.056926690816932364	0.049793599212784735	1.0	1.0	2.0
35390000	1.2978498131601723	0.2602472282977219	1.0	1.0	2.0
35400000	1.2923689688382096	0.7157509490049017	1.0	1.0	2.0
35410000	1.3819258682196063	0.026299836706820453	1.0	1.0	2.0
35420000	0.9781148505088703	0.09897075771957538	1.0	1.0	2.0
35430000	0.16410426416284876	0.1481792630169506	1.0	1.0	2.0
35440000	0.7803584580055731	0.9835138304966353	1.0	1.0	2.0
35450000	4.670186046645535	1.1828544080347227	1.0	1.0	2.0
35460000	3.934346725455596	0.7297703746767257	1.0	1.0	2.0
35470000	3.2693277239733525	0.794486564435211	1.0	1.0	2.0
35480000	0.25093412473912724	0.1251852121845715	1.0	1.0	2.0
35490000	0.46031785840599676	0.1259373468540093	1.0	1.0	2.0
35500000	0.9988241462404914	0.42703349304385757	1.0	1.0	2.0
35510000	1.4516267692199893	0.0974297570325645	1.0	1.0	2.0
35520000	3.194135067671011	2.2107960432840077	1.0	1.0	2.0
35530000	2.5240703415953947	0.1480452114060961	1.0	1.0	2.0
35540000	1.8971654398454243	0.604505816393754	1.0	1.0	2.0
35550000	0.331248349377278	0.11712001784184296	1.0	1.0	2.0
35560000	0.852620151887366	0.5203860793232508	1.0	1.0	2.0
35570000	0.47057269018310427	0.2828485465347623	1.0	1.0	2.0
35580000	2.6356944718149324	0.6416901769503656	1.0	1.0	2.0
35590000	3.943541434242008	0.3269525745513093	1.0	1.0	2.0
35600000	1.482116308218452	0.01969045141747737	1.0	1.0	2.0
35610000	7.519130688872894	0.2596685150412768	1.0	1.0	2.0
35620000	1.9719425484980353	0.3981975495194013	1.0	1.0	2.0
35630000	0.4525871980287739	0.09627783400523186	1.0	1.0	2.0
35640000	0.7619097834020483	0.25449196988188855	1.0	1.0	2.0
35650000	1.3973710527634968	1.023800750704112	1.0	1.0	2.0
35660000	0.974197522930768	0.01575914647022178	1.0	1.0	2.0
35670000	1.3665506859367007	0.3361012734656889	1.0	1.0	2.0
35680000	0.07939487368320532	0.0060869524496270635	1.0	1.0	2.0
35690000	0.4106739247136644	0.5304061272045568	1.0	1.0	2.0
35700000	1.7693855987582376	0.3800624476538055	1.0	1.0	2.0
35710000	0.33030724976091314	0.4480464763850339	1.0	1.0	2.0
35720000	0.8939777287038627	0.13777002706016875	1.0	1.0	2.0
35730000	0.6456894189795627	0.5305560707490627	1.0	1.0	2.0
35740000	0.4692393645848116	0.5694491844783641	1.0	1.0	2.0
35750000	0.8934578710278246	0.5134314482893816	1.0	1.0	2.0
35760000	0.5581607439051426	0.003425535732722702	1.0	1.0	2.0
35770000	0.8389889008758921	0.10064793842155528	1.0	1.0	2.0
35780000	0.29946370707653713	0.06205722626329939	1.0	1.0	2.0
35790000	2.334133446081443	2.3297483147028792	1.0	1.0	2.0
35800000	0.11877317424226441	1.3099590728097052	1.0	1.0	2.0
35810000	0.628244364096619	0.10785463929703236	1.0	1.0	2.0
35820000	1.9585450635364816	0.49523678056249004	1.0	1.0	2.0
35830000	0.7187958420909192	0.07005210312630507	1.0	1.0	2.0
35840000	1.6736809421307366	0.07658714811824627	1.0	1.0	2.0
35850000	0.35893701436521064	0.4128937864051406	1.0	1.0	2.0
35860000	1.3696902211344584	0.47211335560499806	1.0	1.0	2.0
35870000	1.706654807627141	0.7022477814601816	1.0	1.0	2.0
35880000	0.5828933474379988	0.34202347968662805	1.0	1.0	2.0
35890000	1.6860208799377758	1.5498842500797836	1.0	1.0	2.0
35900000	0.8119758422175649	0.12496444201044785	1.0	1.0	2.0
35910000	2.4735039108102432	0.4480156993238908	1.0	1.0	2.0
35920000	0.9718695015168384	0.014830910246027309	1.0	1.0	2.0
35930000	1.3245021271997885	1.1089478375441635	1.0	1.0	2.0
35940000	1.0807436816308122	0.26545079407234645	1.0	1.0	2.0
35950000	1.2724115114242676	1.1059591331032408	1.0	1.0	2.0
35960000	1.719372514356478	0.8145519768801803	1.0	1.0	2.0
35970000	3.1796882157711206	0.7152013070031016	1.0	1.0	2.0
35980000	0.13654224321464895	0.1302225403676216	1.0	1.0	2.0
35990000	0.11461862774899163	0.22785208944154509	1.0	1.0	2.0
36000000	2.004728146777608	0.6344944968391116	1.0	1.0	2.0
36010000	1.638786734558687	2.699899532890224	1.0	1.0	2.0
36020000	2.012069684212188	1.8249293620828824	1.0	1.0	2.0
36030000	3.4980662618892913	0.28851524229329345	1.0	1.0	2.0
36040000	0.4019496226832684	0.01487399820918279	1.0	1.0	2.0
36050000	0.8938155719829699	0.42194808246964105	1.0	1.0	2.0
36060000	1.7915160610204552	0.896738320994203	1.0	1.0	2.0
36070000	0.6086093961905075	0.030898149786352344	1.0	1.0	2.0
36080000	0.5897678621559204	0.38812676829395465	1.0	1.0	2.0
36090000	6.8817771915137795	0.208705466868343	1.0	1.0	2.0
36100000	1.3697210718777546	0.5570490227551166	1.0	1.0	2.0
36110000	1.1848239414586696	0.41293405347195294	1.0	1.0	2.0
36120000	0.1345967027293494	0.151739647552186	1.0	1.0	2.0
36130000	0.6140369334234783	1.0766303128953938	1.0	1.0	2.0
36140000	0.7010929263116707	0.7234446649863786	1.0	1.0	2.0
36150000	2.607311530849465	0.33231182395996345	1.0	1.0	2.0
36160000	0.8672818016743693	0.1959861768339668	1.0	1.0	2.0
36170000	0.5970869345429735	0.18558426031343586	1.0	1.0	2.0
36180000	0.4572682723253719	0.3774477938021131	1.0	1.0	2.0
36190000	0.6819739169177715	0.30842286533959506	1.0	1.0	2.0
36200000	2.109596131355359	0.49492289336429707	1.0	1.0	2.0
36210000	2.419652742281285	1.061697195713823	1.0	1.0	2.0
36220000	1.3579775298903412	0.44627701168778255	1.0	1.0	2.0
36230000	0.6838783555089891	0.3182461904595704	1.0	1.0	2.0
36240000	2.054254987002453	0.17694745099007436	1.0	1.0	2.0
36250000	1.5129218106297464	0.2842334388621929	1.0	1.0	2.0
36260000	1.0937526356320728	0.038453730891507415	1.0	1.0	2.0
36270000	0.1593905377048539	0.13958644431299264	1.0	1.0	2.0
36280000	0.6796522993713613	0.8147423471501426	1.0	1.0	2.0
36290000	0.3480904760219897	0.16756492236379256	1.0	1.0	2.0
36300000	0.3580911638839699	0.20802256922416165	1.0	1.0	2.0
36310000	1.2700463113919793	0.05843592355015881	1.0	1.0	2.0
36320000	1.2692632888387276	1.1148049482806521	1.0	1.0	2.0
36330000	4.228739069681563	1.9300292760018543	1.0	1.0	2.0
36340000	1.9727737912033798	0.21092155480824223	1.0	1.0	2.0
36350000	0.33453815869864933	0.5839285346703247	1.0	1.0	2.0
36360000	0.4154006688813451	0.803002406930686	1.0	1.0	2.0
36370000	1.4334552898030095	1.0077320218317398	1.0	1.0	2.0
36380000	2.890304560473226	0.972415611460717	1.0	1.0	2.0
36390000	2.046973192584594	0.15686402214447764	1.0	1.0	2.0
36400000	1.6933877974407017	2.574419535864302	1.0	1.0	2.0
36410000	2.6233134175790678	0.35479769049760507	1.0	1.0	2.0
36420000	0.7819586379302906	0.8038871021529244	1.0	1.0	2.0
36430000	0.3014662400771888	0.04825398119322266	1.0	1.0	2.0
36440000	2.403107551440843	0.1005934590962065	1.0	1.0	2.0
36450000	1.7177510454659533	1.0308146760598016	1.0	1.0	2.0
36460000	0.6555676185438013	0.19474010344617143	1.0	1.0	2.0
36470000	0.8941093766229972	0.263033365704697	1.0	1.0	2.0
36480000	0.8171462705275948	1.8177599594087601	1.0	1.0	2.0
36490000	1.738960283242378	0.4223213115996311	1.0	1.0	2.0
36500000	3.4841508109323964	0.8612006400143551	1.0	1.0	2.0
36510000	3.534185502958437	1.597759151601556	1.0	1.0	2.0
36520000	1.2977926283723318	1.121887539027933	1.0	1.0	2.0
36530000	0.2501365850908947	1.0177367025254636	1.0	1.0	2.0
36540000	0.17941122826224262	0.3661701491816654	1.0	1.0	2.0
36550000	1.004875795944994	3.163187858931977	1.0	1.0	2.0
36560000	1.1633214441921964	1.3731462684777653	1.0	1.0	2.0
36570000	1.3397968176532211	0.3069992601301274	1.0	1.0	2.0
36580000	1.7921133474625277	0.36659006421451273	1.0	1.0	2.0
36590000	1.132610631626661	2.15082202254773	1.0	1.0	2.0
36600000	0.6104713690498645	0.11538059932955197	1.0	1.0	2.0
36610000	1.0828237344347247	0.692140926979071	1.0	1.0	2.0
36620000	0.7606822641152419	0.038881508216775565	1.0	1.0	2.0
36630000	0.2840730343915431	1.3296195745176065	1.0	1.0	2.0
36640000	2.734633181378788	1.0355956977634253	1.0	1.0	2.0
36650000	0.9135490895207564	0.3738778998350518	1.0	1.0	2.0
36660000	0.5954690934301395	0.030646846780012737	1.0	1.0	2.0
36670000	6.2168232878397385	0.2451709725196283	1.0	1.0	2.0
36680000	1.7406221516444425	0.3802762704410869	1.0	1.0	2.0
36690000	2.350501894075935	1.3000651827786247	1.0	1.0	2.0
36700000	0.5771768984470912	0.15892445364486574	1.0	1.0	2.0
36710000	0.6436858460156423	0.02627872743546341	1.0	1.0	2.0
36720000	0.2956399158104683	0.2774198461396198	1.0	1.0	2.0
36730000	0.4789269002727994	0.5243783333597701	1.0	1.0	2.0
36740000	0.6173454720687657	2.041924330556342	1.0	1.0	2.0
36750000	0.39716390070330915	0.09628837825553116	1.0	1.0	2.0
36760000	1.4957131257247833	0.1133341501424297	1.0	1.0	2.0
36770000	2.469652953725622	0.8996754642529883	1.0	1.0	2.0
36780000	0.5527967185741546	1.1149187783937355	1.0	1.0	2.0
36790000	0.8642578227594602	0.9392428506929543	1.0	1.0	2.0
36800000	1.087462793085175	1.6425781571151181	1.0	1.0	2.0
36810000	0.5226287408367024	0.22101377018043525	1.0	1.0	2.0
36820000	0.43919087399230905	0.11229390841292425	1.0	1.0	2.0
36830000	2.0657854829732436	0.37159385267663214	1.0	1.0	2.0
36840000	1.1803636590165496	0.5149255852568886	1.0	1.0	2.0
36850000	2.2223901876725236	0.7130953078970238	1.0	1.0	2.0
36860000	1.3945385246198525	1.107847720134989	1.0	1.0	2.0
36870000	0.543350183301493	0.21008926199854355	1.0	1.0	2.0
36880000	1.8771381832564324	0.1348199119974378	1.0	1.0	2.0
36890000	1.7091204840799983	0.3181224099836679	1.0	1.0	2.0
36900000	1.5219199337128788	0.0596151258503895	1.0	1.0	2.0
36910000	0.6248552687277634	0.901219616805197	1.0	1.0	2.0
36920000	0.8595555261296014	1.9586538169088412	1.0	1.0	2.0
36930000	1.4302992293597743	1.4637030982198362	1.0	1.0	2.0
36940000	0.15665533626284092	0.04078549759500387	1.0	1.0	2.0
36950000	0.8632002585603091	0.10121719551562444	1.0	1.0	2.0
36960000	2.13305786937632	0.14957625319885873	1.0	1.0	2.0
36970000	1.0474407632971598	0.036864881371632685	1.0	1.0	2.0
36980000	2.3034055178553117	1.6031142463300445	1.0	1.0	2.0
36990000	3.381727708593253	0.4792098337207198	1.0	1.0	2.0
37000000	0.5546125514992675	0.03476147199907319	1.0	1.0	2.0
37010000	2.885949709900833	0.9004027977020428	1.0	1.0	2.0
37020000	3.242325385520167	0.40103255138075655	1.0	1.0	2.0
37030000	0.7383158120801621	0.3283153883748642	1.0	1.0	2.0
37040000	1.7838272497165437	2.3294366960460837	1.0	1.0	2.0
37050000	0.4372119895700602	0.05107098509870279	1.0	1.0	2.0
37060000	0.17612866909278435	0.17905876541148605	1.0	1.0	2.0
37070000	0.4830984428186406	0.08225406441987386	1.0	1.0	2.0
37080000	1.151000640033726	0.7867679455936618	1.0	1.0	2.0
37090000	1.5963282682168185	0.014264836242853091	1.0	1.0	2.0
37100000	0.560918771810307	0.18865574743721863	1.0	1.0	2.0
37110000	0.5582039023762706	0.7163709707296066	1.0	1.0	2.0
37120000	0.8037317063668343	0.2585435737615602	1.0	1.0	2.0
37130000	1.309266230460217	0.11124372826215548	1.0	1.0	2.0
37140000	0.8703704202867163	0.2519007204607496	1.0	1.0	2.0
37150000	1.1877830827467941	0.18136670479790243	1.0	1.0	2.0
37160000	3.896399806030856	0.008561757999664242	1.0	1.0	2.0
37170000	1.0670511817368564	0.2838917588450027	1.0	1.0	2.0
37180000	1.1970051025143487	1.9711648827757953	1.0	1.0	2.0
37190000	1.33854654415714	2.958699581512555	1.0	1.0	2.0
37200000	3.878986543300451	1.555218059959269	1.0	1.0	2.0
37210000	0.8671864519386235	0.23710640027828564	1.0	1.0	2.0
37220000	3.924221292362872	0.9235829980901966	1.0	1.0	2.0
37230000	0.2536021072164402	0.9093447980772277	1.0	1.0	2.0
37240000	2.578618357875532	0.3962491856701793	1.0	1.0	2.0
37250000	1.3876560477641349	1.1040912473100477	1.0	1.0	2.0
37260000	6.285033962237616	0.5420415842911488	1.0	1.0	2.0
37270000	0.6955624517419607	1.4646924464700013	1.0	1.0	2.0
37280000	0.07671112383500754	0.09607288914117286	1.0	1.0	2.0
37290000	2.826723529209404	0.35377229289031253	1.0	1.0	2.0
37300000	2.0715022718210503	0.008336434369847266	1.0	1.0	2.0
37310000	2.6528378066061804	0.3708362126014859	1.0	1.0	2.0
37320000	4.274548895730998	1.2709182752849701	1.0	1.0	2.0
37330000	1.585949632853771	0.9210464758305468	1.0	1.0	2.0
37340000	0.5795036796131083	0.33166717525994	1.0	1.0	2.0
37350000	2.185225109580868	0.2790155024085826	1.0	1.0	2.0
37360000	1.5313985241308605	0.0790052454936377	1.0	1.0	2.0
37370000	0.7747745915566037	1.4779939971704659	1.0	1.0	2.0
37380000	2.2025591578422508	0.9413379570407193	1.0	1.0	2.0
37390000	2.1772078672623048	0.7024380084596507	1.0	1.0	2.0
37400000	1.5085095760622824	0.6053571732508408	1.0	1.0	2.0
37410000	1.1349936836807317	0.23623620845323415	1.0	1.0	2.0
37420000	0.9097802251126521	1.9408137504152285	1.0	1.0	2.0
37430000	3.2191331491281234	0.5969908701198707	1.0	1.0	2.0
37440000	0.7267010829610718	0.3851414154034069	1.0	1.0	2.0
37450000	1.3313668263147722	0.20605531113728046	1.0	1.0	2.0
37460000	0.30362415521642494	0.16992747923474882	1.0	1.0	2.0
37470000	0.4796126163531417	0.7338297327763058	1.0	1.0	2.0
37480000	0.42759822302132744	0.33461738393845586	1.0	1.0	2.0
37490000	0.6655698521428992	0.7054701960190768	1.0	1.0	2.0
37500000	2.8507400919892505	0.6217216153004531	1.0	1.0	2.0
37510000	2.4029040779846884	0.578761983833942	1.0	1.0	2.0
37520000	2.937304249685354	0.20922408684490276	1.0	1.0	2.0
37530000	0.9786040860169569	0.299710575958015	1.0	1.0	2.0
37540000	0.710722849012035	0.19571102161993673	1.0	1.0	2.0
37550000	0.6174660112272191	0.06523665791132738	1.0	1.0	2.0
37560000	0.3635083576368878	0.5202474790616702	1.0	1.0	2.0
37570000	0.594222937363868	0.3051523432245865	1.0	1.0	2.0
37580000	1.7988594687792208	2.2551823538836353	1.0	1.0	2.0
37590000	1.3381995884640407	0.30276732851503746	1.0	1.0	2.0
37600000	0.7250732363301525	1.0423301419227569	1.0	1.0	2.0
37610000	0.408320540754008	0.005276171598595905	1.0	1.0	2.0
37620000	0.3351016135442353	0.02498761419132073	1.0	1.0	2.0
37630000	1.2220432859187416	0.1885751815363137	1.0	1.0	2.0
37640000	1.9613765676499455	0.8144781287024181	1.0	1.0	2.0
37650000	0.20407524233055674	0.06535853999284712	1.0	1.0	2.0
37660000	0.6849882609389367	0.2935575473415589	1.0	1.0	2.0
37670000	0.44340309709649994	0.42256676888829586	0.0	1.0	1.0
37680000	0.9151189167812049	0.04047993014470682	1.0	1.0	2.0
37690000	1.042208614044981	0.12113745171133748	1.0	1.0	2.0
37700000	0.5711329036904883	0.49039213048912866	1.0	1.0	2.0
37710000	2.309859837822631	1.0417767694686506	1.0	1.0	2.0
37720000	1.2521758392263886	1.0002210489786096	1.0	1.0	2.0
37730000	2.412204931286434	1.4756041619331755	1.0	1.0	2.0
37740000	1.27775230165551	0.14687193603016502	1.0	1.0	2.0
37750000	0.6441472434612994	2.6041882936913305	1.0	1.0	2.0
37760000	1.9861088559215245	0.06522395259369405	1.0	1.0	2.0
37770000	4.574458379275154	1.4363553547404193	1.0	1.0	2.0
37780000	3.5988308936093656	1.862270567608842	1.0	1.0	2.0
37790000	1.4806622675303296	0.25434713468365516	1.0	1.0	2.0
37800000	1.245069616348585	0.1437904129373663	1.0	1.0	2.0
37810000	2.364798952248383	0.44653991297817386	1.0	1.0	2.0
37820000	1.9346865285709132	0.3960747852702235	1.0	1.0	2.0
37830000	1.606021135158703	1.8489236086166738	1.0	1.0	2.0
37840000	0.13868074072556708	0.01939525045206976	1.0	1.0	2.0
37850000	0.6323323732116753	0.28565054183011224	1.0	1.0	2.0
37860000	0.7430129164256133	0.1707028828354226	1.0	1.0	2.0
37870000	0.22339172018395373	1.0168304256194074	1.0	1.0	2.0
37880000	3.508824491494787	0.2892311232937733	1.0	1.0	2.0
37890000	1.1370162152822314	0.44665980255504906	1.0	1.0	2.0
37900000	3.3213708387855707	0.8115404514883161	1.0	1.0	2.0
37910000	0.40375944650506135	0.5381111500661794	1.0	1.0	2.0
37920000	1.7164348412300776	1.0275314056490292	1.0	1.0	2.0
37930000	0.34977875749820725	0.4921339950901188	1.0	1.0	2.0
37940000	0.8871949783643547	0.7738597008848224	1.0	1.0	2.0
37950000	1.3563635607092714	0.8848038633045161	1.0	1.0	2.0
37960000	0.5964715025979866	0.22409705562938534	1.0	1.0	2.0
37970000	1.0929334241920545	0.027255668368647325	1.0	1.0	2.0
37980000	1.3018616489386612	0.05961819316506514	1.0	1.0	2.0
37990000	1.6898068354066134	0.5833981311092672	1.0	1.0	2.0
38000000	1.8904988960225273	0.12171734899986729	1.0	1.0	2.0
38010000	0.26674733670458683	0.20032839670522565	1.0	1.0	2.0
38020000	4.3009308405355995	0.3701840366059019	1.0	1.0	2.0
38030000	0.6624106769719877	0.286529173612649	1.0	1.0	2.0
38040000	0.3687328672197621	0.1480052385452561	1.0	1.0	2.0
38050000	0.5129291031744204	0.3783511403625521	1.0	1.0	2.0
38060000	1.4136706088756807	0.39098059812484587	1.0	1.0	2.0
38070000	1.1611760219334344	0.7270386475350623	1.0	1.0	2.0
38080000	1.9742241770162547	0.46803093275210794	1.0	1.0	2.0
38090000	0.7343264775742999	0.32349271480148706	1.0	1.0	2.0
38100000	0.642231207207222	0.007971541455721244	1.0	1.0	2.0
38110000	0.5248042844744346	0.30637304108106783	1.0	1.0	2.0
38120000	1.8193445906186336	0.6399406093842342	1.0	1.0	2.0
38130000	0.1096788244737869	0.0695668339093212	1.0	1.0	2.0
38140000	2.393795021639152	0.17703132791057463	1.0	1.0	2.0
38150000	3.763450395436481	0.08630743339189335	1.0	1.0	2.0
38160000	1.052990677962382	2.4095296968664464	1.0	1.0	2.0
38170000	0.3036618255675101	0.18055968935377167	1.0	1.0	2.0
38180000	2.289003002894396	0.5578942910735913	1.0	1.0	2.0
38190000	2.5164640154350835	1.478708741728987	1.0	1.0	2.0
38200000	0.3537426893622272	0.05668130549947306	1.0	1.0	2.0
38210000	0.5677577352450178	2.032775194464381	1.0	1.0	2.0
38220000	0.5452664425652566	0.49339042840915465	1.0	1.0	2.0
38230000	1.764216729850187	0.24452143922055408	1.0	1.0	2.0
38240000	0.41653570592954614	0.7865930682935526	1.0	1.0	2.0
38250000	3.6698589240695156	0.5291185749790931	1.0	1.0	2.0
38260000	0.252825852502371	0.11560348803687692	1.0	1.0	2.0
38270000	0.7523754083512072	0.9803951956310565	1.0	1.0	2.0
38280000	0.21903018764598434	0.3313075798243298	1.0	1.0	2.0
38290000	2.398537563389746	0.5015167309176809	1.0	1.0	2.0
38300000	2.834682987382521	0.3591733534144884	1.0	1.0	2.0
38310000	1.6769683014997394	1.3628812537345538	1.0	1.0	2.0
38320000	3.0857342602235542	0.7372220391210083	1.0	1.0	2.0
38330000	1.9068825178675748	0.08742447047544846	1.0	1.0	2.0
38340000	2.0423781944921804	0.3839273699964472	1.0	1.0	2.0
38350000	1.8254083426513696	1.0875113331365729	1.0	1.0	2.0
38360000	4.3080101025104	0.3689112101409132	1.0	1.0	2.0
38370000	2.331736774105586	1.440770024782749	1.0	1.0	2.0
38380000	1.4856970644370908	0.6014335359463823	1.0	1.0	2.0
38390000	0.1795549038713526	0.19310859207836675	1.0	1.0	2.0
38400000	1.5621966240152678	1.7231825968423706	1.0	1.0	2.0
38410000	1.8591900856759347	0.3385884358428774	1.0	1.0	2.0
38420000	1.4701795903613355	0.06369002451974932	1.0	1.0	2.0
38430000	1.9242832931776772	0.7715611863375834	1.0	1.0	2.0
38440000	0.671973349503943	0.168894365095973	1.0	1.0	2.0
38450000	1.189660317937735	0.2801038327370485	1.0	1.0	2.0
38460000	1.6636009566802565	0.2287232204009469	1.0	1.0	2.0
38470000	0.5391837924283474	0.037234455975970956	1.0	1.0	2.0
38480000	0.4017568514253302	0.19779779211821374	1.0	1.0	2.0
38490000	0.11726418691010974	0.05029217976298432	1.0	1.0	2.0
38500000	1.6694761867787327	0.3872364687209157	1.0	1.0	2.0
38510000	1.2541110361845311	1.7838860483857464	1.0	1.0	2.0
38520000	0.6840461168503136	0.1730632875234308	1.0	1.0	2.0
38530000	0.9540552816023758	0.8661581669434366	1.0	1.0	2.0
38540000	2.5790707599573692	1.4757509619012896	1.0	1.0	2.0
38550000	0.3100644552724024	0.314851875400379	1.0	1.0	2.0
38560000	2.1214474448978087	0.047754843442033526	1.0	1.0	2.0
38570000	0.04475098051302968	0.07516326835309337	1.0	1.0	2.0
38580000	2.6331488339392077	0.03817274498986652	1.0	1.0	2.0
38590000	0.4199718529466664	0.3993048803902239	1.0	1.0	2.0
38600000	0.8110868247803694	0.3605194872714406	1.0	1.0	2.0
38610000	0.9188165270488273	0.10688479478861758	1.0	1.0	2.0
38620000	0.20300600933925525	0.1721811877008313	1.0	1.0	2.0
38630000	3.2668752091257467	2.6175634940945547	1.0	1.0	2.0
38640000	1.2450531575595762	0.034308302114162526	1.0	1.0	2.0
38650000	0.3716746202638165	0.7283198798978163	1.0	1.0	2.0
38660000	0.21141412252462116	0.25911093647864003	1.0	1.0	2.0
38670000	2.4722382742604556	0.9738641579293983	1.0	1.0	2.0
38680000	2.847105577211347	0.8565336113216409	1.0	1.0	2.0
38690000	2.5533853252921337	0.3106091695853748	1.0	1.0	2.0
38700000	1.3856518750934377	0.4575424284602075	1.0	1.0	2.0
38710000	1.9828985891693907	0.14761257728954172	1.0	1.0	2.0
38720000	2.2268812481084654	1.8707747484857533	1.0	1.0	2.0
38730000	3.653164605397549	0.14772857217050833	1.0	1.0	2.0
38740000	0.5630975630881367	0.2712511294308321	1.0	1.0	2.0
38750000	0.7620865851083369	0.44856671408138254	1.0	1.0	2.0
38760000	1.9589719404654067	0.18607196341682097	1.0	1.0	2.0
38770000	2.01116005061204	0.9392049458714893	1.0	1.0	2.0
38780000	0.12316990129328816	0.0450438668158519	1.0	1.0	2.0
38790000	5.359281763498447	1.1523870772899338	1.0	1.0	2.0
38800000	0.3585023494501385	0.10032300073735748	1.0	1.0	2.0
38810000	0.863673657369692	0.6041678589618573	1.0	1.0	2.0
38820000	0.16756501404129912	0.3788413351557928	1.0	1.0	2.0
38830000	0.5834798488231168	0.03296582567165276	1.0	1.0	2.0
38840000	1.6046639855367637	1.895854359666122	1.0	1.0	2.0
38850000	1.591945924748759	0.20911014822449528	1.0	1.0	2.0
38860000	0.983931016839848	0.17364076029547598	1.0	1.0	2.0
38870000	0.523502240133824	0.010210536858717494	1.0	1.0	2.0
38880000	2.9966795688251366	0.9445590001338253	1.0	1.0	2.0
38890000	1.164129780350974	0.7919226266150962	1.0	1.0	2.0
38900000	0.1448936960688084	0.026755471013174	1.0	1.0	2.0
38910000	0.3795887920578444	0.72526591424897	1.0	1.0	2.0
38920000	1.1438970707493108	0.14267029276273943	1.0	1.0	2.0
38930000	0.7156178781579714	0.19717452434799176	1.0	1.0	2.0
38940000	1.7922719784310506	0.120035578546063	1.0	1.0	2.0
38950000	0.39301446215018443	0.20804247922386337	1.0	1.0	2.0
38960000	0.37896570295230664	0.4725794429070276	1.0	1.0	2.0
38970000	0.7905899181979718	0.8358853941504789	1.0	1.0	2.0
38980000	1.5152244184080315	0.060492924616249416	1.0	1.0	2.0
38990000	0.56101721357266	0.1434975554355779	1.0	1.0	2.0
39000000	0.7328703763284115	1.6628603528964934	1.0	1.0	2.0
39010000	0.5982489993351331	0.6505785795850109	1.0	1.0	2.0
39020000	0.6739355112689561	0.46094355991058567	1.0	1.0	2.0
39030000	1.131408283737057	0.11175490619617227	1.0	1.0	2.0
39040000	2.1247459808674503	0.8553268107933333	1.0	1.0	2.0
39050000	3.400204909017238	0.30001781893727647	1.0	1.0	2.0
39060000	2.4416272014377287	0.9972478102407121	1.0	1.0	2.0
39070000	2.4529149376304806	0.0855762613273648	1.0	1.0	2.0
39080000	0.8456936577875348	0.8285451280884949	1.0	1.0	2.0
39090000	0.5979094436153874	0.6969168540527289	1.0	1.0	2.0
39100000	3.6619288410037583	0.5845159013255317	1.0	1.0	2.0
39110000	1.7134096554771625	0.27457080736219874	1.0	1.0	2.0
39120000	0.5666732520166528	0.05302361324018798	1.0	1.0	2.0
39130000	1.5425985568351384	0.599096114074703	1.0	1.0	2.0
39140000	0.6291566144055986	1.383253638678161	1.0	1.0	2.0
39150000	2.905199470861807	0.41568265346620004	1.0	1.0	2.0
39160000	1.026796853699025	0.010674768441161981	1.0	1.0	2.0
39170000	0.9623647472394968	1.0819111103786814	1.0	1.0	2.0
39180000	0.5572228181579052	0.33431456289049144	1.0	1.0	2.0
39190000	0.7425200024274284	0.026515680671872592	1.0	1.0	2.0
39200000	3.789973716025209	0.5031064193453403	1.0	1.0	2.0
39210000	0.5254388396730033	0.4068095534760734	1.0	1.0	2.0
39220000	0.5808081415265292	0.6075304043777835	1.0	1.0	2.0
39230000	3.2526161992702445	0.8311592583159705	1.0	1.0	2.0
39240000	1.0216163944596075	0.9917953070000559	1.0	1.0	2.0
39250000	0.443402634491068	0.15009910514047275	1.0	1.0	2.0
39260000	3.1406814196129735	0.1712280936355142	1.0	1.0	2.0
39270000	1.4482506749557384	0.5138455993133509	1.0	1.0	2.0
39280000	0.38773267321940974	0.19154574927228266	1.0	1.0	2.0
39290000	3.7010540572303796	0.7416910349426915	1.0	1.0	2.0
39300000	1.1491790478068233	0.21995987393431643	1.0	1.0	2.0
39310000	3.105726999160499	0.530406161561843	1.0	1.0	2.0
39320000	1.3283461651102664	0.6262292877498272	1.0	1.0	2.0
39330000	1.379414362683056	0.10838305604892784	1.0	1.0	2.0
39340000	1.1602365648839204	0.3693556277456925	1.0	1.0	2.0
39350000	1.973154037397568	0.3147341600798818	1.0	1.0	2.0
39360000	1.0192315366817455	1.1325591161986324	1.0	1.0	2.0
39370000	1.7400578624267027	0.01886444376032457	1.0	1.0	2.0
39380000	1.1973095197128718	0.3788850957346325	1.0	1.0	2.0
39390000	0.1858431288510623	0.08297167942494454	1.0	1.0	2.0
39400000	0.8796033825531733	4.381779181849038	1.0	1.0	2.0
39410000	0.3948997998374842	1.0273266135540715	1.0	1.0	2.0
39420000	0.8745450319604434	0.24250631977870996	1.0	1.0	2.0
39430000	1.7044446435049927	0.449095222880886	1.0	1.0	2.0
39440000	1.010860551097881	0.59526981232923	1.0	1.0	2.0
39450000	4.700146985868856	3.0382515402409327	1.0	1.0	2.0
39460000	0.5261340835406696	0.14225109428951235	1.0	1.0	2.0
39470000	2.343521585135255	0.12313628468371199	1.0	1.0	2.0
39480000	0.08374553907403745	0.015789401666761547	1.0	1.0	2.0
39490000	0.7182565533542352	0.5677983760690407	1.0	1.0	2.0
39500000	1.1517830893039374	0.756825476126494	1.0	1.0	2.0
39510000	2.1620420100284887	1.2663662243280855	1.0	1.0	2.0
39520000	2.4020602602900345	0.7440933642313341	1.0	1.0	2.0
39530000	2.6918935528772407	0.03686435997340504	1.0	1.0	2.0
39540000	0.798720236428761	0.10981995682989203	1.0	1.0	2.0
39550000	2.7667072704387294	0.18385269478607236	1.0	1.0	2.0
39560000	1.4194941439101205	0.4290504111673201	1.0	1.0	2.0
39570000	1.213176932504823	0.016564759026560398	1.0	1.0	2.0
39580000	0.05475077652757172	0.4230423723089686	1.0	1.0	2.0
39590000	0.5188527616313797	0.021329827139831573	1.0	1.0	2.0
39600000	2.1760947441390863	0.10183182021227248	1.0	1.0	2.0
39610000	1.1771801551289847	2.489800061266831	1.0	1.0	2.0
39620000	0.9895214367768511	0.5603616343287752	1.0	1.0	2.0
39630000	3.8229822990910045	0.46535056657766893	1.0	1.0	2.0
39640000	1.1887093259233406	0.16157075425961406	1.0	1.0	2.0
39650000	1.6475643243166085	0.9776159235182859	1.0	1.0	2.0
39660000	0.44468995611834433	0.876295243056736	1.0	1.0	2.0
39670000	2.184724859859958	0.3875117940724682	1.0	1.0	2.0
39680000	0.6438001364192312	0.578418829556149	1.0	1.0	2.0
39690000	0.14057732465615858	0.18791161992011332	1.0	1.0	2.0
39700000	1.551373867723732	0.08245139009082272	1.0	1.0	2.0
39710000	0.14234293710203424	0.06398306677250999	1.0	1.0	2.0
39720000	0.5667832562168471	0.297669094766026	1.0	1.0	2.0
39730000	0.6469471439942892	0.171157090110229	1.0	1.0	2.0
39740000	0.23807543819021124	0.07301055760504951	1.0	1.0	2.0
39750000	0.45731461030157067	0.19728026744401575	1.0	1.0	2.0
39760000	0.3166520611211051	0.040855275459093905	1.0	1.0	2.0
39770000	1.5404377040546615	0.2910412035564558	1.0	1.0	2.0
39780000	0.2590491543637344	0.492473871580257	1.0	1.0	2.0
39790000	1.0806637525972107	1.6335611484792405	1.0	1.0	2.0
39800000	0.4718881023721355	0.05777013894403242	1.0	1.0	2.0
39810000	0.8783642176543094	0.7676320789965051	1.0	1.0	2.0
39820000	0.029479119608140227	0.012732258207131943	1.0	1.0	2.0
39830000	0.3529217081981069	1.055411905077718	1.0	1.0	2.0
39840000	3.680510353452016	2.2685111857454077	1.0	1.0	2.0
39850000	0.5509418589248187	0.47218864598188204	1.0	1.0	2.0
39860000	2.0815243139372717	0.635319433462249	1.0	1.0	2.0
39870000	0.7140131547695773	0.04755775539730182	1.0	1.0	2.0
39880000	1.0889981763713983	1.2638959301368151	1.0	1.0	2.0
39890000	0.8349792384351457	0.68722125059511	1.0	1.0	2.0
39900000	0.8123389128447985	0.6492976967110644	1.0	1.0	2.0
39910000	2.1001473421536487	0.11640969381219626	1.0	1.0	2.0
39920000	2.683710470028196	1.7280605517887513	1.0	1.0	2.0
39930000	1.6262705261329022	0.192536979596429	1.0	1.0	2.0
39940000	0.4205305108157187	0.09937714646815052	1.0	1.0	2.0
39950000	2.0147822210717887	1.5193663403084503	1.0	1.0	2.0
39960000	2.434218486502241	0.13616578884686692	1.0	1.0	2.0
39970000	0.3039696772625795	2.6894611522956025	1.0	1.0	2.0
39980000	3.242373600895261	1.605363734582818	1.0	1.0	2.0
39990000	1.2862760608301074	0.4738141898069969	1.0	1.0	2.0
40000000	1.5906846449666594	0.8751725785644772	1.0	1.0	2.0
40010000	0.6514747084602373	0.05452361072481223	1.0	1.0	2.0
40020000	0.40131828767130545	0.09169760868705008	1.0	1.0	2.0
40030000	1.1779893414242948	0.32548906838560854	1.0	1.0	2.0
40040000	0.9615363968224686	0.1335328516706279	1.0	1.0	2.0
40050000	1.5552738424437649	0.11158798830705631	1.0	1.0	2.0
40060000	0.6180483657330087	1.3760251922746363	1.0	1.0	2.0
40070000	1.7433973543354766	0.37346523436831236	1.0	1.0	2.0
40080000	0.8440144520426429	0.0630159881885424	1.0	1.0	2.0
40090000	1.7256798552925279	1.070400496486329	1.0	1.0	2.0
40100000	1.736590802595993	1.435764944264387	1.0	1.0	2.0
40110000	1.7936563074210887	2.846998374296319	1.0	1.0	2.0
40120000	0.8339351900966105	1.6001154994033269	1.0	1.0	2.0
40130000	0.40558033906500535	0.12269072216437653	1.0	1.0	2.0
40140000	1.131193702009233	0.649786497525539	1.0	1.0	2.0
40150000	0.4515854318043514	1.241017915857947	1.0	1.0	2.0
40160000	0.40340862623845286	0.02862758978068597	1.0	1.0	2.0
40170000	0.6579563596428676	0.5437333153690254	1.0	1.0	2.0
40180000	0.7889024160997793	1.4667842849218882	1.0	1.0	2.0
40190000	0.6077896306979408	0.13518159586275347	1.0	1.0	2.0
40200000	1.6935097893532225	0.03872822729775835	1.0	1.0	2.0
40210000	1.3804887199127789	1.2598320869211215	1.0	1.0	2.0
40220000	0.31594110289784644	0.3766169865358282	1.0	1.0	2.0
40230000	1.2239968028600516	0.9043075174277981	1.0	1.0	2.0
40240000	1.843922196856637	1.5163560348939755	1.0	1.0	2.0
40250000	0.20688277063156374	0.1736503382046204	1.0	1.0	2.0
40260000	0.06062417834225676	0.12146545041754851	1.0	1.0	2.0
40270000	0.8255189684058736	0.14571853992826167	1.0	1.0	2.0
40280000	0.9719368553993135	0.5939470755065422	1.0	1.0	2.0
40290000	2.1383850912499693	0.17725730144533158	1.0	1.0	2.0
40300000	0.3920965855471357	0.13446571380276695	1.0	1.0	2.0
40310000	0.3878290247917463	1.3763046427157273	1.0	1.0	2.0
40320000	2.0978639616262607	0.37462772704635877	1.0	1.0	2.0
40330000	1.229546766446944	0.054897351477750995	1.0	1.0	2.0
40340000	1.3056155367417965	0.6514281835080086	1.0	1.0	2.0
40350000	0.9133820526403676	0.18017110962153432	1.0	1.0	2.0
40360000	3.8346177329831055	0.2844611327759376	1.0	1.0	2.0
40370000	0.706654204139685	0.09689658459049214	1.0	1.0	2.0
40380000	1.1275106768103411	1.3335822778051778	1.0	1.0	2.0
40390000	1.8711961852675258	0.7297036908525848	1.0	1.0	2.0
40400000	3.6902405355526353	0.6800005602266389	1.0	1.0	2.0
40410000	2.2127792852343364	0.8942085104172357	1.0	1.0	2.0
40420000	3.4795841242141585	0.9324666834782818	1.0	1.0	2.0
40430000	0.6884089589450237	0.34173352579551824	1.0	1.0	2.0
40440000	0.34214540182945496	0.04781680879454106	1.0	1.0	2.0
40450000	6.775964281943814	0.09377431610673989	1.0	1.0	2.0
40460000	1.2687628869464862	0.05285855883096417	1.0	1.0	2.0
40470000	1.8765601356538575	1.3337223080878395	1.0	1.0	2.0
40480000	0.9926143727523568	1.0782714231401873	1.0	1.0	2.0
40490000	1.5153737090581136	1.5383222773553198	1.0	1.0	2.0
40500000	0.6620378089445685	1.4750038881797436	1.0	1.0	2.0
40510000	1.8064962052021514	0.16274982007670316	1.0	1.0	2.0
40520000	0.9593042507539334	1.5598884774146986	1.0	1.0	2.0
40530000	0.2200705004937211	0.26509726999642536	1.0	1.0	2.0
40540000	0.8840569083539512	0.22809051519100418	1.0	1.0	2.0
40550000	0.9752193926942946	0.043303176211409715	1.0	1.0	2.0
40560000	1.2296221296294958	1.0721474985175459	1.0	1.0	2.0
40570000	1.8903026188733683	0.27128326907715206	1.0	1.0	2.0
40580000	0.9792444578250346	0.10415045424602497	1.0	1.0	2.0
40590000	1.565344922572427	0.7952751411795791	1.0	1.0	2.0
40600000	0.3298145730856986	0.23690914986982037	1.0	1.0	2.0
40610000	1.437584843207613	0.41464272544662706	1.0	1.0	2.0
40620000	1.9648811017713876	0.7618843236825801	1.0	1.0	2.0
40630000	0.33149818066807124	0.13361382259348542	1.0	1.0	2.0
40640000	1.0372499059232556	0.24474409402132988	1.0	1.0	2.0
40650000	0.8910741289952018	0.616090274539241	1.0	1.0	2.0
40660000	0.2933975573570274	0.3184517722963448	1.0	1.0	2.0
40670000	2.4498340208319944	0.1935141320435557	1.0	1.0	2.0
40680000	0.8120113065130742	0.3086023964884185	1.0	1.0	2.0
40690000	1.028303614192598	0.4941062196410911	1.0	1.0	2.0
40700000	2.9097922304660844	0.7927251466889792	1.0	1.0	2.0
40710000	0.04448673997562713	2.712312599677315E-4	1.0	1.0	2.0
40720000	1.6961316945529537	1.0820216385999584	1.0	1.0	2.0
40730000	0.35164922827757433	0.8004702636252339	1.0	1.0	2.0
40740000	0.7408217528494319	0.9644784621657219	1.0	1.0	2.0
40750000	1.5458688880601819	0.8344769043963136	1.0	1.0	2.0
40760000	0.28171745642065954	0.2185068087935867	1.0	1.0	2.0
40770000	0.8640598258623667	0.6979919887275692	1.0	1.0	2.0
40780000	2.1807885670250213	0.6990985871818881	1.0	1.0	2.0
40790000	1.6836486731604308	1.233897209537127	1.0	1.0	2.0
40800000	2.1336691959647274	0.20696001961936422	1.0	1.0	2.0
40810000	1.1360893512980377	0.5395672714953973	1.0	1.0	2.0
40820000	0.5569646733002364	0.39121164438438216	1.0	1.0	2.0
40830000	0.9582566633826307	1.7690979581650264	1.0	1.0	2.0
40840000	0.3668964560546237	0.594128458854374	1.0	1.0	2.0
40850000	1.9604083279642475	0.01670159067282939	1.0	1.0	2.0
40860000	0.6585989076680074	0.47288881627977797	1.0	1.0	2.0
40870000	1.0757555697402703	0.38291267544398444	1.0	1.0	2.0
40880000	1.297295073715259	0.6882454958065388	1.0	1.0	2.0
40890000	2.2271030840401846	0.19745876015640768	1.0	1.0	2.0
40900000	0.8424621732293146	1.2540583811065555	1.0	1.0	2.0
40910000	0.28154584149739076	0.08017189621608915	1.0	1.0	2.0
40920000	2.0172787629632096	0.2940618798054884	1.0	1.0	2.0
40930000	0.9018804582439264	0.0472000615333945	1.0	1.0	2.0
40940000	1.8460721001084694	1.9391047029297899	1.0	1.0	2.0
40950000	3.307754419495515	3.453484295627358	1.0	1.0	2.0
40960000	0.39289719055185085	0.5346825253804726	1.0	1.0	2.0
40970000	1.1792206934603304	1.0451115598248106	1.0	1.0	2.0
40980000	1.0175097477555095	0.16211250006470312	1.0	1.0	2.0
40990000	1.6351466569728643	0.09005466929906487	1.0	1.0	2.0
41000000	1.0654990463779948	0.614364819043439	1.0	1.0	2.0
41010000	2.14228964162218	0.24055781389459793	1.0	1.0	2.0
41020000	0.5114031504042061	0.009998302730412367	1.0	1.0	2.0
41030000	1.866968477020114	0.08981157379979103	1.0	1.0	2.0
41040000	2.4152162540411055	0.0918390815584044	1.0	1.0	2.0
41050000	2.082873317432113	0.17189849728185863	1.0	1.0	2.0
41060000	1.487798295331576	0.020342517202818353	1.0	1.0	2.0
41070000	0.4248130773142437	0.17668762938660357	1.0	1.0	2.0
41080000	2.0222703777565623	0.5354595461379017	1.0	1.0	2.0
41090000	1.9355071817155678	0.06059893838106254	1.0	1.0	2.0
41100000	0.7600727350519395	0.09807427304446815	1.0	1.0	2.0
41110000	3.7872036138454175	0.5461280957289368	1.0	1.0	2.0
41120000	2.6160128903838893	0.4105807780289954	1.0	1.0	2.0
41130000	0.5763181548077502	0.12759274336478452	1.0	1.0	2.0
41140000	4.534145568525029	0.6112532287333228	1.0	1.0	2.0
41150000	2.3382629486741537	1.0922617030913666	1.0	1.0	2.0
41160000	1.7765706590023191	0.45702705799549453	1.0	1.0	2.0
41170000	1.0958374477789155	0.32453637262582663	1.0	1.0	2.0
41180000	1.578549221311503	0.3916599074207505	1.0	1.0	2.0
41190000	0.21103443273450248	0.059850173538491404	1.0	1.0	2.0
41200000	0.17236884146914802	0.5947519953483195	1.0	1.0	2.0
41210000	1.6036337944827375	1.0071648206779773	1.0	1.0	2.0
41220000	0.0975908180302548	0.025454378718612444	1.0	1.0	2.0
41230000	1.609220154970519	0.15046999016093907	1.0	1.0	2.0
41240000	0.45711760685427705	0.20034143890351724	1.0	1.0	2.0
41250000	1.7751453843530909	0.1525941003009815	1.0	1.0	2.0
41260000	0.3454567368471244	0.057009638614044934	1.0	1.0	2.0
41270000	4.374933240561686	0.14947380561182844	1.0	1.0	2.0
41280000	4.272963398225863	0.4861581204041556	1.0	1.0	2.0
41290000	0.3098749971217347	1.1255798766835199	1.0	1.0	2.0
41300000	1.3651585863769113	0.18829072403536268	1.0	1.0	2.0
41310000	0.33889157946031623	0.3937943582126334	1.0	1.0	2.0
41320000	1.351455480132443	0.14485893858488563	1.0	1.0	2.0
41330000	0.7539439699792821	0.26406996012365935	1.0	1.0	2.0
41340000	0.34726348160085135	0.24674086460032416	1.0	1.0	2.0
41350000	1.8848577730701324	0.5251112272486759	1.0	1.0	2.0
41360000	1.9336320573656185	0.15061256880922913	1.0	1.0	2.0
41370000	0.28218906709912317	0.9356721878394711	1.0	1.0	2.0
41380000	0.932356603703028	0.0717475260487538	1.0	1.0	2.0
41390000	1.105168978052537	0.39924998328525657	1.0	1.0	2.0
41400000	1.4861071209027448	0.21293558586325648	1.0	1.0	2.0
41410000	0.8605601876248726	0.08264248134289331	1.0	1.0	2.0
41420000	0.747810512130673	0.4957572445669238	1.0	1.0	2.0
41430000	0.07693143330394903	0.09961678955663655	1.0	1.0	2.0
41440000	0.48648795805062567	1.9286426268003023	1.0	1.0	2.0
41450000	0.9096336933187321	0.4904429202476942	1.0	1.0	2.0
41460000	1.162748179277269	0.5024628186560399	1.0	1.0	2.0
41470000	0.9986985621352403	0.06248920488422959	1.0	1.0	2.0
41480000	2.2060054759752483	0.3668218179047007	1.0	1.0	2.0
41490000	0.04715929642203005	0.21644303399367718	1.0	1.0	2.0
41500000	1.4589511019140573	0.09347874296622127	1.0	1.0	2.0
41510000	4.142121515178883	0.24718169158050374	1.0	1.0	2.0
41520000	5.959900499063207	0.39702072450070436	1.0	1.0	2.0
41530000	2.165509867480336	0.20821013680129102	1.0	1.0	2.0
41540000	0.7255657519805025	0.5256788923970181	1.0	1.0	2.0
41550000	1.947985814078405	1.5968059930525578	1.0	1.0	2.0
41560000	2.352979155718516	0.1603904105055636	1.0	1.0	2.0
41570000	1.4823653480087278	0.0029196201840392365	1.0	1.0	2.0
41580000	0.04543502462306235	0.0010305238777631469	1.0	1.0	2.0
41590000	0.9797057978883926	0.020080076937311543	1.0	1.0	2.0
41600000	0.5263556439560654	0.3518059189978213	1.0	1.0	2.0
41610000	0.5770765331857599	0.23349009371331989	1.0	1.0	2.0
41620000	0.8554933796021965	0.874699030997676	1.0	1.0	2.0
41630000	0.14394010882670602	0.3028754439452998	1.0	1.0	2.0
41640000	2.2739835494234946	3.6278042984012298	1.0	1.0	2.0
41650000	0.720891246811931	0.4766533534522752	1.0	1.0	2.0
41660000	0.2756081829790592	0.2064272597157982	1.0	1.0	2.0
41670000	0.8979541135990731	0.09253698079833847	1.0	1.0	2.0
41680000	2.045756708999582	0.7675000652049543	1.0	1.0	2.0
41690000	0.2590805273333369	0.314965327007757	1.0	1.0	2.0
41700000	0.49857287931228134	0.25332345541160234	1.0	1.0	2.0
41710000	3.9936158544879587	0.637573081410343	1.0	1.0	2.0
41720000	1.4145377774639827	0.19620745893083028	1.0	1.0	2.0
41730000	1.9273957541232107	0.31564331813539914	1.0	1.0	2.0
41740000	2.3767527038219596	0.5702241743911373	1.0	1.0	2.0
41750000	3.346688333838622	0.037809256255954535	1.0	1.0	2.0
41760000	0.7363046600200857	1.4419896440339566	1.0	1.0	2.0
41770000	3.0956573751678857	0.800823000279216	1.0	1.0	2.0
41780000	0.6077822059055268	0.08676110425032202	1.0	1.0	2.0
41790000	2.1964612407247737	0.03466342551904786	1.0	1.0	2.0
41800000	1.3087210471134003	1.2450361418353872	1.0	1.0	2.0
41810000	6.45169123035176	0.23208791776849366	1.0	1.0	2.0
41820000	0.9499790597052036	0.37102694554380583	1.0	1.0	2.0
41830000	4.1465175842890964	0.23751267823076613	1.0	1.0	2.0
41840000	1.1188170629527192	0.3008604536191885	1.0	1.0	2.0
41850000	3.5113972807250393	0.3721419972781058	1.0	1.0	2.0
41860000	1.5578994493218954	0.1301629645970877	1.0	1.0	2.0
41870000	3.396320905573494	0.21428803817765296	1.0	1.0	2.0
41880000	2.38857078748152	0.2910921378133144	1.0	1.0	2.0
41890000	0.5903787058825561	0.5205640424507169	1.0	1.0	2.0
41900000	1.6152307140336097	0.01357209817691716	1.0	1.0	2.0
41910000	0.161078915326798	0.5624539104612167	1.0	1.0	2.0
41920000	1.4612148085748686	0.5788965037547299	1.0	1.0	2.0
41930000	1.2991238795841076	2.8093388026951627	1.0	1.0	2.0
41940000	1.8093880540505702	0.07393719206426758	1.0	1.0	2.0
41950000	0.31147085854635825	0.06430917288412992	1.0	1.0	2.0
41960000	0.6218021906168112	0.024688076424868276	1.0	1.0	2.0
41970000	1.4725344586726101	0.07195708872906666	1.0	1.0	2.0
41980000	0.8204477078598854	0.2723083765312517	1.0	1.0	2.0
41990000	1.8035965447249638	0.37395503591173607	1.0	1.0	2.0
42000000	1.6287677012238448	0.3965796269391872	1.0	1.0	2.0
42010000	1.2552295947477503	0.8416993998120534	1.0	1.0	2.0
42020000	0.9058718034340953	0.4115301272600775	1.0	1.0	2.0
42030000	1.8150248923145123	0.29660028353535306	1.0	1.0	2.0
42040000	2.1934409942321955	0.2952072023137748	1.0	1.0	2.0
42050000	0.5775930604066956	0.2692930823009332	1.0	1.0	2.0
42060000	0.4235109467663703	0.2966971359799773	1.0	1.0	2.0
42070000	0.49456912441187084	0.10027189954949048	1.0	1.0	2.0
42080000	0.8893027912932542	0.3947359383235402	1.0	1.0	2.0
42090000	1.0919633285844876	0.4238222628782939	1.0	1.0	2.0
42100000	2.8473141477519612	0.13234348016162678	1.0	1.0	2.0
42110000	0.13232328523314513	0.07520931763317981	1.0	1.0	2.0
42120000	1.8988413455640312	0.5718736888547495	1.0	1.0	2.0
42130000	1.208219313218491	0.23989640309540344	1.0	1.0	2.0
42140000	2.235523000639452	1.3072947633897947	1.0	1.0	2.0
42150000	1.0972823678965795	0.11545232614022793	1.0	1.0	2.0
42160000	0.7559839530755025	0.5656559255099743	1.0	1.0	2.0
42170000	0.016395707197308557	0.02749613809953992	1.0	1.0	2.0
42180000	0.25282897965451245	0.25775866560173377	1.0	1.0	2.0
42190000	3.1291974562973914	0.5371646582040448	1.0	1.0	2.0
42200000	0.6312281857933961	0.12409612299600599	1.0	1.0	2.0
42210000	0.49934879979061886	0.589514973864549	1.0	1.0	2.0
42220000	0.5917235023699041	1.1306050449346967	1.0	1.0	2.0
42230000	2.2531647070126506	1.0962581664386624	1.0	1.0	2.0
42240000	0.7783981019474953	0.24638487328353348	1.0	1.0	2.0
42250000	0.09138724835829762	0.025023998202254583	1.0	1.0	2.0
42260000	0.7078586021957894	0.10173815797133771	1.0	1.0	2.0
42270000	1.675342329341168	1.4464287340079216	1.0	1.0	2.0
42280000	1.0363845144133939	0.12663928646441203	1.0	1.0	2.0
42290000	2.0478089830191766	1.6579158799096043	1.0	1.0	2.0
42300000	0.6106651978102563	0.048811559306200014	1.0	1.0	2.0
42310000	1.6434250769862224	1.5310394271141403	1.0	1.0	2.0
42320000	0.760210541284199	0.44057037108801383	1.0	1.0	2.0
42330000	1.3805073753241317	1.3323052166279716	1.0	1.0	2.0
42340000	1.151794823604768	0.9508672432883227	1.0	1.0	2.0
42350000	1.3065760737135665	0.5817277264727204	1.0	1.0	2.0
42360000	0.97415677476991	0.6230508981139682	1.0	1.0	2.0
42370000	1.1796429407508988	1.6688237036850553	1.0	1.0	2.0
42380000	0.3399776841261307	0.12487751375282463	1.0	1.0	2.0
42390000	3.0521221917786834	0.7061219138844936	1.0	1.0	2.0
42400000	1.4082604989565537	0.09622358001735053	1.0	1.0	2.0
42410000	0.7417393773516419	0.028506711928747177	1.0	1.0	2.0
42420000	1.5018244645834211	1.854331000290104	1.0	1.0	2.0
42430000	0.29622753725227396	0.3076104434852488	1.0	1.0	2.0
42440000	2.0235106916862997	0.4073729936461429	1.0	1.0	2.0
42450000	1.914880546136486	0.6021546744765319	1.0	1.0	2.0
42460000	1.73653211448502	0.7692421956030627	1.0	1.0	2.0
42470000	0.6563616357355347	2.195402303224668	1.0	1.0	2.0
42480000	0.4483033745937196	0.12573024879772446	1.0	1.0	2.0
42490000	1.5907178667996795	1.3214923977781947	1.0	1.0	2.0
42500000	1.9294779865976788	0.07054084950979653	1.0	1.0	2.0
42510000	3.6274002426084553	1.362232532385037	1.0	1.0	2.0
42520000	0.5646947437945183	0.318840550600803	1.0	1.0	2.0
42530000	0.5668494908441029	0.5959596000718886	1.0	1.0	2.0
42540000	0.33221621943957486	0.2935989317304222	1.0	1.0	2.0
42550000	0.6276962704808786	0.025745261124163275	1.0	1.0	2.0
42560000	1.4271963913577699	0.10727932962811149	1.0	1.0	2.0
42570000	2.648239297650168	1.0426193426165427	1.0	1.0	2.0
42580000	0.4141296679245365	0.03566711905385438	1.0	1.0	2.0
42590000	1.8553465865889527	0.045515173485985314	1.0	1.0	2.0
42600000	0.5233485237541743	0.6560812472465337	1.0	1.0	2.0
42610000	1.2081193890550064	0.3164989101544425	1.0	1.0	2.0
42620000	1.284611368089336	2.0709448074289094	1.0	1.0	2.0
42630000	1.9844624571056575	1.0728708082218799	1.0	1.0	2.0
42640000	3.7908538324399	1.1383474724252736	1.0	1.0	2.0
42650000	0.259616786410749	0.030660071126497736	1.0	1.0	2.0
42660000	2.4289646457293714	0.8724854499784723	1.0	1.0	2.0
42670000	3.0645293901930306	0.17022971356930636	1.0	1.0	2.0
42680000	2.3522117654411105	0.8727760852006075	1.0	1.0	2.0
42690000	1.5767842169432207	0.02636290809650417	1.0	1.0	2.0
42700000	4.287612494173176	0.4477905927127943	1.0	1.0	2.0
42710000	1.318403433089652	0.3413646416571045	1.0	1.0	2.0
42720000	0.5103209169479462	0.5799943415230477	1.0	1.0	2.0
42730000	1.6820685949831786	0.4790753578204884	1.0	1.0	2.0
42740000	0.4609593603926557	1.056605114022271	1.0	1.0	2.0
42750000	1.394619736785276	0.07380710621344475	1.0	1.0	2.0
42760000	0.884339960277503	0.2134493889157528	1.0	1.0	2.0
42770000	0.9116370726603689	0.2400788140881865	1.0	1.0	2.0
42780000	1.2434319176877595	0.29270660062907083	1.0	1.0	2.0
42790000	3.0456927556507956	0.5855298505774333	1.0	1.0	2.0
42800000	2.927783962912054	0.05499741813238902	1.0	1.0	2.0
42810000	0.9354334657090492	0.14205567689646834	1.0	1.0	2.0
42820000	0.8156522789060485	0.3414029128332785	1.0	1.0	2.0
42830000	2.3021464489765973	2.046681454737333	1.0	1.0	2.0
42840000	0.5896366091221211	0.22104911157279844	1.0	1.0	2.0
42850000	1.0034422921448638	0.16394702768059646	1.0	1.0	2.0
42860000	1.5064952267829077	0.5696129995784758	1.0	1.0	2.0
42870000	1.838496377148611	0.8692980219974036	1.0	1.0	2.0
42880000	3.101381087737273	1.0252848626518054	1.0	1.0	2.0
42890000	1.6043422365448692	0.852186977334327	1.0	1.0	2.0
42900000	1.4094298177346387	0.08066271085777713	1.0	1.0	2.0
42910000	1.6399835171297492	0.3674858254122038	1.0	1.0	2.0
42920000	0.7485185908895021	0.1808808009860913	1.0	1.0	2.0
42930000	1.9858785069888207	0.11319611740677872	1.0	1.0	2.0
42940000	3.776212874330437	0.568454579178185	1.0	1.0	2.0
42950000	0.6072551636381432	0.2191405463899247	1.0	1.0	2.0
42960000	0.6532097342249111	0.09386362137874732	1.0	1.0	2.0
42970000	0.40366775185008125	0.1529370275229143	1.0	1.0	2.0
42980000	0.6702571932851802	0.29994153710954774	1.0	1.0	2.0
42990000	4.214884039306054	0.4284532821303603	1.0	1.0	2.0
43000000	0.2792724879982644	0.20606500649988888	1.0	1.0	2.0
43010000	1.0253443410686776	0.668359119866562	1.0	1.0	2.0
43020000	0.26968453874107695	0.0018893666834354527	1.0	1.0	2.0
43030000	1.8101150284176895	0.21169101266764104	1.0	1.0	2.0
43040000	1.3411469428200207	0.8504404353069095	1.0	1.0	2.0
43050000	1.7610561015414596	0.5613719167248157	1.0	1.0	2.0
43060000	4.328290141267494	0.8563902451766546	1.0	1.0	2.0
43070000	1.2308257403100589	0.3025365359468025	1.0	1.0	2.0
43080000	1.4800249591177537	2.337830148244867	1.0	1.0	2.0
43090000	3.710971567069659	3.0910188119385236	1.0	1.0	2.0
43100000	0.3795920879619922	0.13001383076065484	1.0	1.0	2.0
43110000	0.923949538987199	0.9367528675326143	1.0	1.0	2.0
43120000	0.9638055530462366	0.1641678592974654	1.0	1.0	2.0
43130000	1.4159613854128332	0.5438232191765716	1.0	1.0	2.0
43140000	0.8452363417095073	0.33104976767142197	1.0	1.0	2.0
43150000	1.356904688081738	0.4442094704044835	1.0	1.0	2.0
43160000	1.1999713777754277	0.20252850122356061	1.0	1.0	2.0
43170000	3.6581033658946485	0.08792515518977538	1.0	1.0	2.0
43180000	3.617644634569441	0.2595754428204267	1.0	1.0	2.0
43190000	1.0468178014228775	0.46289568636681433	1.0	1.0	2.0
43200000	0.7086715020335351	0.2741964200599496	1.0	1.0	2.0
43210000	1.2543703346702146	0.3936716499449303	1.0	1.0	2.0
43220000	1.6417517027394757	0.4485161367236114	1.0	1.0	2.0
43230000	0.8607347387076353	1.5016575403879404	1.0	1.0	2.0
43240000	1.4966597265793655	0.6639050484709179	1.0	1.0	2.0
43250000	1.2350383634655255	0.636431743745263	1.0	1.0	2.0
43260000	1.0728135858087564	1.2577052195900333	1.0	1.0	2.0
43270000	0.8198480074877457	0.1797692014703281	1.0	1.0	2.0
43280000	2.467249156772613	0.22954092266955364	1.0	1.0	2.0
43290000	0.5486184442578247	0.6429875810551912	1.0	1.0	2.0
43300000	0.4246823882355836	2.2627070431082834	1.0	1.0	2.0
43310000	0.6609075384046679	0.10306404196108164	1.0	1.0	2.0
43320000	1.2407850578719926	0.7249490469371254	1.0	1.0	2.0
43330000	0.6776887157285227	0.32474940231428995	1.0	1.0	2.0
43340000	1.3915182823414447	1.5533318733169295	1.0	1.0	2.0
43350000	0.9865324811069038	0.5841179098075416	1.0	1.0	2.0
43360000	1.1477146582068078	0.38322435146054507	1.0	1.0	2.0
43370000	2.560317316897258	1.0474730445710934	1.0	1.0	2.0
43380000	6.137152326990962	0.7268430069538445	1.0	1.0	2.0
43390000	4.218547144368871	1.466133409810051	1.0	1.0	2.0
43400000	0.4701638013813274	0.1930629959328512	1.0	1.0	2.0
43410000	2.3197086561615308	0.0720571776332123	1.0	1.0	2.0
43420000	0.7197766720279757	0.5278956360114411	1.0	1.0	2.0
43430000	0.288065625653632	0.20491669196158913	1.0	1.0	2.0
43440000	0.6045888986002721	0.989021643086375	1.0	1.0	2.0
43450000	1.3404780962449423	0.0513308799686551	1.0	1.0	2.0
43460000	2.0802405797908645	0.9441729419599579	1.0	1.0	2.0
43470000	0.15640340938223032	0.3528359494162721	1.0	1.0	2.0
43480000	0.0785494549956282	0.015870695347281492	1.0	1.0	2.0
43490000	1.8569740146333704	0.706575930530683	1.0	1.0	2.0
43500000	0.10068854572894462	0.1580440447101374	1.0	1.0	2.0
43510000	0.259463218191332	0.2249872105167491	1.0	1.0	2.0
43520000	0.7739789619936932	0.06368220288071573	1.0	1.0	2.0
43530000	2.1383606890005087	1.3956900959475877	1.0	1.0	2.0
43540000	0.4516122660451552	0.35852375099900785	1.0	1.0	2.0
43550000	1.4271832318496935	1.2162703903768826	1.0	1.0	2.0
43560000	0.6730840587903056	0.49563539712871674	1.0	1.0	2.0
43570000	0.6444467322056892	0.21261514080770644	1.0	1.0	2.0
43580000	0.5941171430248733	0.14679064747568277	1.0	1.0	2.0
43590000	0.27987912514356705	2.8965008102917076	1.0	1.0	2.0
43600000	1.462872308790113	0.13798431167971284	1.0	1.0	2.0
43610000	2.139591933174977	0.04536900817992146	1.0	1.0	2.0
43620000	1.817017797466306	0.13808715631079646	1.0	1.0	2.0
43630000	1.034165364520404	0.0037314951760021647	1.0	1.0	2.0
43640000	0.9712004285790693	0.013065645253048007	1.0	1.0	2.0
43650000	0.3656322722320571	0.2426515002826295	1.0	1.0	2.0
43660000	1.5701133680272892	0.4151645490144806	1.0	1.0	2.0
43670000	0.10891841205289875	0.1828949609304456	1.0	1.0	2.0
43680000	0.4312722142681069	0.15691926808429804	1.0	1.0	2.0
43690000	0.29196269079407955	0.5972094232840507	1.0	1.0	2.0
43700000	1.3232576878809443	0.280323997480225	1.0	1.0	2.0
43710000	0.04650399422389237	0.054106616156917586	1.0	1.0	2.0
43720000	0.5292479659978752	0.9999154190447705	1.0	1.0	2.0
43730000	1.467252335653539	0.4198834397404046	1.0	1.0	2.0
43740000	0.6710592274745187	0.6378501593239244	1.0	1.0	2.0
43750000	1.0660171613951244	0.6940509949861454	1.0	1.0	2.0
43760000	0.964247594807786	0.2972015041945346	1.0	1.0	2.0
43770000	0.5635701686059051	0.29996627701248024	1.0	1.0	2.0
43780000	2.4284284670892817	0.3839718314067248	1.0	1.0	2.0
43790000	1.0103687862867694	0.028359780359300483	1.0	1.0	2.0
43800000	0.1437872866397171	0.2799915370001745	1.0	1.0	2.0
43810000	4.332520184387397	0.48731369453757994	1.0	1.0	2.0
43820000	2.623302497221437	2.6091713431763406	1.0	1.0	2.0
43830000	2.486307060654742	0.1424984656318199	1.0	1.0	2.0
43840000	1.648105634328	1.048207341785959	1.0	1.0	2.0
43850000	0.302774824407019	0.23072848973856938	1.0	1.0	2.0
43860000	1.9328762787227183	0.5216125913155892	1.0	1.0	2.0
43870000	1.185211831824375	0.6007016640828864	1.0	1.0	2.0
43880000	2.175549702525704	1.4691782397258173	1.0	1.0	2.0
43890000	1.1867336751572424	0.1695812648072494	1.0	1.0	2.0
43900000	0.23819530527895869	0.05514371330788485	1.0	1.0	2.0
43910000	1.3481903083813305	0.1046187165943451	1.0	1.0	2.0
43920000	1.0988824332088347	1.3338609132310508	1.0	1.0	2.0
43930000	1.6179855466516664	1.738557955287482	1.0	1.0	2.0
43940000	1.6111984881654293	0.380471358002318	1.0	1.0	2.0
43950000	0.8233950029636423	1.1743736092569117	1.0	1.0	2.0
43960000	0.9224484110032565	0.02484826242163316	1.0	1.0	2.0
43970000	0.8722235507792655	1.9590090354299066	1.0	1.0	2.0
43980000	2.006318648018935	0.2888532842421564	1.0	1.0	2.0
43990000	0.30125037070784144	0.0575998425603303	1.0	1.0	2.0
44000000	1.7218143565689037	0.9715460031039019	1.0	1.0	2.0
44010000	0.814341788798399	0.05172153925891316	1.0	1.0	2.0
44020000	2.2706893825429244	0.9156654101916163	1.0	1.0	2.0
44030000	0.8985344438499334	0.5264497893151894	1.0	1.0	2.0
44040000	1.5633490295465542	1.4174916674945282	1.0	1.0	2.0
44050000	0.9697132748564609	1.5440933426696948	1.0	1.0	2.0
44060000	0.681700206312186	1.0669627729327755	1.0	1.0	2.0
44070000	0.5418800940673385	1.8312651643700402	1.0	1.0	2.0
44080000	1.4219745190560802	0.08728389805492068	1.0	1.0	2.0
44090000	1.1270226915764157	0.49834316284476166	1.0	1.0	2.0
44100000	0.34475278503295553	0.29733454791953223	1.0	1.0	2.0
44110000	1.3897613889301268	1.145275056365679	1.0	1.0	2.0
44120000	2.44505164643456	0.0906798577170689	1.0	1.0	2.0
44130000	0.5790028954785104	0.41294189952049604	1.0	1.0	2.0
44140000	0.3954648835202045	1.065449549074545	1.0	1.0	2.0
44150000	0.3564411579130823	0.05365107264876265	1.0	1.0	2.0
44160000	1.5790282504269346	3.425011493658514	1.0	1.0	2.0
44170000	3.768886172787735	0.26683000028434056	1.0	1.0	2.0
44180000	5.652876055458094	0.5758426484936536	1.0	1.0	2.0
44190000	0.38536025642163463	0.11068390792020434	1.0	1.0	2.0
44200000	0.48617654956977413	0.3272689969701077	1.0	1.0	2.0
44210000	4.129955155316526	0.2308338781114362	1.0	1.0	2.0
44220000	0.8272392363396768	0.04269942729871577	1.0	1.0	2.0
44230000	0.27328179345821363	0.10149399598735015	1.0	1.0	2.0
44240000	0.2676935766414531	0.6393004149020896	1.0	1.0	2.0
44250000	3.301994677808939	1.4981001309089352	1.0	1.0	2.0
44260000	0.4921849650486269	0.484069489870434	1.0	1.0	2.0
44270000	1.9558070651594657	2.4672785903825676	1.0	1.0	2.0
44280000	1.058392690663638	0.1018226328575639	1.0	1.0	2.0
44290000	1.008312733427329	0.28881940021201974	1.0	1.0	2.0
44300000	0.4157279842340279	0.1737625839752499	1.0	1.0	2.0
44310000	0.8059331348282665	0.503256544897407	1.0	1.0	2.0
44320000	1.277490477779477	1.727862845553097	1.0	1.0	2.0
44330000	0.1976095004737343	0.31370565566096936	1.0	1.0	2.0
44340000	1.9671377305384987	0.12054113806053614	1.0	1.0	2.0
44350000	3.181930393571469	0.3128026135793747	1.0	1.0	2.0
44360000	1.0296741339701143	0.9248277877864712	1.0	1.0	2.0
44370000	2.1256075495379783	2.7644371814669384	1.0	1.0	2.0
44380000	3.0684610886079375	3.976574064589806	1.0	1.0	2.0
44390000	0.22552232686032858	0.4797369704598446	1.0	1.0	2.0
44400000	1.529137635045075	0.5251881656886501	1.0	1.0	2.0
44410000	1.2720945210703154	0.7812792401538078	1.0	1.0	2.0
44420000	0.5913445457541597	0.3363182480930693	1.0	1.0	2.0
44430000	0.6435368030298478	0.7719952842181208	1.0	1.0	2.0
44440000	2.1019641978777104	0.12854156886096127	1.0	1.0	2.0
44450000	1.0891354625169762	0.6973496489728193	1.0	1.0	2.0
44460000	1.8198588914273255	1.4633442650988069	1.0	1.0	2.0
44470000	1.0522349241094018	0.6749966099827138	1.0	1.0	2.0
44480000	1.1747881911336886	0.3676280221050618	1.0	1.0	2.0
44490000	0.7260312420614435	1.5078070083158703	1.0	1.0	2.0
44500000	2.5698752630402613	0.20434237026077987	1.0	1.0	2.0
44510000	2.1590190505780713	0.24773295728666372	1.0	1.0	2.0
44520000	1.5624144411269478	0.20212424153559774	1.0	1.0	2.0
44530000	0.4040448958977349	0.30686742045859927	1.0	1.0	2.0
44540000	0.6587816815515048	0.3503354797126162	1.0	1.0	2.0
44550000	2.9419005942669063	0.03559691457418292	1.0	1.0	2.0
44560000	1.7302070845708517	1.7983848524620674	1.0	1.0	2.0
44570000	0.3879093757089284	0.04504226214241714	1.0	1.0	2.0
44580000	0.8257278466922003	0.028559563971412336	1.0	1.0	2.0
44590000	1.4801641618588437	0.1337327397706751	1.0	1.0	2.0
44600000	1.6453459000040942	0.008087217277686607	1.0	1.0	2.0
44610000	0.4673305985186372	0.213849856770005	1.0	1.0	2.0
44620000	1.4733124047451194	1.5221880841147348	1.0	1.0	2.0
44630000	2.7995641772234645	0.37836540593866574	1.0	1.0	2.0
44640000	2.0528276180975316	1.409287120241311	1.0	1.0	2.0
44650000	0.5102963042217553	0.12332126140739239	1.0	1.0	2.0
44660000	2.8868963086684527	0.8531663939053278	1.0	1.0	2.0
44670000	0.35544249447773596	0.04084830441434286	1.0	1.0	2.0
44680000	3.3770245886456087	0.7145686748063836	1.0	1.0	2.0
44690000	1.985921199381716	0.446483865202032	1.0	1.0	2.0
44700000	0.1826528678102544	0.25441861615583466	1.0	1.0	2.0
44710000	0.2926017488030612	0.17953337007291356	1.0	1.0	2.0
44720000	0.5664117925241089	0.13587982511205834	1.0	1.0	2.0
44730000	3.181935647469506	1.1126931357272716	1.0	1.0	2.0
44740000	2.3955400730319316	1.5119353274329705	1.0	1.0	2.0
44750000	1.2069822777315864	2.9504663926295396	1.0	1.0	2.0
44760000	2.3086354966748712	2.0186584348787306	1.0	1.0	2.0
44770000	0.1602544907016311	0.027016332253303493	1.0	1.0	2.0
44780000	1.339040883091184	1.7410064108885726	1.0	1.0	2.0
44790000	3.124025515843408	1.2625110560762534	1.0	1.0	2.0
44800000	1.06645099179388	0.843889685053307	1.0	1.0	2.0
44810000	1.125253655211208	0.1370066822677303	1.0	1.0	2.0
44820000	1.1716347283293373	0.23471463199250564	1.0	1.0	2.0
44830000	5.498083979421799	0.9475860414030297	1.0	1.0	2.0
44840000	1.5823829394806594	0.5706903639364128	1.0	1.0	2.0
44850000	1.4112913646312941	1.2786817252988154	1.0	1.0	2.0
44860000	1.3410277908143717	2.099173443621578	1.0	1.0	2.0
44870000	0.5281383873267026	0.11342148754299801	1.0	1.0	2.0
44880000	2.2296029310625736	0.08661860365718566	1.0	1.0	2.0
44890000	0.6785954378439641	9.566716665397843E-4	1.0	1.0	2.0
44900000	3.012226618347011	0.8447753495387051	1.0	1.0	2.0
44910000	1.169715852064689	0.21788699903095157	1.0	1.0	2.0
44920000	0.35824595171632545	0.07501800573751602	1.0	1.0	2.0
44930000	0.9283375648032781	0.4668577760710792	1.0	1.0	2.0
44940000	2.4747841866409854	0.4380869776079586	1.0	1.0	2.0
44950000	0.5700590052667125	0.5972308172286989	1.0	1.0	2.0
44960000	0.5834280986700865	0.23261983405985318	1.0	1.0	2.0
44970000	0.7906709072540288	0.47783670022427027	1.0	1.0	2.0
44980000	0.7109531490085654	1.47011530916338	1.0	1.0	2.0
44990000	0.7517739873798026	1.7714985162752017	1.0	1.0	2.0
45000000	0.30102038703272216	0.4639281696912033	1.0	1.0	2.0
45010000	0.8426422602006828	0.8799811532263647	1.0	1.0	2.0
45020000	2.539043687582578	1.0447234708922146	1.0	1.0	2.0
45030000	4.661746028402944	0.8771621032476351	1.0	1.0	2.0
45040000	1.392577956898988	0.9981410754823665	1.0	1.0	2.0
45050000	0.10878488226608815	0.24643126906323615	1.0	1.0	2.0
45060000	0.3461592787691331	0.12952347149931198	1.0	1.0	2.0
45070000	0.4447245703260373	0.05381468284204933	1.0	1.0	2.0
45080000	3.8707170961393382	0.8978659545159744	1.0	1.0	2.0
45090000	1.8904713845208592	0.0028644887026675024	1.0	1.0	2.0
45100000	4.829227417317155	0.8666237957043842	1.0	1.0	2.0
45110000	0.452209270540823	0.6316242424286118	1.0	1.0	2.0
45120000	2.021916201247406	1.01000244220599	1.0	1.0	2.0
45130000	0.5077411819036313	0.4308914279697756	1.0	1.0	2.0
45140000	1.132474763377856	0.05373353902836225	1.0	1.0	2.0
45150000	3.1587072568862107	0.8506158661017096	1.0	1.0	2.0
45160000	0.6942014504014823	0.6213715153106977	1.0	1.0	2.0
45170000	0.09555508630842618	0.4533341820246923	1.0	1.0	2.0
45180000	1.437165702358621	0.12356437020156645	1.0	1.0	2.0
45190000	2.208405588485286	0.34426535756019355	1.0	1.0	2.0
45200000	1.926214799816826	0.6749809639257901	1.0	1.0	2.0
45210000	1.0674090324352885	1.755200126167271	1.0	1.0	2.0
45220000	1.1371174716412407	0.7643639999894607	1.0	1.0	2.0
45230000	1.3104410261006862	1.4951570589197032	1.0	1.0	2.0
45240000	1.0704138096150249	0.026003446488065865	1.0	1.0	2.0
45250000	0.8428563795154662	0.7123391418088021	1.0	1.0	2.0
45260000	4.129332848513662	0.9438527719139982	1.0	1.0	2.0
45270000	0.16776821643496212	0.01907663836724395	1.0	1.0	2.0
45280000	0.1166375124712485	0.23775901395531243	1.0	1.0	2.0
45290000	0.8667180845646417	0.7466099292710174	1.0	1.0	2.0
45300000	3.419566799673822	1.3040532525168307	1.0	1.0	2.0
45310000	0.9223116707525378	0.9333056549788137	1.0	1.0	2.0
45320000	1.288379918853783	0.16126192462709565	1.0	1.0	2.0
45330000	1.0326895219972096	0.25953500721087835	1.0	1.0	2.0
45340000	1.0696898018659147	0.14982592355915564	1.0	1.0	2.0
45350000	0.8727208299502952	0.3231583673207008	1.0	1.0	2.0
45360000	0.45543093181258015	0.0030024453574192295	1.0	1.0	2.0
45370000	1.1508222825009813	1.4317629590585752	1.0	1.0	2.0
45380000	0.9844233099415476	0.3706829940764786	1.0	1.0	2.0
45390000	0.9016836007533429	0.5460078385297301	1.0	1.0	2.0
45400000	2.0039261571502607	0.49254512885352847	1.0	1.0	2.0
45410000	0.45543728154861834	0.1812680752361316	1.0	1.0	2.0
45420000	1.6021949346522695	0.0518939679259511	1.0	1.0	2.0
45430000	0.5791992548176272	2.4103557000289824	1.0	1.0	2.0
45440000	0.570454676949305	2.438621876528903	1.0	1.0	2.0
45450000	0.3212942596450809	0.07718354982716552	1.0	1.0	2.0
45460000	0.8026749351251216	0.6831316516423129	1.0	1.0	2.0
45470000	0.5836500865125306	0.4828075253413869	1.0	1.0	2.0
45480000	0.7291927456345125	0.48638377615095113	1.0	1.0	2.0
45490000	0.8962799006347076	0.08042192490940671	1.0	1.0	2.0
45500000	2.668617708579322	0.7869834847467656	1.0	1.0	2.0
45510000	1.1019157949185752	1.0258571938288275	1.0	1.0	2.0
45520000	1.9172211280901106	0.9968542812945637	1.0	1.0	2.0
45530000	0.882053418255306	0.036408167529936794	1.0	1.0	2.0
45540000	1.5401618466997962	0.5014767509270318	1.0	1.0	2.0
45550000	1.0117445381440207	0.3678952387259157	1.0	1.0	2.0
45560000	0.4644570448725791	0.3172133574853057	1.0	1.0	2.0
45570000	1.191726126243604	0.43781880000423984	1.0	1.0	2.0
45580000	0.06789440787656074	0.019842340017889447	1.0	1.0	2.0
45590000	0.763212337956186	0.6775086934973549	1.0	1.0	2.0
45600000	0.13354590681236006	0.5315939924676693	1.0	1.0	2.0
45610000	1.202459718726234	0.018167620651667587	1.0	1.0	2.0
45620000	0.5109294156463818	0.1399670722292352	1.0	1.0	2.0
45630000	1.1258810928916838	1.080644500357654	1.0	1.0	2.0
45640000	0.6904808771102089	0.3065386131175141	1.0	1.0	2.0
45650000	0.7933424316051076	0.4199871372648898	1.0	1.0	2.0
45660000	1.1279949384507144	1.2170357862596972	1.0	1.0	2.0
45670000	1.4826610358048828	0.16562280511178967	1.0	1.0	2.0
45680000	0.6840073528447967	0.7191171095643649	1.0	1.0	2.0
45690000	1.056574750912435	0.05649511096725496	1.0	1.0	2.0
45700000	0.9780560801802827	1.7385311239453405	1.0	1.0	2.0
45710000	1.02067367156242	0.7528464401595351	1.0	1.0	2.0
45720000	3.3638463268818173	4.066419605065534	1.0	1.0	2.0
45730000	0.3297865390490388	0.1028171743601426	1.0	1.0	2.0
45740000	2.8529806858427955	4.379930785182746	1.0	1.0	2.0
45750000	3.5293516934211904	0.48223704653032207	1.0	1.0	2.0
45760000	0.07443763252140673	0.17526053221803095	1.0	1.0	2.0
45770000	1.3684367121029677	0.7518398352248399	1.0	1.0	2.0
45780000	0.35343142805113775	0.6259661821504549	1.0	1.0	2.0
45790000	0.9416711250106542	0.04451227069115653	1.0	1.0	2.0
45800000	0.6952457609533331	2.033780913317451	1.0	1.0	2.0
45810000	1.5496465973394535	0.13018009011815143	1.0	1.0	2.0
45820000	0.554806298478171	0.8870903814375429	1.0	1.0	2.0
45830000	0.9145687163749366	2.790123947899983	1.0	1.0	2.0
45840000	0.40551684686967215	0.3861799169734762	1.0	1.0	2.0
45850000	1.6291847611689732	1.6997556286606124	1.0	1.0	2.0
45860000	0.3523889756576301	0.6038984659532671	1.0	1.0	2.0
45870000	0.7355072291179692	0.09689748635280232	1.0	1.0	2.0
45880000	2.6567798613612386	0.254718313752392	1.0	1.0	2.0
45890000	0.2589683083480014	0.08510778555987332	1.0	1.0	2.0
45900000	1.89702343171353	0.6624676365386288	1.0	1.0	2.0
45910000	0.27100809604002135	0.19560882426007054	1.0	1.0	2.0
45920000	3.0002465106663374	1.9393611178556154	1.0	1.0	2.0
45930000	1.2905846537663725	0.06489583408114755	1.0	1.0	2.0
45940000	0.2419428026825003	0.018695133680073465	1.0	1.0	2.0
45950000	0.5745468972693206	0.3453495609763293	1.0	1.0	2.0
45960000	1.7099981654270735	1.945944872208682	1.0	1.0	2.0
45970000	1.2757644869841258	0.16708389644248736	1.0	1.0	2.0
45980000	0.07560340802470482	0.021387065567106178	1.0	1.0	2.0
45990000	1.4125959136111692	0.3192020913095331	1.0	1.0	2.0
46000000	1.298227638403516	0.44798718102837726	1.0	1.0	2.0
46010000	3.382085633371049	1.0913938522941422	1.0	1.0	2.0
46020000	0.4654936095169933	0.44736950308927803	1.0	1.0	2.0
46030000	0.9376732417647442	0.25553200876896753	1.0	1.0	2.0
46040000	2.4693349662280366	1.2768279522867172	1.0	1.0	2.0
46050000	0.7771409080589936	1.6957708053021783	1.0	1.0	2.0
46060000	1.0691511120058872	0.19711978572324826	1.0	1.0	2.0
46070000	1.096792918553956	0.6755448094409678	1.0	1.0	2.0
46080000	4.995762227105433	0.06179318780260144	1.0	1.0	2.0
46090000	0.7508443676445218	0.34405426603508465	1.0	1.0	2.0
46100000	1.9525618820386192	0.4078783607023755	1.0	1.0	2.0
46110000	6.673786225629642	0.4613061054457875	1.0	1.0	2.0
46120000	0.1312181239075499	0.012062921924029777	1.0	1.0	2.0
46130000	0.30727958332034333	0.20474358579367274	1.0	1.0	2.0
46140000	2.3279341486354235	0.171787469153652	1.0	1.0	2.0
46150000	1.4508728165086644	0.32646432140191906	1.0	1.0	2.0
46160000	4.169852907026672	2.301645635563054	1.0	1.0	2.0
46170000	0.9387039036978383	0.6626791380005418	1.0	1.0	2.0
46180000	4.847669052321216	1.392471178820961	1.0	1.0	2.0
46190000	0.7824360332226336	0.12954002026231698	1.0	1.0	2.0
46200000	0.40734959384798547	0.07684153512138207	1.0	1.0	2.0
46210000	0.7906801610860053	0.11236688883167585	1.0	1.0	2.0
46220000	1.8879480112883111	0.01883237468446194	1.0	1.0	2.0
46230000	2.5337285139324464	0.18551195008337873	1.0	1.0	2.0
46240000	0.7499451589525837	0.20096346105926247	1.0	1.0	2.0
46250000	0.19084490283400757	0.12683542613840823	1.0	1.0	2.0
46260000	1.1778200595976143	0.028256242730741135	1.0	1.0	2.0
46270000	1.3254014968962455	0.6596199956587733	1.0	1.0	2.0
46280000	0.834560148426384	0.05988269060804784	1.0	1.0	2.0
46290000	0.9182112071055939	0.6830816872325228	1.0	1.0	2.0
46300000	0.6206311511503491	0.012032771387625664	1.0	1.0	2.0
46310000	2.3749608586549176	0.6610143421639405	1.0	1.0	2.0
46320000	1.9256180901162785	0.1941863576643288	1.0	1.0	2.0
46330000	0.26216040452674866	0.2851751405411994	1.0	1.0	2.0
46340000	1.335283539745558	0.3612453888436194	1.0	1.0	2.0
46350000	1.0465580594584523	1.9793078837722176	1.0	1.0	2.0
46360000	1.493409783744175	0.3954145403186678	1.0	1.0	2.0
46370000	1.7762932653341372	1.0303809410799525	1.0	1.0	2.0
46380000	0.7511321178704559	1.6266872228004172	1.0	1.0	2.0
46390000	0.42929198160974547	0.17499861489605129	1.0	1.0	2.0
46400000	1.639492615639012	0.6300860064372868	1.0	1.0	2.0
46410000	0.9121751923970294	1.3550629073237614	1.0	1.0	2.0
46420000	2.2423617132864813	0.04843362476661281	1.0	1.0	2.0
46430000	1.2150954262168625	0.07037800415533323	1.0	1.0	2.0
46440000	2.2033737451259916	0.6473058063929943	1.0	1.0	2.0
46450000	1.6395778888563697	1.114847357605271	1.0	1.0	2.0
46460000	1.9290177705828095	0.15252546869534098	1.0	1.0	2.0
46470000	0.3053130929241474	0.20397050196493333	1.0	1.0	2.0
46480000	0.13116099092834962	0.422903927215168	1.0	1.0	2.0
46490000	2.7305703971033584	0.5846555396350608	1.0	1.0	2.0
46500000	3.9378631660002954	1.6705565694791282	1.0	1.0	2.0
46510000	1.3772704117316394	0.13632332503780806	1.0	1.0	2.0
46520000	0.6155150190524027	0.5567676686499491	1.0	1.0	2.0
46530000	0.759350653291591	0.24880400805746647	1.0	1.0	2.0
46540000	0.3856399931374017	0.4627198746045666	1.0	1.0	2.0
46550000	0.2364811153250013	0.06444645020309898	1.0	1.0	2.0
46560000	0.7124628134615715	0.031022831078492616	1.0	1.0	2.0
46570000	1.3412962647231796	0.1862498984970894	1.0	1.0	2.0
46580000	1.2824473047942186	0.1490833415195459	1.0	1.0	2.0
46590000	0.18936878848755087	0.4598071605440213	1.0	1.0	2.0
46600000	2.4771567761766926	0.12187006752369368	1.0	1.0	2.0
46610000	2.293640938237447	3.8165336768018716	1.0	1.0	2.0
46620000	0.9656679994558969	0.3910865463922394	1.0	1.0	2.0
46630000	0.585031127756506	0.007913590675482644	1.0	1.0	2.0
46640000	2.923161232081698	1.1569580897786746	1.0	1.0	2.0
46650000	1.1106774694290318	1.5341055755236355	1.0	1.0	2.0
46660000	1.571598296693448	0.1571461539783366	1.0	1.0	2.0
46670000	1.2480531394767045	0.3692285832166084	1.0	1.0	2.0
46680000	1.3337971407625588	0.05348757209930028	1.0	1.0	2.0
46690000	0.901169435224509	1.4697735130824516	1.0	1.0	2.0
46700000	0.09985199413416909	0.13193197574863555	1.0	1.0	2.0
46710000	0.42786973829215336	1.5076524805689364	1.0	1.0	2.0
46720000	0.09154258640881897	0.0665187003087118	1.0	1.0	2.0
46730000	3.64819779011298	0.15217369278484635	1.0	1.0	2.0
46740000	1.2174636986822531	2.261623557338279	1.0	1.0	2.0
46750000	0.5404084149607371	0.13050049536310745	1.0	1.0	2.0
46760000	0.9696176795487607	1.0693207525021822	1.0	1.0	2.0
46770000	2.051623755044633	0.6222690971401267	1.0	1.0	2.0
46780000	1.8071678931145505	2.481512830436536	1.0	1.0	2.0
46790000	3.046517245266077	3.8361727286610354	1.0	1.0	2.0
46800000	0.8004371642777093	0.005927529282463348	1.0	1.0	2.0
46810000	0.8660346083573177	0.8439974164990859	1.0	1.0	2.0
46820000	2.7596610577152862	0.0032803952830245155	1.0	1.0	2.0
46830000	0.5938719716029449	0.14616295324684406	1.0	1.0	2.0
46840000	0.6130772511097815	0.0018655640390551303	1.0	1.0	2.0
46850000	0.3460257919681825	0.2757949319572746	1.0	1.0	2.0
46860000	2.4805565466600905	1.313445814861774	1.0	1.0	2.0
46870000	3.311543507432619	0.2585875860964333	1.0	1.0	2.0
46880000	1.0337324526249791	0.8324249058545875	1.0	1.0	2.0
46890000	2.0027779870401785	0.08829087867178914	1.0	1.0	2.0
46900000	6.399007699857605	4.2339854766448894	1.0	1.0	2.0
46910000	1.679592597351074	0.8907071144241648	1.0	1.0	2.0
46920000	1.6423235697616305	0.2260525831868556	1.0	1.0	2.0
46930000	0.3325858231440339	0.6115074058045495	1.0	1.0	2.0
46940000	2.0482330350614015	0.5491641110894587	1.0	1.0	2.0
46950000	2.464609476572564	2.277323152288679	1.0	1.0	2.0
46960000	0.8413602583722056	0.03379677748597624	1.0	1.0	2.0
46970000	0.43041397472450593	0.6034574469012498	1.0	1.0	2.0
46980000	0.5194623934722385	0.15078920552569233	1.0	1.0	2.0
46990000	0.6010497820545122	0.9059597426169216	1.0	1.0	2.0
47000000	0.8200187978334137	1.4930535488508554	1.0	1.0	2.0
47010000	1.6125011641509857	0.0845615199057412	1.0	1.0	2.0
47020000	0.7118656812300999	0.9395183415841608	1.0	1.0	2.0
47030000	0.25680113953384714	0.3819441109413714	1.0	1.0	2.0
47040000	1.1622289056081705	0.00730487681579024	1.0	1.0	2.0
47050000	0.21909792165968273	0.19407102523428824	1.0	1.0	2.0
47060000	0.7628010141450625	0.10895400525390964	1.0	1.0	2.0
47070000	0.4706296517851926	0.1053813920336505	1.0	1.0	2.0
47080000	0.9785716182519013	0.43686274968772754	1.0	1.0	2.0
47090000	0.533739559586376	0.34022971759000703	1.0	1.0	2.0
47100000	0.07198212829015184	0.0038360028853644036	1.0	1.0	2.0
47110000	0.6733634279910862	1.124042813527309	1.0	1.0	2.0
47120000	2.1874927322581375	0.9553509775871781	1.0	1.0	2.0
47130000	1.0091052628751953	0.35374050850334643	1.0	1.0	2.0
47140000	2.4010831926487364	0.6043987206469447	1.0	1.0	2.0
47150000	0.7175650548222171	0.045360168680237074	1.0	1.0	2.0
47160000	0.5462138898334775	0.7915054571241046	1.0	1.0	2.0
47170000	1.574999924295761	1.7359468665359226	1.0	1.0	2.0
47180000	1.4670987892424263	0.03819227083134807	1.0	1.0	2.0
47190000	1.202571183927144	0.29655262677000177	1.0	1.0	2.0
47200000	5.01195877468894	0.3973641321988096	1.0	1.0	2.0
47210000	2.93576853834578	0.18214598880175428	1.0	1.0	2.0
47220000	1.2291086484587377	1.210909496015292	1.0	1.0	2.0
47230000	0.896080349934008	2.2880633284184726	1.0	1.0	2.0
47240000	0.26630536828178225	0.21329674620751804	1.0	1.0	2.0
47250000	0.6709077060241837	0.25653244261974034	1.0	1.0	2.0
47260000	0.573293848063285	0.7169611549007125	1.0	1.0	2.0
47270000	1.735677829176716	1.6774774555494762	1.0	1.0	2.0
47280000	3.206124861392433	0.6839132537590602	1.0	1.0	2.0
47290000	0.6047161339833969	0.1263400600434211	1.0	1.0	2.0
47300000	1.7421543141726668	0.14562637614592314	1.0	1.0	2.0
47310000	0.7275130042252231	0.4185306745394308	1.0	1.0	2.0
47320000	1.1731215563206827	0.9473197259829766	1.0	1.0	2.0
47330000	0.5782890035363258	0.42012841246801574	1.0	1.0	2.0
47340000	2.0849357586842037	0.022396977530408483	1.0	1.0	2.0
47350000	0.41001436280762604	0.28223066196834046	1.0	1.0	2.0
47360000	0.6533137603432878	0.5730544280836886	1.0	1.0	2.0
47370000	1.7556411627812778	1.0527626164828179	1.0	1.0	2.0
47380000	0.3539065597629711	0.01446370064408371	1.0	1.0	2.0
47390000	0.47436704607897434	2.7381819409648056	1.0	1.0	2.0
47400000	0.7704068747406839	0.924597194187471	1.0	1.0	2.0
47410000	1.2032811609034342	0.7980906489102596	1.0	1.0	2.0
47420000	3.0010519043720003	0.39630492228819714	1.0	1.0	2.0
47430000	1.610511427662422	2.3234666094160454	1.0	1.0	2.0
47440000	0.8909305389890837	0.010451643376385225	1.0	1.0	2.0
47450000	0.645041048733485	0.27163177934775223	1.0	1.0	2.0
47460000	2.311769375014166	0.7435497150587574	1.0	1.0	2.0
47470000	0.4821548722695882	0.3731628821225244	1.0	1.0	2.0
47480000	1.4924667251120542	0.12203362617104739	1.0	1.0	2.0
47490000	2.155522783200807	0.5684085134917451	1.0	1.0	2.0
47500000	1.809130372379251	1.0648037827216073	1.0	1.0	2.0
47510000	1.7603156869554832	0.14826799309460725	1.0	1.0	2.0
47520000	0.04787323315154651	0.1443452843469959	1.0	1.0	2.0
47530000	0.6603004543828831	0.8357272105953053	1.0	1.0	2.0
47540000	0.528115282181023	0.03955822015453454	1.0	1.0	2.0
47550000	5.424187822755859	0.020198801111245224	1.0	1.0	2.0
47560000	0.28794646979969096	0.014712987962371292	1.0	1.0	2.0
47570000	1.6237798130207088	0.9486872314954932	1.0	1.0	2.0
47580000	0.6815067377119982	0.6414750806137678	1.0	1.0	2.0
47590000	1.0797564854334798	0.37140222777474	1.0	1.0	2.0
47600000	1.8766119979085978	1.3865857839704356	1.0	1.0	2.0
47610000	1.1592585107175508	0.5727503869953118	1.0	1.0	2.0
47620000	1.456033067032206	0.6180566869110251	1.0	1.0	2.0
47630000	2.128667420263606	0.7291759998567897	1.0	1.0	2.0
47640000	0.30838899373081496	0.26219983641689043	1.0	1.0	2.0
47650000	0.27850044437109434	0.10289112756393733	1.0	1.0	2.0
47660000	1.0250283151993484	0.6075535087507334	1.0	1.0	2.0
47670000	0.6800771249569992	0.07656430762943203	1.0	1.0	2.0
47680000	0.3371799644658954	0.6427129592617336	1.0	1.0	2.0
47690000	0.24890831335559707	0.8343513533258989	1.0	1.0	2.0
47700000	1.1256539859334294	2.614678809879935	1.0	1.0	2.0
47710000	3.0081916838243545	0.6775066070710578	1.0	1.0	2.0
47720000	1.1666731852676988	0.3331554024379466	1.0	1.0	2.0
47730000	0.6641179977457601	0.8465198850563933	1.0	1.0	2.0
47740000	1.3372924022611279	0.1994198380593277	1.0	1.0	2.0
47750000	0.3824019723835414	0.03954276730200258	1.0	1.0	2.0
47760000	7.017010978708476	0.5058463542775099	1.0	1.0	2.0
47770000	0.318337688448213	0.4177336115124467	1.0	1.0	2.0
47780000	1.014400794685998	1.1486879076918504	1.0	1.0	2.0
47790000	1.493062954652875	0.48984079613330245	1.0	1.0	2.0
47800000	1.4692220614015796	0.2718090512796866	1.0	1.0	2.0
47810000	0.14034063426458931	0.04648194895917543	1.0	1.0	2.0
47820000	0.773190183423455	1.0371764411127586	1.0	1.0	2.0
47830000	0.23726854351193422	0.06650060232132962	1.0	1.0	2.0
47840000	1.251624210349832	0.22807386330857965	1.0	1.0	2.0
47850000	4.2772288413724375	0.5594355035743087	1.0	1.0	2.0
47860000	5.677707536999768	0.9889209120039804	1.0	1.0	2.0
47870000	1.7112835413560232	0.08626413857443377	1.0	1.0	2.0
47880000	1.0270295444796143	0.15443779692908188	1.0	1.0	2.0
47890000	0.22615523098118212	0.6892049906218595	1.0	1.0	2.0
47900000	0.7260949192091557	0.5349375662825051	1.0	1.0	2.0
47910000	1.4862723218423473	0.6617449638000004	1.0	1.0	2.0
47920000	0.8217380205027836	0.47941080853342527	1.0	1.0	2.0
47930000	2.601151847903437	0.9475543722444968	1.0	1.0	2.0
47940000	0.3316803044823256	0.21080422038215035	1.0	1.0	2.0
47950000	0.07822920682271824	0.010241673335748673	1.0	1.0	2.0
47960000	1.563044369336686	0.1385691192693502	1.0	1.0	2.0
47970000	0.4466255045911628	1.325723625728455	1.0	1.0	2.0
47980000	4.138306322925296	0.018404829051146807	1.0	1.0	2.0
47990000	0.5345474841855384	0.9326870898027863	1.0	1.0	2.0
48000000	2.323643092074817	0.24382710697718998	1.0	1.0	2.0
48010000	1.2744192276645163	0.12137113323141621	1.0	1.0	2.0
48020000	1.355027062727658	0.04683811522866204	1.0	1.0	2.0
48030000	2.9054605630944894	0.07670532803171756	1.0	1.0	2.0
48040000	1.3266129978902172	2.028675885792856	1.0	1.0	2.0
48050000	0.8068188105612548	0.6570487080560482	1.0	1.0	2.0
48060000	0.7903716148993882	0.48540594086213346	1.0	1.0	2.0
48070000	6.419981362332892	1.5143275396195477	1.0	1.0	2.0
48080000	0.34277932098801095	0.22280145403897889	1.0	1.0	2.0
48090000	1.9300601348324584	0.33843013281912343	1.0	1.0	2.0
48100000	0.9934136028838133	0.8635801447034226	1.0	1.0	2.0
48110000	0.8235123910621979	0.11402917049130445	1.0	1.0	2.0
48120000	0.6310979135394206	2.0364889870079863	1.0	1.0	2.0
48130000	0.2106906446995941	0.5636050420685795	1.0	1.0	2.0
48140000	2.7326488819665897	0.05740828989662739	1.0	1.0	2.0
48150000	1.5437968434484468	0.039026201802225415	1.0	1.0	2.0
48160000	2.1468935017236586	1.492737838702318	1.0	1.0	2.0
48170000	3.9048649549040366	0.9914368211024652	1.0	1.0	2.0
48180000	0.901352263683081	1.094973538844197	1.0	1.0	2.0
48190000	0.3774572088144408	0.17485751802254687	1.0	1.0	2.0
48200000	0.28374948464846533	0.3295304394085792	1.0	1.0	2.0
48210000	5.350308641619152	1.3435306292610487	1.0	1.0	2.0
48220000	0.9607587268865226	1.7014309698651755	1.0	1.0	2.0
48230000	1.8066838017395528	0.2735644332456977	1.0	1.0	2.0
48240000	0.4435683022726897	0.897606653140087	1.0	1.0	2.0
48250000	1.0658783227706943	0.8894126262365613	1.0	1.0	2.0
48260000	0.5623216138791074	0.3808652342925555	1.0	1.0	2.0
48270000	1.0110525899174734	0.23630990043053277	1.0	1.0	2.0
48280000	0.4559902264966367	0.29355892973537534	1.0	1.0	2.0
48290000	1.1164233149426774	1.2318616260094168	1.0	1.0	2.0
48300000	0.14706134888186032	1.540135524693253	1.0	1.0	2.0
48310000	0.7480033367381472	0.573701496930145	1.0	1.0	2.0
48320000	3.0236456707467223	0.5190155098885783	1.0	1.0	2.0
48330000	0.5400499996902721	0.06387268657243225	1.0	1.0	2.0
48340000	0.3763554657668045	0.8217507451591074	1.0	1.0	2.0
48350000	1.5050585627732553	0.9656064949907861	1.0	1.0	2.0
48360000	0.12629354583862998	0.07924879377197779	1.0	1.0	2.0
48370000	1.2654477163383173	0.30960677648325996	1.0	1.0	2.0
48380000	0.3366781429050536	0.33307025291078174	1.0	1.0	2.0
48390000	1.3699330082729224	1.4338025029029982	1.0	1.0	2.0
48400000	1.3188168068507455	0.24353802437437042	1.0	1.0	2.0
48410000	0.3714702623286901	0.005333147943803606	1.0	1.0	2.0
48420000	2.1842109022590677	0.5849242081951053	1.0	1.0	2.0
48430000	0.8597296429362263	0.6026496728132285	1.0	1.0	2.0
48440000	0.033863042768410886	0.15837256361625152	1.0	1.0	2.0
48450000	0.4442463524328657	0.4838550309935088	1.0	1.0	2.0
48460000	0.4616975774862951	0.2940648708654999	1.0	1.0	2.0
48470000	1.8046915702378814	1.513503039357215	1.0	1.0	2.0
48480000	1.5334775342392648	0.22843540337592663	1.0	1.0	2.0
48490000	0.40289927455310404	0.48572256407966513	1.0	1.0	2.0
48500000	2.422201945787421	0.05839134012312862	1.0	1.0	2.0
48510000	1.3356747723611853	1.0870457918018246	1.0	1.0	2.0
48520000	1.1621829208828205	0.7346813873375049	1.0	1.0	2.0
48530000	1.763392354010221	0.891364314487398	1.0	1.0	2.0
48540000	1.2168578111394253	0.37453831355655626	1.0	1.0	2.0
48550000	1.2147508974957266	0.6838823254113272	1.0	1.0	2.0
48560000	0.8503966481065118	0.7086530939984006	1.0	1.0	2.0
48570000	0.5360849122491724	0.18191908013296224	1.0	1.0	2.0
48580000	0.6590515388059303	0.2677096125588839	1.0	1.0	2.0
48590000	2.7849309655697527	0.17968656494095045	1.0	1.0	2.0
48600000	3.1755626562092054	0.3206201098063088	1.0	1.0	2.0
48610000	1.4173211578789473	0.9206551060595176	1.0	1.0	2.0
48620000	0.2826293046763881	1.207592586022972	1.0	1.0	2.0
48630000	1.579144630890035	0.1094085617890911	1.0	1.0	2.0
48640000	2.876247969802429	0.22665801136884028	1.0	1.0	2.0
48650000	0.17025561850799048	0.03207298903247164	1.0	1.0	2.0
48660000	0.679972643917068	0.16658933589942426	1.0	1.0	2.0
48670000	1.210894820413811	0.5789989934152876	1.0	1.0	2.0
48680000	1.4917283751896029	0.21128435914216093	1.0	1.0	2.0
48690000	0.44779315177499157	0.10018193485584767	1.0	1.0	2.0
48700000	0.6285922685926697	0.05590116115989127	1.0	1.0	2.0
48710000	0.1753477184732213	0.28091232457316206	1.0	1.0	2.0
48720000	0.5009826598504628	1.494427019979105	1.0	1.0	2.0
48730000	3.545358765030424	0.947704628688474	1.0	1.0	2.0
48740000	1.4314582270668794	0.23685363378805166	1.0	1.0	2.0
48750000	4.927201909344768	0.7814305048223368	1.0	1.0	2.0
48760000	0.10558807196325805	0.07605354836697327	1.0	1.0	2.0
48770000	1.3727372353035068	0.17955783154024246	1.0	1.0	2.0
48780000	1.077701977777729	0.38739448392518433	1.0	1.0	2.0
48790000	0.34291117924200915	0.1569812963760193	1.0	1.0	2.0
48800000	0.7808434485205862	0.0859569801064019	1.0	1.0	2.0
48810000	0.700112279855369	0.26178215813292566	1.0	1.0	2.0
48820000	0.04254968698518493	0.10669382842576695	1.0	1.0	2.0
48830000	0.9789207889690531	0.840238559705485	1.0	1.0	2.0
48840000	3.2693384831832	0.15378409694755704	1.0	1.0	2.0
48850000	0.19048797258467826	0.00530147424518231	1.0	1.0	2.0
48860000	0.3048508725372977	0.09244410363515912	1.0	1.0	2.0
48870000	1.5991832748176584	0.7510316111741138	1.0	1.0	2.0
48880000	0.4272886289392802	2.2561813948951	1.0	1.0	2.0
48890000	0.9185451647023841	1.2616692162961438	1.0	1.0	2.0
48900000	3.8491809947915407	1.176513045094757	1.0	1.0	2.0
48910000	1.2667095362871823	1.4299148919163045	1.0	1.0	2.0
48920000	5.094981485719753	1.999720327387387	1.0	1.0	2.0
48930000	1.3150986544613814	0.4344428147215025	1.0	1.0	2.0
48940000	0.5605752677210463	0.012370457925638147	1.0	1.0	2.0
48950000	0.7806555244784831	0.014613316588644022	1.0	1.0	2.0
48960000	0.7380140299985669	0.6460340173171707	1.0	1.0	2.0
48970000	1.8977674433091307	1.3527797545996179	1.0	1.0	2.0
48980000	1.276884534300751	0.19421651738494047	1.0	1.0	2.0
48990000	1.165889545830285	0.058888582820195295	1.0	1.0	2.0
49000000	0.8411702699615656	0.16252176569545485	1.0	1.0	2.0
49010000	1.3586031712269235	2.642826366903824	1.0	1.0	2.0
49020000	0.7880486999786704	0.3694193449216135	1.0	1.0	2.0
49030000	1.4835132070521988	0.7123241648557461	1.0	1.0	2.0
49040000	1.8726971080972574	0.09682978029512915	1.0	1.0	2.0
49050000	0.4757443861605726	0.008636251579633351	1.0	1.0	2.0
49060000	0.2569348685875685	0.09603820444715741	1.0	1.0	2.0
49070000	2.464794272325144	1.6784601956443959	1.0	1.0	2.0
49080000	1.498324185738454	0.9114964410517956	1.0	1.0	2.0
49090000	1.0596259525684693	0.02402241981809925	1.0	1.0	2.0
49100000	0.1621156947696626	0.016460896536857297	1.0	1.0	2.0
49110000	1.1198167402490053	0.21938932272181347	1.0	1.0	2.0
49120000	1.3454487235748678	0.691426626467594	1.0	1.0	2.0
49130000	0.6984629458954682	0.09130545071412224	1.0	1.0	2.0
49140000	1.84083919169737	0.5301887454117559	1.0	1.0	2.0
49150000	1.435557489976217	0.46069351330903874	1.0	1.0	2.0
49160000	0.6094303884806765	0.399038731080542	1.0	1.0	2.0
49170000	0.8678318171434221	0.11429652587056895	1.0	1.0	2.0
49180000	2.1928103715574463	0.05610560113444135	1.0	1.0	2.0
49190000	0.9238144717524486	0.2250465120283379	1.0	1.0	2.0
49200000	0.509817774819461	0.008063739069380549	1.0	1.0	2.0
49210000	0.3241860005216406	0.39057659279477347	1.0	1.0	2.0
49220000	1.17902368826215	0.24682806247427383	1.0	1.0	2.0
49230000	1.1639800024942335	0.44021955055832335	1.0	1.0	2.0
49240000	1.9789832460540293	0.4487905455004733	1.0	1.0	2.0
49250000	1.0189338181752843	0.18286028085636905	1.0	1.0	2.0
49260000	2.7262557227702904	0.9811967420304335	1.0	1.0	2.0
49270000	4.464738923095389	1.9465666224228093	1.0	1.0	2.0
49280000	1.7250322753351883	0.16915223543491595	1.0	1.0	2.0
49290000	1.7401186546374416	0.19000377844309033	1.0	1.0	2.0
49300000	0.12043817380048183	0.3947573426253536	1.0	1.0	2.0
49310000	0.6735037780370298	2.3639384593791015	1.0	1.0	2.0
49320000	0.7093424555135845	0.10647752582561441	1.0	1.0	2.0
49330000	1.1889346744032936	1.0804682983182214	1.0	1.0	2.0
49340000	0.33506996626956975	0.15620418466311092	1.0	1.0	2.0
49350000	1.691694606766271	1.5474414502281864	1.0	1.0	2.0
49360000	3.7096701056095096	1.0780192441933798	1.0	1.0	2.0
49370000	0.28979117969796575	0.1598840110236741	1.0	1.0	2.0
49380000	0.46132429413639414	0.0875880867977426	1.0	1.0	2.0
49390000	2.4537716409127834	0.3398329172460029	1.0	1.0	2.0
49400000	0.34247222893799917	0.10100206194343682	1.0	1.0	2.0
49410000	2.1538347872483334	0.04669423497584744	1.0	1.0	2.0
49420000	2.186694180607384	1.173128043226961	1.0	1.0	2.0
49430000	2.2161854790449413	0.27769149651736996	1.0	1.0	2.0
49440000	1.7697809467810226	0.1618349258243321	1.0	1.0	2.0
49450000	1.0372362671371824	0.012139240101430516	1.0	1.0	2.0
49460000	0.28568456517239565	0.015639127093757275	1.0	1.0	2.0
49470000	2.6712447975234603	0.7119435613232136	1.0	1.0	2.0
49480000	1.1651356501044305	0.05807729543960811	1.0	1.0	2.0
49490000	0.8218792433922941	0.1635727822700974	1.0	1.0	2.0
49500000	0.8891246847163798	0.15449618682324875	1.0	1.0	2.0
49510000	0.6785574126374574	1.7996813218736374	1.0	1.0	2.0
49520000	2.226589155121791	0.8276571662780212	1.0	1.0	2.0
49530000	0.1785580754897945	0.01893175112716308	1.0	1.0	2.0
49540000	0.26317899732194117	0.006762058240823881	1.0	1.0	2.0
49550000	0.41756438461863576	0.04828984433185428	1.0	1.0	2.0
49560000	0.540210457121671	0.1955645649752539	1.0	1.0	2.0
49570000	2.200810295985847	0.34398274071413876	1.0	1.0	2.0
49580000	0.6120238297449769	0.1744955326672933	1.0	1.0	2.0
49590000	3.4238877335762288	1.3811451866223927	1.0	1.0	2.0
49600000	0.5671170315794684	0.6098917720074445	1.0	1.0	2.0
49610000	0.3852837064648377	0.04839458603877597	1.0	1.0	2.0
49620000	0.6332605705213232	0.4934375097327268	1.0	1.0	2.0
49630000	1.8769487848378394	0.19404188981660642	1.0	1.0	2.0
49640000	2.0936169644367673	0.4299401046338923	1.0	1.0	2.0
49650000	1.4991866610441487	0.3532926411007322	1.0	1.0	2.0
49660000	0.14459683228818257	0.059342812120873674	1.0	1.0	2.0
49670000	1.0913436457656658	0.46446595475623464	1.0	1.0	2.0
49680000	0.8247574965222522	0.44940801706812017	1.0	1.0	2.0
49690000	1.7485769174758798	0.09055594667150449	1.0	1.0	2.0
49700000	4.648834215543273	0.04493854801437514	1.0	1.0	2.0
49710000	2.8102220776935742	0.05663121545449451	1.0	1.0	2.0
49720000	1.3862516972278034	0.06398600558523403	1.0	1.0	2.0
49730000	0.1814022882080797	0.1944769720284726	1.0	1.0	2.0
49740000	0.05351620198585427	0.1394008785634791	1.0	1.0	2.0
49750000	0.6929914406061637	0.14115577312532585	1.0	1.0	2.0
49760000	0.010249125973752878	0.0039392497871361285	1.0	1.0	2.0
49770000	1.5774240121124887	0.18168730752725343	1.0	1.0	2.0
49780000	3.6536253068545768	0.14111328479768004	1.0	1.0	2.0
49790000	0.3540825183237366	0.451818423304405	1.0	1.0	2.0
49800000	1.2426193297279708	0.48421780872610637	1.0	1.0	2.0
49810000	0.5180699504024904	0.39248347634945	1.0	1.0	2.0
49820000	0.5113866759439234	0.6150441051712635	1.0	1.0	2.0
49830000	0.6292885764918695	0.09557210041408196	1.0	1.0	2.0
49840000	1.539247084522636	0.7699702852558268	1.0	1.0	2.0
49850000	0.8532375794882279	1.0776217480785875	1.0	1.0	2.0
49860000	0.45561571852773736	0.1729965152724929	1.0	1.0	2.0
49870000	1.8719462579667727	1.279511240230474	1.0	1.0	2.0
49880000	0.3357727049196282	0.3748218237973143	1.0	1.0	2.0
49890000	2.4187840351601233	0.2749934610901947	1.0	1.0	2.0
49900000	2.135065779392263	0.6269135348826594	1.0	1.0	2.0
49910000	0.9563225915177579	0.08966087547475375	1.0	1.0	2.0
49920000	1.0764045919905598	0.9571455355508722	1.0	1.0	2.0
49930000	1.923926513616891	0.5417871854516768	1.0	1.0	2.0
49940000	1.0491095151108845	0.4805515566037363	1.0	1.0	2.0
49950000	0.7652241186641051	0.051303550179160176	0.0	1.0	1.0
49960000	0.8372890054395593	0.8245607746797903	1.0	1.0	2.0
49970000	2.7499870235907977	0.31220632584914443	1.0	1.0	2.0
49980000	0.5063283436798032	0.05775335165190347	1.0	1.0	2.0
49990000	2.8657906615858515	0.4128336844827707	1.0	1.0	2.0
50000000	1.1264219761829914	0.29899333762187474	1.0	1.0	2.0
50010000	2.229412310712195	0.1413413832411907	1.0	1.0	2.0
50020000	1.9073366937081704	0.8715315667448772	1.0	1.0	2.0
50030000	0.4487705198256991	0.39681164755594867	1.0	1.0	2.0
50040000	0.911931483857131	1.470531391158615	1.0	1.0	2.0
50050000	1.736787968533137	1.292485176078976	1.0	1.0	2.0
50060000	0.10122408776420526	0.13728869006829522	1.0	1.0	2.0
50070000	6.28037470400026	0.5593748118046927	1.0	1.0	2.0
50080000	1.0850508715597988	0.12817048403495637	1.0	1.0	2.0
50090000	0.9235026833868928	2.2424789880040468	1.0	1.0	2.0
50100000	0.9933313550941386	0.3889377622663443	1.0	1.0	2.0
50110000	1.8013075481601726	0.3482758001809211	1.0	1.0	2.0
50120000	0.591722790090048	0.7237860514854164	1.0	1.0	2.0
50130000	0.7457625595574318	0.8084862923637628	1.0	1.0	2.0
50140000	1.4815893185298996	0.9027848887922301	1.0	1.0	2.0
50150000	0.9239311836732036	0.07459552676785736	1.0	1.0	2.0
50160000	1.5164494135547093	0.14238359618284882	1.0	1.0	2.0
50170000	0.412681488111447	0.36935706262961693	1.0	1.0	2.0
50180000	0.4600544795719088	0.015632822896551764	1.0	1.0	2.0
50190000	0.2559251155455255	0.4770658132194057	1.0	1.0	2.0
50200000	1.5286130847530603	0.6917198389865695	1.0	1.0	2.0
50210000	3.065559800685313	1.1935570559506863	1.0	1.0	2.0
50220000	0.4279908513963919	0.25517859003095417	1.0	1.0	2.0
50230000	0.23253856928728137	0.10792400774210893	1.0	1.0	2.0
50240000	0.7909768190220542	0.10024949315603386	1.0	1.0	2.0
50250000	0.5619975732721733	0.575103972142489	1.0	1.0	2.0
50260000	0.8649348061732184	0.31922126432668296	1.0	1.0	2.0
50270000	2.78904555969523	0.026299675827414257	1.0	1.0	2.0
50280000	1.6251082861668522	0.8997863612800182	1.0	1.0	2.0
50290000	0.7117964632540296	0.6142973985118848	1.0	1.0	2.0
50300000	1.3159894778940258	0.05985881886826759	1.0	1.0	2.0
50310000	1.6824878074694531	1.1921828930596488	1.0	1.0	2.0
50320000	2.9564291448545057	0.21129785671149182	1.0	1.0	2.0
50330000	2.133836277850094	1.0923223510177618	1.0	1.0	2.0
50340000	0.8244523697158256	0.1457918076895175	1.0	1.0	2.0
50350000	7.814354601358827	0.2986648348785802	1.0	1.0	2.0
50360000	1.1401349734314503	0.10516428183677454	1.0	1.0	2.0
50370000	0.8253753000822964	0.18690199239291838	1.0	1.0	2.0
50380000	0.5826709030964969	0.1951889580685048	1.0	1.0	2.0
50390000	0.42982097903242933	0.4150961209401622	1.0	1.0	2.0
50400000	1.6385635090541406	0.13778002737909095	1.0	1.0	2.0
50410000	0.7867677736631596	1.0281778435794835	1.0	1.0	2.0
50420000	2.0899786277032444	1.2956519927783858	1.0	1.0	2.0
50430000	1.7315206624467305	1.4476674155720806	1.0	1.0	2.0
50440000	2.385881171752443	1.099553767123564	1.0	1.0	2.0
50450000	0.44687691807882957	0.33740260367977654	1.0	1.0	2.0
50460000	0.37227236174769984	0.6601815032048746	1.0	1.0	2.0
50470000	0.8179827607905701	3.25541424574473	1.0	1.0	2.0
50480000	1.3269278421738806	0.29444063142940047	1.0	1.0	2.0
50490000	1.622202635838621	0.2614524735121455	1.0	1.0	2.0
50500000	0.9273122256106024	0.08408098869607802	1.0	1.0	2.0
50510000	0.5878761384470454	0.14037007638394805	1.0	1.0	2.0
50520000	1.8299917583356429	0.4641797159957466	1.0	1.0	2.0
50530000	0.8125828068848235	1.5273335807303587	1.0	1.0	2.0
50540000	0.23356553566754165	0.04683741386327217	1.0	1.0	2.0
50550000	2.5999477381011484	0.4965941853653245	1.0	1.0	2.0
50560000	0.13193286910945903	0.5402163175400037	1.0	1.0	2.0
50570000	0.44682115268091266	0.18363711066177926	1.0	1.0	2.0
50580000	0.14836670578064717	0.24572621963843042	1.0	1.0	2.0
50590000	0.6178306007542609	0.29417804342396303	1.0	1.0	2.0
50600000	0.8059101466048759	0.9690364964192353	1.0	1.0	2.0
50610000	0.3643390086887951	7.873792463892491E-4	1.0	1.0	2.0
50620000	0.8860723097542357	2.889119251776703	1.0	1.0	2.0
50630000	2.748168609143692	0.6438063575742191	1.0	1.0	2.0
50640000	1.2498076279195418	0.443070793367582	1.0	1.0	2.0
50650000	0.8109821171927354	1.2279128310948486	1.0	1.0	2.0
50660000	2.4629286887767745	2.318923491431448	1.0	1.0	2.0
50670000	0.7247728568849924	0.49082457078188385	1.0	1.0	2.0
50680000	0.6603717178674245	0.05110651560807666	1.0	1.0	2.0
50690000	1.2351724832633524	0.3257833780905011	1.0	1.0	2.0
50700000	0.20963538418453925	0.5098585927834599	1.0	1.0	2.0
50710000	0.7930429397271357	0.007491847561251695	1.0	1.0	2.0
50720000	1.7337617802924663	0.4231550082147249	1.0	1.0	2.0
50730000	4.003127831801158	0.17589386589428785	1.0	1.0	2.0
50740000	3.9739968454557837	0.6380344575744044	1.0	1.0	2.0
50750000	0.8449564565959642	0.28382900350395157	1.0	1.0	2.0
50760000	0.749197951498169	0.8077288126110203	1.0	1.0	2.0
50770000	0.7361055338384834	0.1978590808043622	1.0	1.0	2.0
50780000	3.567283674768115	1.1245958232146067	1.0	1.0	2.0
50790000	2.3034770072146777	0.23403989082579607	1.0	1.0	2.0
50800000	1.191225586361008	1.7432179489797757	1.0	1.0	2.0
50810000	1.709117125934821	0.04704979646351004	1.0	1.0	2.0
50820000	0.7242611072927894	0.5901446079514365	1.0	1.0	2.0
50830000	3.605571703980782	1.5043898162646785	1.0	1.0	2.0
50840000	0.508175753901679	0.012240934467725798	1.0	1.0	2.0
50850000	0.2094692260022552	0.4249293823399094	1.0	1.0	2.0
50860000	0.6012493623951556	0.0703163721679622	1.0	1.0	2.0
50870000	0.7452466450452746	0.3140577312076541	1.0	1.0	2.0
50880000	1.227046976526722	0.028557397419805768	1.0	1.0	2.0
50890000	1.2961607059053013	0.16728797512861113	1.0	1.0	2.0
50900000	4.368997540456906	0.206758360274382	1.0	1.0	2.0
50910000	1.180166326738622	0.33804745562993643	1.0	1.0	2.0
50920000	1.079171639135074	0.32352774493222775	1.0	1.0	2.0
50930000	0.8263154752383659	0.08819706954606371	1.0	1.0	2.0
50940000	1.5646972502285552	0.8420174940611823	1.0	1.0	2.0
50950000	0.1614095296764012	0.19101796252760456	1.0	1.0	2.0
50960000	2.198153434184548	0.30895168654642335	1.0	1.0	2.0
50970000	2.1247040312383545	0.18981051449912628	1.0	1.0	2.0
50980000	0.5877926501777574	0.3061934494172719	1.0	1.0	2.0
50990000	1.011669546178363	1.7360480142331949	1.0	1.0	2.0
51000000	1.94335490227623	0.03327881661473553	1.0	1.0	2.0
51010000	1.402357778562627	0.5407795770387476	1.0	1.0	2.0
51020000	0.5423549460021936	0.15983836207543853	1.0	1.0	2.0
51030000	0.3504099278876739	0.24603852187235947	1.0	1.0	2.0
51040000	1.8636856869314102	1.322964818977269	1.0	1.0	2.0
51050000	0.9627297981775662	0.1033328694669026	1.0	1.0	2.0
51060000	0.8134679900505991	0.006841488815579941	1.0	1.0	2.0
51070000	0.660036447707041	0.2273497154912918	1.0	1.0	2.0
51080000	0.43031422638522554	0.6352359213203388	1.0	1.0	2.0
51090000	3.520712025243836	0.7255147426498783	1.0	1.0	2.0
51100000	1.0446137195180338	0.04596203019795483	1.0	1.0	2.0
51110000	0.5541356510616204	0.2561598423543252	1.0	1.0	2.0
51120000	0.7264687767064146	0.03203136184064166	1.0	1.0	2.0
51130000	0.2029854806906055	0.08179833367599539	1.0	1.0	2.0
51140000	0.7871898347219054	0.35897488303798825	1.0	1.0	2.0
51150000	0.3853604486605138	0.1441933399324077	1.0	1.0	2.0
51160000	2.7904546376104475	1.6692775085807765	1.0	1.0	2.0
51170000	3.911052575610633	0.37553174708764975	1.0	1.0	2.0
51180000	3.006600279978262	0.4669011703731229	1.0	1.0	2.0
51190000	0.625352598720322	1.0536541018188321	1.0	1.0	2.0
51200000	1.2125273310650417	0.7153647224046942	1.0	1.0	2.0
51210000	0.41243762976297804	0.3466934449603536	1.0	1.0	2.0
51220000	1.731677178432983	0.5517855481723438	1.0	1.0	2.0
51230000	0.5615130635201204	0.14911790646492798	1.0	1.0	2.0
51240000	2.6589088731376993	0.8516853059240466	1.0	1.0	2.0
51250000	2.6269284863871727	2.687035011571918	1.0	1.0	2.0
51260000	0.7699018340030199	0.5650411646418407	1.0	1.0	2.0
51270000	0.36798682905341107	0.028821671006648574	1.0	1.0	2.0
51280000	0.9858234219064461	0.5517434898022305	1.0	1.0	2.0
51290000	2.340765505972124	0.0344243759624498	1.0	1.0	2.0
51300000	0.9936537099206666	2.3999310991375458	1.0	1.0	2.0
51310000	0.1859933246319852	0.19429383147577436	1.0	1.0	2.0
51320000	0.9779943179548934	0.29156900495361776	1.0	1.0	2.0
51330000	0.1187088920166035	0.7630360388011234	1.0	1.0	2.0
51340000	0.552948294043009	0.19811304918113704	1.0	1.0	2.0
51350000	0.3869378432640366	0.5505370466529768	1.0	1.0	2.0
51360000	1.0793389391987893	0.5156021855662454	1.0	1.0	2.0
51370000	0.8198091565612585	0.9237872981588604	1.0	1.0	2.0
51380000	1.395872404531683	0.3707760747866136	1.0	1.0	2.0
51390000	0.18849444576497665	0.008726966779251137	1.0	1.0	2.0
51400000	1.3842185817510375	1.068870847396083	1.0	1.0	2.0
51410000	0.3864007909787778	0.9753478840289618	1.0	1.0	2.0
51420000	0.3124958304739656	0.4453076990336411	1.0	1.0	2.0
51430000	2.497081840189355	1.325452410880141	1.0	1.0	2.0
51440000	2.303161792068783	1.5027722865889792	1.0	1.0	2.0
51450000	0.5694686779606785	0.3259182134394499	1.0	1.0	2.0
51460000	0.32780201829452843	0.8968933505768071	1.0	1.0	2.0
51470000	1.0405657265907844	1.7081538424032991	1.0	1.0	2.0
51480000	0.19676028788036426	0.32873431407250475	1.0	1.0	2.0
51490000	0.7164847943712058	0.20503931498625824	1.0	1.0	2.0
51500000	2.971125514449844	0.21607199640470462	1.0	1.0	2.0
51510000	2.2733841090625466	0.01166541260492751	1.0	1.0	2.0
51520000	1.1090687849618532	0.4345579709784449	1.0	1.0	2.0
51530000	1.2114218756863748	0.3123709206850127	1.0	1.0	2.0
51540000	0.894919014837566	0.1115855990804143	1.0	1.0	2.0
51550000	0.7768687774973524	1.1382811310274097	1.0	1.0	2.0
51560000	1.1943889798204808	1.3529334455183988	1.0	1.0	2.0
51570000	0.6744494047000194	0.5544623189962112	1.0	1.0	2.0
51580000	0.8232855311434859	0.11276132941540007	1.0	1.0	2.0
51590000	0.4128143391143825	0.15012423736185046	1.0	1.0	2.0
51600000	0.624071129212249	1.7549329517998684	0.0	1.0	1.0
51610000	2.3719166621911567	1.009518148451494	1.0	1.0	2.0
51620000	0.31374819085197636	0.30089118632983847	1.0	1.0	2.0
51630000	1.340117735842466	0.8968129757480974	1.0	1.0	2.0
51640000	0.3316840391125665	0.2388657651049146	1.0	1.0	2.0
51650000	0.7039322106571293	0.02326461661027411	1.0	1.0	2.0
51660000	0.13145734314588225	0.008843474995254858	1.0	1.0	2.0
51670000	1.6538643593821836	0.57252197897485	1.0	1.0	2.0
51680000	0.8928890542691931	0.6406747824434312	1.0	1.0	2.0
51690000	1.0561822959991944	0.791804106206114	1.0	1.0	2.0
51700000	1.581343179688763	0.0262345423797596	1.0	1.0	2.0
51710000	0.19909623094441445	0.32426698054057873	1.0	1.0	2.0
51720000	2.8379784770300494	0.0047475927458874665	1.0	1.0	2.0
51730000	1.3758167267642412	0.20613968458573007	1.0	1.0	2.0
51740000	1.220425479833029	0.420169231217189	1.0	1.0	2.0
51750000	0.12436651477606092	0.5479603408061325	1.0	1.0	2.0
51760000	2.6939606003104477	0.3216480569460858	1.0	1.0	2.0
51770000	0.4211683765593592	0.07986337963488963	1.0	1.0	2.0
51780000	0.7695403149970237	1.0713796606406498	1.0	1.0	2.0
51790000	0.6387621702564266	0.724395461711938	1.0	1.0	2.0
51800000	0.9738084952886604	0.2147227078574626	1.0	1.0	2.0
51810000	1.0244752359035032	0.766529929806872	1.0	1.0	2.0
51820000	0.36864594424162805	0.4073796796094698	1.0	1.0	2.0
51830000	0.23641100193916686	0.9009218435080445	1.0	1.0	2.0
51840000	1.1442170785135835	0.6689441905036574	1.0	1.0	2.0
51850000	0.47843216226840274	0.31361788988155626	1.0	1.0	2.0
51860000	1.5625793260284704	1.3156640585918686	1.0	1.0	2.0
51870000	8.014126582032153	0.059151795621762794	1.0	1.0	2.0
51880000	0.5197328648259798	0.050840831440002676	1.0	1.0	2.0
51890000	0.48524273814568775	0.5408222201516056	1.0	1.0	2.0
51900000	3.558035226898406	0.13225200202090376	1.0	1.0	2.0
51910000	1.8323435140622	0.8226696403740359	1.0	1.0	2.0
51920000	0.35864382217513907	1.930177776850807	1.0	1.0	2.0
51930000	1.846357220547146	0.3407636545959614	1.0	1.0	2.0
51940000	0.512366713894766	0.11899046481341026	1.0	1.0	2.0
51950000	1.1789895055770496	2.679243507226332	1.0	1.0	2.0
51960000	1.38268780046503	0.7774344742711106	1.0	1.0	2.0
51970000	0.9641524663554728	0.46571521970496593	1.0	1.0	2.0
51980000	1.336167854245983	0.258105395618805	1.0	1.0	2.0
51990000	1.9622859672517474	0.7054168688801415	1.0	1.0	2.0
52000000	0.7803424035326599	0.1974267016649883	1.0	1.0	2.0
52010000	1.676860732873668	0.505031887261824	1.0	1.0	2.0
52020000	1.2225002791748651	0.5301702726506913	1.0	1.0	2.0
52030000	0.924220769308342	0.06280497451971614	1.0	1.0	2.0
52040000	1.1844109492879678	0.23242294030863547	1.0	1.0	2.0
52050000	0.9539516425451611	0.6117115034095941	1.0	1.0	2.0
52060000	0.8110583789311446	0.6217965287268173	1.0	1.0	2.0
52070000	1.4530196923078857	2.0715440188810303	1.0	1.0	2.0
52080000	1.085888645109735	0.18015950038393774	1.0	1.0	2.0
52090000	1.906164186520647	1.1420771963877763	1.0	1.0	2.0
52100000	1.0395611628879946	1.3906157154533072	1.0	1.0	2.0
52110000	1.7905741596467566	0.08747877903234248	1.0	1.0	2.0
52120000	5.120620713865925	0.6961318396737358	1.0	1.0	2.0
52130000	0.6054703718454157	0.8064857577816801	1.0	1.0	2.0
52140000	0.22490073244690725	0.022557958215891547	1.0	1.0	2.0
52150000	0.998343421173669	2.120390783885441	1.0	1.0	2.0
52160000	0.46113730111870693	0.18791679212483203	1.0	1.0	2.0
52170000	0.8830427532490069	0.12767402419652796	1.0	1.0	2.0
52180000	0.865882271264576	0.17539199065602257	1.0	1.0	2.0
52190000	1.1952035351461383	0.9616481105291538	1.0	1.0	2.0
52200000	0.6303715148364378	0.2660194371478261	1.0	1.0	2.0
52210000	0.2486862076111231	0.1396629201719718	1.0	1.0	2.0
52220000	0.034730147460750635	0.08436108400145234	1.0	1.0	2.0
52230000	1.1851309540249642	0.6874922639234651	1.0	1.0	2.0
52240000	1.594339542462449	0.15235033163088688	1.0	1.0	2.0
52250000	0.3814018384329177	0.8365286405978194	1.0	1.0	2.0
52260000	0.16016450170465543	0.16098949552878275	1.0	1.0	2.0
52270000	2.4819161860178562	0.5112850015569014	1.0	1.0	2.0
52280000	0.859341037428199	0.5466810030420487	1.0	1.0	2.0
52290000	4.055409574832924	1.3400922212031066	1.0	1.0	2.0
52300000	2.1539167408227624	0.5255340860600609	1.0	1.0	2.0
52310000	1.6530694785530342	0.06386361149548289	1.0	1.0	2.0
52320000	2.3703639283887705	0.2322582742134618	1.0	1.0	2.0
52330000	2.8277595445485026	0.033614454447770024	1.0	1.0	2.0
52340000	1.5929765640458189	0.0764516761071069	1.0	1.0	2.0
52350000	1.0257308398381413	1.694284827887594	1.0	1.0	2.0
52360000	1.644388584954238	0.05073400748237045	1.0	1.0	2.0
52370000	0.8121130263183161	0.05373173616595471	1.0	1.0	2.0
52380000	0.6133483002477645	0.11549277450866952	1.0	1.0	2.0
52390000	2.908335347439503	0.21368073971940454	1.0	1.0	2.0
52400000	0.9720558777416907	0.3423018764543205	1.0	1.0	2.0
52410000	3.814038646872779	0.7581696564875584	1.0	1.0	2.0
52420000	2.0896962076405052	0.11517375583585877	1.0	1.0	2.0
52430000	3.2645495297653144	0.42496918903429404	1.0	1.0	2.0
52440000	0.7561610290528242	0.27610413318525817	1.0	1.0	2.0
52450000	0.6614635491244357	0.06848052710406344	1.0	1.0	2.0
52460000	1.086923260453083	0.4117640971768216	1.0	1.0	2.0
52470000	1.9386882615258614	0.8761327787406754	1.0	1.0	2.0
52480000	1.207165435812277	0.5969317069967427	1.0	1.0	2.0
52490000	1.54912509918886	0.08570032745009108	1.0	1.0	2.0
52500000	3.561904729483105	0.5827456025898952	1.0	1.0	2.0
52510000	1.4896899657895144	0.23632851226260898	1.0	1.0	2.0
52520000	1.5512172139176956	0.09250164981631148	1.0	1.0	2.0
52530000	3.5731207155219975	0.041355387175097416	1.0	1.0	2.0
52540000	1.3210055732480368	1.517340993280035	1.0	1.0	2.0
52550000	1.8009712462293277	0.3672978947639629	1.0	1.0	2.0
52560000	0.7172941717447358	0.8362031395206134	1.0	1.0	2.0
52570000	2.265789299504945	0.2998320713521746	1.0	1.0	2.0
52580000	1.1580918436573546	0.25048898050914314	1.0	1.0	2.0
52590000	1.6096121881147338	0.13232010799825603	1.0	1.0	2.0
52600000	3.311481907297398	0.9834885895872404	1.0	1.0	2.0
52610000	1.2633167400557888	0.3400501804702236	1.0	1.0	2.0
52620000	0.3652136420390843	3.2987840844129894	1.0	1.0	2.0
52630000	0.14805235102531691	0.029945619332402095	1.0	1.0	2.0
52640000	1.3719062280071652	0.4217947411937483	1.0	1.0	2.0
52650000	0.832327071624037	0.1330396343574304	1.0	1.0	2.0
52660000	1.0544517120701804	0.13775651968982738	1.0	1.0	2.0
52670000	1.2950301124298709	1.414014419924899	1.0	1.0	2.0
52680000	1.2385143322528054	1.2297286803607332	1.0	1.0	2.0
52690000	1.6345195570143958	0.478746864381425	1.0	1.0	2.0
52700000	0.43780229675617205	0.23386312844249688	1.0	1.0	2.0
52710000	1.8835068829646657	0.3335085615930815	1.0	1.0	2.0
52720000	2.4010688471929442	0.31551289879651706	1.0	1.0	2.0
52730000	0.027978611576768595	0.003377356205543087	1.0	1.0	2.0
52740000	5.5216973896400665	1.3008756627874511	1.0	1.0	2.0
52750000	0.23488060765782606	0.28914352976265284	1.0	1.0	2.0
52760000	1.622231045791176	0.37496130109015696	1.0	1.0	2.0
52770000	0.9269257444814711	4.898873988761937	1.0	1.0	2.0
52780000	0.7020723988903014	0.17929114744211433	1.0	1.0	2.0
52790000	0.5913230799649349	2.0637564991262383	1.0	1.0	2.0
52800000	0.7640658206022782	0.30733397564502984	1.0	1.0	2.0
52810000	1.1037391116501503	0.19557919839457444	1.0	1.0	2.0
52820000	1.2952805695308565	0.23691426979779034	1.0	1.0	2.0
52830000	4.6504962691124385	1.168173616249268	1.0	1.0	2.0
52840000	1.6676332550262614	0.7543867604155464	1.0	1.0	2.0
52850000	1.150266821342713	0.24092863554412128	1.0	1.0	2.0
52860000	0.16639843784668495	0.07469028846423027	1.0	1.0	2.0
52870000	2.7182469097061706	1.627526428002706	1.0	1.0	2.0
52880000	0.5995234353496561	0.18120328508143865	1.0	1.0	2.0
52890000	1.3572468419254908	0.2910441548325036	1.0	1.0	2.0
52900000	0.37116636696038524	0.07888988232317908	1.0	1.0	2.0
52910000	1.7075549079318362	0.1748192639585995	1.0	1.0	2.0
52920000	0.5752051302792364	0.1135684578422351	1.0	1.0	2.0
52930000	2.8315185772977207	0.7190253196791981	1.0	1.0	2.0
52940000	0.44022634429058954	0.23103106932579465	1.0	1.0	2.0
52950000	1.8231981472832794	2.3549617712375834	1.0	1.0	2.0
52960000	1.2838477613711274	0.43210194536867896	1.0	1.0	2.0
52970000	1.1690473642263461	0.3493843855441651	1.0	1.0	2.0
52980000	2.289739048752149	0.10858094950506221	1.0	1.0	2.0
52990000	1.6030901995463598	0.590735803053512	1.0	1.0	2.0
53000000	1.1342542975591758	0.2204269467897107	1.0	1.0	2.0
53010000	0.9064127875095699	0.024660018164389733	1.0	1.0	2.0
53020000	0.7852067595526726	0.5825240039896363	1.0	1.0	2.0
53030000	0.4070360709810911	0.0705941730597132	1.0	1.0	2.0
53040000	1.9033043011418889	0.6791406305925929	1.0	1.0	2.0
53050000	0.8189912795986902	1.1916083590691298	1.0	1.0	2.0
53060000	1.4217774394644243	0.9084191832013386	1.0	1.0	2.0
53070000	0.18952600298119746	0.11833584571597788	1.0	1.0	2.0
53080000	0.45979702449161763	0.1369397058123586	1.0	1.0	2.0
53090000	3.1963293926331895	2.960136471711302	1.0	1.0	2.0
53100000	0.17696783452505266	0.06065305421401882	1.0	1.0	2.0
53110000	1.1061656200635508	0.053676332887543865	1.0	1.0	2.0
53120000	1.3896664753616452	0.5735049403418901	1.0	1.0	2.0
53130000	3.3753773669396123	1.0928161662741145	1.0	1.0	2.0
53140000	2.7452195500613503	0.061725253643043966	1.0	1.0	2.0
53150000	0.9176905006907665	1.7356242994993927	1.0	1.0	2.0
53160000	2.255392725306828	1.5094608529476032	1.0	1.0	2.0
53170000	2.99425518423685	0.016711692904645616	1.0	1.0	2.0
53180000	1.501388412772826	0.102941796869295	1.0	1.0	2.0
53190000	2.9503472430810382	0.04284002654723238	1.0	1.0	2.0
53200000	2.7933003136151906	1.7130493551284298	1.0	1.0	2.0
53210000	1.168666498934098	1.3163864601973763	1.0	1.0	2.0
53220000	1.5160966418828392	3.9992820312928794	1.0	1.0	2.0
53230000	0.5674662383623091	0.7869614092025865	1.0	1.0	2.0
53240000	1.8856465578786898	0.0323738118162191	1.0	1.0	2.0
53250000	2.1209658786716434	1.032661991420844	1.0	1.0	2.0
53260000	1.423066452000341	2.8303816067756467	1.0	1.0	2.0
53270000	1.156532410538572	0.23129309679255058	1.0	1.0	2.0
53280000	2.4459038547089635	2.569624120950431	1.0	1.0	2.0
53290000	0.1617493432523861	0.31423791812340657	1.0	1.0	2.0
53300000	2.689939760563839	0.2797151650328399	1.0	1.0	2.0
53310000	1.8322486459611251	0.40958883422324344	1.0	1.0	2.0
53320000	0.46191437222758347	0.5268051533917264	1.0	1.0	2.0
53330000	0.9662707572673609	0.13927634134757053	1.0	1.0	2.0
53340000	0.11657000560463138	0.047278354435062245	1.0	1.0	2.0
53350000	1.5739345170442443	1.2174427243375332	1.0	1.0	2.0
53360000	1.2099678297437473	0.8462140748081458	1.0	1.0	2.0
53370000	5.311116402624553	2.2958506163073986	1.0	1.0	2.0
53380000	1.6805907261499808	0.19448978476848874	1.0	1.0	2.0
53390000	0.8133712000831469	0.050161259554093035	1.0	1.0	2.0
53400000	0.8123389994601887	0.049786433256219516	1.0	1.0	2.0
53410000	4.097453996653356	0.18217490870497915	1.0	1.0	2.0
53420000	0.9140206653894719	1.9609578604343831	1.0	1.0	2.0
53430000	1.4633750747977121	1.258002299284346	1.0	1.0	2.0
53440000	2.6196819372941884	0.11874567078048417	1.0	1.0	2.0
53450000	0.9449367677680784	0.21752535034193612	1.0	1.0	2.0
53460000	0.54574136182063	0.2963320959318459	1.0	1.0	2.0
53470000	1.7774382068411327	2.477153702708344	1.0	1.0	2.0
53480000	2.4299146265157376	0.13220007616086177	1.0	1.0	2.0
53490000	0.9928456700108925	0.17891664018103368	1.0	1.0	2.0
53500000	1.5901247541317265	0.01780547523020779	1.0	1.0	2.0
53510000	1.5241575175736182	1.6483811213545099	1.0	1.0	2.0
53520000	0.3034118984090118	0.2681672443101912	1.0	1.0	2.0
53530000	0.592910242839749	0.19789358084356815	1.0	1.0	2.0
53540000	1.0802278452838798	0.7733216325651052	1.0	1.0	2.0
53550000	1.308028359036748	0.30867161849958646	1.0	1.0	2.0
53560000	0.49774611310707306	0.005602248457972255	1.0	1.0	2.0
53570000	0.18668415068361965	0.1814058134956155	1.0	1.0	2.0
53580000	2.0205286077614786	0.4908930149264318	1.0	1.0	2.0
53590000	2.2841567951813615	0.7743713410176594	1.0	1.0	2.0
53600000	1.4875964274146567	0.048806885142981364	1.0	1.0	2.0
53610000	0.852123343224282	0.7727871795473021	1.0	1.0	2.0
53620000	1.882362259596558	0.49738010085377155	1.0	1.0	2.0
53630000	1.2194944563293968	0.5944438919509436	1.0	1.0	2.0
53640000	0.9210948188216763	0.36275119286633956	1.0	1.0	2.0
53650000	0.3884303914166865	0.2321353614056126	1.0	1.0	2.0
53660000	0.28038170426915865	0.34672698110364586	1.0	1.0	2.0
53670000	0.5883939857557093	0.6414732251989428	1.0	1.0	2.0
53680000	2.1847193935058415	0.9992214073102318	1.0	1.0	2.0
53690000	0.7614010091497583	0.23304497254353257	1.0	1.0	2.0
53700000	0.7152288818264088	0.10865523909972809	1.0	1.0	2.0
53710000	5.234109581452529	0.01609778447856232	1.0	1.0	2.0
53720000	0.8345276331175846	1.036495833407989	1.0	1.0	2.0
53730000	0.5056918448538135	0.5279498221739678	1.0	1.0	2.0
53740000	0.5558089259104059	0.7774328965293136	1.0	1.0	2.0
53750000	0.7773579893747525	0.23089759756992684	1.0	1.0	2.0
53760000	0.43273915832270193	0.14131093766565242	1.0	1.0	2.0
53770000	2.319863115352398	0.3055904200662804	1.0	1.0	2.0
53780000	1.3155700599443212	0.4352048541524365	1.0	1.0	2.0
53790000	1.9396791832002833	0.7333072372545218	1.0	1.0	2.0
53800000	3.057389568379235	0.6152947647375915	1.0	1.0	2.0
53810000	0.4093590215885497	0.2866129371412712	1.0	1.0	2.0
53820000	0.8094890898203388	0.21239193736189405	1.0	1.0	2.0
53830000	0.2492706244429363	0.5408287528095977	1.0	1.0	2.0
53840000	1.4217221300238991	0.1012115775239795	1.0	1.0	2.0
53850000	0.0609039430530684	0.0017041085304567774	1.0	1.0	2.0
53860000	0.5753721540445347	0.7429906126794521	1.0	1.0	2.0
53870000	2.0428858987697813	0.5008906667128962	1.0	1.0	2.0
53880000	1.2091525599157285	0.9968580280303796	1.0	1.0	2.0
53890000	1.5718576323702786	0.324139468927431	1.0	1.0	2.0
53900000	0.17062155138736304	0.08231610814445622	1.0	1.0	2.0
53910000	3.8336777678987857	0.5265845877511485	1.0	1.0	2.0
53920000	1.6138277326331478	0.2226249277926354	1.0	1.0	2.0
53930000	0.582168166111602	0.11990432992870234	1.0	1.0	2.0
53940000	0.4328705795262453	0.11254857028779071	1.0	1.0	2.0
53950000	0.9144104225678976	0.2829205183661975	1.0	1.0	2.0
53960000	3.1735147122238216	0.16922437954407912	1.0	1.0	2.0
53970000	1.080193539515343	0.5453260931155467	1.0	1.0	2.0
53980000	0.22520424313582482	0.011126045175365735	1.0	1.0	2.0
53990000	0.6620820941813702	0.23215911650912682	1.0	1.0	2.0
54000000	1.4849915707065915	0.002780403155344039	1.0	1.0	2.0
54010000	1.3029559859573268	0.3117416385832375	1.0	1.0	2.0
54020000	0.9183671393553968	0.8094928578974687	1.0	1.0	2.0
54030000	1.3325762861328831	0.4085703876285991	1.0	1.0	2.0
54040000	4.2318850435127455	0.6743111522361563	1.0	1.0	2.0
54050000	0.5432890178198209	0.23375942290739105	1.0	1.0	2.0
54060000	0.2572674981548833	0.2449809062880973	1.0	1.0	2.0
54070000	1.0216519636319754	0.3657418937567912	1.0	1.0	2.0
54080000	1.2116047223315591	2.603749911380464	1.0	1.0	2.0
54090000	1.5182983453690284	0.295011927233976	1.0	1.0	2.0
54100000	2.4620544497611085	0.14191305766807047	1.0	1.0	2.0
54110000	0.8255043081660566	0.035715302674861206	1.0	1.0	2.0
54120000	3.142582021033078	1.2512168375255062	1.0	1.0	2.0
54130000	2.435698963493712	0.35651295390704935	1.0	1.0	2.0
54140000	2.1723137998686037	0.09516603322795295	1.0	1.0	2.0
54150000	0.26399325339108926	0.32504403263613735	1.0	1.0	2.0
54160000	0.625935466231943	0.022123443765433824	1.0	1.0	2.0
54170000	0.6178397582679133	0.9450859566628775	1.0	1.0	2.0
54180000	0.6071237713135493	0.6629638585571759	1.0	1.0	2.0
54190000	0.7309291148152667	0.6849715965958049	1.0	1.0	2.0
54200000	0.5529010750099863	0.5005886531426086	1.0	1.0	2.0
54210000	0.25133769200905265	0.1790094965345075	1.0	1.0	2.0
54220000	1.5569232936716948	0.19150310632379217	1.0	1.0	2.0
54230000	0.7043875797046633	0.4513785837348754	1.0	1.0	2.0
54240000	0.7514677894858217	0.6594553535653872	1.0	1.0	2.0
54250000	0.24088855224949765	0.14598065435983743	1.0	1.0	2.0
54260000	5.0349152640974815	0.7385857831645881	1.0	1.0	2.0
54270000	1.4265783098024052	0.117960554754975	1.0	1.0	2.0
54280000	0.9450879977495448	1.0449262703702096	1.0	1.0	2.0
54290000	0.37219582975765886	0.10791894322963717	1.0	1.0	2.0
54300000	1.7902837882547764	0.5746866556209537	1.0	1.0	2.0
54310000	1.0171652617983036	0.14862128969301036	1.0	1.0	2.0
54320000	0.8450578848262811	0.5868483012097798	1.0	1.0	2.0
54330000	0.21797417260725163	0.2558106350383972	1.0	1.0	2.0
54340000	1.2289333708595527	1.016690485349784	1.0	1.0	2.0
54350000	0.600945577986119	0.1550145605776675	1.0	1.0	2.0
54360000	0.25394734471087427	1.0153045110107548	1.0	1.0	2.0
54370000	0.4773611920583394	0.19949853094065625	1.0	1.0	2.0
54380000	2.591957526896124	0.45548164312210027	1.0	1.0	2.0
54390000	0.5084164612787929	1.7310074642039073	1.0	1.0	2.0
54400000	0.3752021305343804	0.08470119109409915	1.0	1.0	2.0
54410000	0.5219406962828576	1.5173335005068875	1.0	1.0	2.0
54420000	0.528916740716868	0.01038341451541562	1.0	1.0	2.0
54430000	1.5056883850391178	0.5658487156483533	1.0	1.0	2.0
54440000	2.4875154195134193	0.3275544231331638	1.0	1.0	2.0
54450000	0.5532160122247762	0.12765022175443497	1.0	1.0	2.0
54460000	0.5092697735097876	0.05550409859240303	1.0	1.0	2.0
54470000	0.8017965352131574	0.5293198037615688	1.0	1.0	2.0
54480000	3.1188488635520817	1.383901207155207	1.0	1.0	2.0
54490000	0.2925149868802753	0.5058885063821343	1.0	1.0	2.0
54500000	0.7475996436674541	0.4857304254053791	1.0	1.0	2.0
54510000	0.7277699316585415	0.3943834094531883	1.0	1.0	2.0
54520000	2.5619149088244875	0.0444253734305271	1.0	1.0	2.0
54530000	1.2292468398846657	0.021921975186393407	1.0	1.0	2.0
54540000	0.9354953705151353	0.524485015489685	1.0	1.0	2.0
54550000	6.563420183599327	4.091948427350749	1.0	1.0	2.0
54560000	0.45127305650010835	0.1086660912072656	1.0	1.0	2.0
54570000	1.5884462592260127	0.10491894641942762	1.0	1.0	2.0
54580000	1.178251587635552	0.303107645496978	1.0	1.0	2.0
54590000	1.2351250931840907	0.08783369605281657	1.0	1.0	2.0
54600000	1.3362911473192383	0.4237642024828415	1.0	1.0	2.0
54610000	2.0948335251127714	5.37103989425813	1.0	1.0	2.0
54620000	4.393342827428719	2.865701374136819	1.0	1.0	2.0
54630000	1.9252133392804334	0.1450546155428011	1.0	1.0	2.0
54640000	1.2559847510447808	1.1549963873879394	1.0	1.0	2.0
54650000	2.187711891739058	0.8006399746047914	1.0	1.0	2.0
54660000	3.8873350489918295	0.5010635050329412	1.0	1.0	2.0
54670000	2.0750314848809777	0.08599775601557716	1.0	1.0	2.0
54680000	2.0266793114133503	0.5150225237707539	1.0	1.0	2.0
54690000	2.445581139367499	0.18178763698831418	1.0	1.0	2.0
54700000	0.20001443577447658	0.2199365394339329	1.0	1.0	2.0
54710000	2.218384314787652	0.15308688080868704	1.0	1.0	2.0
54720000	0.9016865631553329	0.12963677095957302	1.0	1.0	2.0
54730000	0.8295651900288613	0.34495377023781837	1.0	1.0	2.0
54740000	2.2368558670015193	0.9760461318843158	1.0	1.0	2.0
54750000	1.4298193124366865	0.07190857330600524	1.0	1.0	2.0
54760000	1.3639022535169272	1.4563771498481815	1.0	1.0	2.0
54770000	1.2301628841815708	0.4840628852461595	1.0	1.0	2.0
54780000	1.211846287716045	0.7557788112476279	1.0	1.0	2.0
54790000	0.945886359706825	1.1760951506626391	1.0	1.0	2.0
54800000	4.2532589860785865	0.661127323674272	1.0	1.0	2.0
54810000	1.3117366405319197	0.02266520142324048	1.0	1.0	2.0
54820000	0.4162711060031252	0.12072328639555552	1.0	1.0	2.0
54830000	0.316749652121714	0.533743831602675	1.0	1.0	2.0
54840000	2.1240931329754345	0.5675966781551277	1.0	1.0	2.0
54850000	3.0379252309118945	0.0964212625539872	1.0	1.0	2.0
54860000	3.201251942440309	0.8178494759346558	1.0	1.0	2.0
54870000	4.174376455417092	0.5452732418595998	0.0	1.0	1.0
54880000	2.1400680506540652	0.3787117701953774	1.0	1.0	2.0
54890000	0.937254525588316	1.383426126377592	1.0	1.0	2.0
54900000	2.197316652520076	0.3891259808347941	1.0	1.0	2.0
54910000	0.8605915335996867	0.007854677018282413	1.0	1.0	2.0
54920000	0.2290478834601811	0.6791192679166157	1.0	1.0	2.0
54930000	0.22691451325461523	0.3830246215410726	1.0	1.0	2.0
54940000	0.31654929527235626	0.017803939230026135	1.0	1.0	2.0
54950000	0.48046406973371447	0.04801466834525337	1.0	1.0	2.0
54960000	2.2302270478884663	0.08920893319281196	1.0	1.0	2.0
54970000	0.3941647642563825	0.36256106743229816	1.0	1.0	2.0
54980000	0.8150318943968877	1.7284247598718856	1.0	1.0	2.0
54990000	0.26340366111534946	0.03310463866980705	1.0	1.0	2.0
55000000	3.5139764457857074	0.6648682377495643	1.0	1.0	2.0
55010000	2.078136467475703	0.04034663509481491	1.0	1.0	2.0
55020000	1.5323407238297746	0.015280824468291074	1.0	1.0	2.0
55030000	1.0381919244243216	0.21655868413162707	1.0	1.0	2.0
55040000	0.23335984517957428	0.1815853245052399	1.0	1.0	2.0
55050000	0.45763761300053757	0.42667158711015524	1.0	1.0	2.0
55060000	1.5858798878610123	0.2802260692739878	1.0	1.0	2.0
55070000	0.6014429321753773	0.11385766270104448	1.0	1.0	2.0
55080000	1.1028399704651517	0.05455997423659873	1.0	1.0	2.0
55090000	2.143854054904083	0.2826183029557028	1.0	1.0	2.0
55100000	0.6476663724084067	1.0198633826830565	1.0	1.0	2.0
55110000	1.737756630828801	2.7524072845628647	1.0	1.0	2.0
55120000	2.200304756651837	0.2274588304126148	1.0	1.0	2.0
55130000	0.27641750626185985	0.7597548312418307	1.0	1.0	2.0
55140000	1.0764803553373705	0.2502525479762299	1.0	1.0	2.0
55150000	0.673866160522787	0.5182735870913042	1.0	1.0	2.0
55160000	0.115680999787234	0.3093273326008539	1.0	1.0	2.0
55170000	0.46979959639032753	0.4030611569246474	1.0	1.0	2.0
55180000	2.340970875673204	0.08724331692360508	1.0	1.0	2.0
55190000	1.5510270104247845	0.40947008939764756	1.0	1.0	2.0
55200000	0.038925775172925565	0.048207888408437906	1.0	1.0	2.0
55210000	2.724536792633309	1.2349622651003827	1.0	1.0	2.0
55220000	0.470167239926409	0.8798596715241266	1.0	1.0	2.0
55230000	3.280199761722509	0.4092324614351233	1.0	1.0	2.0
55240000	5.841627930226278	1.3954254408319469	1.0	1.0	2.0
55250000	2.2068629912181423	0.2865788367402434	1.0	1.0	2.0
55260000	0.3819493952346301	0.21071813001085357	1.0	1.0	2.0
55270000	1.3674732501312514	0.8597316093720971	1.0	1.0	2.0
55280000	0.16768068848351667	0.3707157992323879	1.0	1.0	2.0
55290000	0.2259138743690388	1.012334405361441	1.0	1.0	2.0
55300000	0.9951862447351435	0.9839257222209873	1.0	1.0	2.0
55310000	3.9714563377280228	0.4342051155028484	1.0	1.0	2.0
55320000	0.9449626138341599	0.0219760867275987	1.0	1.0	2.0
55330000	0.49996234923930927	0.2332641603741538	1.0	1.0	2.0
55340000	0.6472388830990184	0.5946379000616553	1.0	1.0	2.0
55350000	0.9711542549988128	0.04330970711767528	1.0	1.0	2.0
55360000	0.6550692473543708	0.4407853132185226	1.0	1.0	2.0
55370000	2.1255980334435924	0.5823251871619973	1.0	1.0	2.0
55380000	2.1305996963871197	1.06267078018656	1.0	1.0	2.0
55390000	0.39237681035469946	0.5660006351923288	1.0	1.0	2.0
55400000	1.4343682968787952	2.5258268109605004	1.0	1.0	2.0
55410000	0.9210722275647903	0.9471018233740155	1.0	1.0	2.0
55420000	0.6809441537200475	0.17758658430580268	1.0	1.0	2.0
55430000	1.2990774648818564	0.060517102533643105	1.0	1.0	2.0
55440000	1.3497331980874905	1.5301252848074818	1.0	1.0	2.0
55450000	0.8698940747041594	0.07881615765067773	1.0	1.0	2.0
55460000	0.9818291600895841	4.0714164008168945	1.0	1.0	2.0
55470000	0.4799280542127598	0.6282795573555029	1.0	1.0	2.0
55480000	0.810962969347121	0.1933915225282562	1.0	1.0	2.0
55490000	0.2548623035659429	0.283050413421073	1.0	1.0	2.0
55500000	2.6705617194285276	0.8026947683270776	1.0	1.0	2.0
55510000	2.8921335605961236	0.3730816453116188	1.0	1.0	2.0
55520000	0.3352056858067048	0.2916520520652022	1.0	1.0	2.0
55530000	0.2734291758503131	0.27362032223448346	1.0	1.0	2.0
55540000	0.46836730448707586	0.158004871106718	1.0	1.0	2.0
55550000	2.1440028117207643	1.0877540782960828	1.0	1.0	2.0
55560000	1.1748069306081657	1.470190819782795	1.0	1.0	2.0
55570000	0.07319749816039336	0.20356812695650833	1.0	1.0	2.0
55580000	0.9155942366966809	1.2698279046810674	1.0	1.0	2.0
55590000	1.0551885216901369	1.0314845391405578	1.0	1.0	2.0
55600000	1.1532161183904197	0.3438647378176393	1.0	1.0	2.0
55610000	1.703328075757878	0.1163904644957321	1.0	1.0	2.0
55620000	0.38294225047298225	0.3203254766432236	1.0	1.0	2.0
55630000	1.3426922050820769	0.851179412472935	1.0	1.0	2.0
55640000	1.2365251284939394	0.2239478572887739	1.0	1.0	2.0
55650000	0.561487544802377	1.2037146485080195	1.0	1.0	2.0
55660000	0.6499815250385077	1.4365791601298576	1.0	1.0	2.0
55670000	0.6241659935871076	0.9204784739337816	1.0	1.0	2.0
55680000	0.6124170042109411	0.3233110670319289	1.0	1.0	2.0
55690000	5.37900588091214	1.1787418462326884	1.0	1.0	2.0
55700000	0.9753616016373325	0.29587180526557194	1.0	1.0	2.0
55710000	0.9212303953951521	0.6132308177258637	1.0	1.0	2.0
55720000	1.3614274619581064	0.3209884332488239	1.0	1.0	2.0
55730000	1.94368935639868	1.4162586378830662	1.0	1.0	2.0
55740000	1.1396728713192295	0.014660076677831277	1.0	1.0	2.0
55750000	1.0736166478043372	0.11954554572858554	1.0	1.0	2.0
55760000	0.7862282948753663	0.11040321711863386	1.0	1.0	2.0
55770000	0.3937662395593982	0.15482166150309937	1.0	1.0	2.0
55780000	2.771886818886144	0.5633373488103772	1.0	1.0	2.0
55790000	0.13609963454671808	0.010601318451561205	1.0	1.0	2.0
55800000	0.40212561560366017	0.1738753710772012	1.0	1.0	2.0
55810000	4.676536825126432	0.7319123114467189	1.0	1.0	2.0
55820000	0.46981527330094436	0.2942328120302672	1.0	1.0	2.0
55830000	2.830639768485509	0.4967192069897898	1.0	1.0	2.0
55840000	0.18242327266705238	0.06693331203095775	1.0	1.0	2.0
55850000	1.059416932092806	0.27165920336232535	1.0	1.0	2.0
55860000	0.02781706425467977	0.015112489725438055	1.0	1.0	2.0
55870000	0.5132514723866668	0.9768467395368684	1.0	1.0	2.0
55880000	0.40284036744382723	0.030454646849988574	1.0	1.0	2.0
55890000	0.5909624816454452	0.011832412477852768	1.0	1.0	2.0
55900000	1.014284064183942	0.26107908770327976	1.0	1.0	2.0
55910000	0.8350340877332745	0.3851888309904882	1.0	1.0	2.0
55920000	1.272832333303636	0.1980235251565304	1.0	1.0	2.0
55930000	1.8171154322695204	0.8767901112114392	1.0	1.0	2.0
55940000	0.7359648019176624	0.21037143325566346	1.0	1.0	2.0
55950000	0.10571321614716256	0.07426463363017513	1.0	1.0	2.0
55960000	0.9378908846263473	0.856251047149685	1.0	1.0	2.0
55970000	0.3295198979847504	0.5685824591240097	1.0	1.0	2.0
55980000	1.0129816293480527	0.4063933773517372	1.0	1.0	2.0
55990000	0.8248306618938286	0.08942987959979701	1.0	1.0	2.0
56000000	0.5988288133589145	0.08943506405628232	1.0	1.0	2.0
56010000	1.8419398063096915	0.221594942912127	1.0	1.0	2.0
56020000	0.45437292065368773	0.152800829946637	1.0	1.0	2.0
56030000	2.6705187451268313	1.9595051160683024	1.0	1.0	2.0
56040000	1.42387133539238	0.11693278178125087	1.0	1.0	2.0
56050000	0.9143362345187414	1.769487991793955	1.0	1.0	2.0
56060000	1.348757702311386	0.9887984909045281	1.0	1.0	2.0
56070000	0.7608361519235175	3.1356905468984184	1.0	1.0	2.0
56080000	1.0621824521837415	0.18120178051700964	1.0	1.0	2.0
56090000	2.4822485008635446	2.12239215058055	1.0	1.0	2.0
56100000	1.9075824440227946	0.8736647792651335	1.0	1.0	2.0
56110000	0.7532147244615729	0.28554673049987955	1.0	1.0	2.0
56120000	0.2556863644717703	0.46797519007217697	1.0	1.0	2.0
56130000	1.805472823550525	0.05417465865305426	1.0	1.0	2.0
56140000	2.2021158663460128	1.7028425359454766	1.0	1.0	2.0
56150000	1.0061724125579554	0.8317031019434037	1.0	1.0	2.0
56160000	0.47855764707746007	0.17869622970069546	1.0	1.0	2.0
56170000	0.58569470647624	0.18792624233764138	1.0	1.0	2.0
56180000	1.828921465539575	1.1990961791793937	1.0	1.0	2.0
56190000	0.9916368402400281	0.23617164528326548	1.0	1.0	2.0
56200000	4.356967956578901	0.19002472741896295	1.0	1.0	2.0
56210000	1.6359834782223797	0.1649111958236867	1.0	1.0	2.0
56220000	1.3339033966103768	0.07546312228184625	1.0	1.0	2.0
56230000	1.3578039010328766	0.7157548240229501	1.0	1.0	2.0
56240000	0.5057389621785437	1.903008840524858	1.0	1.0	2.0
56250000	1.3815925947593781	1.1365513742565585	1.0	1.0	2.0
56260000	0.5160181040514596	1.0415762893645604	1.0	1.0	2.0
56270000	0.18042688233857238	0.33593644648367454	1.0	1.0	2.0
56280000	1.1188970385321315	1.377942783534482	1.0	1.0	2.0
56290000	0.5169955167929726	0.07519777066535373	1.0	1.0	2.0
56300000	1.1476925838285112	0.22199806524648755	1.0	1.0	2.0
56310000	0.6898172630575836	0.2060227444974241	1.0	1.0	2.0
56320000	1.461275683005971	0.9899196170731025	1.0	1.0	2.0
56330000	0.5852162458698896	1.356781129375938	1.0	1.0	2.0
56340000	0.6396152424005688	0.08788537754017088	1.0	1.0	2.0
56350000	0.9120414762491268	3.0950047046526223	1.0	1.0	2.0
56360000	0.35278137183958297	0.207071709039939	1.0	1.0	2.0
56370000	0.7221234436471333	0.09935521178192708	1.0	1.0	2.0
56380000	1.1515583709691748	1.343526668530564	1.0	1.0	2.0
56390000	3.748289370621426	1.9083569700557945	1.0	1.0	2.0
56400000	0.699377604870821	0.7894735210456059	1.0	1.0	2.0
56410000	0.6889787960787715	0.6171897842892408	1.0	1.0	2.0
56420000	1.8242051144040752	1.4045207885197244	1.0	1.0	2.0
56430000	0.3311723640027612	0.11620682570434578	1.0	1.0	2.0
56440000	3.4583576422232714	2.0771021394329057	1.0	1.0	2.0
56450000	0.5808958203237775	0.48952184708070395	1.0	1.0	2.0
56460000	1.2081492547536632	0.5698017938807363	1.0	1.0	2.0
56470000	1.500544496115234	0.1218489144482025	1.0	1.0	2.0
56480000	0.7457925023395323	1.6564727282642553	1.0	1.0	2.0
56490000	1.0395760139928598	1.6338376845346916	1.0	1.0	2.0
56500000	1.9636956370904426	0.6023720345599566	1.0	1.0	2.0
56510000	3.228050623161587	1.0670366835823968	1.0	1.0	2.0
56520000	1.817587934054987	0.25920018425293734	1.0	1.0	2.0
56530000	1.687310447220948	0.9944933610276678	1.0	1.0	2.0
56540000	0.6830748782980296	0.6462520874063323	1.0	1.0	2.0
56550000	3.4369086323920546	0.6670362842875776	1.0	1.0	2.0
56560000	0.5601848076782413	0.045756137951193876	1.0	1.0	2.0
56570000	1.972959417475224	0.15939547912231855	1.0	1.0	2.0
56580000	0.6033909713953618	0.2632281052772847	1.0	1.0	2.0
56590000	0.49273053651754767	0.304697838539097	1.0	1.0	2.0
56600000	0.985246294777987	0.3134729443423408	1.0	1.0	2.0
56610000	2.1559484480487647	0.15794273443386486	1.0	1.0	2.0
56620000	0.18780204136111986	0.9296904203447397	1.0	1.0	2.0
56630000	0.6131195520298358	0.23990048393162347	1.0	1.0	2.0
56640000	0.6373378776635801	0.13023660985591695	1.0	1.0	2.0
56650000	1.1478826224329048	0.19408567423507544	1.0	1.0	2.0
56660000	1.3600107990577195	0.3618278229211899	1.0	1.0	2.0
56670000	0.181153243096902	0.3872387296940438	1.0	1.0	2.0
56680000	0.8034060777537233	0.08671504005124295	1.0	1.0	2.0
56690000	0.8645132539350713	0.06405993832164897	1.0	1.0	2.0
56700000	0.8328005664586374	0.7348214358000232	1.0	1.0	2.0
56710000	1.995166263337783	0.6900500245696983	1.0	1.0	2.0
56720000	0.76232829091351	0.1947022380140543	1.0	1.0	2.0
56730000	0.410664659051612	0.23240494822857238	1.0	1.0	2.0
56740000	1.01618443217313	1.7709779716212335	1.0	1.0	2.0
56750000	1.6840243242807356	0.016852655412615797	1.0	1.0	2.0
56760000	2.555530827294849	0.3793969024599412	1.0	1.0	2.0
56770000	0.2514708122301966	0.23512047496140542	1.0	1.0	2.0
56780000	2.6824817019337273	0.46910780838108407	1.0	1.0	2.0
56790000	1.4909122977051807	1.7181947477217956	1.0	1.0	2.0
56800000	2.168827742860533	0.1263811210998841	1.0	1.0	2.0
56810000	2.80507027363421	0.349000116748558	1.0	1.0	2.0
56820000	0.5670679588503736	0.3647777000528638	1.0	1.0	2.0
56830000	0.4839622331194665	0.31981063185965125	1.0	1.0	2.0
56840000	3.1586925858158788	0.8404966696408025	1.0	1.0	2.0
56850000	0.2680919512986244	0.14411348173829314	1.0	1.0	2.0
56860000	3.1487061944337933	0.2303641350657123	1.0	1.0	2.0
56870000	0.7302793332879497	0.5091849006262005	1.0	1.0	2.0
56880000	2.709670869479695	0.902025990824433	1.0	1.0	2.0
56890000	0.2800988181924397	0.9770750846201388	1.0	1.0	2.0
56900000	2.84537994587928	1.4054567311136812	1.0	1.0	2.0
56910000	1.35828224552212	0.07984212447883642	1.0	1.0	2.0
56920000	0.323624949666025	0.25573155124773195	1.0	1.0	2.0
56930000	0.25468449718829866	0.004887156698232075	1.0	1.0	2.0
56940000	2.033121599002512	1.6908982242150317	1.0	1.0	2.0
56950000	1.942633325897924	0.9802375753755558	1.0	1.0	2.0
56960000	1.351487851225515	1.060814247248316	1.0	1.0	2.0
56970000	1.1283805532396471	0.05543212625357738	1.0	1.0	2.0
56980000	0.24829382252832882	0.4906451281073674	1.0	1.0	2.0
56990000	1.163660363846273	0.014923899938814976	1.0	1.0	2.0
57000000	1.0604948619417192	0.1842341159935446	1.0	1.0	2.0
57010000	4.249320696389152	0.2189315085848321	1.0	1.0	2.0
57020000	0.6151956355849595	0.6601821607427286	1.0	1.0	2.0
57030000	1.951322035793542	0.17311461449231863	1.0	1.0	2.0
57040000	1.6294167893569724	1.0671699860379034	1.0	1.0	2.0
57050000	0.5269961574249568	3.0658276929058697	1.0	1.0	2.0
57060000	1.4323595434425087	0.07189339171427603	1.0	1.0	2.0
57070000	3.8783909306756628	1.3072478814819712	1.0	1.0	2.0
57080000	2.4165564966957063	0.2707260560743383	1.0	1.0	2.0
57090000	0.8573201464528546	0.8179080853970763	1.0	1.0	2.0
57100000	1.7722783088325205	0.044083220878459374	1.0	1.0	2.0
57110000	1.3382454120950742	0.2335401262572172	1.0	1.0	2.0
57120000	0.6191605031211213	0.09429766090282508	1.0	1.0	2.0
57130000	1.6676024250756665	2.9230394680339913	1.0	1.0	2.0
57140000	0.7417641117928768	0.614167616108673	1.0	1.0	2.0
57150000	0.6407607582931325	0.2148264796870914	1.0	1.0	2.0
57160000	1.0217787510068157	0.3417488609842231	1.0	1.0	2.0
57170000	1.481163186503778	0.09413278446467015	1.0	1.0	2.0
57180000	3.6773725850011774	0.29976021082893367	1.0	1.0	2.0
57190000	4.668516503482918	3.236337412990329	1.0	1.0	2.0
57200000	0.31755549478355416	0.575273854699446	1.0	1.0	2.0
57210000	1.108769862582328	0.16611657541222644	1.0	1.0	2.0
57220000	2.251931435786753	0.39751701671326023	1.0	1.0	2.0
57230000	3.76184190240563	0.006518598671325421	1.0	1.0	2.0
57240000	1.8588589473144546	0.49232265650601337	1.0	1.0	2.0
57250000	0.6108235705640115	0.0823815525667839	1.0	1.0	2.0
57260000	0.07689455499177854	0.264020222746131	1.0	1.0	2.0
57270000	1.751868486327667	1.6708021645880708	1.0	1.0	2.0
57280000	2.7519612516913288	0.9695891394903942	1.0	1.0	2.0
57290000	0.5898055048159456	1.0557660112667644	1.0	1.0	2.0
57300000	1.20181428255538	0.7208707959743009	1.0	1.0	2.0
57310000	1.6199736810315186	1.0214249349333897	1.0	1.0	2.0
57320000	3.1797475665726247	0.6782310265003364	1.0	1.0	2.0
57330000	1.0447274411270473	0.4602444653122074	1.0	1.0	2.0
57340000	1.8555677696365034	0.9898591829631966	1.0	1.0	2.0
57350000	0.48948071767639334	0.018518176372879284	1.0	1.0	2.0
57360000	2.0259333847350374	0.05207671051500528	1.0	1.0	2.0
57370000	0.3643922233132333	0.1754104469527284	1.0	1.0	2.0
57380000	0.28394257699991904	0.10380159247318932	1.0	1.0	2.0
57390000	1.2553989809290755	0.17400197646591176	1.0	1.0	2.0
57400000	0.8027293918440194	0.46839364952922663	1.0	1.0	2.0
57410000	0.47209437224449663	1.50337686771718	1.0	1.0	2.0
57420000	1.7629586083294604	0.08349881101034297	1.0	1.0	2.0
57430000	0.26129165331862714	0.5395598738545021	1.0	1.0	2.0
57440000	0.8067045776944854	0.9304873010614515	1.0	1.0	2.0
57450000	1.2724918905170408	2.3021019430385827	1.0	1.0	2.0
57460000	0.8982134553212228	0.9136364194360365	1.0	1.0	2.0
57470000	2.877252755283201	0.07796673854547581	1.0	1.0	2.0
57480000	1.7046770851077708	0.3092593013544015	1.0	1.0	2.0
57490000	0.06789295803934597	0.3782461604278178	1.0	1.0	2.0
57500000	3.4663586324658615	0.7410240447315523	1.0	1.0	2.0
57510000	1.5031989809836936	1.0582951707731367	1.0	1.0	2.0
57520000	0.9158833626492967	0.041786964281691874	1.0	1.0	2.0
57530000	1.669627987889605	0.7169352166161325	1.0	1.0	2.0
57540000	0.9196346056452258	0.38220829298986886	1.0	1.0	2.0
57550000	1.2786127103701297	0.1909996289087356	1.0	1.0	2.0
57560000	1.6115936249358382	0.8437856961202072	1.0	1.0	2.0
57570000	0.7600464127792513	0.4458874463045334	1.0	1.0	2.0
57580000	0.47861601932458964	0.05812559666633371	1.0	1.0	2.0
57590000	0.8853319348191308	0.36140006004072794	1.0	1.0	2.0
57600000	0.4785011754350198	0.03903878278581801	1.0	1.0	2.0
57610000	1.3016773178769125	0.09609272498558542	1.0	1.0	2.0
57620000	0.4005246879598681	0.630630021088997	1.0	1.0	2.0
57630000	1.8841177132952596	1.8898603262768339	1.0	1.0	2.0
57640000	1.1242726694726477	0.09320536971707406	1.0	1.0	2.0
57650000	1.9878092394690916	1.974628925592668	1.0	1.0	2.0
57660000	1.3099143449851012	0.15281138032495498	1.0	1.0	2.0
57670000	0.497826281075276	0.10657193137262573	1.0	1.0	2.0
57680000	2.254310429549949	0.12528225700919327	1.0	1.0	2.0
57690000	1.9619017923145554	0.5825364763003357	1.0	1.0	2.0
57700000	1.762644711466208	2.9205854096256876	1.0	1.0	2.0
57710000	1.6904191083950797	1.0704353285554074	1.0	1.0	2.0
57720000	1.2008461194019544	0.22808843524772526	1.0	1.0	2.0
57730000	0.6440003151978648	0.23720717296458615	0.0	1.0	1.0
57740000	2.0794296163207147	1.1682465303289213	1.0	1.0	2.0
57750000	0.7966001934948505	0.6169012014025885	1.0	1.0	2.0
57760000	0.4869098046284459	0.3181188601559087	1.0	1.0	2.0
57770000	3.4825299039072175	0.40186622158952245	1.0	1.0	2.0
57780000	0.7814791512313009	0.8712366581355845	1.0	1.0	2.0
57790000	3.5784180976991684	1.1400765916035769	1.0	1.0	2.0
57800000	0.6274994603955011	0.45602736304678154	1.0	1.0	2.0
57810000	3.1767928685236915	0.9920019571743339	1.0	1.0	2.0
57820000	0.5532653145709348	1.3391684918469	1.0	1.0	2.0
57830000	0.8772518268091124	0.3631194925753024	1.0	1.0	2.0
57840000	0.47109801626374626	1.0780512239025042	1.0	1.0	2.0
57850000	2.2596399361818116	1.9829510458662565	1.0	1.0	2.0
57860000	0.6401568555652412	0.020017794929002814	1.0	1.0	2.0
57870000	0.3961110195740023	0.05868515849954702	1.0	1.0	2.0
57880000	0.3421369936669626	0.37988120948473264	1.0	1.0	2.0
57890000	0.7040566010678909	0.02409725236887777	1.0	1.0	2.0
57900000	3.0522934002549835	3.4018534739218644	1.0	1.0	2.0
57910000	0.8655617325914454	0.1690382194934727	1.0	1.0	2.0
57920000	0.38232956089688586	0.016650879497641206	1.0	1.0	2.0
57930000	0.9532855162787502	1.013486749246313	1.0	1.0	2.0
57940000	2.1305063601589547	0.3696455335496151	1.0	1.0	2.0
57950000	2.5940350622246013	1.5077613487227548	1.0	1.0	2.0
57960000	3.149191809236375	1.2432675228191836	1.0	1.0	2.0
57970000	2.0111358013968132	0.8796404920972564	1.0	1.0	2.0
57980000	0.1721909621310924	0.6398495291355575	1.0	1.0	2.0
57990000	0.7110141301511207	0.1393805630712739	1.0	1.0	2.0
58000000	1.211951152151052	0.10927167351959263	1.0	1.0	2.0
58010000	1.7324503270978422	3.2341176115278176	1.0	1.0	2.0
58020000	1.776296163497936	2.627119919796954	1.0	1.0	2.0
58030000	1.7258631266694957	0.7910822851205411	1.0	1.0	2.0
58040000	1.8898327691277286	1.184200813614195	1.0	1.0	2.0
58050000	1.9525062526551014	0.057927398205989626	1.0	1.0	2.0
58060000	1.3415333662882483	0.3324851612166818	1.0	1.0	2.0
58070000	2.8609127871885374	0.9292434197909656	1.0	1.0	2.0
58080000	1.2282697634870046	0.18124115895490708	1.0	1.0	2.0
58090000	0.935596029263848	0.4281862722545097	1.0	1.0	2.0
58100000	0.2885236473417138	0.38092814805185077	1.0	1.0	2.0
58110000	2.0591007585073227	0.11925037437827855	1.0	1.0	2.0
58120000	1.0555938437619128	0.1856492078545879	1.0	1.0	2.0
58130000	1.030394247201314	0.26450189990163403	1.0	1.0	2.0
58140000	1.309268437367475	0.7537457002577974	1.0	1.0	2.0
58150000	0.07627413332560319	0.062338519155677306	1.0	1.0	2.0
58160000	0.770783699447342	0.30998249263852384	1.0	1.0	2.0
58170000	3.650400118580033	1.6441293237776724	1.0	1.0	2.0
58180000	1.5886752846372454	0.664214566818775	1.0	1.0	2.0
58190000	2.077197130815344	0.0977199509066974	1.0	1.0	2.0
58200000	1.488236741572705	0.8533400917395657	1.0	1.0	2.0
58210000	0.3207374310049944	1.505559295422851	1.0	1.0	2.0
58220000	3.105104412567154	0.9793737673260793	1.0	1.0	2.0
58230000	0.9230241046331109	0.17755595358346452	1.0	1.0	2.0
58240000	2.4564163542925184	0.6305770472605948	1.0	1.0	2.0
58250000	2.9805879213535125	0.4616264228579283	1.0	1.0	2.0
58260000	0.5475685416954488	0.1412123578058645	1.0	1.0	2.0
58270000	0.6198108477772586	0.3924331035770039	1.0	1.0	2.0
58280000	0.6421818155444753	0.15475564619776394	1.0	1.0	2.0
58290000	0.1716210263227962	0.009480916918265555	1.0	1.0	2.0
58300000	1.7434762216936088	0.38128661020422405	1.0	1.0	2.0
58310000	1.3087919154933136	0.23196649167161185	1.0	1.0	2.0
58320000	1.0188563427845254	0.46410899543125317	1.0	1.0	2.0
58330000	0.8186010919904398	1.3888141458460999	1.0	1.0	2.0
58340000	1.1618758052107068	0.4546492741262232	1.0	1.0	2.0
58350000	0.4133847582467551	0.02908425358137603	1.0	1.0	2.0
58360000	0.2921191642432895	0.4637758501334731	1.0	1.0	2.0
58370000	1.874257283709922	0.0036755330585559907	1.0	1.0	2.0
58380000	1.0292909311297171	0.27470794585206265	1.0	1.0	2.0
58390000	0.43851676168103915	0.43715357930626886	1.0	1.0	2.0
58400000	1.0847377804970846	0.024472664424233005	1.0	1.0	2.0
58410000	1.36941461793374	1.102814539524622	1.0	1.0	2.0
58420000	0.8048089393381542	1.1497851968811503	1.0	1.0	2.0
58430000	0.6241223155177247	0.1603353065561154	1.0	1.0	2.0
58440000	0.6785121538297649	0.3299583165246586	1.0	1.0	2.0
58450000	0.4273871759350749	0.2149018065709235	1.0	1.0	2.0
58460000	1.4083916331688484	1.658662911136239	1.0	1.0	2.0
58470000	1.0098883982695117	0.003915091913963007	1.0	1.0	2.0
58480000	0.6182321582365234	4.60826523849431	1.0	1.0	2.0
58490000	0.5050141416447855	0.5488929584637021	1.0	1.0	2.0
58500000	2.3744028163108535	0.3545081534500892	1.0	1.0	2.0
58510000	2.085254120635653	0.3686961996667289	1.0	1.0	2.0
58520000	1.338038971765258	0.3937085174055639	1.0	1.0	2.0
58530000	1.506949613502003	0.1400791458723497	1.0	1.0	2.0
58540000	0.977243805045953	1.3964872320739812	1.0	1.0	2.0
58550000	3.089316447470774	0.31649335739649453	1.0	1.0	2.0
58560000	2.1604691920080588	0.5755395112974461	1.0	1.0	2.0
58570000	0.8237951586204894	2.190855857390342	1.0	1.0	2.0
58580000	1.2822081697397074	0.5244727898101704	1.0	1.0	2.0
58590000	1.0268938380914463	0.3449476985669008	1.0	1.0	2.0
58600000	3.30448985151015	1.0158024177195608	1.0	1.0	2.0
58610000	0.5109226446564985	0.5208963875012594	1.0	1.0	2.0
58620000	0.6344409138460821	0.1811643182644559	1.0	1.0	2.0
58630000	1.8432431583478033	0.07808724332611557	1.0	1.0	2.0
58640000	2.2706710124295757	0.021286506375287357	1.0	1.0	2.0
58650000	1.3891710236600014	0.7499508248625678	1.0	1.0	2.0
58660000	2.1780886809176843	1.2787759812077724	1.0	1.0	2.0
58670000	0.47845465918186486	0.22418720753138832	1.0	1.0	2.0
58680000	3.0099292040512675	0.2283240744832188	1.0	1.0	2.0
58690000	0.9406067381394678	1.0468534972060668	1.0	1.0	2.0
58700000	1.360731535169693	0.6816349347776168	1.0	1.0	2.0
58710000	1.5823066209976873	0.9275198719567433	1.0	1.0	2.0
58720000	1.3171887226629515	0.17633727381903277	1.0	1.0	2.0
58730000	0.6525109368043208	0.8526819736686226	1.0	1.0	2.0
58740000	0.5341517378412097	0.044912098239135514	1.0	1.0	2.0
58750000	0.6659193731855255	0.6093795980133387	1.0	1.0	2.0
58760000	1.6342500301060006	0.007295081563730621	1.0	1.0	2.0
58770000	1.1153781817196209	1.1150829981700185	1.0	1.0	2.0
58780000	0.5963307094079281	0.13412744876726687	1.0	1.0	2.0
58790000	1.419698500931571	0.23409712978457486	1.0	1.0	2.0
58800000	0.9559566393974634	0.5924334376087392	1.0	1.0	2.0
58810000	0.5580738717270652	0.2786925270562277	1.0	1.0	2.0
58820000	1.2006002514477605	0.3545860560939716	1.0	1.0	2.0
58830000	0.16810450032558885	0.3313648445650795	1.0	1.0	2.0
58840000	2.3012198904089525	0.6533549439974683	1.0	1.0	2.0
58850000	0.31362419149835863	0.08576078311895731	1.0	1.0	2.0
58860000	0.32736407747095253	0.390915597176261	1.0	1.0	2.0
58870000	0.9624862074776491	0.11352066295532554	1.0	1.0	2.0
58880000	0.6817894369887344	0.020698984893086053	1.0	1.0	2.0
58890000	1.3808513820227153	1.4836414892072158	1.0	1.0	2.0
58900000	0.5996417317267219	0.3330810929092116	1.0	1.0	2.0
58910000	2.3159528958046613	0.40979187377721593	1.0	1.0	2.0
58920000	0.5028597187724437	0.06293687178051904	1.0	1.0	2.0
58930000	0.8804983166299634	0.11087380028653859	1.0	1.0	2.0
58940000	0.7302988480691329	1.0336818706142819	1.0	1.0	2.0
58950000	0.13723331191754498	0.11847766382506972	1.0	1.0	2.0
58960000	0.5599060261331521	0.08948458196336952	1.0	1.0	2.0
58970000	0.8906588974327161	1.427338012117616	1.0	1.0	2.0
58980000	0.4168401602487505	0.05955146850077209	1.0	1.0	2.0
58990000	0.43331054694112753	0.2036657458857672	1.0	1.0	2.0
59000000	0.34579003257492374	0.09844248400067858	1.0	1.0	2.0
59010000	1.4615974897342983	0.2992347317696128	1.0	1.0	2.0
59020000	0.8078894537483565	1.6605178321612555	1.0	1.0	2.0
59030000	0.7639982153721758	1.4181456010389168	1.0	1.0	2.0
59040000	1.8151475396973549	3.551224670137002	1.0	1.0	2.0
59050000	0.1357545595143896	0.3627165771499786	1.0	1.0	2.0
59060000	1.0881125382214365	0.16182456574578857	1.0	1.0	2.0
59070000	0.6564344330280302	0.36324295148616526	1.0	1.0	2.0
59080000	0.8317455117293259	1.3975566004955289	1.0	1.0	2.0
59090000	0.42175241941450603	0.3265142580665742	1.0	1.0	2.0
59100000	1.3498813448332867	0.10150628583791807	1.0	1.0	2.0
59110000	0.7950936421466978	0.18300517532976376	1.0	1.0	2.0
59120000	1.3337398121171826	0.8539319493900711	1.0	1.0	2.0
59130000	1.2388431050961024	0.21692855820864204	1.0	1.0	2.0
59140000	0.7036774177218842	0.8167343313526441	1.0	1.0	2.0
59150000	1.591184859549226	0.5177373673854178	1.0	1.0	2.0
59160000	1.2270308001072503	0.20214002309405513	1.0	1.0	2.0
59170000	0.6501899629267418	0.833094152554191	1.0	1.0	2.0
59180000	0.4476247057335663	0.02390729174717648	1.0	1.0	2.0
59190000	1.536512324977079	0.3744017115246268	1.0	1.0	2.0
59200000	1.4590736630083339	0.9901785284826804	1.0	1.0	2.0
59210000	1.952039443750625	1.7486748140600794	1.0	1.0	2.0
59220000	2.9565785585373545	0.33682384211045874	1.0	1.0	2.0
59230000	1.8919360984138371	0.3940980354670813	1.0	1.0	2.0
59240000	0.15719520343525475	0.42956797182081197	1.0	1.0	2.0
59250000	3.175881917690399	1.284204011381668	1.0	1.0	2.0
59260000	0.9023687188158482	0.22626307745448992	1.0	1.0	2.0
59270000	1.214654854851835	0.2700096338286314	1.0	1.0	2.0
59280000	0.35167160470413017	0.364731387236427	1.0	1.0	2.0
59290000	0.7751245148328055	1.887323784753117	1.0	1.0	2.0
59300000	1.0005014341256975	0.4178195486923355	1.0	1.0	2.0
59310000	0.1611337593228925	0.16714888264861105	1.0	1.0	2.0
59320000	1.031490732360974	0.0011586522353885448	1.0	1.0	2.0
59330000	3.490575991087766	0.34443281861809616	1.0	1.0	2.0
59340000	1.3121372330236214	1.934351019022199	0.0	1.0	1.0
59350000	0.44735299123789846	1.2228330738701887	1.0	1.0	2.0
59360000	1.8967974513555745	0.893625059462048	1.0	1.0	2.0
59370000	4.179284087616436	1.1161050643942483	1.0	1.0	2.0
59380000	1.1288312094466728	0.888697800919955	1.0	1.0	2.0
59390000	1.0836928953059273	0.6585877205569381	1.0	1.0	2.0
59400000	2.8231536503830963	0.16573898270119886	1.0	1.0	2.0
59410000	0.7048902547154253	0.016068914191278434	1.0	1.0	2.0
59420000	0.9076109067607684	0.41366581913663686	1.0	1.0	2.0
59430000	0.16137575692205702	0.08505250296800654	1.0	1.0	2.0
59440000	1.0281087300975034	0.27729587476503526	1.0	1.0	2.0
59450000	0.8895637496568786	0.20781426725200702	1.0	1.0	2.0
59460000	0.33213220751205336	0.3232280603542991	1.0	1.0	2.0
59470000	2.037896279249227	0.8596233903668418	1.0	1.0	2.0
59480000	1.5870431878232214	0.7363432042487398	1.0	1.0	2.0
59490000	0.27494161033420433	0.031033624043780017	1.0	1.0	2.0
59500000	2.1949783069430833	0.3393893144273083	1.0	1.0	2.0
59510000	1.097438838605826	1.2353576532981168	1.0	1.0	2.0
59520000	1.0692578114304472	0.05382905831956837	1.0	1.0	2.0
59530000	1.074093687322301	0.6441623377628506	1.0	1.0	2.0
59540000	0.6839033749084235	0.2545577592984612	1.0	1.0	2.0
59550000	2.2739614064816274	1.158986757484558	1.0	1.0	2.0
59560000	0.9698950154418778	0.0840035418340165	1.0	1.0	2.0
59570000	2.041622268998726	0.512656679420016	1.0	1.0	2.0
59580000	0.42991938684611475	0.07499833413955076	1.0	1.0	2.0
59590000	2.5776609500845202	1.2034632527169227	1.0	1.0	2.0
59600000	4.330131180723419	0.6142460443660723	1.0	1.0	2.0
59610000	3.7503804108047207	0.6023209454914372	1.0	1.0	2.0
59620000	0.803745931914988	0.4532313628723827	1.0	1.0	2.0
59630000	0.11903879393706145	0.21792030024412387	1.0	1.0	2.0
59640000	3.0043777932113698	0.7078586472622205	1.0	1.0	2.0
59650000	0.5193713496014746	0.04190802338121162	1.0	1.0	2.0
59660000	0.4226188513071398	0.8460295492240889	1.0	1.0	2.0
59670000	0.33461280171920754	0.492785460506561	1.0	1.0	2.0
59680000	0.4139821974508417	0.3827646361939592	1.0	1.0	2.0
59690000	0.12478452528780834	0.10295748163983323	1.0	1.0	2.0
59700000	0.5368042115135956	0.2956091283473146	1.0	1.0	2.0
59710000	0.3223445050884244	0.18955987018302264	1.0	1.0	2.0
59720000	0.26824205193653805	0.705942575744216	1.0	1.0	2.0
59730000	2.255227835254083	0.5858529772154324	1.0	1.0	2.0
59740000	1.0342547352910032	0.43107393527636706	1.0	1.0	2.0
59750000	1.3234564745781792	0.23949713322888944	1.0	1.0	2.0
59760000	1.1299702632783868	1.728759161108266	1.0	1.0	2.0
59770000	0.2836595989528226	0.5397216474627394	1.0	1.0	2.0
59780000	3.3146578104167	1.5533826635149404	1.0	1.0	2.0
59790000	1.6745891059447733	0.3548360239330337	1.0	1.0	2.0
59800000	0.22328622495524103	0.3103200444668046	1.0	1.0	2.0
59810000	3.6939922432509866	0.39501405845557885	1.0	1.0	2.0
59820000	2.7432850570705525	2.4336027124608783	1.0	1.0	2.0
59830000	1.9136753033245952	1.9829336098083887	1.0	1.0	2.0
59840000	0.06687775629936661	0.013721868997620793	1.0	1.0	2.0
59850000	0.21306935537507557	1.3074749284980691	1.0	1.0	2.0
59860000	0.5928137772956213	0.2729443400513906	1.0	1.0	2.0
59870000	1.2091392487121906	0.1533508713105212	1.0	1.0	2.0
59880000	1.220116899860091	0.20192656447174578	1.0	1.0	2.0
59890000	1.9067131280276848	0.59115524202192	1.0	1.0	2.0
59900000	0.3262675418361885	0.10379467952815391	1.0	1.0	2.0
59910000	1.6418405317061502	0.1419714550934427	1.0	1.0	2.0
59920000	0.12837186707264459	3.1268587252965296E-4	1.0	1.0	2.0
59930000	1.3076855618490437	0.13645846073046636	1.0	1.0	2.0
59940000	0.7342441653562678	0.09506366660884423	1.0	1.0	2.0
59950000	0.6045580329492348	0.5403142189794915	1.0	1.0	2.0
59960000	1.6886252336058825	0.10021368090363222	1.0	1.0	2.0
59970000	0.5649264536825462	0.5211550750289684	1.0	1.0	2.0
59980000	0.32705611757420994	0.7025216489883251	1.0	1.0	2.0
59990000	0.4147623052881059	0.12175059175734634	1.0	1.0	2.0
60000000	2.1364716247976694	1.0120602130925935	1.0	1.0	2.0
60010000	2.1524545526194685	1.0446279611328222	1.0	1.0	2.0
60020000	1.82514295912874	2.4427509595103283	1.0	1.0	2.0
60030000	0.6760927480277943	0.40506830930739823	1.0	1.0	2.0
60040000	0.44311979820179337	1.6624653806038245	1.0	1.0	2.0
60050000	0.26255272428455917	0.008148177210018398	1.0	1.0	2.0
60060000	0.2859565588506031	0.37216830170432036	1.0	1.0	2.0
60070000	0.894093912253845	0.04677151543263215	1.0	1.0	2.0
60080000	0.5279472907210946	0.5349250726337884	1.0	1.0	2.0
60090000	3.4223522895791745	0.8940911595031589	1.0	1.0	2.0
60100000	0.30072168004473593	0.1024619980640143	1.0	1.0	2.0
60110000	1.3805703879698255	0.19247898170135308	1.0	1.0	2.0
60120000	1.725389513815342	0.9743479954137515	1.0	1.0	2.0
60130000	1.7933561944838452	0.5108328004783944	1.0	1.0	2.0
60140000	0.6209207025799539	1.573315833077726	1.0	1.0	2.0
60150000	1.1171511865644295	0.815759279760588	1.0	1.0	2.0
60160000	0.7334184918453798	0.6309292809571108	1.0	1.0	2.0
60170000	0.7892853884035146	0.30850076183821284	1.0	1.0	2.0
60180000	2.204640976238817	0.09377049382226596	1.0	1.0	2.0
60190000	1.4263400552222554	0.059064878929301144	1.0	1.0	2.0
60200000	1.2390294486613072	0.5556885201210852	1.0	1.0	2.0
60210000	1.9845459778633605	0.6316105774264642	1.0	1.0	2.0
60220000	1.9920139416479676	0.7543638855053478	1.0	1.0	2.0
60230000	2.2571932175670164	0.6454352899191548	1.0	1.0	2.0
60240000	1.7871621075557373	1.2698296125218544	1.0	1.0	2.0
60250000	2.171326074039724	1.345238149554988	1.0	1.0	2.0
60260000	0.23085419617820593	0.12144978766900298	1.0	1.0	2.0
60270000	2.1593073994843466	0.31183778826616837	1.0	1.0	2.0
60280000	0.41749391972090627	1.227669659486719	1.0	1.0	2.0
60290000	1.257519576478068	1.2528447809804364	1.0	1.0	2.0
60300000	0.8301150565014386	1.5904520199142953	1.0	1.0	2.0
60310000	0.24015332620284896	0.5851702595798863	1.0	1.0	2.0
60320000	1.908099240984305	0.4939682987041736	1.0	1.0	2.0
60330000	0.668503200459156	1.0850117009137703	1.0	1.0	2.0
60340000	1.3619084855890287	0.1696785866136317	1.0	1.0	2.0
60350000	1.3550572563597865	1.5419931479009235	1.0	1.0	2.0
60360000	1.528740076800829	0.178580329846642	1.0	1.0	2.0
60370000	0.48478860044202626	1.566338269691608	1.0	1.0	2.0
60380000	0.34800262288021716	0.892604648585908	1.0	1.0	2.0
60390000	5.59757979539944	1.413933440686022	1.0	1.0	2.0
60400000	1.1653719040929382	0.45858798935736317	1.0	1.0	2.0
60410000	0.6191537586206755	0.2741082299687329	1.0	1.0	2.0
60420000	1.2767708096959296	0.038117588662373206	1.0	1.0	2.0
60430000	0.5699067128434601	0.43461039650972544	1.0	1.0	2.0
60440000	1.702823667472779	0.16539640056242227	1.0	1.0	2.0
60450000	0.790989754783895	0.06673367277028547	1.0	1.0	2.0
60460000	0.11936329769461626	0.09629162477425397	1.0	1.0	2.0
60470000	2.645283924602829	0.49457228222302474	1.0	1.0	2.0
60480000	0.4723541347613488	2.5303952049387547E-4	1.0	1.0	2.0
60490000	1.7544841441396783	0.12791750363039778	1.0	1.0	2.0
60500000	1.3852944477318412	0.3501061490873993	1.0	1.0	2.0
60510000	1.8035229658901821	0.03988526872663537	1.0	1.0	2.0
60520000	0.5666130664782956	0.1664730588026528	1.0	1.0	2.0
60530000	0.5478873490628858	1.3888184416540437	1.0	1.0	2.0
60540000	0.1878195287306476	0.051019180018244625	1.0	1.0	2.0
60550000	1.7982120241044934	5.5982045055933	1.0	1.0	2.0
60560000	0.3426514244515583	1.1329111724745289	1.0	1.0	2.0
60570000	3.0179584442380585	1.1411655117640727	1.0	1.0	2.0
60580000	2.2678330423584776	0.26930015699125354	1.0	1.0	2.0
60590000	0.9751683618044202	1.6682378530516166	1.0	1.0	2.0
60600000	0.4343776200150859	0.8524012653124607	1.0	1.0	2.0
60610000	0.8813436190501919	0.1359441102767273	1.0	1.0	2.0
60620000	1.551398120108247	0.25283541048339525	1.0	1.0	2.0
60630000	2.9520508008860236	0.05166897495455959	1.0	1.0	2.0
60640000	0.9000004952542935	0.4322430956046438	1.0	1.0	2.0
60650000	2.6977514090099013	1.4528168742718413	1.0	1.0	2.0
60660000	1.506709097081068	0.29069224112444053	1.0	1.0	2.0
60670000	0.7735659584506178	0.8951777766017801	1.0	1.0	2.0
60680000	0.3727676134526254	0.3255868779657042	1.0	1.0	2.0
60690000	0.7774561686606338	0.6900650355658534	1.0	1.0	2.0
60700000	0.411087166099562	0.3711593182121692	1.0	1.0	2.0
60710000	4.2090323845096265	0.988976935703777	1.0	1.0	2.0
60720000	5.00247219356403	0.07320389402965378	1.0	1.0	2.0
60730000	0.7912919606483578	0.6489716989004385	1.0	1.0	2.0
60740000	1.2617918013218865	0.22887256718311602	1.0	1.0	2.0
60750000	0.440480810088139	0.7120874591138527	1.0	1.0	2.0
60760000	0.7496357676555097	0.9551532509312999	1.0	1.0	2.0
60770000	0.32231414296778943	0.014915585765009573	1.0	1.0	2.0
60780000	0.4792948882969803	0.679822975051141	1.0	1.0	2.0
60790000	1.4283850783821441	0.20021456767771195	1.0	1.0	2.0
60800000	0.38644268021509454	0.2608594454774464	1.0	1.0	2.0
60810000	0.6793916446657324	0.6779531701338684	1.0	1.0	2.0
60820000	1.363603928839402	0.44899482684341513	1.0	1.0	2.0
60830000	0.9958205472351604	0.16402635568069007	1.0	1.0	2.0
60840000	2.4989033835590124	0.05205558846977505	1.0	1.0	2.0
60850000	0.21536643579862907	0.2523751999636111	1.0	1.0	2.0
60860000	0.9729959899097463	1.6633017606340015	1.0	1.0	2.0
60870000	1.0427354412437655	0.37319470965793144	1.0	1.0	2.0
60880000	0.9216334601857453	0.18692885477997861	1.0	1.0	2.0
60890000	0.26795170672760726	0.6665084158835859	1.0	1.0	2.0
60900000	0.9862756055183381	0.9945811528105089	1.0	1.0	2.0
60910000	0.7933620529429021	1.4045467406790995	1.0	1.0	2.0
60920000	1.1091438024386158	0.37313325610047304	1.0	1.0	2.0
60930000	2.523518463084507	0.18133411017012807	1.0	1.0	2.0
60940000	1.718495502384844	0.041406243168556955	1.0	1.0	2.0
60950000	5.6194190141808225	0.5238216104437295	1.0	1.0	2.0
60960000	2.5036953251260075	0.11569580552165933	1.0	1.0	2.0
60970000	0.7943766053201632	0.35260160082439257	1.0	1.0	2.0
60980000	4.429049913889511	0.18914731095476525	1.0	1.0	2.0
60990000	1.5796073151736307	0.029059725542300418	1.0	1.0	2.0
61000000	0.47437954598090226	0.632669806280138	1.0	1.0	2.0
61010000	1.2530673196844968	1.2417496882525325	0.0	1.0	1.0
61020000	0.8657196785593857	0.17822812739692656	1.0	1.0	2.0
61030000	1.7828542361985267	0.0063652206920515545	1.0	1.0	2.0
61040000	0.8716400070685139	0.25878964354055706	1.0	1.0	2.0
61050000	0.6685529145210184	0.27104050395702495	1.0	1.0	2.0
61060000	0.5404657834248267	0.4190824476651502	1.0	1.0	2.0
61070000	2.88659469208065	1.0423090328523341	1.0	1.0	2.0
61080000	0.7222237547488228	0.8659471108058562	1.0	1.0	2.0
61090000	0.4216929953214381	1.1768082012867824	1.0	1.0	2.0
61100000	0.9484754751699889	2.5582988705533087	1.0	1.0	2.0
61110000	1.3612580247446786	0.051453630580436095	1.0	1.0	2.0
61120000	0.8746055416505321	0.4792675963832433	1.0	1.0	2.0
61130000	0.42245349509113583	0.11299594456518257	1.0	1.0	2.0
61140000	1.782370529283744	1.793773587735658	1.0	1.0	2.0
61150000	0.6052397330936489	0.20590755670354594	1.0	1.0	2.0
61160000	0.8257368711002587	0.030963400059225172	1.0	1.0	2.0
61170000	2.553734773200697	0.2834722209230031	1.0	1.0	2.0
61180000	0.16625424214028126	0.1442805564903537	1.0	1.0	2.0
61190000	1.5225974504803204	0.21299352246572575	1.0	1.0	2.0
61200000	0.9639106888093818	1.2156480565958208	1.0	1.0	2.0
61210000	0.4154553019124905	0.3577345846041092	1.0	1.0	2.0
61220000	2.0562079820740857	0.10442674023273285	1.0	1.0	2.0
61230000	1.0158312427469343	3.175991443473013	1.0	1.0	2.0
61240000	0.7309696168910752	0.14599989459318946	1.0	1.0	2.0
61250000	0.39422617107012325	0.03512478188351013	1.0	1.0	2.0
61260000	0.5814377270764056	0.3881962648056174	1.0	1.0	2.0
61270000	0.969892367359561	0.09546953612776768	1.0	1.0	2.0
61280000	2.056822556824668	0.08563079227065876	1.0	1.0	2.0
61290000	5.919110957324045	0.5933515394475575	1.0	1.0	2.0
61300000	0.016026360417985518	0.026873132642079987	1.0	1.0	2.0
61310000	1.626994615821951	0.3508161056417963	1.0	1.0	2.0
61320000	3.410433558934724	3.100880727428539	1.0	1.0	2.0
61330000	2.2622923759925184	1.1499428899801114	1.0	1.0	2.0
61340000	0.24640981818338162	0.6161659100348562	1.0	1.0	2.0
61350000	0.6721127995065764	0.8120880024929135	1.0	1.0	2.0
61360000	0.12950301579822948	0.2920279207290481	1.0	1.0	2.0
61370000	1.6899049771621646	0.858695952385358	1.0	1.0	2.0
61380000	0.12065895490348928	0.016878184866436868	1.0	1.0	2.0
61390000	2.9240283254360433	0.3228505412832152	1.0	1.0	2.0
61400000	4.216244099470978	0.05914703524151472	1.0	1.0	2.0
61410000	1.4628637335233623	0.19246843198204117	1.0	1.0	2.0
61420000	0.7576448169197173	0.7832530925974157	1.0	1.0	2.0
61430000	1.473123638366771	0.11570701707408645	1.0	1.0	2.0
61440000	1.0797149115650613	0.10227504759338253	1.0	1.0	2.0
61450000	3.070826740180398	0.24265238211091544	1.0	1.0	2.0
61460000	1.765659557351004	0.24094486920137442	1.0	1.0	2.0
61470000	0.7822361365072864	0.06486268894274172	1.0	1.0	2.0
61480000	1.3476641819338395	1.1498424878028106	1.0	1.0	2.0
61490000	2.147536210929566	0.022956043379307393	1.0	1.0	2.0
61500000	0.12483762616093254	0.10212399402629516	1.0	1.0	2.0
61510000	0.5160055896785251	0.5892037343159651	1.0	1.0	2.0
61520000	0.8689443955795718	0.9162595633618931	1.0	1.0	2.0
61530000	0.7742618713293716	0.17851594767345128	1.0	1.0	2.0
61540000	3.383605439397623	0.7155587054444532	1.0	1.0	2.0
61550000	0.10142188718117931	0.13503127183849256	1.0	1.0	2.0
61560000	1.9504764567162982	0.3818093362108127	1.0	1.0	2.0
61570000	1.0637751283129042	1.7196676086704084	1.0	1.0	2.0
61580000	1.6304562677782624	0.1529672627034506	1.0	1.0	2.0
61590000	0.45261236016497103	1.8946762406389956	1.0	1.0	2.0
61600000	2.445631045107549	1.489367172913038	1.0	1.0	2.0
61610000	3.454069369638104	1.8996504717661602	1.0	1.0	2.0
61620000	0.9159140575951409	0.90492335657543	1.0	1.0	2.0
61630000	1.1743117201722395	0.7858696546420848	1.0	1.0	2.0
61640000	0.42718233675764605	0.15252709853908053	1.0	1.0	2.0
61650000	0.5463554634179263	0.2308508471873383	1.0	1.0	2.0
61660000	1.3500652201186185	0.17633263865686458	1.0	1.0	2.0
61670000	1.151375294164137	0.5000058865658805	1.0	1.0	2.0
61680000	0.4892957690209732	0.3973311977564575	1.0	1.0	2.0
61690000	0.7334411237502184	0.22948990687982782	1.0	1.0	2.0
61700000	1.6833231784797686	0.17035642375874752	1.0	1.0	2.0
61710000	3.331675359897342	1.171561382722485	0.0	1.0	1.0
61720000	3.846515534116524	1.24120036673969	1.0	1.0	2.0
61730000	0.8547926538387739	0.21939737838019893	1.0	1.0	2.0
61740000	2.5688278623484804	1.055879195039241	1.0	1.0	2.0
61750000	0.42206270824138215	0.5287808035013459	1.0	1.0	2.0
61760000	0.9000123272553808	0.47246978723563915	1.0	1.0	2.0
61770000	2.4231540170604915	1.3903119342525327	1.0	1.0	2.0
61780000	2.426965974335471	0.5423841485259563	1.0	1.0	2.0
61790000	1.645400546027554	1.1147496073635343	1.0	1.0	2.0
61800000	1.2023085622118141	0.25143092466608813	1.0	1.0	2.0
61810000	3.4555004040107136	1.1918767915800033	1.0	1.0	2.0
61820000	0.9581681237201628	0.23335095255799124	1.0	1.0	2.0
61830000	1.1342274170785875	0.003453723979939591	1.0	1.0	2.0
61840000	1.826096187052276	0.12971152743374026	1.0	1.0	2.0
61850000	0.6737942990675377	0.06605226604774393	1.0	1.0	2.0
61860000	1.6106958068718171	0.9855231269639597	1.0	1.0	2.0
61870000	1.2660219888661917	0.20463725030444058	1.0	1.0	2.0
61880000	0.1904976751024272	0.18278098369220877	1.0	1.0	2.0
61890000	1.7225952107732998	1.968381828408742	1.0	1.0	2.0
61900000	1.1539542508949803	0.21909986498708572	1.0	1.0	2.0
61910000	2.698370097216593	0.26911968142445586	1.0	1.0	2.0
61920000	0.8200616266988767	1.310985252618395	1.0	1.0	2.0
61930000	0.9154484534129255	0.582569764285559	1.0	1.0	2.0
61940000	0.3320826227517371	0.97185283259679	1.0	1.0	2.0
61950000	0.10846102872102024	0.2853625155739107	1.0	1.0	2.0
61960000	0.22312921572115157	0.14961705085057847	1.0	1.0	2.0
61970000	1.1098165784374507	0.44010708630660833	1.0	1.0	2.0
61980000	3.6422523131930085	0.7970078520189818	1.0	1.0	2.0
61990000	1.8326654577724304	0.698735384421974	1.0	1.0	2.0
62000000	3.0578501249469405	1.92278318380083	1.0	1.0	2.0
62010000	0.5616961292756983	0.23795139622374387	1.0	1.0	2.0
62020000	2.9118229945571974	0.8458029416726114	1.0	1.0	2.0
62030000	0.9228245383893425	3.66162955909578	1.0	1.0	2.0
62040000	1.0778671695508137	0.2639276140691104	1.0	1.0	2.0
62050000	1.5137649609697819	0.08727398859590856	1.0	1.0	2.0
62060000	0.22276975252727096	0.3819875936222979	1.0	1.0	2.0
62070000	0.22714621494394327	0.12095908374425275	1.0	1.0	2.0
62080000	0.1741213898030953	0.001906168425683024	1.0	1.0	2.0
62090000	0.895336172836192	1.1751320545718713	1.0	1.0	2.0
62100000	0.9869961646864502	0.9571380753474112	1.0	1.0	2.0
62110000	0.7638610036771564	0.23328728485117492	1.0	1.0	2.0
62120000	0.5602695511805615	0.2586408977729987	1.0	1.0	2.0
62130000	0.7227910647841405	0.024558317505831345	1.0	1.0	2.0
62140000	0.584044939138171	0.47256777918316295	1.0	1.0	2.0
62150000	0.7852454406265728	0.1938910485984947	1.0	1.0	2.0
62160000	0.8733116223805923	0.6987875384259998	1.0	1.0	2.0
62170000	1.065590403264122	0.8141022080055358	1.0	1.0	2.0
62180000	0.6100840813342728	0.20783657661727334	1.0	1.0	2.0
62190000	4.036698742281232	0.3705743558913891	1.0	1.0	2.0
62200000	0.1770495074440888	1.4294733856640438	1.0	1.0	2.0
62210000	4.022292998527641	3.0597413118663686	1.0	1.0	2.0
62220000	1.7362413199685969	0.24343175699737835	1.0	1.0	2.0
62230000	0.2631695345164145	0.14619275335335147	1.0	1.0	2.0
62240000	1.6891385887604746	0.33862854134049714	1.0	1.0	2.0
62250000	0.30437044031899446	0.5954810454308413	1.0	1.0	2.0
62260000	1.266441538458253	0.5463238927053069	1.0	1.0	2.0
62270000	2.203617776544431	1.8936396071120731	1.0	1.0	2.0
62280000	0.7719179208863354	0.8753281208855475	1.0	1.0	2.0
62290000	1.915887862712001	0.07130229956125682	1.0	1.0	2.0
62300000	0.3721876952828557	0.13198898982548227	1.0	1.0	2.0
62310000	1.2642928929627013	0.8782310285167105	1.0	1.0	2.0
62320000	3.1953908324942613	1.7236110450877875	1.0	1.0	2.0
62330000	1.0603621222499071	0.844196279377808	1.0	1.0	2.0
62340000	1.4689399879730223	0.19872577359137372	1.0	1.0	2.0
62350000	0.40788822728870894	0.303562126965968	1.0	1.0	2.0
62360000	0.24730462845120246	0.1989469324034364	1.0	1.0	2.0
62370000	1.6989654456430143	2.1525716536865502	1.0	1.0	2.0
62380000	0.5853027382836508	0.0036984927151581084	1.0	1.0	2.0
62390000	1.61412116095718	0.19117920598659777	1.0	1.0	2.0
62400000	0.5959810370509961	0.4830721948609649	1.0	1.0	2.0
62410000	2.4852920979523985	1.4720538342048963	1.0	1.0	2.0
62420000	0.22983010931751008	0.4837560248173478	1.0	1.0	2.0
62430000	0.42965539230899036	0.03081645580872646	1.0	1.0	2.0
62440000	1.5138797109071997	0.24528461644614596	1.0	1.0	2.0
62450000	4.278456699551123	0.36977696443953634	1.0	1.0	2.0
62460000	0.12035732820786246	0.2595737646158747	1.0	1.0	2.0
62470000	0.2712367704310318	0.965319259902976	1.0	1.0	2.0
62480000	1.339157472067139	0.5262697450799536	1.0	1.0	2.0
62490000	1.1030937430043317	1.0849587809298509	1.0	1.0	2.0
62500000	1.300446187915428	1.244339933956883	1.0	1.0	2.0
62510000	0.4896834125189602	1.2677958653923131	1.0	1.0	2.0
62520000	0.28257147711818836	0.34644423763969934	1.0	1.0	2.0
62530000	1.8071252102765916	0.951423401891377	1.0	1.0	2.0
62540000	1.4176510083680538	0.40586591359746704	1.0	1.0	2.0
62550000	2.5354643571524567	0.014514385865603809	1.0	1.0	2.0
62560000	0.12467830603259995	0.3833888225228601	1.0	1.0	2.0
62570000	0.5390137401315334	0.9989781059806062	1.0	1.0	2.0
62580000	0.8683154817344492	0.32942826543075576	1.0	1.0	2.0
62590000	2.0321700812565013	0.23192744055663336	1.0	1.0	2.0
62600000	1.0828902258908977	0.19583652372578228	1.0	1.0	2.0
62610000	4.773207945924117	1.6789887612180734	1.0	1.0	2.0
62620000	1.2001317153823166	0.06250950964152518	1.0	1.0	2.0
62630000	0.1953253073053438	0.31456051687267794	1.0	1.0	2.0
62640000	0.8451290460816994	0.06565261663362404	1.0	1.0	2.0
62650000	0.14829746344094566	0.23417597027186104	1.0	1.0	2.0
62660000	0.8843047240481386	0.22327734364282043	1.0	1.0	2.0
62670000	0.3464733913636427	2.057710025869185	1.0	1.0	2.0
62680000	2.182092090846839	0.3348690997793174	1.0	1.0	2.0
62690000	0.10216904615436291	0.03594534347925052	1.0	1.0	2.0
62700000	0.8312297616376357	0.5460341731892769	1.0	1.0	2.0
62710000	1.1659256185299278	0.35875414551464074	1.0	1.0	2.0
62720000	0.845753356690231	0.07521357262363132	1.0	1.0	2.0
62730000	3.0729343533360614	0.5832003134960658	1.0	1.0	2.0
62740000	0.3114698462213538	0.9893340414035056	1.0	1.0	2.0
62750000	0.2102829818873511	0.03738909246828898	1.0	1.0	2.0
62760000	0.9776518213852483	0.2272602562562945	1.0	1.0	2.0
62770000	1.7418371138652027	0.4828357752130363	1.0	1.0	2.0
62780000	2.064273519522576	0.665796265004696	1.0	1.0	2.0
62790000	0.8671170833652448	0.2691338177978409	1.0	1.0	2.0
62800000	3.2969371239853342	0.03556987689338599	1.0	1.0	2.0
62810000	0.9891288061487853	0.26143416414198445	1.0	1.0	2.0
62820000	1.0879273897459913	0.006192001404692265	1.0	1.0	2.0
62830000	2.737556471251689	0.5657618960082491	1.0	1.0	2.0
62840000	1.2814586705458308	0.988121721631004	1.0	1.0	2.0
62850000	1.2394858368554682	0.0863181924248813	1.0	1.0	2.0
62860000	5.67818496323143	2.1157367314193816	1.0	1.0	2.0
62870000	1.669253943496311	0.0046581222303670785	1.0	1.0	2.0
62880000	3.3756133828091692	0.7850931932423436	1.0	1.0	2.0
62890000	1.1205507779301618	1.5717420327001461	1.0	1.0	2.0
62900000	2.922629283042338	0.006226652290988947	1.0	1.0	2.0
62910000	0.6393731773625456	0.01767011186856346	1.0	1.0	2.0
62920000	1.228803270425716	0.5426756490310244	1.0	1.0	2.0
62930000	1.4628279082403084	0.0930546265636424	1.0	1.0	2.0
62940000	1.8427119956791496	1.3757417430654382	1.0	1.0	2.0
62950000	0.771941505135809	0.954424744128245	1.0	1.0	2.0
62960000	1.5124577545927338	0.12340325372331616	1.0	1.0	2.0
62970000	0.16698603993289635	0.13393737649383877	1.0	1.0	2.0
62980000	2.0418678793731337	0.029304968326820845	1.0	1.0	2.0
62990000	0.23668833227084066	0.10748241104792622	1.0	1.0	2.0
63000000	1.2455925936981942	0.09035959952194819	1.0	1.0	2.0
63010000	1.7586790331480573	0.3675842143785411	1.0	1.0	2.0
63020000	0.1962010702760536	0.7966237567891975	1.0	1.0	2.0
63030000	1.7278883588416667	0.018899406125456587	1.0	1.0	2.0
63040000	1.772800450106103	0.6834366602412096	1.0	1.0	2.0
63050000	2.543442356791925	0.14587369086864194	1.0	1.0	2.0
63060000	0.6363520729856821	1.106163671683067	1.0	1.0	2.0
63070000	3.1343859001253294	0.6900743104402156	1.0	1.0	2.0
63080000	0.6339650848049813	0.22258473717043276	1.0	1.0	2.0
63090000	5.073187077934157	0.12966148949042108	1.0	1.0	2.0
63100000	0.3934715028798547	0.4308660723227333	1.0	1.0	2.0
63110000	0.41788197244484876	0.4271910596595045	1.0	1.0	2.0
63120000	3.3854925617118568	0.9402444677458246	1.0	1.0	2.0
63130000	0.24473721982931307	0.13798450923608366	1.0	1.0	2.0
63140000	1.2466677367136776	0.04784542420849434	1.0	1.0	2.0
63150000	2.1515791246926312	0.23996880696468043	1.0	1.0	2.0
63160000	0.6595204515538049	0.5731408543077913	1.0	1.0	2.0
63170000	1.3480677533874545	1.0575535714371604	1.0	1.0	2.0
63180000	0.8779222476345176	0.4205119391880686	1.0	1.0	2.0
63190000	0.3722377432402206	0.6501555721662496	1.0	1.0	2.0
63200000	0.9410446739992795	0.27894630927940717	1.0	1.0	2.0
63210000	0.9450496029736579	0.026965731043391127	1.0	1.0	2.0
63220000	0.7158624460622004	0.2784085965228461	1.0	1.0	2.0
63230000	1.2118131335436584	0.4599913372246167	1.0	1.0	2.0
63240000	0.5096131977506234	0.30178239803319795	1.0	1.0	2.0
63250000	1.7263871286641903	1.3256796804630477	1.0	1.0	2.0
63260000	1.461272792748762	1.3195642192370147	1.0	1.0	2.0
63270000	0.49772610700735226	0.047295526115694805	1.0	1.0	2.0
63280000	1.1879253347512035	0.6164428362330273	1.0	1.0	2.0
63290000	0.07432145773715071	0.3475786233382624	1.0	1.0	2.0
63300000	2.017537129189142	0.1821836966942084	1.0	1.0	2.0
63310000	3.5165537010199888	0.3273558071578225	1.0	1.0	2.0
63320000	1.3904327479531364	0.10660957521828245	1.0	1.0	2.0
63330000	0.9813118226851213	0.00692147158458409	1.0	1.0	2.0
63340000	0.28636195252247804	0.3467542213845841	1.0	1.0	2.0
63350000	2.4745637373396483	0.7446461168263564	1.0	1.0	2.0
63360000	0.5707747110181921	0.4963004548971434	1.0	1.0	2.0
63370000	1.3176787742773486	0.44528737426368786	1.0	1.0	2.0
63380000	0.7701056494858196	0.9972571593870094	1.0	1.0	2.0
63390000	0.7798708092856305	0.4412451475395737	0.0	1.0	1.0
63400000	0.9187121297328285	0.8117567288630525	1.0	1.0	2.0
63410000	0.6073263997653661	0.19740262057966934	1.0	1.0	2.0
63420000	0.28670820487941234	0.6908174217142499	1.0	1.0	2.0
63430000	0.1129903670537746	0.053737831660235984	1.0	1.0	2.0
63440000	1.0504024788628954	0.4189931936879509	1.0	1.0	2.0
63450000	1.2740061741510422	0.20195502866708223	1.0	1.0	2.0
63460000	0.5045226365781142	0.05886406848274649	1.0	1.0	2.0
63470000	0.16938482724131004	0.02422257125944397	1.0	1.0	2.0
63480000	1.669650618267602	1.6071637258374365	1.0	1.0	2.0
63490000	1.7256481007228828	2.478095239495751	1.0	1.0	2.0
63500000	0.575175323296173	1.5719143006349579	1.0	1.0	2.0
63510000	1.956470180309501	0.0310938088169431	1.0	1.0	2.0
63520000	2.299605573499657	0.14214664149555434	1.0	1.0	2.0
63530000	1.8066069450422737	1.0145419045813413	1.0	1.0	2.0
63540000	3.201461607846702	0.029013510275664685	1.0	1.0	2.0
63550000	3.244116778727285	0.2124532064749401	1.0	1.0	2.0
63560000	0.9815955901445707	1.2249062763496088	1.0	1.0	2.0
63570000	2.312702991087834	0.17079265163552254	1.0	1.0	2.0
63580000	0.9596256574821463	0.15921246533782527	1.0	1.0	2.0
63590000	2.206441695292939	0.21329554532838693	1.0	1.0	2.0
63600000	0.29147333443246565	0.3099639684204416	1.0	1.0	2.0
63610000	0.7395943255407124	0.07572266647719422	1.0	1.0	2.0
63620000	0.7099349965542582	0.025073598676766534	1.0	1.0	2.0
63630000	1.3617318651294674	1.4913727862641681	1.0	1.0	2.0
63640000	2.264953444545172	0.4635737728077873	1.0	1.0	2.0
63650000	0.18550262300628692	0.33330172412323933	1.0	1.0	2.0
63660000	1.8350929736507033	2.16049262441729	1.0	1.0	2.0
63670000	1.9027033176236943	0.06320323857506455	1.0	1.0	2.0
63680000	0.8113976826495235	0.655757684933083	1.0	1.0	2.0
63690000	3.5389532978952727	1.1773987323411899	1.0	1.0	2.0
63700000	2.4159106668560373	0.14232390725490565	1.0	1.0	2.0
63710000	2.1161583590615667	0.921583186477027	1.0	1.0	2.0
63720000	1.5773314261171953	0.03654745592707073	1.0	1.0	2.0
63730000	0.7334108997390268	0.3098195225000968	1.0	1.0	2.0
63740000	1.0446970470862134	1.6248383548644407	1.0	1.0	2.0
63750000	1.053181407715784	0.8440851148241736	1.0	1.0	2.0
63760000	1.391308858766193	2.3144252731639527	1.0	1.0	2.0
63770000	0.6885073584933499	0.4121088259167651	1.0	1.0	2.0
63780000	0.999853768491662	0.030075683299461944	1.0	1.0	2.0
63790000	3.115745031795752	1.9767546475946622	1.0	1.0	2.0
63800000	2.2508549363058195	0.10272055372466408	1.0	1.0	2.0
63810000	1.8887560680157451	0.7203604276601546	1.0	1.0	2.0
63820000	2.9958015762522336	1.0335318576606844	1.0	1.0	2.0
63830000	3.6966306874454973	0.23534759350242937	1.0	1.0	2.0
63840000	1.6155477833657486	0.1253236095773599	1.0	1.0	2.0
63850000	0.6878526309623876	0.9877390809743292	1.0	1.0	2.0
63860000	0.8915162630880139	0.05352409417130463	1.0	1.0	2.0
63870000	1.9639089125757034	0.043478637957329674	1.0	1.0	2.0
63880000	0.24830106798260693	0.650920207831704	1.0	1.0	2.0
63890000	0.8195337541811941	0.31932577536120654	1.0	1.0	2.0
63900000	2.861965516299063	2.8872462815157585	1.0	1.0	2.0
63910000	0.49845963084641903	0.5174022742288965	1.0	1.0	2.0
63920000	3.287696315980879	0.679732491971144	1.0	1.0	2.0
63930000	2.3595009945959955	0.08041661439852381	1.0	1.0	2.0
63940000	1.3104040589121924	0.7558396939124349	1.0	1.0	2.0
63950000	0.980955507324424	1.0722431386732159	1.0	1.0	2.0
63960000	0.7315366772453601	0.19495812504394294	1.0	1.0	2.0
63970000	0.4618530225023644	0.3638374824877123	1.0	1.0	2.0
63980000	0.3117557571970628	0.17655382138846434	1.0	1.0	2.0
63990000	6.114607301977153	0.3732057852722069	1.0	1.0	2.0
64000000	1.2312512342997894	0.4513404247775884	1.0	1.0	2.0
64010000	0.3845440950384256	0.39611785526044435	1.0	1.0	2.0
64020000	0.2940047941098381	0.4072370122864804	1.0	1.0	2.0
64030000	1.2044461099455035	1.3348050166416425	1.0	1.0	2.0
64040000	0.9073523899839981	0.43891320253607713	1.0	1.0	2.0
64050000	0.5813402542084902	0.3903342559878338	1.0	1.0	2.0
64060000	1.6184406959605013	1.1345493563039375	1.0	1.0	2.0
64070000	2.502622007332913	0.7785076264959458	1.0	1.0	2.0
64080000	1.9227023438289093	0.2951899362636606	1.0	1.0	2.0
64090000	1.4570294098197112	0.38188790081687957	1.0	1.0	2.0
64100000	2.7034026150315564	0.22820433319858144	1.0	1.0	2.0
64110000	1.2139856006393592	1.1082062332741507	1.0	1.0	2.0
64120000	0.5369324625087741	0.4937177056889103	1.0	1.0	2.0
64130000	1.3437836381956783	0.9903082298195236	1.0	1.0	2.0
64140000	1.4516334664746784	2.6773322894353906	1.0	1.0	2.0
64150000	1.4340575347318572	0.1387208546964473	1.0	1.0	2.0
64160000	0.9027318650636602	0.66218940369109	1.0	1.0	2.0
64170000	3.080620906589002	1.7202062152813116	1.0	1.0	2.0
64180000	1.8939727801279134	0.36352272257897006	1.0	1.0	2.0
64190000	4.232522007019997	0.23705722971353857	1.0	1.0	2.0
64200000	0.42230654738831	1.2171825761399413	1.0	1.0	2.0
64210000	2.7106420248188354	0.1891331021946036	1.0	1.0	2.0
64220000	0.6155954178617239	0.1299905763111933	1.0	1.0	2.0
64230000	0.7141872530202814	0.019453369712067965	1.0	1.0	2.0
64240000	0.19601317702664023	0.0797156150034252	1.0	1.0	2.0
64250000	1.8563801971913456	0.043721272264111856	1.0	1.0	2.0
64260000	1.0560659425331878	0.14460978863131813	1.0	1.0	2.0
64270000	1.6994503220493065	0.20586174313490369	1.0	1.0	2.0
64280000	0.8727924447048641	0.0170845258168187	1.0	1.0	2.0
64290000	0.09935713671387	0.2370471925830324	1.0	1.0	2.0
64300000	0.2769124239206865	0.05047802763420517	1.0	1.0	2.0
64310000	0.83017358946141	0.5701024527471217	1.0	1.0	2.0
64320000	1.5474913882717958	0.5312100326273197	1.0	1.0	2.0
64330000	1.6763856274368243	0.4605485553117163	1.0	1.0	2.0
64340000	0.24563641643251422	2.2892207242496094	1.0	1.0	2.0
64350000	0.5176425200918159	0.3033225538229788	1.0	1.0	2.0
64360000	4.148955765677705	0.2778487305762026	1.0	1.0	2.0
64370000	0.8107594388238789	0.21438164275576366	1.0	1.0	2.0
64380000	0.6292472309403405	0.3006179980233727	1.0	1.0	2.0
64390000	0.4660797145704976	0.7014706406545044	1.0	1.0	2.0
64400000	1.062649192785838	0.6551917514071852	1.0	1.0	2.0
64410000	0.35024105673949113	0.3368612459445662	1.0	1.0	2.0
64420000	0.23939153695120807	0.3918465784192034	1.0	1.0	2.0
64430000	0.381145775781115	0.5222089106749922	1.0	1.0	2.0
64440000	0.1943497556448292	0.0690844289392712	1.0	1.0	2.0
64450000	2.7373039933581946	0.19725892105703602	1.0	1.0	2.0
64460000	2.1456732826493803	0.20662390505102496	1.0	1.0	2.0
64470000	2.031433554366854	0.42862553072289616	1.0	1.0	2.0
64480000	1.4568934788596808	0.12331125369002036	1.0	1.0	2.0
64490000	1.5891208963640908	0.16193005504884606	1.0	1.0	2.0
64500000	0.40139472345179117	0.33782779354735687	1.0	1.0	2.0
64510000	1.894065453889642	0.2092951799316108	1.0	1.0	2.0
64520000	0.598891169855474	0.44935937577601076	1.0	1.0	2.0
64530000	0.25994356144318365	0.7950338975354951	1.0	1.0	2.0
64540000	0.46139757049867897	0.37628824533195887	1.0	1.0	2.0
64550000	1.8440637180837804	0.4095295561292198	1.0	1.0	2.0
64560000	1.6321450525948853	1.545810721288831	1.0	1.0	2.0
64570000	0.2607623623784534	0.2586031785631886	1.0	1.0	2.0
64580000	2.6092720564796323	0.26163237107352044	1.0	1.0	2.0
64590000	5.3897506440936755	0.3892397838084431	1.0	1.0	2.0
64600000	1.2579391405813356	0.3592234795617664	1.0	1.0	2.0
64610000	0.3347742494094547	0.12328979360536212	1.0	1.0	2.0
64620000	3.1289906600911155	1.882576045095783	1.0	1.0	2.0
64630000	0.32486158894580813	0.2734038577859668	1.0	1.0	2.0
64640000	0.2478640182045837	0.20419744431275771	1.0	1.0	2.0
64650000	0.37584187241953276	0.03914714901355166	1.0	1.0	2.0
64660000	0.16076146816472958	0.2964841248591602	1.0	1.0	2.0
64670000	1.7369788483392634	0.05043358530553718	1.0	1.0	2.0
64680000	0.34070256742557803	0.9488345099378281	1.0	1.0	2.0
64690000	0.22174888283647398	0.28446363992557144	1.0	1.0	2.0
64700000	1.8513775672894377	0.2605229959640483	1.0	1.0	2.0
64710000	1.1905074472829462	0.004865588927762259	1.0	1.0	2.0
64720000	0.9858715488700205	0.7505470124747129	1.0	1.0	2.0
64730000	1.1893682892200994	0.7921326038153602	1.0	1.0	2.0
64740000	0.2803434587245334	1.4065358770649032	1.0	1.0	2.0
64750000	0.13768531680457455	0.4822929754185679	1.0	1.0	2.0
64760000	0.7539481268271448	0.011131189281241871	1.0	1.0	2.0
64770000	0.8524579723021029	3.1029301576360755	1.0	1.0	2.0
64780000	1.2591879336764369	0.012700752536512623	1.0	1.0	2.0
64790000	1.3483860646330093	0.8493796331832938	1.0	1.0	2.0
64800000	6.462567650874445	2.2952667911153712	1.0	1.0	2.0
64810000	0.10987060196828423	0.1299277962427428	1.0	1.0	2.0
64820000	0.6095967774085824	0.16118534809082347	1.0	1.0	2.0
64830000	1.0501267662593916	1.021229457625814	1.0	1.0	2.0
64840000	2.7106671214934486	2.9837998889805197	1.0	1.0	2.0
64850000	1.0434778183754063	0.43851861693902355	1.0	1.0	2.0
64860000	1.0761908350917475	0.7044991960268547	1.0	1.0	2.0
64870000	2.9290461927975837	1.5777079747337948	1.0	1.0	2.0
64880000	1.4887022876715823	0.2027869852288528	1.0	1.0	2.0
64890000	1.6078677161423176	3.1033651873314976	1.0	1.0	2.0
64900000	1.2745927442607776	0.5118572339992545	1.0	1.0	2.0
64910000	2.18897275971163	0.5202773524753853	1.0	1.0	2.0
64920000	3.2452725878805606	1.453761449424399	1.0	1.0	2.0
64930000	2.219768207203361	0.008083513029930971	1.0	1.0	2.0
64940000	1.4624683264466944	0.6267167054875389	1.0	1.0	2.0
64950000	2.784010117770526	0.6435535616130178	1.0	1.0	2.0
64960000	0.7097658109492697	0.11999246762812855	1.0	1.0	2.0
64970000	2.902846514847718	0.8860220625347901	1.0	1.0	2.0
64980000	0.3603213763787619	1.7650572327377618	1.0	1.0	2.0
64990000	0.3500495724144361	1.3598251429077448	1.0	1.0	2.0
65000000	0.9896708308304522	0.14933023396826678	1.0	1.0	2.0
65010000	1.0962432392286932	0.45925271071597606	1.0	1.0	2.0
65020000	2.0597918784190656	2.137591439206263	1.0	1.0	2.0
65030000	0.5887250746597544	0.5439294954960203	1.0	1.0	2.0
65040000	0.7291447468224724	0.35380660844699796	1.0	1.0	2.0
65050000	2.202691872790464	0.47021308043237087	1.0	1.0	2.0
65060000	1.6470041591741948	0.841271883554051	1.0	1.0	2.0
65070000	0.6638226150139384	1.1445165617391457	1.0	1.0	2.0
65080000	1.1978671887206724	0.3570783612999094	1.0	1.0	2.0
65090000	0.2945161391205828	0.013098657480712034	1.0	1.0	2.0
65100000	1.104064676682749	0.3974406953348376	1.0	1.0	2.0
65110000	2.078445226157674	0.006094476982197393	1.0	1.0	2.0
65120000	5.400436582726329	0.3239918098578193	1.0	1.0	2.0
65130000	2.487076586105816	1.0153348136543916	1.0	1.0	2.0
65140000	2.8734570978541147	0.11938191872405819	1.0	1.0	2.0
65150000	2.1880491082872338	0.3671632268072902	1.0	1.0	2.0
65160000	0.3212583497606183	0.4691555532035404	1.0	1.0	2.0
65170000	0.40617150827544724	0.0016644347961788054	1.0	1.0	2.0
65180000	3.025522973365442	0.33092746044582355	1.0	1.0	2.0
65190000	2.379125437327206	0.35365102636808554	1.0	1.0	2.0
65200000	1.9542664094585913	0.4403664845081835	1.0	1.0	2.0
65210000	1.9420429786030229	0.09341915463943401	1.0	1.0	2.0
65220000	0.9687801490274838	0.6158573304745446	1.0	1.0	2.0
65230000	0.22011163833675132	0.14195149184607994	1.0	1.0	2.0
65240000	2.2042722575424407	0.0412989556562521	1.0	1.0	2.0
65250000	1.3555749595805744	0.2834132948856452	1.0	1.0	2.0
65260000	2.6134044068198397	1.0047781072365713	1.0	1.0	2.0
65270000	0.5244672959507011	0.08440995360320551	1.0	1.0	2.0
65280000	0.5986081014404385	0.12819176831924298	1.0	1.0	2.0
65290000	1.0847586168633774	0.4792676796887093	1.0	1.0	2.0
65300000	0.6077453637557534	0.11635146721562191	1.0	1.0	2.0
65310000	5.31867893692054	2.0323264813945445	1.0	1.0	2.0
65320000	0.31109440582005093	0.011952377514671628	1.0	1.0	2.0
65330000	0.13769760484544347	0.16484569840189017	1.0	1.0	2.0
65340000	0.5140898861422031	0.3395668974482688	1.0	1.0	2.0
65350000	1.1508389034072786	0.3085750633564926	1.0	1.0	2.0
65360000	1.643513063643249	0.30772534436726967	1.0	1.0	2.0
65370000	0.6324560809797718	0.023737816068419074	1.0	1.0	2.0
65380000	2.8072835785453907	0.16022744898914668	1.0	1.0	2.0
65390000	1.0062101002671826	0.13903736176995882	1.0	1.0	2.0
65400000	2.1662859870820763	0.8917234026967356	1.0	1.0	2.0
65410000	0.1712710749538633	0.21470609354028386	1.0	1.0	2.0
65420000	0.8189340431645499	0.44839635572560665	1.0	1.0	2.0
65430000	3.2631022776346823	1.7121130875942188	1.0	1.0	2.0
65440000	1.0383414930024528	0.12081468915767499	1.0	1.0	2.0
65450000	1.422443697107379	0.3831925309122628	1.0	1.0	2.0
65460000	1.311982378548915	1.4783212800574892	1.0	1.0	2.0
65470000	1.2567488331834469	0.1908348672956384	1.0	1.0	2.0
65480000	1.046248674092927	2.4996825076024862	1.0	1.0	2.0
65490000	2.201450383527785	1.3048666285497912	1.0	1.0	2.0
65500000	3.6846540029113375	4.589232180003371	1.0	1.0	2.0
65510000	4.409212730950805	0.4567850315043467	1.0	1.0	2.0
65520000	3.0911667330023795	1.0333799311841925	1.0	1.0	2.0
65530000	0.5395306371763218	0.06915488100368815	1.0	1.0	2.0
65540000	1.1471556483581642	0.543967942108299	1.0	1.0	2.0
65550000	1.9039144161105908	0.1900607861309214	1.0	1.0	2.0
65560000	1.403278881143158	0.32886108687093063	1.0	1.0	2.0
65570000	0.8473970807167636	1.73575574666443	1.0	1.0	2.0
65580000	1.860679879444682	0.4330845314604851	1.0	1.0	2.0
65590000	0.5390620683953677	0.0675707511796112	1.0	1.0	2.0
65600000	0.12657060748838128	0.07123762813077755	1.0	1.0	2.0
65610000	1.3145557017847633	1.4338233088739967	1.0	1.0	2.0
65620000	0.6431863758802491	0.5386707792900256	1.0	1.0	2.0
65630000	0.45788858431177365	0.287346400131726	1.0	1.0	2.0
65640000	0.8437526867571793	1.1387662626036614	1.0	1.0	2.0
65650000	0.6635835300220118	0.4932422490354284	1.0	1.0	2.0
65660000	1.9998153174904107	0.20126911701653022	1.0	1.0	2.0
65670000	0.5598763413842505	1.3924624100489391	1.0	1.0	2.0
65680000	1.5647696295158544	0.16356470950769422	1.0	1.0	2.0
65690000	1.0564290692258627	0.18395078641634027	1.0	1.0	2.0
65700000	1.3127383991592618	3.1452265839908415	1.0	1.0	2.0
65710000	1.1578982979277441	0.42975441491721816	1.0	1.0	2.0
65720000	1.5488670682021801	0.0285528315366726	1.0	1.0	2.0
65730000	5.433328936989803	2.346851972401814	1.0	1.0	2.0
65740000	0.43642303970745766	0.24263335839012526	1.0	1.0	2.0
65750000	0.5920345910115391	0.27914920631455936	1.0	1.0	2.0
65760000	1.9663841410739487	1.900026593405687	1.0	1.0	2.0
65770000	2.0267178287280103	1.3562695203150286	1.0	1.0	2.0
65780000	0.15572188083161345	0.48517658790357715	1.0	1.0	2.0
65790000	3.441932258157888	0.10642350075187564	1.0	1.0	2.0
65800000	2.0107284159497465	0.19431074454156128	1.0	1.0	2.0
65810000	1.4502866661332208	2.515957620027634	1.0	1.0	2.0
65820000	0.7376908850449511	0.38383926884766045	1.0	1.0	2.0
65830000	0.09607910548364883	0.014929027735647514	1.0	1.0	2.0
65840000	0.5911039026109053	0.04095141410003525	1.0	1.0	2.0
65850000	0.10041911484208596	0.06921577204055841	1.0	1.0	2.0
65860000	2.0451486721782435	0.9724395518821243	1.0	1.0	2.0
65870000	1.5415498508379357	1.1732641283236693	1.0	1.0	2.0
65880000	1.0060846905960834	0.12678255468686464	1.0	1.0	2.0
65890000	1.6458259785272051	1.2649931117876665	1.0	1.0	2.0
65900000	1.0002723910450966	0.5508735569853086	1.0	1.0	2.0
65910000	4.781632095702007	0.6015095185466666	1.0	1.0	2.0
65920000	0.6679998226407708	0.4512495273345724	1.0	1.0	2.0
65930000	1.3109985211678123	0.09582477447015295	1.0	1.0	2.0
65940000	0.5360527234337333	0.18134239936675636	1.0	1.0	2.0
65950000	0.3071218170180768	0.1495587004134609	1.0	1.0	2.0
65960000	1.5710825376420767	0.06202021189735977	1.0	1.0	2.0
65970000	1.5328571640043374	0.306026558923042	1.0	1.0	2.0
65980000	0.718234574799462	0.45931904425252895	1.0	1.0	2.0
65990000	4.41866853505091	1.879285028153969	1.0	1.0	2.0
66000000	2.193976034964061	1.660886300472292	1.0	1.0	2.0
66010000	2.060044579202393	0.22978760143969448	1.0	1.0	2.0
66020000	1.259561883914514	1.2646434263662711	1.0	1.0	2.0
66030000	2.5691566828192522	0.48217082911254544	1.0	1.0	2.0
66040000	0.9819895086012618	0.437139885096117	1.0	1.0	2.0
66050000	0.7350337670178807	0.03206319249344336	1.0	1.0	2.0
66060000	3.4765736295329233	1.0780008353889037	1.0	1.0	2.0
66070000	3.306104692148146	2.4197804525028075	1.0	1.0	2.0
66080000	0.1427668161826727	0.1483227182057681	1.0	1.0	2.0
66090000	0.7548177648235211	0.03542269749926279	1.0	1.0	2.0
66100000	1.234754488892053	0.7006665888472253	1.0	1.0	2.0
66110000	0.8604384053951832	0.6031559884592343	1.0	1.0	2.0
66120000	2.842825173011059	0.3801287844754063	1.0	1.0	2.0
66130000	1.3367971454997267	0.10499463826595241	1.0	1.0	2.0
66140000	1.1296808187418217	0.8542055390033726	1.0	1.0	2.0
66150000	0.10122384635302877	0.29480226787228986	1.0	1.0	2.0
66160000	1.8727018626852048	0.3411573835584655	1.0	1.0	2.0
66170000	1.3996858187091676	0.5789863398466989	1.0	1.0	2.0
66180000	0.5689731956579847	1.16114058600861	1.0	1.0	2.0
66190000	3.815989070258712	0.0696127689443005	1.0	1.0	2.0
66200000	1.3828225435561856	0.03554434443601623	1.0	1.0	2.0
66210000	2.115451362523353	0.16779819599310056	1.0	1.0	2.0
66220000	2.535926142916641	0.17290318847996244	1.0	1.0	2.0
66230000	2.5626473653575803	0.11989373544136629	1.0	1.0	2.0
66240000	1.426548964826712	1.2382299555469083	1.0	1.0	2.0
66250000	1.191101006972576	0.03002456211989749	1.0	1.0	2.0
66260000	0.39026181240230806	0.2933049195630581	1.0	1.0	2.0
66270000	2.114950955534845	0.07801513734142772	1.0	1.0	2.0
66280000	0.31151214252733184	0.2915887272733475	1.0	1.0	2.0
66290000	1.8166143181080143	0.4737541282315416	1.0	1.0	2.0
66300000	0.3313405092534897	0.02594249100452343	1.0	1.0	2.0
66310000	4.227638118913802	2.360340181605812	1.0	1.0	2.0
66320000	0.9799609067188347	0.09237831531408204	1.0	1.0	2.0
66330000	0.9028241819153054	0.6302567385229833	1.0	1.0	2.0
66340000	1.7717652096727299	1.6141265009073098	1.0	1.0	2.0
66350000	1.5613443601555557	0.6723211577608678	1.0	1.0	2.0
66360000	1.2252515736410226	0.09596040276393984	1.0	1.0	2.0
66370000	5.4789652053987785	1.9680994047738345	1.0	1.0	2.0
66380000	4.642151686142353	1.258217037960525	1.0	1.0	2.0
66390000	0.11062306170612278	0.4655423560801101	1.0	1.0	2.0
66400000	1.71207343159466	0.28847011583689386	1.0	1.0	2.0
66410000	0.891850527121179	0.9702995666452883	1.0	1.0	2.0
66420000	0.352701162096742	0.5465219268348026	1.0	1.0	2.0
66430000	0.42854588557152556	0.2652893971001223	1.0	1.0	2.0
66440000	1.0492540988831056	0.3134572913312698	1.0	1.0	2.0
66450000	0.6362557582026492	0.24125236530078045	1.0	1.0	2.0
66460000	0.45529303968556456	0.27694219007337945	1.0	1.0	2.0
66470000	0.7457083964661774	0.9598372851009238	1.0	1.0	2.0
66480000	0.07553446367353385	0.05503423015193365	1.0	1.0	2.0
66490000	1.6692282903601514	0.1917452776537551	1.0	1.0	2.0
66500000	0.879128905385586	1.3959694001966392	1.0	1.0	2.0
66510000	1.4477447944275812	0.6582046867588114	1.0	1.0	2.0
66520000	0.021546548376573983	0.03505735805977118	1.0	1.0	2.0
66530000	0.44706503560296995	0.7079783388307882	1.0	1.0	2.0
66540000	0.4737646836501182	0.6333097179409024	1.0	1.0	2.0
66550000	1.7666933866683585	1.0367841550792036	1.0	1.0	2.0
66560000	1.9919647836593908	0.3879337825029735	1.0	1.0	2.0
66570000	0.28588680778244807	0.21283230171178524	1.0	1.0	2.0
66580000	0.2657007592787519	1.1491949298316209	1.0	1.0	2.0
66590000	2.67078148462608	0.5257773439938084	1.0	1.0	2.0
66600000	0.269890619320696	0.06527193378634927	1.0	1.0	2.0
66610000	1.7145938172039283	0.001930548995624108	1.0	1.0	2.0
66620000	0.6767939034602383	0.6867571764379184	1.0	1.0	2.0
66630000	3.497621252649842	0.4071026376817349	1.0	1.0	2.0
66640000	0.14946822842586757	0.032156218205818016	1.0	1.0	2.0
66650000	1.2443375704292332	0.4071993834025004	1.0	1.0	2.0
66660000	0.7024028159538453	1.7531590090556517	1.0	1.0	2.0
66670000	0.9677238766122582	0.2377385819842887	1.0	1.0	2.0
66680000	0.384558153767408	0.49806089898706435	1.0	1.0	2.0
66690000	0.7120910699888363	0.2062212442740111	1.0	1.0	2.0
66700000	5.503227742334312	0.32355429468794566	1.0	1.0	2.0
66710000	2.0936378521705916	0.4733047652567615	1.0	1.0	2.0
66720000	0.5293852880140265	0.7405124672249573	1.0	1.0	2.0
66730000	0.22659306017335584	0.0851351427945648	1.0	1.0	2.0
66740000	0.6466144258354092	0.5250437092615198	1.0	1.0	2.0
66750000	0.42341075278934615	0.21748911651853872	1.0	1.0	2.0
66760000	0.9833745874763341	1.6036946185106329	1.0	1.0	2.0
66770000	4.13775025260915	0.23563333224427038	1.0	1.0	2.0
66780000	0.548829349075674	0.1924903007222487	1.0	1.0	2.0
66790000	3.1904969437376516	0.5717274859619117	1.0	1.0	2.0
66800000	1.6748009913909123	0.300495118022792	1.0	1.0	2.0
66810000	1.2916261508899287	0.2583671897217087	1.0	1.0	2.0
66820000	0.3317215852531265	0.08464624166432691	1.0	1.0	2.0
66830000	0.10199181893558	0.03576718282659772	1.0	1.0	2.0
66840000	1.000136485194927	0.18533781780298086	1.0	1.0	2.0
66850000	1.2604812200134505	0.556906366660068	1.0	1.0	2.0
66860000	0.6366409514944456	0.28506120516920047	1.0	1.0	2.0
66870000	0.8658844842541972	0.20893825316226344	1.0	1.0	2.0
66880000	4.719259566607319	2.0790653929724243	1.0	1.0	2.0
66890000	0.2166995044668506	0.7138672024025955	1.0	1.0	2.0
66900000	0.7979778243726077	0.06382079079787091	1.0	1.0	2.0
66910000	2.460984029886191	0.5502380259395722	1.0	1.0	2.0
66920000	0.9880006484635098	0.6995966415620704	1.0	1.0	2.0
66930000	0.5099804298844066	0.30875920720196004	1.0	1.0	2.0
66940000	3.4349358752401113	0.8471269267929606	1.0	1.0	2.0
66950000	0.6992368224223994	0.30200652453191323	1.0	1.0	2.0
66960000	0.9527257381119529	0.6595885169213858	1.0	1.0	2.0
66970000	1.251005193999459	0.41897501857106595	1.0	1.0	2.0
66980000	1.1315950680229092	0.7017603944542297	1.0	1.0	2.0
66990000	0.9872996762643212	0.17726895225257108	1.0	1.0	2.0
67000000	0.5718503634156034	0.014796491081918668	1.0	1.0	2.0
67010000	3.3555779800483085	0.8515516971947563	1.0	1.0	2.0
67020000	2.143271262286963	2.05030139404349	1.0	1.0	2.0
67030000	0.5320116571520339	0.47359045503444686	1.0	1.0	2.0
67040000	0.6492208318136184	0.9390186704009963	1.0	1.0	2.0
67050000	0.37416620021054436	0.16701997706642313	1.0	1.0	2.0
67060000	0.5739413758194836	0.1250395449474779	1.0	1.0	2.0
67070000	0.28643063667209423	0.48109550776312177	1.0	1.0	2.0
67080000	1.1442497594754908	1.8184416084648476	1.0	1.0	2.0
67090000	0.5322706749058869	0.5464006847635549	1.0	1.0	2.0
67100000	0.24972976477514394	0.5007377607101193	1.0	1.0	2.0
67110000	0.23652933751390615	0.020095326952567567	1.0	1.0	2.0
67120000	4.45276716698069	2.0693741568553596	1.0	1.0	2.0
67130000	1.0124174021141288	0.008586761458747963	1.0	1.0	2.0
67140000	1.4275189623320321	0.6414988064043562	1.0	1.0	2.0
67150000	0.5853281267314829	1.1258144761418032	1.0	1.0	2.0
67160000	1.3123399307826151	0.24146013629511776	1.0	1.0	2.0
67170000	0.5620567540841388	0.6520281574907849	1.0	1.0	2.0
67180000	4.423026044204875	0.31960184893297944	1.0	1.0	2.0
67190000	0.4276857884753902	0.2750743779808389	1.0	1.0	2.0
67200000	1.001114614564686	0.47375931988748543	1.0	1.0	2.0
67210000	0.5927618478451784	0.5216384938263956	1.0	1.0	2.0
67220000	1.7898678325389243	0.17461335805851327	1.0	1.0	2.0
67230000	0.6157375169681926	1.1863471180247998	1.0	1.0	2.0
67240000	1.1488896674828584	0.48918047887801447	1.0	1.0	2.0
67250000	0.14217116369269417	0.31863787361124596	1.0	1.0	2.0
67260000	1.1047100855378615	0.09930457494193012	1.0	1.0	2.0
67270000	0.40339459847186776	0.04008795007725265	1.0	1.0	2.0
67280000	0.8177089461918252	0.038807163060119866	1.0	1.0	2.0
67290000	0.801938156061467	0.8140569001828545	1.0	1.0	2.0
67300000	0.7172464415997329	2.0422751888748865	1.0	1.0	2.0
67310000	1.7100858148407276	0.9369681149748642	1.0	1.0	2.0
67320000	1.7826947708636898	0.3686760325564947	1.0	1.0	2.0
67330000	1.247178186072097	0.518086963245938	1.0	1.0	2.0
67340000	0.6877902204366788	0.2170756871766201	1.0	1.0	2.0
67350000	0.46712850479929446	0.29932875983924806	1.0	1.0	2.0
67360000	2.657301638234671	0.2466290649051623	1.0	1.0	2.0
67370000	2.310148783457792	0.6865961534432745	1.0	1.0	2.0
67380000	0.6060418191765169	0.2010892274973499	1.0	1.0	2.0
67390000	0.4685353749289971	0.33041620555254075	1.0	1.0	2.0
67400000	0.6919647174711051	1.4996759563808502	1.0	1.0	2.0
67410000	0.575165462361629	0.16938484346577815	1.0	1.0	2.0
67420000	0.9487281444444168	0.005620166804732587	1.0	1.0	2.0
67430000	0.16146844032887345	0.44335164953541656	1.0	1.0	2.0
67440000	2.0348161387464057	3.8179223049904403	1.0	1.0	2.0
67450000	0.9275117832237829	1.455375157989029	1.0	1.0	2.0
67460000	0.5565624810958371	1.9140318885872414	1.0	1.0	2.0
67470000	0.9018313820427147	0.7101141436935053	1.0	1.0	2.0
67480000	0.7177194517735167	0.05388657098037234	1.0	1.0	2.0
67490000	0.20204637016787125	0.1972271978174657	1.0	1.0	2.0
67500000	0.09638309008766774	0.013327334037984225	1.0	1.0	2.0
67510000	1.4447717036491408	0.3421483753168846	1.0	1.0	2.0
67520000	1.7702459559346948	0.01942047226917027	1.0	1.0	2.0
67530000	0.33551249220628165	0.004667162658342092	1.0	1.0	2.0
67540000	1.0415145800198582	1.1286076460009566	1.0	1.0	2.0
67550000	3.658647164941937	0.4676243044356596	1.0	1.0	2.0
67560000	3.2142543767224323	0.3821435694141199	1.0	1.0	2.0
67570000	1.7236309959236056	0.0100195762997924	1.0	1.0	2.0
67580000	0.15579815316184112	0.26550024318135906	1.0	1.0	2.0
67590000	2.3560696103365304	2.238905092145252	1.0	1.0	2.0
67600000	1.3263537031247934	0.4088204438726036	1.0	1.0	2.0
67610000	1.0880745738913455	0.08079255419950157	1.0	1.0	2.0
67620000	1.6760051101309823	0.7093801751656073	1.0	1.0	2.0
67630000	0.3535185236530292	0.056669234695008494	1.0	1.0	2.0
67640000	8.929681364750508	0.09173224543838286	1.0	1.0	2.0
67650000	0.7217181434808376	0.020594216458552653	1.0	1.0	2.0
67660000	1.3159028777028257	0.2602476829711229	1.0	1.0	2.0
67670000	1.228274234691384	0.2527588811194525	1.0	1.0	2.0
67680000	1.37918561804613	1.4430380375730076	1.0	1.0	2.0
67690000	0.6447492227289222	0.9360508303327253	1.0	1.0	2.0
67700000	0.7821415182710062	1.0086984273460364	1.0	1.0	2.0
67710000	0.5986596583304564	1.055845351039153	1.0	1.0	2.0
67720000	1.2103526011269812	1.3874845147477886	1.0	1.0	2.0
67730000	0.9900883275025553	0.846700077964943	1.0	1.0	2.0
67740000	1.3349719769465593	0.12400451360123059	1.0	1.0	2.0
67750000	2.01040474330189	0.5023337910387164	1.0	1.0	2.0
67760000	2.9618046048753173	0.33443506542323753	1.0	1.0	2.0
67770000	0.9315668204040866	0.7835895355960214	1.0	1.0	2.0
67780000	1.1158967439344623	0.8133565130466057	1.0	1.0	2.0
67790000	1.6343293244014696	1.7984187937151666	1.0	1.0	2.0
67800000	2.0960430483743786	0.2633048017112867	1.0	1.0	2.0
67810000	0.5868436516276663	0.4617494937213353	1.0	1.0	2.0
67820000	0.5733129898323345	0.2246116412333039	1.0	1.0	2.0
67830000	0.5826433037776865	0.06347783026477541	1.0	1.0	2.0
67840000	0.3978120795008034	0.18942260650092066	1.0	1.0	2.0
67850000	1.6642110367238667	0.5431453886743275	1.0	1.0	2.0
67860000	0.7449791068636873	0.8041216517926262	1.0	1.0	2.0
67870000	0.18923089852973593	0.054662657992987286	1.0	1.0	2.0
67880000	0.8968354265578358	0.29456378001071015	1.0	1.0	2.0
67890000	1.2413716504383463	0.8992743263115144	1.0	1.0	2.0
67900000	0.5886623620827349	0.008966327861771654	1.0	1.0	2.0
67910000	1.0942579058561577	1.0048413773577651	1.0	1.0	2.0
67920000	2.1343044646143707	2.6562660575765698	1.0	1.0	2.0
67930000	1.997880070267255	0.07786999140742824	1.0	1.0	2.0
67940000	1.6988028649687448	1.5410109271052075	1.0	1.0	2.0
67950000	0.9017411894230051	0.0961226643849239	1.0	1.0	2.0
67960000	1.56111969320617	0.6373165165921091	1.0	1.0	2.0
67970000	1.2506232480216628	0.3960624736456885	1.0	1.0	2.0
67980000	2.0180367531070695	1.1589439402828685	1.0	1.0	2.0
67990000	1.3294414328935886	0.7248824518642825	1.0	1.0	2.0
68000000	3.1183712346934587	2.316548234489544	1.0	1.0	2.0
68010000	0.8569592928298629	0.25457470923640285	1.0	1.0	2.0
68020000	0.9578109907983905	1.0611684792997986	1.0	1.0	2.0
68030000	0.12662077006573325	0.8585614127281233	1.0	1.0	2.0
68040000	0.3912116119214402	0.14657069831450226	1.0	1.0	2.0
68050000	0.3730153573024829	0.05426266519819145	1.0	1.0	2.0
68060000	3.6018163227371014	0.48500507253456726	1.0	1.0	2.0
68070000	1.889512381206175	0.10417803627581204	1.0	1.0	2.0
68080000	2.064758295985613	2.1637778468395665	1.0	1.0	2.0
68090000	0.6582224753709245	0.26333205610834354	1.0	1.0	2.0
68100000	1.329173711598059	0.5243361489393732	1.0	1.0	2.0
68110000	1.2722234583309453	0.3717662624861348	1.0	1.0	2.0
68120000	2.176872671047539	0.6306528898840411	1.0	1.0	2.0
68130000	3.4931223443232753	1.8019777371534005	1.0	1.0	2.0
68140000	0.48642046011041157	0.10852922953473014	1.0	1.0	2.0
68150000	1.2637978811619486	2.098878924604846	1.0	1.0	2.0
68160000	1.2541853471843276	0.44915163413999465	1.0	1.0	2.0
68170000	0.3086943591196493	0.9318429980448458	1.0	1.0	2.0
68180000	0.46101104553670635	1.2678176146302653	1.0	1.0	2.0
68190000	1.5803489589991193	0.06639580696954962	1.0	1.0	2.0
68200000	6.394782362368328	0.37965627907154664	1.0	1.0	2.0
68210000	0.5303270677681179	0.5270671068686967	1.0	1.0	2.0
68220000	4.44847782869573	0.2385802322148872	1.0	1.0	2.0
68230000	0.5046343757187077	0.44518870408583666	1.0	1.0	2.0
68240000	0.9160839126579217	0.22224155670149937	1.0	1.0	2.0
68250000	0.9545746029789798	0.6159049204349587	1.0	1.0	2.0
68260000	0.6130899088330034	0.5040998640340046	1.0	1.0	2.0
68270000	0.8540256011917234	0.18229373778757454	1.0	1.0	2.0
68280000	0.574625467193001	0.9513007983554512	1.0	1.0	2.0
68290000	0.6171925374122382	0.384134179248382	1.0	1.0	2.0
68300000	0.6030664645267724	0.4222291384610487	1.0	1.0	2.0
68310000	0.09064772695000241	0.18312112057432245	1.0	1.0	2.0
68320000	0.5777924870951809	0.19582854197028213	1.0	1.0	2.0
68330000	0.9243186144875548	0.20922369559643184	1.0	1.0	2.0
68340000	2.2866423646587193	0.45080443881786053	1.0	1.0	2.0
68350000	0.7766026392902072	1.7445115606623411	1.0	1.0	2.0
68360000	5.820095493196001	0.06761895043561765	1.0	1.0	2.0
68370000	0.3447695938694663	0.05621417210499948	1.0	1.0	2.0
68380000	0.8179344059739693	0.6627397688971609	1.0	1.0	2.0
68390000	0.43034688959670325	0.3250814382262451	1.0	1.0	2.0
68400000	0.4537910473065435	0.9940249308161571	1.0	1.0	2.0
68410000	3.2017714475951635	2.8819510475961185	1.0	1.0	2.0
68420000	0.3609479494454965	0.2550038399908306	1.0	1.0	2.0
68430000	1.0438646726569714	1.5471084427000872	1.0	1.0	2.0
68440000	2.326911724176396	0.8931122583745814	1.0	1.0	2.0
68450000	0.6824461497984671	0.31018307817937907	1.0	1.0	2.0
68460000	1.0665986984190619	1.735120305920684	1.0	1.0	2.0
68470000	0.777742885343154	0.3460964791006119	1.0	1.0	2.0
68480000	1.4171421664743815	0.6869814005992818	1.0	1.0	2.0
68490000	1.373843467249092	0.16179993836971626	1.0	1.0	2.0
68500000	1.117135816280919	0.31834726884435927	1.0	1.0	2.0
68510000	2.0594621415306307	0.5222300695766419	1.0	1.0	2.0
68520000	0.7842591532763704	1.5555990118361274	1.0	1.0	2.0
68530000	0.21494939249388717	1.5661334963983273	1.0	1.0	2.0
68540000	1.6990922120927496	0.984108455761442	1.0	1.0	2.0
68550000	0.17775090357402187	0.0502222941143929	1.0	1.0	2.0
68560000	0.5784615799338867	0.28660412836602767	1.0	1.0	2.0
68570000	1.025171971484014	0.6885764407502889	1.0	1.0	2.0
68580000	1.4811439998606357	0.08810741092501982	1.0	1.0	2.0
68590000	4.039630725485765	1.5182364580299421	1.0	1.0	2.0
68600000	0.9049423698746188	0.11922461617445507	1.0	1.0	2.0
68610000	0.8609053835825008	1.0862960607116345	1.0	1.0	2.0
68620000	0.8092007070712864	0.6100017883218426	1.0	1.0	2.0
68630000	1.3259747550081367	0.008928182958816097	1.0	1.0	2.0
68640000	0.9763314885651762	0.31129948922170764	1.0	1.0	2.0
68650000	0.6313856674157442	0.13372847380600453	1.0	1.0	2.0
68660000	0.48650416711532296	0.09898603220336594	1.0	1.0	2.0
68670000	0.8347485472516972	0.1929193003073322	1.0	1.0	2.0
68680000	2.5985944259063323	1.0084539349336998	1.0	1.0	2.0
68690000	1.4851815468648422	0.05599127227845138	1.0	1.0	2.0
68700000	0.7752388594839326	0.20200262290517057	1.0	1.0	2.0
68710000	1.9189380787821504	1.3982981208965282	1.0	1.0	2.0
68720000	4.382128619278637	1.3485356765824152	1.0	1.0	2.0
68730000	0.5111652144997274	1.3402374018827703	1.0	1.0	2.0
68740000	3.0065329805771324	0.053017945616418295	1.0	1.0	2.0
68750000	0.8967419886690883	1.8100753147916009	1.0	1.0	2.0
68760000	0.4073281828441873	0.10898630792443707	1.0	1.0	2.0
68770000	0.665885418717789	0.6104700981179736	1.0	1.0	2.0
68780000	4.501710858164536	0.4734495284927585	1.0	1.0	2.0
68790000	0.5816121053321608	0.6218002886589739	1.0	1.0	2.0
68800000	1.533399419075165	0.1533060781443737	1.0	1.0	2.0
68810000	1.2221190285542567	1.2656693242151613	1.0	1.0	2.0
68820000	0.74953061457851	0.8376208341915985	1.0	1.0	2.0
68830000	0.10435305749571201	3.5855581067239353	1.0	1.0	2.0
68840000	0.15476680946130592	0.3207994514024611	1.0	1.0	2.0
68850000	0.5786544282344724	0.26929317697237914	1.0	1.0	2.0
68860000	1.2519692563801597	0.2830453053152088	1.0	1.0	2.0
68870000	2.4500471303125892	0.11882736049024033	1.0	1.0	2.0
68880000	0.19622651151865683	0.14547763654691592	1.0	1.0	2.0
68890000	1.6071824707169182	0.020956081206496557	1.0	1.0	2.0
68900000	1.3625147844855146	0.07408075895862136	1.0	1.0	2.0
68910000	4.385503832621751	0.4435685297990085	1.0	1.0	2.0
68920000	0.5819030226141744	0.6270848163296591	1.0	1.0	2.0
68930000	0.2153511993840939	0.20365792730655008	1.0	1.0	2.0
68940000	2.4183389377062197	1.0851271390904986	1.0	1.0	2.0
68950000	0.2797038686982884	0.0753241514123077	1.0	1.0	2.0
68960000	5.288746225691564	0.4192236339204575	1.0	1.0	2.0
68970000	0.24692764662552258	0.2985416717865215	1.0	1.0	2.0
68980000	0.781468289291676	0.1295358095995951	1.0	1.0	2.0
68990000	1.591298133848238	0.030757149688624728	1.0	1.0	2.0
69000000	0.6972820415402011	0.5938412180932723	1.0	1.0	2.0
69010000	2.7656808097160717	0.49746059349434635	1.0	1.0	2.0
69020000	3.8678323070161627	0.8607265091985008	1.0	1.0	2.0
69030000	0.9699488897558495	2.230785108155353	1.0	1.0	2.0
69040000	1.044284631743775	0.6553431098290579	1.0	1.0	2.0
69050000	0.3190375324865413	1.411587579270854	1.0	1.0	2.0
69060000	1.4713372169958427	0.15521132888720734	1.0	1.0	2.0
69070000	0.5631279798806174	0.4071559863992867	1.0	1.0	2.0
69080000	3.1580721272169936	1.0308702091195436	1.0	1.0	2.0
69090000	0.5110986197498475	0.5385044948581962	1.0	1.0	2.0
69100000	0.320362515191991	1.090700165700666	1.0	1.0	2.0
69110000	0.3445082226167205	0.047252828503400686	1.0	1.0	2.0
69120000	2.428270338450679	0.06537619806003207	1.0	1.0	2.0
69130000	4.378350964672013	0.07455934364985463	1.0	1.0	2.0
69140000	0.7333306470520917	0.6113835923345302	1.0	1.0	2.0
69150000	0.3289427377500895	0.6097718565989845	1.0	1.0	2.0
69160000	1.2728693570200484	0.3343822473007431	1.0	1.0	2.0
69170000	1.8271558330802682	1.8920131464721006	1.0	1.0	2.0
69180000	4.960333623936678	0.47948753824812107	1.0	1.0	2.0
69190000	0.07873888600270902	0.05116215121128761	1.0	1.0	2.0
69200000	1.6295070282344921	0.8186890326036863	1.0	1.0	2.0
69210000	0.5903344245784561	1.3503232516069013	1.0	1.0	2.0
69220000	0.6849569129209637	1.2031177489257976	1.0	1.0	2.0
69230000	0.7840464082758847	0.7164221830865126	1.0	1.0	2.0
69240000	4.322128073610093	1.1488951629382798	1.0	1.0	2.0
69250000	1.145119060189951	0.9643470316641038	1.0	1.0	2.0
69260000	2.220395323505505	0.31883690181677565	1.0	1.0	2.0
69270000	0.7484120059195165	0.5949577663718164	1.0	1.0	2.0
69280000	1.9833865206662853	0.42968223320539467	1.0	1.0	2.0
69290000	0.9801818243570841	0.50950580578644	1.0	1.0	2.0
69300000	2.1224434744172216	0.21286604150224306	1.0	1.0	2.0
69310000	1.416343408919514	0.38559601852489134	1.0	1.0	2.0
69320000	1.5962152059635173	0.06205216765741129	1.0	1.0	2.0
69330000	0.11610328935338425	0.04973962707652936	1.0	1.0	2.0
69340000	0.583564226600976	0.07729750448987023	1.0	1.0	2.0
69350000	0.5880301819441521	0.8347391330292898	1.0	1.0	2.0
69360000	3.210070501290557	0.17374964594679776	1.0	1.0	2.0
69370000	0.9805376856448936	0.16499127104645778	1.0	1.0	2.0
69380000	1.9662052544398676	0.9285859102810177	1.0	1.0	2.0
69390000	0.9643563029134339	0.0329821195806939	1.0	1.0	2.0
69400000	0.5767380787041847	0.8507759469647964	1.0	1.0	2.0
69410000	0.13194644689681578	0.13880224899060914	1.0	1.0	2.0
69420000	1.3277683452222484	0.043929755548101586	1.0	1.0	2.0
69430000	0.7507512789604514	1.0440904462070986	1.0	1.0	2.0
69440000	3.024597490354496	0.2994915639263564	1.0	1.0	2.0
69450000	1.4923969158693047	1.3543505088478112	1.0	1.0	2.0
69460000	0.308229617616652	0.40820727699701687	1.0	1.0	2.0
69470000	0.7928545488450666	0.16444110833217387	1.0	1.0	2.0
69480000	1.0910868245731757	0.02729484305171933	1.0	1.0	2.0
69490000	0.20803067924710572	0.4325198167920898	1.0	1.0	2.0
69500000	1.373039067237499	0.5366600415839836	1.0	1.0	2.0
69510000	0.11567409443912575	0.05264321879950641	1.0	1.0	2.0
69520000	1.5992181293256906	0.31032682398884737	1.0	1.0	2.0
69530000	1.1898720606511002	0.20559381585078976	1.0	1.0	2.0
69540000	1.9316807390640929	0.11804347943445875	1.0	1.0	2.0
69550000	1.8242954123232429	1.0079933874476112	1.0	1.0	2.0
69560000	4.404202260298919	0.16184775166226367	1.0	1.0	2.0
69570000	3.0119874968789064	2.2147035414533147	1.0	1.0	2.0
69580000	1.1022690022488497	0.2394181642951061	1.0	1.0	2.0
69590000	0.599687680415011	0.37068873111657574	1.0	1.0	2.0
69600000	0.676771434552894	0.19182528121204362	1.0	1.0	2.0
69610000	0.40712848497015997	0.39309561016170547	1.0	1.0	2.0
69620000	3.2393513325555787	0.2052565346135308	1.0	1.0	2.0
69630000	0.4280450588852287	1.0124452458804667	1.0	1.0	2.0
69640000	3.0609124560710104	1.1744681758738724	1.0	1.0	2.0
69650000	4.7195452838219705	0.9393196538770088	1.0	1.0	2.0
69660000	0.663997532032654	1.0934511218707275	1.0	1.0	2.0
69670000	0.9728105599783218	0.40778691216709556	1.0	1.0	2.0
69680000	2.38663406870285	0.023792395248451455	1.0	1.0	2.0
69690000	1.4741820860220773	0.03305427454487871	1.0	1.0	2.0
69700000	1.4631441483692131	0.10609076033527433	1.0	1.0	2.0
69710000	2.540421741598623	0.2574950102175829	1.0	1.0	2.0
69720000	1.5712460316649488	0.08028066428347098	1.0	1.0	2.0
69730000	1.5004682208090228	0.3285671082194771	1.0	1.0	2.0
69740000	1.295584651759187	0.17773876030935434	1.0	1.0	2.0
69750000	0.9514029104562416	0.6473613690782504	1.0	1.0	2.0
69760000	2.6663308057836934	0.1876658618250232	1.0	1.0	2.0
69770000	0.23567014949905507	0.34566064386416334	1.0	1.0	2.0
69780000	1.2326347427544955	1.2753519138716478	1.0	1.0	2.0
69790000	1.8600310218751894	0.0307862102512754	1.0	1.0	2.0
69800000	3.896666194150461	2.8310049333000236	1.0	1.0	2.0
69810000	0.39413161569168387	0.32677679256322584	1.0	1.0	2.0
69820000	1.0304918641116068	0.2542294163640926	1.0	1.0	2.0
69830000	3.2081031924127954	0.2626939412653862	1.0	1.0	2.0
69840000	2.278449797819813	0.3112307145681154	1.0	1.0	2.0
69850000	3.266994914343476	0.6007098658859329	1.0	1.0	2.0
69860000	2.4299900827745042	0.22338547423200797	1.0	1.0	2.0
69870000	3.4173348880913657	0.3511262623564799	1.0	1.0	2.0
69880000	0.5949819546863143	0.35900059904232356	1.0	1.0	2.0
69890000	0.7334354981619242	0.3020813624164668	1.0	1.0	2.0
69900000	1.2666517406373956	0.8114085025715086	0.0	1.0	1.0
69910000	3.6959277915601416	0.8171100782211101	1.0	1.0	2.0
69920000	1.6142016988327108	0.9266100888891946	1.0	1.0	2.0
69930000	1.8825795229557236	0.10551067048315589	1.0	1.0	2.0
69940000	3.7899926779199635	2.364679562648062	1.0	1.0	2.0
69950000	1.2660376566006037	1.051518570604652	1.0	1.0	2.0
69960000	0.6371373741586199	0.9126917197729042	1.0	1.0	2.0
69970000	2.7407636469018692	0.16961741665900407	1.0	1.0	2.0
69980000	1.1567560190951698	0.9628175515320646	1.0	1.0	2.0
69990000	0.8358570260996783	0.28417209552394257	1.0	1.0	2.0
70000000	2.7997733236231226	0.3303429713024875	1.0	1.0	2.0
70010000	1.8988775966416265	0.2885385313347242	1.0	1.0	2.0
70020000	0.2778757228511647	2.084166367654212	1.0	1.0	2.0
70030000	0.4812625531149327	0.25540643275615926	1.0	1.0	2.0
70040000	1.2161362070775148	0.5023572024137397	1.0	1.0	2.0
70050000	3.6296252240811038	0.09096704895935548	1.0	1.0	2.0
70060000	1.1388169072509668	0.33151117529950785	1.0	1.0	2.0
70070000	0.20284938900761665	0.4982380060330814	1.0	1.0	2.0
70080000	1.6113517980043195	0.15633413956462752	1.0	1.0	2.0
70090000	0.9641184916598615	0.3572399359089752	1.0	1.0	2.0
70100000	1.1177857466584267	1.0918906248459677	1.0	1.0	2.0
70110000	0.8108768508128886	0.050725866125485006	1.0	1.0	2.0
70120000	0.7618823675605074	0.8157624017405385	1.0	1.0	2.0
70130000	0.4712064063584615	0.25031235390829554	1.0	1.0	2.0
70140000	0.4666340598370131	0.17161825842110814	1.0	1.0	2.0
70150000	2.0413660797069353	1.0443192030565098	1.0	1.0	2.0
70160000	1.5299531744806132	0.6695404593959084	1.0	1.0	2.0
70170000	0.5602218965143203	0.0934161460630008	1.0	1.0	2.0
70180000	1.8586110466688386	1.0354088475649328	1.0	1.0	2.0
70190000	2.163135182000307	1.6200928091630573	1.0	1.0	2.0
70200000	1.865681307917816	1.1391432599089184	1.0	1.0	2.0
70210000	1.9439036943850356	1.534569646669021	1.0	1.0	2.0
70220000	1.005194628893262	0.3918790994636589	1.0	1.0	2.0
70230000	0.7401249887504379	0.022556339045313976	1.0	1.0	2.0
70240000	1.2151666444122535	0.792498516878927	1.0	1.0	2.0
70250000	3.170920002820437	0.24337752738989674	1.0	1.0	2.0
70260000	0.6802404899751292	0.9359070663990857	0.0	1.0	1.0
70270000	1.910551496148127	0.7841203610242596	1.0	1.0	2.0
70280000	1.9518923156210655	1.3487684614332582	1.0	1.0	2.0
70290000	1.023864198417569	0.2512495006161095	1.0	1.0	2.0
70300000	2.4395897838354537	0.6730105690592817	1.0	1.0	2.0
70310000	1.5504981809605876	0.903010807021476	1.0	1.0	2.0
70320000	1.13802961645205	0.3339051501068596	1.0	1.0	2.0
70330000	0.2668383240441557	0.005537142132985919	1.0	1.0	2.0
70340000	0.8441545365079668	0.2173502278908566	1.0	1.0	2.0
70350000	0.4600229118048108	1.1680994662449642	1.0	1.0	2.0
70360000	0.2555748311378829	0.023137302069758343	1.0	1.0	2.0
70370000	1.3404665785378915	0.2720680384392733	1.0	1.0	2.0
70380000	1.8744418666240674	0.028612325278189823	1.0	1.0	2.0
70390000	1.7375665930428708	1.3960117947066897	1.0	1.0	2.0
70400000	0.18176759020056438	0.032017128052897796	1.0	1.0	2.0
70410000	2.552201146128094	0.07749346348681994	1.0	1.0	2.0
70420000	0.8599714916758633	0.07303734125170751	1.0	1.0	2.0
70430000	0.881743163576908	1.2697186783192578	1.0	1.0	2.0
70440000	0.40336051931107597	0.6612339450617998	1.0	1.0	2.0
70450000	0.7347628039623308	0.2479890618742607	1.0	1.0	2.0
70460000	2.2761732117103244	1.4293503967137118	1.0	1.0	2.0
70470000	0.22916007270855548	0.04004625191202476	1.0	1.0	2.0
70480000	0.39846799937626665	0.9612692935957571	1.0	1.0	2.0
70490000	0.7591605423587967	0.6574250365316465	1.0	1.0	2.0
70500000	2.2855335855330003	0.7565501873750673	1.0	1.0	2.0
70510000	0.5834568212653083	0.345913698154828	1.0	1.0	2.0
70520000	1.1267720597086939	0.09643580531976292	1.0	1.0	2.0
70530000	1.0778177724438938	0.8818692119260257	1.0	1.0	2.0
70540000	0.5672929011304619	0.3128184565475034	1.0	1.0	2.0
70550000	0.43961968933481443	0.39918029501810315	1.0	1.0	2.0
70560000	1.2585102230007337	0.42552808811933474	1.0	1.0	2.0
70570000	1.4986893891288038	1.020260564706372	1.0	1.0	2.0
70580000	1.6972529097682187	0.33018929212705495	1.0	1.0	2.0
70590000	1.8573872695225133	0.2678129817028751	1.0	1.0	2.0
70600000	1.8855490931641663	0.8955942120128857	1.0	1.0	2.0
70610000	0.3571969363524617	0.23937400163641534	1.0	1.0	2.0
70620000	1.2246669516409516	0.9815079942931991	1.0	1.0	2.0
70630000	0.16354991332046281	0.16868842639773665	1.0	1.0	2.0
70640000	0.23409601477143238	0.28614439068867936	1.0	1.0	2.0
70650000	2.2800645212450057	0.3861217531261026	1.0	1.0	2.0
70660000	1.374005407169197	1.2201411398461826	1.0	1.0	2.0
70670000	0.8502274459353004	1.672788755683778	1.0	1.0	2.0
70680000	3.3367704004069583	0.060675036363752356	1.0	1.0	2.0
70690000	1.5949514941001162	0.9224935047262947	1.0	1.0	2.0
70700000	0.8940926474895221	1.6788877268035238	1.0	1.0	2.0
70710000	0.6864847584655945	1.258444300607003	1.0	1.0	2.0
70720000	4.064278736922268	2.721613507473788	1.0	1.0	2.0
70730000	2.691185460452498	0.09797541254962974	1.0	1.0	2.0
70740000	0.5577152739000366	0.2584060562411317	1.0	1.0	2.0
70750000	0.19411702396229236	0.16899380516223086	1.0	1.0	2.0
70760000	0.7795975393870206	0.45130746210355305	1.0	1.0	2.0
70770000	0.9736211925597609	0.14460618574740972	1.0	1.0	2.0
70780000	1.0988697979491817	1.1275612345838435	1.0	1.0	2.0
70790000	1.0545583641189138	0.0707488216250802	1.0	1.0	2.0
70800000	0.7881414152119416	0.060282197568760736	1.0	1.0	2.0
70810000	0.3043710311992218	1.1788914714129661	1.0	1.0	2.0
70820000	0.8437565062082947	0.08280758632505116	1.0	1.0	2.0
70830000	0.3645124154586085	0.3442449120055715	1.0	1.0	2.0
70840000	0.6874148066565862	0.3797599397490458	1.0	1.0	2.0
70850000	2.6360703509248973	0.3180995677704001	1.0	1.0	2.0
70860000	0.011222537901868477	2.2000692953576045E-4	1.0	1.0	2.0
70870000	0.7341645383125823	0.45290984911872956	1.0	1.0	2.0
70880000	0.21357333147118193	0.09269078052970008	1.0	1.0	2.0
70890000	0.021426839975184887	0.04364433177773738	1.0	1.0	2.0
70900000	0.7321965484960885	1.4286548941390962	1.0	1.0	2.0
70910000	1.6155464763671135	0.4022058137122935	1.0	1.0	2.0
70920000	0.23000494878215202	0.2559481913998034	1.0	1.0	2.0
70930000	0.4093315798592368	0.3202135684970142	1.0	1.0	2.0
70940000	0.31602032515899076	0.04366184341567323	1.0	1.0	2.0
70950000	0.09070299195744874	0.05067059439897431	1.0	1.0	2.0
70960000	0.6897865032475292	0.7084378824403116	1.0	1.0	2.0
70970000	0.9997896456568948	0.973388071085962	1.0	1.0	2.0
70980000	1.7720468455343221	6.854039178930331E-4	1.0	1.0	2.0
70990000	4.817378335920911	0.20557024109287686	1.0	1.0	2.0
71000000	0.8130105785009726	1.821944863854368	1.0	1.0	2.0
71010000	1.6619533576151455	0.34810455918349903	1.0	1.0	2.0
71020000	2.713033314975759	0.48298230226478267	1.0	1.0	2.0
71030000	0.3018072810410031	0.9526256458849756	1.0	1.0	2.0
71040000	1.6995644331908373	0.7534142153312416	1.0	1.0	2.0
71050000	1.1622223870811283	0.7670861146379419	1.0	1.0	2.0
71060000	2.184059960703544	2.176826630276191	1.0	1.0	2.0
71070000	0.19276099596611093	0.446589913779656	1.0	1.0	2.0
71080000	1.1710855221502035	0.11095809304968385	1.0	1.0	2.0
71090000	4.19731739601727	0.25081051488081296	1.0	1.0	2.0
71100000	1.3862965861526932	0.3194133961058065	1.0	1.0	2.0
71110000	1.501874750144364	0.3457697675682429	1.0	1.0	2.0
71120000	1.9768153473816543	1.436526363526964	1.0	1.0	2.0
71130000	0.6706541615018955	0.040798298575661654	1.0	1.0	2.0
71140000	3.3337279234983215	0.21965156486051965	1.0	1.0	2.0
71150000	2.2244462463101073	0.8353414523221645	1.0	1.0	2.0
71160000	0.7959055741140797	0.4050907802134541	1.0	1.0	2.0
71170000	2.074620284356694	0.48098591558726617	1.0	1.0	2.0
71180000	1.3818493745868883	0.6822285339816536	1.0	1.0	2.0
71190000	0.45586830593503147	0.052073275494900734	1.0	1.0	2.0
71200000	1.3089753940477573	2.1990636862478077	1.0	1.0	2.0
71210000	2.0897649168440324	0.2189498986055399	1.0	1.0	2.0
71220000	2.539385188135888	2.0438451691312327	1.0	1.0	2.0
71230000	0.5533723469761063	0.5409822056314982	1.0	1.0	2.0
71240000	2.2607513410430498	0.16188867229056145	1.0	1.0	2.0
71250000	1.452205077852709	2.5616824889313077	1.0	1.0	2.0
71260000	1.3508008575858987	0.05933486139049851	1.0	1.0	2.0
71270000	0.6080089152685567	0.7288635915035446	1.0	1.0	2.0
71280000	0.3789702547711252	0.13239698085704427	1.0	1.0	2.0
71290000	0.5020160715333645	1.2266263283888736	1.0	1.0	2.0
71300000	0.9087954159008047	0.0825453926832189	1.0	1.0	2.0
71310000	0.4133106299964758	0.1771896969761054	1.0	1.0	2.0
71320000	3.3401762499942644	2.0622328723810486	1.0	1.0	2.0
71330000	0.7934039359972624	0.0076759648692532574	1.0	1.0	2.0
71340000	2.4862837241813645	1.7771947177550753	1.0	1.0	2.0
71350000	1.922297249652843	0.1346811587557855	1.0	1.0	2.0
71360000	0.7400956521074749	0.09209879503117534	1.0	1.0	2.0
71370000	1.044541034952744	1.2220136970211495	1.0	1.0	2.0
71380000	0.32647138666720654	1.161285800969994	1.0	1.0	2.0
71390000	0.46086448527960455	0.435469873350862	1.0	1.0	2.0
71400000	1.1976440882826436	0.3142457958490018	1.0	1.0	2.0
71410000	1.650299284613149	0.11297791231765615	1.0	1.0	2.0
71420000	0.6249126967145345	0.09343337103209454	1.0	1.0	2.0
71430000	2.9016593009503175	0.2893697495529672	1.0	1.0	2.0
71440000	0.1764091654289174	0.05509545168533078	1.0	1.0	2.0
71450000	6.197999457199566	0.336279962453213	1.0	1.0	2.0
71460000	0.23822033488066313	0.292852177489179	1.0	1.0	2.0
71470000	0.48835236617772976	0.9938865011202715	1.0	1.0	2.0
71480000	0.2576189298210812	0.12059715617461626	1.0	1.0	2.0
71490000	2.1984876253165213	0.7411652439594707	1.0	1.0	2.0
71500000	0.47921068674273454	0.5426983631826433	1.0	1.0	2.0
71510000	4.145934489024384	0.2138273984861893	1.0	1.0	2.0
71520000	2.7883001196689157	0.03926030575155796	1.0	1.0	2.0
71530000	2.1420476769255563	0.08758206792089322	1.0	1.0	2.0
71540000	2.4345637156579216	1.1755687114460953	1.0	1.0	2.0
71550000	0.0895055211151918	0.004568333071692435	1.0	1.0	2.0
71560000	1.6032090151617173	0.32518318640707544	1.0	1.0	2.0
71570000	2.9945124994865533	0.1112293606206138	1.0	1.0	2.0
71580000	1.5291774384245678	0.006531752175725432	1.0	1.0	2.0
71590000	2.1345297956795464	0.820633807191516	1.0	1.0	2.0
71600000	1.73963911013713	0.03456700901200419	1.0	1.0	2.0
71610000	1.935562169057203	0.0028722978997897364	1.0	1.0	2.0
71620000	0.22548224105102324	0.01724709024215603	1.0	1.0	2.0
71630000	1.015717795348717	0.5817964881766579	1.0	1.0	2.0
71640000	2.5802052412953786	0.04933440812646519	1.0	1.0	2.0
71650000	0.4390569835339357	0.10063366555796506	1.0	1.0	2.0
71660000	0.5476866857953686	0.8518489142711448	1.0	1.0	2.0
71670000	1.098402954560444	3.9493533975492294	1.0	1.0	2.0
71680000	0.3692071032647	1.359460839772852	1.0	1.0	2.0
71690000	2.1707159333485104	0.4536142906617401	1.0	1.0	2.0
71700000	0.439295191134283	0.1809353030631484	1.0	1.0	2.0
71710000	1.2331866703634615	0.5752294881618083	1.0	1.0	2.0
71720000	1.4014917481199702	0.023819574751781564	1.0	1.0	2.0
71730000	1.553517812090048	0.00595915251643435	1.0	1.0	2.0
71740000	0.673143998801402	0.8561220834960307	1.0	1.0	2.0
71750000	2.062094686748239	4.07212486381293	1.0	1.0	2.0
71760000	0.5474490613223315	0.04101998638271689	1.0	1.0	2.0
71770000	1.2716327637929266	0.0452437365510151	1.0	1.0	2.0
71780000	1.4112440206346453	0.3831650295097292	1.0	1.0	2.0
71790000	0.41423622565024065	0.5991317396832077	1.0	1.0	2.0
71800000	1.298996839223386	0.853389705145211	1.0	1.0	2.0
71810000	1.2402676279579847	1.093685903037204	1.0	1.0	2.0
71820000	1.117156069723326	2.010404351092114	1.0	1.0	2.0
71830000	3.188827047167452	1.3687760308282682	1.0	1.0	2.0
71840000	1.5842004187907408	0.43291838533345356	1.0	1.0	2.0
71850000	3.1283969602980033	1.6979565841306565	1.0	1.0	2.0
71860000	0.45891588819064716	0.11312889672443868	1.0	1.0	2.0
71870000	0.8820874767701369	0.12698302698251274	1.0	1.0	2.0
71880000	1.1767415267781736	0.20265877122660939	1.0	1.0	2.0
71890000	2.08558598517497	1.0011059183409647	1.0	1.0	2.0
71900000	1.5399431317600207	0.7126340371454184	1.0	1.0	2.0
71910000	0.8022743356482004	0.013046815406068927	1.0	1.0	2.0
71920000	0.8650619621525657	0.8186067082471837	1.0	1.0	2.0
71930000	0.6109378407141286	0.20334820447419924	1.0	1.0	2.0
71940000	4.010983704198654	0.41531114548438913	1.0	1.0	2.0
71950000	1.55353363188438	0.05059186503457684	1.0	1.0	2.0
71960000	0.8092680678967261	0.3415522944775959	1.0	1.0	2.0
71970000	0.7177362357667043	0.3580921276982518	1.0	1.0	2.0
71980000	4.618604952075476	1.4947470585159899	1.0	1.0	2.0
71990000	1.8172542020843339	0.9482777695857343	1.0	1.0	2.0
72000000	1.5813785523810882	0.40299192882769125	1.0	1.0	2.0
72010000	2.234831978787324	2.018959389630564	1.0	1.0	2.0
72020000	3.622486131586726	0.10452298676031939	1.0	1.0	2.0
72030000	1.008414461005323	2.3412431485338105	1.0	1.0	2.0
72040000	1.2358520194814158	0.2696054284366108	1.0	1.0	2.0
72050000	1.1775492067594149	0.06454038791206543	1.0	1.0	2.0
72060000	2.6953977279665513	0.6429172253821974	1.0	1.0	2.0
72070000	1.6082424936449933	1.2601819623169994	1.0	1.0	2.0
72080000	0.3131328170533211	0.05740187121608486	1.0	1.0	2.0
72090000	1.5933587379905818	0.7403789941435264	1.0	1.0	2.0
72100000	0.32262803621352865	0.08596664475137768	1.0	1.0	2.0
72110000	0.1420816477072344	0.23716039896187383	1.0	1.0	2.0
72120000	0.1530071563594236	0.07352496452960887	1.0	1.0	2.0
72130000	1.0817475634598652	0.3059826711059413	1.0	1.0	2.0
72140000	1.211894527237572	0.14390295145030454	1.0	1.0	2.0
72150000	1.9027287074450316	1.7942461970386758	1.0	1.0	2.0
72160000	2.9155457215609	1.3795848873323389	1.0	1.0	2.0
72170000	0.40127345765524025	0.11973257737065031	1.0	1.0	2.0
72180000	2.35066395174488	0.9968407104012955	1.0	1.0	2.0
72190000	0.9151545421464345	0.3211502509701081	1.0	1.0	2.0
72200000	1.3977278131405906	0.19701379076169717	1.0	1.0	2.0
72210000	1.0200117577250734	0.9074983420732313	1.0	1.0	2.0
72220000	3.255488936251352	2.6852474525459837	1.0	1.0	2.0
72230000	0.6838015276754973	0.16538523674820071	1.0	1.0	2.0
72240000	3.237638767449535	1.2145233185850521	1.0	1.0	2.0
72250000	1.4211663054513886	2.9343380583978207	1.0	1.0	2.0
72260000	1.700831331002285	1.1325724519508165	1.0	1.0	2.0
72270000	1.5647760735617524	0.7837016429449434	1.0	1.0	2.0
72280000	0.21633950720109546	0.21896517125255624	1.0	1.0	2.0
72290000	1.0138980699486004	2.275187127552689	1.0	1.0	2.0
72300000	0.443742514320606	0.15073994259143467	1.0	1.0	2.0
72310000	0.2633068678905308	0.18037309485149475	1.0	1.0	2.0
72320000	0.29648637055075927	0.2219232326683398	1.0	1.0	2.0
72330000	1.103041134722327	0.4279613886993148	1.0	1.0	2.0
72340000	0.27119339498711437	0.6513024046728562	1.0	1.0	2.0
72350000	0.5837682680655759	0.0959347199213769	1.0	1.0	2.0
72360000	1.6323215944370426	1.2966535414606237	1.0	1.0	2.0
72370000	1.7733224170719057	0.8884449283522342	1.0	1.0	2.0
72380000	0.6781213825111623	0.049025376726640604	1.0	1.0	2.0
72390000	0.5770587476903857	0.21152525476603257	1.0	1.0	2.0
72400000	2.1948414641951555	0.5139171527412277	1.0	1.0	2.0
72410000	1.4971257992011628	0.4760063084564076	1.0	1.0	2.0
72420000	0.43427951564291406	0.18538207778884636	1.0	1.0	2.0
72430000	0.41980028591927215	0.3395511039535204	1.0	1.0	2.0
72440000	1.76105326242751	0.38627597749268505	1.0	1.0	2.0
72450000	1.0762751830820476	0.8220246090033017	1.0	1.0	2.0
72460000	0.7713381609742863	0.5170159831049235	1.0	1.0	2.0
72470000	0.4554311527849669	0.020505927574764198	1.0	1.0	2.0
72480000	1.753712144728472	0.5123158419509541	1.0	1.0	2.0
72490000	0.6493799731423938	0.30657895736666524	1.0	1.0	2.0
72500000	1.1243498133562315	0.19581381909515716	1.0	1.0	2.0
72510000	0.49459380927055663	0.006779732723203993	1.0	1.0	2.0
72520000	1.0905424357720093	1.5966354140195995	1.0	1.0	2.0
72530000	1.789064702275872	0.6576295868253949	1.0	1.0	2.0
72540000	3.294494426645292	0.5267081220426545	1.0	1.0	2.0
72550000	1.0152526854510455	0.019123249872829755	1.0	1.0	2.0
72560000	1.472170665869302	0.07103607716924003	1.0	1.0	2.0
72570000	1.0184892029069605	0.2075498301548021	1.0	1.0	2.0
72580000	0.7723074768656948	0.25268540387042665	1.0	1.0	2.0
72590000	1.5200568347120786	0.7778437114794724	1.0	1.0	2.0
72600000	7.8794482175789655	2.6983829329679407	1.0	1.0	2.0
72610000	0.17902447696979643	0.156154656281442	1.0	1.0	2.0
72620000	2.8847997816212954	2.5228667854135653	1.0	1.0	2.0
72630000	1.2264557368547957	0.27422439824791345	1.0	1.0	2.0
72640000	1.9117416457870635	0.2923427026198089	1.0	1.0	2.0
72650000	2.7324311235869225	2.871931733468787	1.0	1.0	2.0
72660000	4.217345092850045	1.8152014523192153	1.0	1.0	2.0
72670000	1.844338611252523	0.012425732270500058	1.0	1.0	2.0
72680000	0.6489249069772041	0.008541958163944206	1.0	1.0	2.0
72690000	0.5867031951225975	0.3882514436571493	1.0	1.0	2.0
72700000	1.7555765420852345	0.14417994185403918	1.0	1.0	2.0
72710000	1.295787287384969	0.3392484747168667	1.0	1.0	2.0
72720000	0.2206153062933164	0.05260237564676123	1.0	1.0	2.0
72730000	0.530837819671867	0.3364730098707804	1.0	1.0	2.0
72740000	0.35435842013885666	0.09913295685244414	1.0	1.0	2.0
72750000	0.7281429731923602	1.1866706590735558	1.0	1.0	2.0
72760000	0.9174713571957971	0.27075577716406746	1.0	1.0	2.0
72770000	3.6962349257462765	0.12943820213485388	1.0	1.0	2.0
72780000	2.8875447795001197	0.59066211337143	1.0	1.0	2.0
72790000	0.18750075294437052	0.5048186863727909	1.0	1.0	2.0
72800000	1.431921496087287	0.06575225425104608	1.0	1.0	2.0
72810000	2.4771176938325965	0.25953515061353394	1.0	1.0	2.0
72820000	1.910821026477323	0.20581859848747128	1.0	1.0	2.0
72830000	1.7569892566470546	0.5901393728794586	1.0	1.0	2.0
72840000	0.515470298401182	0.1253897132375783	1.0	1.0	2.0
72850000	0.24635929609350862	0.5846865738241112	1.0	1.0	2.0
72860000	2.567475108617859	2.220784299833718	1.0	1.0	2.0
72870000	1.1711476296641665	0.21177867530695152	1.0	1.0	2.0
72880000	0.6622803961608291	0.2150653294633876	1.0	1.0	2.0
72890000	0.9108086529337669	0.3293391849729366	1.0	1.0	2.0
72900000	0.7988642694590241	0.6510195059142877	1.0	1.0	2.0
72910000	0.5908529968521334	0.3151477400830693	1.0	1.0	2.0
72920000	1.157216134775768	0.6730918909359371	1.0	1.0	2.0
72930000	1.0331338553792722	0.41192334051559254	1.0	1.0	2.0
72940000	0.5449626529631132	0.2641928458332432	1.0	1.0	2.0
72950000	0.5155550773608439	1.2295332196293034	1.0	1.0	2.0
72960000	1.694999114427994	0.7102352867973971	1.0	1.0	2.0
72970000	0.16693087512934776	0.027368583853820856	1.0	1.0	2.0
72980000	0.5854424734656594	0.16942787289968117	1.0	1.0	2.0
72990000	0.5704548869913763	1.9504448750260575	1.0	1.0	2.0
73000000	1.5301422359222054	0.8224435994381363	1.0	1.0	2.0
73010000	1.090364846676648	0.034878158646834904	1.0	1.0	2.0
73020000	1.1870535114611085	0.08141485138454986	1.0	1.0	2.0
73030000	1.5809513201637468	2.398153419747434	1.0	1.0	2.0
73040000	2.3869671228241054	0.19915183675818407	1.0	1.0	2.0
73050000	1.4525078774703297	1.2792183310215184	1.0	1.0	2.0
73060000	4.425424021492203	0.06180080778496297	1.0	1.0	2.0
73070000	0.5769871706543536	0.006160127581594035	1.0	1.0	2.0
73080000	0.36397175294481693	0.0693870954772727	1.0	1.0	2.0
73090000	3.1491191702192833	0.1318972721951332	1.0	1.0	2.0
73100000	0.6134110400300543	0.6427889642708342	1.0	1.0	2.0
73110000	0.7456744292435112	0.1792659634222971	1.0	1.0	2.0
73120000	1.1175375721416285	0.08878910295444196	1.0	1.0	2.0
73130000	0.0631854295206076	0.016082676328561706	1.0	1.0	2.0
73140000	0.16755347733878392	0.017858328282351187	1.0	1.0	2.0
73150000	3.491223802016194	0.4935566470633713	1.0	1.0	2.0
73160000	0.5144608719938929	0.4672882936914818	1.0	1.0	2.0
73170000	0.864418318735431	1.031961083739704	1.0	1.0	2.0
73180000	0.9792598309415365	0.25623399267795616	1.0	1.0	2.0
73190000	1.0451328570939225	0.09228061698132285	1.0	1.0	2.0
73200000	2.2222896618653345	0.3434792593682859	1.0	1.0	2.0
73210000	0.9969591039518189	4.471639150882752	1.0	1.0	2.0
73220000	4.3018777839836595	0.06975511232117641	1.0	1.0	2.0
73230000	3.820297355212255	3.3455929631009074	1.0	1.0	2.0
73240000	0.325975477357013	0.39846929132497244	1.0	1.0	2.0
73250000	1.8743396590674137	1.5135555772158404	1.0	1.0	2.0
73260000	5.469749207198315	1.159162396249117	1.0	1.0	2.0
73270000	1.0669619484734685	0.19771352106177065	1.0	1.0	2.0
73280000	1.3347358533001683	0.02609223537564137	1.0	1.0	2.0
73290000	0.9372438693179671	1.2701201601174026	1.0	1.0	2.0
73300000	0.34570225393157217	0.18673551199084543	1.0	1.0	2.0
73310000	1.822576335957405	0.10899233615722356	1.0	1.0	2.0
73320000	2.4865405279168815	0.16762431081782184	1.0	1.0	2.0
73330000	1.244866321012975	0.0033960852814055344	1.0	1.0	2.0
73340000	1.673345754541636	0.31507046169410186	1.0	1.0	2.0
73350000	2.2926210835233096	6.3742173228498435	1.0	1.0	2.0
73360000	4.412127961229721	0.4987924700130491	1.0	1.0	2.0
73370000	0.15170668672163803	0.22462922225142445	1.0	1.0	2.0
73380000	0.7245920621459496	0.009972754076805273	1.0	1.0	2.0
73390000	0.5777467923032734	0.32533897469609296	1.0	1.0	2.0
73400000	1.172428430175668	0.09797832419787632	1.0	1.0	2.0
73410000	0.45748000989098814	0.07761476159181986	1.0	1.0	2.0
73420000	1.3365312266599298	0.29326339482373937	1.0	1.0	2.0
73430000	0.31004091816329277	0.8879306068334702	0.0	1.0	1.0
73440000	0.3516902943382694	0.5083016931972929	1.0	1.0	2.0
73450000	3.3350342288565744	2.9185975311726207	1.0	1.0	2.0
73460000	1.935512814740105	0.3080167074575233	1.0	1.0	2.0
73470000	1.265980479572882	0.730045611086488	1.0	1.0	2.0
73480000	0.2690779453003252	0.25210242068508953	1.0	1.0	2.0
73490000	2.010544451053217	0.9354314119910971	1.0	1.0	2.0
73500000	1.083726656073282	0.39637495062282957	1.0	1.0	2.0
73510000	0.37533605534627296	0.22859984233070685	1.0	1.0	2.0
73520000	1.2194731582179483	0.3909489178290587	1.0	1.0	2.0
73530000	0.8246325271140165	0.4400025515211973	1.0	1.0	2.0
73540000	0.914521629725598	0.14344555380611676	1.0	1.0	2.0
73550000	0.7045635017613116	0.9230341873744268	1.0	1.0	2.0
73560000	0.04438073845012633	0.01087808490322766	1.0	1.0	2.0
73570000	0.5339673675655959	0.5122260138353919	1.0	1.0	2.0
73580000	1.4152191630210866	0.15917096850674328	1.0	1.0	2.0
73590000	1.1192604663638523	1.1184994124700278	1.0	1.0	2.0
73600000	1.4908588813102301	1.1934664764170868	1.0	1.0	2.0
73610000	1.3103604456869362	0.4134912643394566	1.0	1.0	2.0
73620000	0.3771227948726161	0.3238277077328905	1.0	1.0	2.0
73630000	1.1871134797474832	0.21212412329572256	1.0	1.0	2.0
73640000	0.9294708604591898	1.0179657782447114	1.0	1.0	2.0
73650000	1.016156354764445	0.6674468374769223	1.0	1.0	2.0
73660000	0.3142140984718112	0.143401309559146	1.0	1.0	2.0
73670000	1.0456181327989407	0.837306447504601	1.0	1.0	2.0
73680000	2.299155600023974	3.5725213748833156	1.0	1.0	2.0
73690000	1.1664090196627914	0.9730912969359683	1.0	1.0	2.0
73700000	0.17400961374610158	0.04797589113530142	1.0	1.0	2.0
73710000	1.9333584828394357	0.47145384568220045	1.0	1.0	2.0
73720000	0.7225284017091778	0.2637046971312199	1.0	1.0	2.0
73730000	0.10162312798164677	0.3550103390386064	1.0	1.0	2.0
73740000	1.1894272961784773	0.25434526558785225	1.0	1.0	2.0
73750000	3.687338384775813	0.4922507188357604	1.0	1.0	2.0
73760000	0.5838806829731533	0.6338979179285336	1.0	1.0	2.0
73770000	1.178174100232705	0.1372088903141282	1.0	1.0	2.0
73780000	3.2713353394969364	0.6989640095612187	1.0	1.0	2.0
73790000	1.6803682762565373	0.8444583746243798	1.0	1.0	2.0
73800000	0.47448512852871255	0.097213572535411	1.0	1.0	2.0
73810000	0.12959209243465358	0.08496365148809609	1.0	1.0	2.0
73820000	0.9184156440118634	1.5924722825690758	1.0	1.0	2.0
73830000	0.22816865307537662	0.23345443443079272	1.0	1.0	2.0
73840000	1.2493680281347552	1.0145944399382443	1.0	1.0	2.0
73850000	1.3394406513919197	0.05429041068680357	1.0	1.0	2.0
73860000	1.3405376714445296	0.44313210461276925	1.0	1.0	2.0
73870000	0.31167450433422644	0.25042389752332933	1.0	1.0	2.0
73880000	1.2412194055786463	0.29723493237391346	1.0	1.0	2.0
73890000	5.093449842009924	0.5931779835921207	1.0	1.0	2.0
73900000	1.4000436398592375	0.49358380849439093	1.0	1.0	2.0
73910000	0.20346241758125322	0.3294678578620333	1.0	1.0	2.0
73920000	1.213955185715907	0.6082671083461026	1.0	1.0	2.0
73930000	4.028862146185281	0.12750739912173475	1.0	1.0	2.0
73940000	1.2054953608997183	6.589176859763409E-4	1.0	1.0	2.0
73950000	1.030163717888883	0.7245759581885748	1.0	1.0	2.0
73960000	0.1950791969455447	0.9989339833111547	1.0	1.0	2.0
73970000	3.175117118268454	0.7852021924981372	1.0	1.0	2.0
73980000	1.6591725880039345	0.08532898021650992	1.0	1.0	2.0
73990000	2.405559760336053	0.3623011351589328	1.0	1.0	2.0
74000000	1.125431203826289	0.7521721075934913	1.0	1.0	2.0
74010000	1.0289403276813867	0.6085084576871594	1.0	1.0	2.0
74020000	1.0539296882836662	0.8697534731308347	1.0	1.0	2.0
74030000	0.5771406654022706	0.11774560392728979	1.0	1.0	2.0
74040000	1.0587351139983878	0.27120924670196445	1.0	1.0	2.0
74050000	1.9204675303249135	3.049058328923282	1.0	1.0	2.0
74060000	0.6318669522051154	0.6202640405594574	1.0	1.0	2.0
74070000	1.2023891283241417	0.3759245930055292	1.0	1.0	2.0
74080000	1.2646437833426754	0.017842750040383992	1.0	1.0	2.0
74090000	0.6216529772666315	0.04172611779197209	1.0	1.0	2.0
74100000	4.637188738781726	0.4152602106447036	1.0	1.0	2.0
74110000	1.8349397943819732	2.1452329152386396	1.0	1.0	2.0
74120000	0.9665043909763511	0.340897332746346	1.0	1.0	2.0
74130000	0.5830270578411474	0.3021228011165071	1.0	1.0	2.0
74140000	0.5432964860184607	0.10579763171915198	1.0	1.0	2.0
74150000	2.4784492008469	0.8032579284647224	1.0	1.0	2.0
74160000	0.8281289638641466	0.01579645802161326	1.0	1.0	2.0
74170000	0.5228158545416826	0.08279503606479699	1.0	1.0	2.0
74180000	0.35409229585673546	0.5715854228749547	1.0	1.0	2.0
74190000	0.906684066836238	1.1208285767960287	1.0	1.0	2.0
74200000	2.474748358493216	1.172021315101042	1.0	1.0	2.0
74210000	1.0709587357132992	0.8653493990553173	1.0	1.0	2.0
74220000	1.7888006475387226	0.12789652435072854	1.0	1.0	2.0
74230000	0.8896950665489906	1.4810862814053303	1.0	1.0	2.0
74240000	1.6161312835848494	0.6185881675284637	1.0	1.0	2.0
74250000	2.346060800604698	0.5706028734900633	1.0	1.0	2.0
74260000	0.5557752710080799	1.0309719732821205	1.0	1.0	2.0
74270000	0.37295597552487825	1.314015765120037	1.0	1.0	2.0
74280000	2.156404639097453	0.6007587927460747	1.0	1.0	2.0
74290000	0.2651088947464265	0.17746065809024786	1.0	1.0	2.0
74300000	0.545105347233137	0.4984812707970599	1.0	1.0	2.0
74310000	2.5478398261618613	1.2788467604792184	1.0	1.0	2.0
74320000	0.1490248075628042	0.6299316380733342	1.0	1.0	2.0
74330000	1.1478441510696153	0.2922780468242318	1.0	1.0	2.0
74340000	1.5805701184459682	0.4086644724877897	1.0	1.0	2.0
74350000	0.7547641618338748	1.4162000485429813	1.0	1.0	2.0
74360000	1.4857181374227597	0.08849735872091169	1.0	1.0	2.0
74370000	1.3414834133165374	0.20487465354478157	1.0	1.0	2.0
74380000	1.3244731699219852	0.0881342062579439	1.0	1.0	2.0
74390000	1.0412861915169225	0.7453841888186502	1.0	1.0	2.0
74400000	0.20349008358426315	0.041461214720458266	1.0	1.0	2.0
74410000	0.11313080380892122	1.8141043840985502	0.0	1.0	1.0
74420000	1.8528754663434155	0.899558709275969	1.0	1.0	2.0
74430000	2.3771858810084825	1.4498089017944484	1.0	1.0	2.0
74440000	2.1893110879055637	2.0532588927868116	1.0	1.0	2.0
74450000	1.5854345442781415	0.10435716498237069	1.0	1.0	2.0
74460000	3.118817696556126	0.27689232625594806	1.0	1.0	2.0
74470000	1.8543736821972365	0.43677064713495917	1.0	1.0	2.0
74480000	0.5384089433348288	1.3687393872819142	1.0	1.0	2.0
74490000	0.35163690571616885	0.0660311839934281	1.0	1.0	2.0
74500000	0.9327282094649233	0.6122174011558753	1.0	1.0	2.0
74510000	0.7962811278571967	1.0206031017676258	1.0	1.0	2.0
74520000	0.1768048278279682	0.02814296156379034	1.0	1.0	2.0
74530000	0.2563552797910462	0.04642850397965607	1.0	1.0	2.0
74540000	2.4338496142896995	0.19613955742605801	1.0	1.0	2.0
74550000	1.7012400312027842	1.2424482209189474	1.0	1.0	2.0
74560000	0.4042242428694885	0.17601466797478174	1.0	1.0	2.0
74570000	1.2873567376495907	0.058737156075799844	1.0	1.0	2.0
74580000	1.1717192840100754	0.8745305843995695	1.0	1.0	2.0
74590000	0.26853058952283715	0.09528971911770177	1.0	1.0	2.0
74600000	1.7857653423006006	0.23240360665985665	1.0	1.0	2.0
74610000	0.6465634313819186	0.03834356105086292	1.0	1.0	2.0
74620000	0.14750573166524095	0.04399573854984958	1.0	1.0	2.0
74630000	0.8088646364834253	0.5558585353600816	1.0	1.0	2.0
74640000	1.7082919066131614	0.34441025012198184	1.0	1.0	2.0
74650000	2.822532432798245	0.05735734936425104	1.0	1.0	2.0
74660000	0.2825650150616569	0.600767874594828	1.0	1.0	2.0
74670000	1.9648100058467675	0.1531387337110158	1.0	1.0	2.0
74680000	0.5160649448589505	0.07455898435215542	1.0	1.0	2.0
74690000	1.2698271656049185	3.667054759078314	1.0	1.0	2.0
74700000	0.12819004771688558	0.3149594042815346	1.0	1.0	2.0
74710000	0.44371094126885563	0.3796041165702533	1.0	1.0	2.0
74720000	0.23467835622605718	0.926090910053726	1.0	1.0	2.0
74730000	0.7325288460106077	2.6420430731016435	1.0	1.0	2.0
74740000	1.684431337445494	0.6090722471652805	1.0	1.0	2.0
74750000	1.2504529038595145	0.019890921466499116	1.0	1.0	2.0
74760000	1.5820234909928894	0.23912516086090121	1.0	1.0	2.0
74770000	3.978212688690343	0.04871168845819931	1.0	1.0	2.0
74780000	0.9973865363632454	0.7117112514588362	1.0	1.0	2.0
74790000	0.16751138887798506	0.395816142496351	1.0	1.0	2.0
74800000	0.2852022546389331	0.4352423198594109	1.0	1.0	2.0
74810000	0.6206006977364976	0.49928419636791777	1.0	1.0	2.0
74820000	0.7025206671035507	0.8402412966412371	1.0	1.0	2.0
74830000	0.5151062549694396	0.17677959238052351	1.0	1.0	2.0
74840000	1.5268645688545004	0.9299221823563653	1.0	1.0	2.0
74850000	1.2617902196202364	0.8078065210661064	1.0	1.0	2.0
74860000	1.0615991891872325	0.1374497710994047	1.0	1.0	2.0
74870000	1.8194489450813218	0.1540493594148285	1.0	1.0	2.0
74880000	0.7013142691264319	1.0857098977449862	1.0	1.0	2.0
74890000	0.4431859087492298	0.05690911526803889	1.0	1.0	2.0
74900000	0.5727208424759093	0.10336285010003977	1.0	1.0	2.0
74910000	0.8676835464424784	1.7331518765686778	1.0	1.0	2.0
74920000	2.3845598444277862	0.5866263912055217	1.0	1.0	2.0
74930000	0.7638044142841983	0.4664008108860554	1.0	1.0	2.0
74940000	0.7446990596634718	0.021194909857439853	1.0	1.0	2.0
74950000	0.746060054903905	0.5434242742282803	1.0	1.0	2.0
74960000	0.10688501433293726	1.39834247159587	1.0	1.0	2.0
74970000	1.6809197559689208	0.661454325347066	1.0	1.0	2.0
74980000	0.15975740101562746	0.10449145637878507	1.0	1.0	2.0
74990000	0.7782238023935244	0.47141215829191935	1.0	1.0	2.0
75000000	0.48313461278259473	0.4867181894127771	1.0	1.0	2.0
75010000	0.5991419714964588	0.24250622804035138	1.0	1.0	2.0
75020000	2.6159706882209655	2.337473283804154	1.0	1.0	2.0
75030000	1.225405089047845	0.24620311218397903	1.0	1.0	2.0
75040000	0.7747180972928711	0.7388441344996811	1.0	1.0	2.0
75050000	2.508464826018868	0.04345814107388848	1.0	1.0	2.0
75060000	0.43844529460382253	0.2659164910858717	1.0	1.0	2.0
75070000	1.4417822926569663	0.2156955720492067	1.0	1.0	2.0
75080000	3.1506116257022336	0.8875049303066336	1.0	1.0	2.0
75090000	5.03147262043705	0.7571372104847235	1.0	1.0	2.0
75100000	0.33056100487577555	0.04360074601960019	1.0	1.0	2.0
75110000	3.307013329390225	3.284135841149952	1.0	1.0	2.0
75120000	2.3655069335396197	0.17876557165240348	1.0	1.0	2.0
75130000	1.2906748343006837	0.27561969633248645	1.0	1.0	2.0
75140000	1.605225118966836	0.31264229529117443	1.0	1.0	2.0
75150000	1.0969449588598141	0.5673405525542832	1.0	1.0	2.0
75160000	0.0680552125665239	0.9473465268576579	0.0	1.0	1.0
75170000	2.1495792508332996	2.9996235409187992	1.0	1.0	2.0
75180000	1.2655253395445365	0.20976001253149446	1.0	1.0	2.0
75190000	1.3277335178083294	0.39067361801816847	1.0	1.0	2.0
75200000	0.9296241150764563	0.11398480920641636	1.0	1.0	2.0
75210000	4.016553579029633	0.24004950520347898	1.0	1.0	2.0
75220000	0.49169082081547205	0.5178266790540864	1.0	1.0	2.0
75230000	3.270232455393523	0.5379398942557474	1.0	1.0	2.0
75240000	0.7380742972953349	1.1778117980671383	1.0	1.0	2.0
75250000	2.2213365617158645	0.5990322369282136	1.0	1.0	2.0
75260000	1.2706298981643704	0.024658549692400566	1.0	1.0	2.0
75270000	0.7226922051185705	1.136035682883618	1.0	1.0	2.0
75280000	0.8319329931395516	2.2269394120624004	1.0	1.0	2.0
75290000	2.475708960522869	0.7435530878372604	1.0	1.0	2.0
75300000	1.2092241813855338	0.23454896925891033	1.0	1.0	2.0
75310000	3.830896882228049	0.2329473153724333	1.0	1.0	2.0
75320000	0.5240089844460644	4.39546987732146E-4	1.0	1.0	2.0
75330000	1.0654109310099436	1.0034739512327895	1.0	1.0	2.0
75340000	1.4314340683419833	3.933772811354821	1.0	1.0	2.0
75350000	1.1254992795732341	0.07378210812329358	1.0	1.0	2.0
75360000	1.034294175798586	0.14555735024039954	1.0	1.0	2.0
75370000	0.467831531633668	0.5711653098395127	1.0	1.0	2.0
75380000	0.3632356393069135	0.3038783025919374	1.0	1.0	2.0
75390000	6.793017732387656	0.4722771554920497	1.0	1.0	2.0
75400000	0.4194990592071944	0.23804649129901442	1.0	1.0	2.0
75410000	2.902020194513382	0.2828344260449394	1.0	1.0	2.0
75420000	1.8173523058089163	0.10717118869716369	1.0	1.0	2.0
75430000	2.1020731398766386	1.4322235316762395	1.0	1.0	2.0
75440000	1.2854469876046686	0.17722572703990408	1.0	1.0	2.0
75450000	1.9184884619195992	0.5427284116441482	1.0	1.0	2.0
75460000	0.7437426330480481	0.5923570360006795	1.0	1.0	2.0
75470000	1.9725831285696784	0.12252632905224183	1.0	1.0	2.0
75480000	0.03203174332714677	0.02448814973411364	1.0	1.0	2.0
75490000	0.48327299394798845	0.3824539566675525	1.0	1.0	2.0
75500000	0.978485204608901	0.27308064008612154	1.0	1.0	2.0
75510000	0.2590718901766108	0.09160951260298952	1.0	1.0	2.0
75520000	2.4817657205751407	0.1264715330831156	1.0	1.0	2.0
75530000	4.431099228781854	0.7708590873959265	1.0	1.0	2.0
75540000	0.2964197880746327	1.2658282776805272	1.0	1.0	2.0
75550000	1.2095057672162233	1.242342534704432	1.0	1.0	2.0
75560000	0.6188156322733774	0.14410167158019144	1.0	1.0	2.0
75570000	0.4808301375928086	0.4794275357144351	1.0	1.0	2.0
75580000	0.24656278344643984	0.08879392393086097	1.0	1.0	2.0
75590000	1.3600317321534365	0.4164260880268825	1.0	1.0	2.0
75600000	0.4842056526944412	0.14686415653272325	1.0	1.0	2.0
75610000	0.821609141441124	1.0780233539736364	1.0	1.0	2.0
75620000	3.3591076030109557	1.9424513737943567	1.0	1.0	2.0
75630000	0.3367157846988643	0.3014861886967843	1.0	1.0	2.0
75640000	0.21909673659783746	0.0830131553113076	1.0	1.0	2.0
75650000	3.3012922800290747	0.2593432647971799	1.0	1.0	2.0
75660000	1.6644499907174564	0.4939838816559298	1.0	1.0	2.0
75670000	1.4427602523662169	0.16926156600788128	1.0	1.0	2.0
75680000	1.6329899385245903	0.42020640797389264	1.0	1.0	2.0
75690000	2.642887588678882	0.23554244124523466	1.0	1.0	2.0
75700000	1.1233928936173543	2.134777932770138	1.0	1.0	2.0
75710000	0.5315855198140297	0.6702021070414238	1.0	1.0	2.0
75720000	1.2296873300280602	1.5653798715083904	1.0	1.0	2.0
75730000	2.9993023932953693	0.2461338120929977	1.0	1.0	2.0
75740000	1.2425061896587137	0.38600293940461855	1.0	1.0	2.0
75750000	0.8447851914651986	0.03306279489486899	1.0	1.0	2.0
75760000	0.7804549637579712	0.041571124635357934	1.0	1.0	2.0
75770000	0.8594283688863231	0.11280708698038687	1.0	1.0	2.0
75780000	1.339740416684055	0.49229859423981565	1.0	1.0	2.0
75790000	0.5163006024753982	0.31326648000261487	1.0	1.0	2.0
75800000	0.4189252090269835	0.2004348504542573	1.0	1.0	2.0
75810000	0.5071008900265603	0.5257346184122408	1.0	1.0	2.0
75820000	4.700394869007525	0.5501898518952463	1.0	1.0	2.0
75830000	2.7887912531920773	0.052287711748732965	1.0	1.0	2.0
75840000	0.25597441393751424	0.026892546811134857	1.0	1.0	2.0
75850000	1.5623612545528673	0.3977629324435124	1.0	1.0	2.0
75860000	0.30025237576595337	0.05002455347384289	1.0	1.0	2.0
75870000	1.616616694566851	0.11118689682956229	1.0	1.0	2.0
75880000	1.6548808393242482	0.4938870609404079	1.0	1.0	2.0
75890000	0.3329697384095386	0.33856187334317306	1.0	1.0	2.0
75900000	1.4134550145093066	1.3488120251650846	1.0	1.0	2.0
75910000	0.6026040744930815	0.0418130977415103	1.0	1.0	2.0
75920000	0.836774311972113	0.09166982959051388	1.0	1.0	2.0
75930000	0.05936120751545706	0.0027919761587778882	1.0	1.0	2.0
75940000	0.4614150768973376	0.011985359173096573	1.0	1.0	2.0
75950000	0.2705557158351085	0.3611832917436057	1.0	1.0	2.0
75960000	3.3360051132074386	0.2190653479203936	1.0	1.0	2.0
75970000	1.1125903733744542	0.1929618724057446	1.0	1.0	2.0
75980000	0.9447740260333224	0.03462702424672949	1.0	1.0	2.0
75990000	2.1459898743883357	0.7287309439045113	1.0	1.0	2.0
76000000	0.8779038154695542	1.844672866512402	1.0	1.0	2.0
76010000	0.37130605290428204	0.0198173379597669	1.0	1.0	2.0
76020000	4.170137149072137	0.6552895024512844	1.0	1.0	2.0
76030000	1.2421969379913234	0.746918803287727	1.0	1.0	2.0
76040000	1.2226156809085298	1.6538635464337097	1.0	1.0	2.0
76050000	0.8421627031192339	0.38147819404962	0.0	1.0	1.0
76060000	3.2123828127816263	0.3332451432157186	1.0	1.0	2.0
76070000	0.9908743991608875	0.687564590512882	1.0	1.0	2.0
76080000	1.2187505973014516	0.940020053675218	1.0	1.0	2.0
76090000	1.315002773401472	0.5008139862152421	1.0	1.0	2.0
76100000	1.0297642662497157	0.13840998869082966	1.0	1.0	2.0
76110000	1.789009742199305	0.38045636276477196	1.0	1.0	2.0
76120000	1.9722829547539904	2.3104452142136345	1.0	1.0	2.0
76130000	4.568442690143183	3.4099612701214927	1.0	1.0	2.0
76140000	2.135499021605338	0.011896168913278635	1.0	1.0	2.0
76150000	1.9976790367069974	0.8837901212713818	1.0	1.0	2.0
76160000	3.397426263834662	0.9580615577304167	1.0	1.0	2.0
76170000	0.4893991321800331	0.4405764158931584	1.0	1.0	2.0
76180000	2.7585047272180687	1.337194171928888	1.0	1.0	2.0
76190000	1.698106075560798	0.9317876530067493	1.0	1.0	2.0
76200000	0.43234921410817845	0.37812839115599195	1.0	1.0	2.0
76210000	1.175132166768294	2.6770637871979908	1.0	1.0	2.0
76220000	3.245428858374518	1.271188575834881	1.0	1.0	2.0
76230000	0.17968032849489832	0.002540338134977451	1.0	1.0	2.0
76240000	1.1429426382915266	0.787576184110316	1.0	1.0	2.0
76250000	4.8107001397052835	0.7819576625331457	1.0	1.0	2.0
76260000	2.1842218005119465	0.8869822731183452	1.0	1.0	2.0
76270000	1.0377130794638316	0.344942335599722	1.0	1.0	2.0
76280000	1.2029874670749272	0.24167541496293002	1.0	1.0	2.0
76290000	0.7734830325176957	0.4164285356750039	1.0	1.0	2.0
76300000	0.7404077794642142	1.768819439627383	1.0	1.0	2.0
76310000	1.8580037391340807	0.5275174667261968	1.0	1.0	2.0
76320000	1.881855547942681	1.2781573111235605	0.0	1.0	1.0
76330000	1.1980238177576314	0.3260495087835993	1.0	1.0	2.0
76340000	4.03880205614928	2.067056165411014	1.0	1.0	2.0
76350000	1.8913198322324638	0.7809886222632153	1.0	1.0	2.0
76360000	0.21254887954820798	0.22122292821062267	1.0	1.0	2.0
76370000	4.000253670906811	0.4109050442653013	1.0	1.0	2.0
76380000	0.6002450009556431	0.481306916812451	1.0	1.0	2.0
76390000	0.8468847258456664	0.14326966023889032	1.0	1.0	2.0
76400000	4.777971197662607	0.03702312163839784	1.0	1.0	2.0
76410000	2.54649727250319	0.0492195917089607	1.0	1.0	2.0
76420000	1.3694891918606078	0.10650541276650036	1.0	1.0	2.0
76430000	2.9857832881689172	2.0168246553738727	1.0	1.0	2.0
76440000	1.6121968263500404	0.48049256087020537	1.0	1.0	2.0
76450000	0.27688141340762096	0.14792774084485663	1.0	1.0	2.0
76460000	1.2348914682921224	0.8460808630488071	1.0	1.0	2.0
76470000	3.4966745431205166	0.17570477737305298	1.0	1.0	2.0
76480000	1.0575650674330763	0.21036725769785328	1.0	1.0	2.0
76490000	0.6016325981912706	0.1370872313567784	1.0	1.0	2.0
76500000	1.5333640919818556	1.0334924080343277	1.0	1.0	2.0
76510000	1.0311885574058102	0.13893132562094107	1.0	1.0	2.0
76520000	0.5456103165156824	0.19977122514720758	1.0	1.0	2.0
76530000	2.320029281071542	2.553145722958062	1.0	1.0	2.0
76540000	4.879629608221355	0.14640948074471175	1.0	1.0	2.0
76550000	1.2759871797323705	0.25474828745547234	1.0	1.0	2.0
76560000	0.2802427448820982	0.7148382118421145	1.0	1.0	2.0
76570000	0.7626756044976473	0.7777064850297085	1.0	1.0	2.0
76580000	1.9647779234824867	0.009670131110921394	1.0	1.0	2.0
76590000	0.6737712200336065	0.06301929573233221	1.0	1.0	2.0
76600000	0.3174509621612312	0.2970470964966889	1.0	1.0	2.0
76610000	0.6794924656599088	0.46783111940310174	1.0	1.0	2.0
76620000	0.12050682503099173	0.12267104387165254	1.0	1.0	2.0
76630000	1.9060549685270585	0.047020678314399406	1.0	1.0	2.0
76640000	1.1272262084128186	2.5583279245922066	1.0	1.0	2.0
76650000	0.39623267066336093	0.15321304795557517	1.0	1.0	2.0
76660000	0.5401577949939815	0.08273492150687216	1.0	1.0	2.0
76670000	0.8978835989280631	0.2683736852850577	1.0	1.0	2.0
76680000	2.13340204815975	0.44386125623220546	1.0	1.0	2.0
76690000	1.8991018480788928	1.2326584223534587	1.0	1.0	2.0
76700000	0.5993653163104533	0.16044333654972223	1.0	1.0	2.0
76710000	0.5691430330681851	0.2184376093083725	1.0	1.0	2.0
76720000	1.6486006165041398	0.3063006695255113	1.0	1.0	2.0
76730000	0.7391968069948738	2.464845745445904	1.0	1.0	2.0
76740000	3.58162922198012	0.4198606942909767	1.0	1.0	2.0
76750000	2.085917695914521	0.8440537365641623	1.0	1.0	2.0
76760000	0.7262384205917662	0.15832277853502202	1.0	1.0	2.0
76770000	0.768401506798855	1.1296023192256566	1.0	1.0	2.0
76780000	0.6434990988680922	0.06901787671387367	1.0	1.0	2.0
76790000	0.6516497302637836	0.029129261352019042	1.0	1.0	2.0
76800000	5.323511791313409	1.744219579022388	1.0	1.0	2.0
76810000	0.8029486834694165	1.235105650443147	1.0	1.0	2.0
76820000	1.8497041209509415	0.24032584260536408	1.0	1.0	2.0
76830000	0.9957432502184271	2.4898872186534873	1.0	1.0	2.0
76840000	0.5915126456252381	0.6486104705197239	1.0	1.0	2.0
76850000	2.692326549492969	1.5189932875720582	1.0	1.0	2.0
76860000	1.024704721631505	0.5180233548065903	1.0	1.0	2.0
76870000	1.50831254302931	1.2664072107252209	1.0	1.0	2.0
76880000	0.3032212975771335	0.7155963831427646	1.0	1.0	2.0
76890000	0.6528454415584249	0.04089308296805983	1.0	1.0	2.0
76900000	0.35610464514845414	0.3882483036072635	1.0	1.0	2.0
76910000	0.3320488869050686	0.08746939852565577	1.0	1.0	2.0
76920000	0.5452350514709853	0.013808798540237211	1.0	1.0	2.0
76930000	0.3506055920901941	0.5429884186165205	1.0	1.0	2.0
76940000	0.028087660483744056	0.5776362506422806	1.0	1.0	2.0
76950000	3.185644923266173	0.5953343975243587	1.0	1.0	2.0
76960000	3.5176209086400925	1.003345564777719	1.0	1.0	2.0
76970000	1.9100524023449235	0.3736271194386051	1.0	1.0	2.0
76980000	0.16007167432668618	0.0055642192227446366	1.0	1.0	2.0
76990000	1.267367536736096	0.05547193447422344	1.0	1.0	2.0
77000000	0.5547245720294061	0.10414837479307612	1.0	1.0	2.0
77010000	3.4327851410273094	0.07980500870584725	1.0	1.0	2.0
77020000	0.6452905637224245	0.05963007823865805	1.0	1.0	2.0
77030000	2.8676716864671126	1.7091336876567205	1.0	1.0	2.0
77040000	0.7568624481588568	1.1475149682931394	1.0	1.0	2.0
77050000	2.9583187235699815	0.23630782233072883	1.0	1.0	2.0
77060000	2.5010726811012467	0.0648355263331223	1.0	1.0	2.0
77070000	1.0318057506601432	0.27261467795324873	1.0	1.0	2.0
77080000	1.3218450786772005	0.3958908902802378	1.0	1.0	2.0
77090000	3.3280840426579426	1.4158804499013304	1.0	1.0	2.0
77100000	0.7908906960572571	0.29852574579543956	1.0	1.0	2.0
77110000	0.1504864562992988	0.18043986739982912	1.0	1.0	2.0
77120000	0.6783826257458574	0.29308600790596046	1.0	1.0	2.0
77130000	1.6761699576236375	0.32322254253990784	1.0	1.0	2.0
77140000	1.1329252462183004	0.28313231716054355	1.0	1.0	2.0
77150000	1.0382472876437263	0.2592548172494255	1.0	1.0	2.0
77160000	2.6840948157909756	2.2427304608954133	1.0	1.0	2.0
77170000	0.7879758553449989	1.2004875320270214	1.0	1.0	2.0
77180000	2.9391930914819424	1.091276308962315	1.0	1.0	2.0
77190000	2.835254190627203	0.38057988471684506	1.0	1.0	2.0
77200000	0.6926703397745974	0.5186872984762138	1.0	1.0	2.0
77210000	1.2864378385863926	0.08026063167132295	1.0	1.0	2.0
77220000	0.7645352757110461	0.5669082194193517	1.0	1.0	2.0
77230000	1.976745464233013	0.009422718182683636	1.0	1.0	2.0
77240000	0.21612529231512606	0.22700504487303322	1.0	1.0	2.0
77250000	0.8639816695158424	0.09255821268725771	1.0	1.0	2.0
77260000	0.756904343146347	0.3174637092011545	1.0	1.0	2.0
77270000	1.4505346479781864	0.5942742831483105	1.0	1.0	2.0
77280000	0.7465824798780007	0.33408339687980987	1.0	1.0	2.0
77290000	0.6997113933507187	0.19532369469142352	1.0	1.0	2.0
77300000	2.74656229924426	0.3292315959618167	1.0	1.0	2.0
77310000	2.7514379800574327	0.25665138547595756	1.0	1.0	2.0
77320000	0.932295615913733	0.6427105565963313	1.0	1.0	2.0
77330000	0.6004786925672846	0.5036406918946223	1.0	1.0	2.0
77340000	1.143281312269811	0.28729727169001745	1.0	1.0	2.0
77350000	0.2718712726175162	0.1574394999836102	1.0	1.0	2.0
77360000	2.0843540159938687	0.4532522490963079	1.0	1.0	2.0
77370000	0.5385500318061608	0.35041706333518075	1.0	1.0	2.0
77380000	1.3272494238953492	0.18573368194238885	1.0	1.0	2.0
77390000	0.43567861851179207	0.09352062091059113	1.0	1.0	2.0
77400000	1.6208122321441638	0.9571338075251996	1.0	1.0	2.0
77410000	1.3890073922505881	0.15539226016211807	1.0	1.0	2.0
77420000	4.868577051257086	0.2542251840072898	1.0	1.0	2.0
77430000	2.056784910891491	2.1843105505716993	1.0	1.0	2.0
77440000	0.45444671359472194	1.9782017865959525	1.0	1.0	2.0
77450000	1.0360228784295777	0.40727351978992593	1.0	1.0	2.0
77460000	2.4234765565489735	1.7680884895079858	1.0	1.0	2.0
77470000	0.9307087367300878	1.036305546734493	1.0	1.0	2.0
77480000	0.10057728871036295	0.1645567844360358	1.0	1.0	2.0
77490000	4.443651867195541	1.8896393369898246	1.0	1.0	2.0
77500000	2.585989237184448	0.0638045954899708	1.0	1.0	2.0
77510000	1.1057574015251632	1.1974120348618804	1.0	1.0	2.0
77520000	0.5401102446017862	0.07152197326176636	1.0	1.0	2.0
77530000	2.422925746226742	0.37116923475646313	1.0	1.0	2.0
77540000	0.4336000401604282	0.40543892618909355	1.0	1.0	2.0
77550000	0.7512902256611036	0.125258454411305	1.0	1.0	2.0
77560000	0.7850525934294413	0.33755539247453853	1.0	1.0	2.0
77570000	0.412802270376459	0.5301555024467186	1.0	1.0	2.0
77580000	1.1639006896842923	0.6477477526514771	1.0	1.0	2.0
77590000	0.8329804462910443	0.506525730888284	1.0	1.0	2.0
77600000	0.125126386670014	0.024062449595583287	1.0	1.0	2.0
77610000	1.1684913676542015	0.24522828785056044	1.0	1.0	2.0
77620000	0.7621877960091712	0.7068252566734284	1.0	1.0	2.0
77630000	0.7735807909970959	0.09321990730961555	1.0	1.0	2.0
77640000	1.5496567084624913	0.049146905281409234	1.0	1.0	2.0
77650000	1.6874310729540842	0.5162563804741348	1.0	1.0	2.0
77660000	2.8064164930264246	0.08620749751365037	1.0	1.0	2.0
77670000	1.5184471178867949	0.430358932610134	1.0	1.0	2.0
77680000	0.8970023958265589	0.2809325928779618	1.0	1.0	2.0
77690000	0.7740448697130485	0.3797891650511594	1.0	1.0	2.0
77700000	0.49521645716015833	0.20908654705994464	1.0	1.0	2.0
77710000	0.5602397521101126	0.23191201394820168	1.0	1.0	2.0
77720000	0.5738077363842189	0.46380464846364045	1.0	1.0	2.0
77730000	2.570814104885872	0.052783256660669374	1.0	1.0	2.0
77740000	1.3111697702708116	0.48481633441608407	1.0	1.0	2.0
77750000	3.2350937657697454	0.24183394469297184	1.0	1.0	2.0
77760000	1.1348857452647483	1.5126772014198728	1.0	1.0	2.0
77770000	0.7029622639479554	0.04533100415850366	1.0	1.0	2.0
77780000	3.443597592082078	0.5716299044562784	1.0	1.0	2.0
77790000	2.1001169455282938	0.6815348574057166	1.0	1.0	2.0
77800000	0.8735497620893212	0.37325096666447954	1.0	1.0	2.0
77810000	3.6614731607045115	0.7683464109414563	1.0	1.0	2.0
77820000	0.6532275594502466	0.3109047149542114	1.0	1.0	2.0
77830000	2.0059314816321687	0.2442425607366916	1.0	1.0	2.0
77840000	1.056253951015399	0.7471585807288679	1.0	1.0	2.0
77850000	0.7185623616191474	0.6216165158567035	1.0	1.0	2.0
77860000	2.0974503327748715	0.04102491224052337	1.0	1.0	2.0
77870000	0.33969297484716565	0.5331606652252311	1.0	1.0	2.0
77880000	0.8746082327206302	1.2408917529162642	0.0	1.0	1.0
77890000	1.265197149029931	0.29843245179248074	1.0	1.0	2.0
77900000	2.4798866736880445	0.16616397029069643	1.0	1.0	2.0
77910000	3.058819068526487	0.2954574969954236	1.0	1.0	2.0
77920000	3.379441934600008	0.4031660270985196	1.0	1.0	2.0
77930000	2.3721178760596375	0.2572392145267978	1.0	1.0	2.0
77940000	0.5718020330934664	0.50027815526769	1.0	1.0	2.0
77950000	2.5617900621876157	0.30650377856416133	1.0	1.0	2.0
77960000	2.5505928877073263	0.005806548473781562	1.0	1.0	2.0
77970000	2.004442518101071	0.016772468077776635	1.0	1.0	2.0
77980000	2.790288655671334	0.9243583052752581	1.0	1.0	2.0
77990000	0.6483090774724442	0.9628054043977008	1.0	1.0	2.0
78000000	0.9984632323083029	0.25261509399244064	1.0	1.0	2.0
78010000	1.3743203139393845	0.2179399006296254	1.0	1.0	2.0
78020000	0.6656521914229784	0.8194841575298968	1.0	1.0	2.0
78030000	1.9262279040670747	0.13930262956369893	1.0	1.0	2.0
78040000	0.7772904474174502	2.09348706306355	1.0	1.0	2.0
78050000	0.15218993979584708	0.14420373813861073	1.0	1.0	2.0
78060000	0.4623283519161093	0.09575631834207193	1.0	1.0	2.0
78070000	0.8844783225342289	1.2884890216398002	1.0	1.0	2.0
78080000	2.487019613936008	0.9365028114794604	1.0	1.0	2.0
78090000	1.191631781886201	0.026697265353446634	1.0	1.0	2.0
78100000	3.02668119168411	0.6642877722499707	1.0	1.0	2.0
78110000	1.4360296954174043	0.04086892786541315	1.0	1.0	2.0
78120000	0.3681169323641672	0.05210725361635847	1.0	1.0	2.0
78130000	0.08494674319268096	0.25485287139519147	1.0	1.0	2.0
78140000	0.506209898030714	0.10787181275730885	1.0	1.0	2.0
78150000	2.705808654933981	1.453401657225108	1.0	1.0	2.0
78160000	0.9308333111911298	0.07363390025270833	1.0	1.0	2.0
78170000	0.17016119584788406	0.232104902401927	1.0	1.0	2.0
78180000	1.4832869943476668	0.2821722578307786	1.0	1.0	2.0
78190000	1.8064904728093392	1.3565338338167319	1.0	1.0	2.0
78200000	2.259682356294166	0.34822476321584245	1.0	1.0	2.0
78210000	0.9840404794746169	1.6004231374639966	1.0	1.0	2.0
78220000	2.24127147297694	0.07705633833473337	1.0	1.0	2.0
78230000	1.2251743787510523	0.31992682948897966	1.0	1.0	2.0
78240000	0.7599950239338705	0.03580686850399474	1.0	1.0	2.0
78250000	3.06971658782449	0.5472381345473278	1.0	1.0	2.0
78260000	0.7723523796228743	0.15825169967007274	1.0	1.0	2.0
78270000	0.41957199495785386	0.28891122005512987	1.0	1.0	2.0
78280000	2.7412395968232572	1.2332809059677876	1.0	1.0	2.0
78290000	2.0495302171895053	0.8244739381499764	1.0	1.0	2.0
78300000	0.8256383517786859	0.45867276065782425	1.0	1.0	2.0
78310000	1.4046470170702485	0.8850198961160777	1.0	1.0	2.0
78320000	0.9441038749266272	0.8976135232215819	1.0	1.0	2.0
78330000	0.40686149772715713	0.30414266383388433	1.0	1.0	2.0
78340000	1.5479616114686574	0.5315334095093445	1.0	1.0	2.0
78350000	0.4275433581631157	0.6355909618268932	1.0	1.0	2.0
78360000	0.5964539816769939	0.1961775607107774	1.0	1.0	2.0
78370000	0.5534368477619247	0.9117353191782627	1.0	1.0	2.0
78380000	1.2070903976499585	0.06888048458780266	1.0	1.0	2.0
78390000	1.4019018978983508	0.2716711931476267	1.0	1.0	2.0
78400000	0.8333816926841329	0.23213233680230957	1.0	1.0	2.0
78410000	0.6499694891438216	0.04928812343516479	1.0	1.0	2.0
78420000	2.9277999537919754	0.2715040354936335	1.0	1.0	2.0
78430000	2.1749372651456604	0.597646907063646	1.0	1.0	2.0
78440000	4.254145794497841	0.7552391012887331	1.0	1.0	2.0
78450000	0.19608108835942414	0.7777055308280603	1.0	1.0	2.0
78460000	2.6106900390446954	1.0461041360504255	1.0	1.0	2.0
78470000	1.656391405677942	0.07159258899538062	1.0	1.0	2.0
78480000	4.095677340444845	0.6948078850146616	1.0	1.0	2.0
78490000	0.20422813160443232	0.5857257026663302	1.0	1.0	2.0
78500000	0.8683182629902252	1.2142964788109984	1.0	1.0	2.0
78510000	0.6118177500764749	0.1897015750598508	1.0	1.0	2.0
78520000	0.9156276496031748	0.09394584432011152	1.0	1.0	2.0
78530000	0.8133808294029574	0.8507369849692575	1.0	1.0	2.0
78540000	1.8997849446144446	0.04215473415425509	1.0	1.0	2.0
78550000	1.31904303159446	0.06439676376452878	1.0	1.0	2.0
78560000	1.2226051322035527	0.9081380405872003	1.0	1.0	2.0
78570000	0.7395931762078364	0.06908199639504077	1.0	1.0	2.0
78580000	1.4498637011164952	0.1733268776584499	1.0	1.0	2.0
78590000	1.309077531613728	1.4595072114416352	1.0	1.0	2.0
78600000	2.5041265405833193	2.7570994905207136	1.0	1.0	2.0
78610000	0.949179270449802	1.5972446205916817	1.0	1.0	2.0
78620000	0.8092095175497561	0.22805336786452599	1.0	1.0	2.0
78630000	0.5651158748504258	0.1502603752203258	1.0	1.0	2.0
78640000	1.2465628416185908	0.6015077906095073	1.0	1.0	2.0
78650000	1.0449769269990699	0.04247345451086468	1.0	1.0	2.0
78660000	0.8131958262547838	0.9767735900268982	1.0	1.0	2.0
78670000	1.57833025140358	1.9039424883794083	1.0	1.0	2.0
78680000	0.943287825244359	1.2918340248677025	1.0	1.0	2.0
78690000	2.1569484531227947	0.4967831512717711	1.0	1.0	2.0
78700000	1.2986853034243617	0.08014474759237969	1.0	1.0	2.0
78710000	1.068805677431064	0.6074157572358887	1.0	1.0	2.0
78720000	0.7710457845139966	0.8457961882670506	1.0	1.0	2.0
78730000	0.13651522353403198	0.04532295830822861	1.0	1.0	2.0
78740000	1.597585800019664	0.9648691837338896	1.0	1.0	2.0
78750000	1.3663643051299061	0.47920445638085346	1.0	1.0	2.0
78760000	2.999530825599826	1.9635141492174606	1.0	1.0	2.0
78770000	0.4781108731557706	0.2320980705514142	1.0	1.0	2.0
78780000	0.13431948777864852	0.5488154170672627	1.0	1.0	2.0
78790000	0.7046704618549664	0.17399156696646234	1.0	1.0	2.0
78800000	0.8566572008579092	1.059492211283111	1.0	1.0	2.0
78810000	2.1319659069309447	0.47310000550970543	1.0	1.0	2.0
78820000	0.7182754827116653	0.14140832115618232	1.0	1.0	2.0
78830000	0.4806899459560537	0.06806263647725942	1.0	1.0	2.0
78840000	0.5542061560945671	0.5524294634843727	1.0	1.0	2.0
78850000	0.1898355400002956	0.10886077257392097	1.0	1.0	2.0
78860000	0.9032720899894521	2.022253768883368	1.0	1.0	2.0
78870000	0.7887871138663286	0.6389163410901499	1.0	1.0	2.0
78880000	0.735598837667828	0.23519894137639055	1.0	1.0	2.0
78890000	0.6949395788957281	0.6015513875812584	1.0	1.0	2.0
78900000	0.6156632870457177	1.4326557774276645	1.0	1.0	2.0
78910000	1.5073834444650416	2.711852673001648	1.0	1.0	2.0
78920000	0.2780250977397949	0.2690517645490563	1.0	1.0	2.0
78930000	1.170782899892943	0.577953993391882	1.0	1.0	2.0
78940000	1.152863385684119	1.2852849695452644	1.0	1.0	2.0
78950000	0.9818340609793096	0.8846422308708787	1.0	1.0	2.0
78960000	0.396994875705569	0.21723791003876677	1.0	1.0	2.0
78970000	0.6222560875346859	0.5462435159338348	1.0	1.0	2.0
78980000	1.6085649997142997	0.1361967805519867	1.0	1.0	2.0
78990000	1.1744409170406418	0.9616576570536238	1.0	1.0	2.0
79000000	1.0109331311571768	1.445638825272567	1.0	1.0	2.0
79010000	0.35097427056195046	0.7945060768085637	1.0	1.0	2.0
79020000	0.8031903993824917	0.3377054774841511	1.0	1.0	2.0
79030000	2.040699903393502	0.2652047287834962	1.0	1.0	2.0
79040000	0.41723137671130317	0.2737249014007187	1.0	1.0	2.0
79050000	0.3732715085437336	0.6760868525591491	1.0	1.0	2.0
79060000	0.7635120345663344	0.14028800438609884	1.0	1.0	2.0
79070000	0.6657564153936142	1.1958020895466819	1.0	1.0	2.0
79080000	0.298103873704203	0.04180278105181202	1.0	1.0	2.0
79090000	0.5203050630762126	3.959344126182484	1.0	1.0	2.0
79100000	2.1456888244447767	0.6666662299313844	1.0	1.0	2.0
79110000	2.4556188179315006	4.902790138630004	1.0	1.0	2.0
79120000	0.7408318698311387	0.16033027560300028	1.0	1.0	2.0
79130000	0.40319537077152545	0.379286628316283	1.0	1.0	2.0
79140000	1.0052814698852401	0.12058328380517346	1.0	1.0	2.0
79150000	0.8733658556978675	0.0639528164217167	1.0	1.0	2.0
79160000	1.2751994883842057	0.5628239203691376	1.0	1.0	2.0
79170000	4.570618486431562	0.2870999011675646	1.0	1.0	2.0
79180000	3.7229792505366945	0.6684334506829845	1.0	1.0	2.0
79190000	1.6563951881946681	1.6669539017484185	1.0	1.0	2.0
79200000	0.3799842636170505	0.11083557713410694	1.0	1.0	2.0
79210000	1.0082396068654096	0.9546556429782465	1.0	1.0	2.0
79220000	1.273880701691827	0.3869014955105033	1.0	1.0	2.0
79230000	0.5562915782633701	0.06094073567012637	1.0	1.0	2.0
79240000	0.08389364830733437	0.17472543023376516	1.0	1.0	2.0
79250000	0.6258583124844497	0.17697780545685726	1.0	1.0	2.0
79260000	0.140745467386019	0.0597842809755364	1.0	1.0	2.0
79270000	3.4021712535238233	0.11804176379400594	1.0	1.0	2.0
79280000	0.17443866317421894	0.4478615559716395	1.0	1.0	2.0
79290000	0.9457648364574789	0.2044782057767256	1.0	1.0	2.0
79300000	2.0397405498937915	0.06604342205115199	1.0	1.0	2.0
79310000	0.20217808332907214	0.6508774972745426	1.0	1.0	2.0
79320000	0.5350823273684224	0.3679389508498478	1.0	1.0	2.0
79330000	0.722358626691531	0.5041803155623167	1.0	1.0	2.0
79340000	0.6791914712364265	1.582863540092507	1.0	1.0	2.0
79350000	2.0579116219766984	0.014648611959181023	1.0	1.0	2.0
79360000	3.998240084365479	1.7507342133595665	1.0	1.0	2.0
79370000	0.9948884854181043	1.2317508908774544	1.0	1.0	2.0
79380000	0.6164938122174628	0.6997618043105356	1.0	1.0	2.0
79390000	0.2188305173351348	1.1600178239056702	1.0	1.0	2.0
79400000	0.6531849821748141	1.7613078994766474E-4	1.0	1.0	2.0
79410000	0.35499634380587436	0.1545951510195512	1.0	1.0	2.0
79420000	0.23613694813318412	0.05794923393429996	1.0	1.0	2.0
79430000	1.1076221544527856	0.20332002444675265	1.0	1.0	2.0
79440000	0.8775316029325246	1.1915453771582347	1.0	1.0	2.0
79450000	1.1494981289915642	0.11223824188853358	1.0	1.0	2.0
79460000	1.5044540696041055	1.7041123713035171	1.0	1.0	2.0
79470000	0.3603439625872823	0.25153146270601945	1.0	1.0	2.0
79480000	1.2896430790257318	1.26699818326249	1.0	1.0	2.0
79490000	0.5696984467990867	0.23228296003287405	1.0	1.0	2.0
79500000	0.9734657366912051	0.26559951881917715	1.0	1.0	2.0
79510000	2.5110756677388495	0.06855760798953281	1.0	1.0	2.0
79520000	0.5759087626152429	0.3373773016898396	1.0	1.0	2.0
79530000	1.2375459844158327	0.40499034908572723	1.0	1.0	2.0
79540000	0.18523469424050706	0.36476612182649837	1.0	1.0	2.0
79550000	2.5991219326049544	1.402583693120018	1.0	1.0	2.0
79560000	0.7065228662835853	0.027058108179644772	1.0	1.0	2.0
79570000	2.124404746928693	0.2527864802871666	1.0	1.0	2.0
79580000	0.155148842852391	0.14905935987635094	1.0	1.0	2.0
79590000	0.5237637503339563	0.09464568867192633	1.0	1.0	2.0
79600000	1.0259805337239136	0.35177081453691544	1.0	1.0	2.0
79610000	0.797876270428112	4.221344328406599	1.0	1.0	2.0
79620000	1.1429800211282937	0.9772902018734387	1.0	1.0	2.0
79630000	1.3389077885178944	0.7776575312766284	1.0	1.0	2.0
79640000	0.5205470502106941	0.3997318698316583	1.0	1.0	2.0
79650000	0.4590172518145251	0.5984629587923704	1.0	1.0	2.0
79660000	0.796573292032767	0.024441205389897414	1.0	1.0	2.0
79670000	1.7714555536811833	1.0380747060441797	1.0	1.0	2.0
79680000	0.3170919287356398	0.04042663895837854	1.0	1.0	2.0
79690000	0.7497535083403456	0.3295113599675757	1.0	1.0	2.0
79700000	1.2847556628896548	0.04352644117721024	1.0	1.0	2.0
79710000	1.215705094722023	0.00883428095125343	1.0	1.0	2.0
79720000	0.7127000004278435	0.44263065426000314	1.0	1.0	2.0
79730000	1.0081008252544619	1.4382804199614665	1.0	1.0	2.0
79740000	2.2171780464187556	0.8070990052579231	1.0	1.0	2.0
79750000	0.22798350314653648	0.06610318599438507	1.0	1.0	2.0
79760000	1.8389854128920946	1.363566496260441	1.0	1.0	2.0
79770000	2.2874526150434926	2.020050461659425	1.0	1.0	2.0
79780000	1.831114513443628	0.7725381941895694	1.0	1.0	2.0
79790000	1.8028812522060824	0.23842865450112571	1.0	1.0	2.0
79800000	0.8389159910822264	0.3309486369443766	1.0	1.0	2.0
79810000	0.6303069033390426	0.7973610200100614	1.0	1.0	2.0
79820000	1.8993736004689925	0.9920032756054582	1.0	1.0	2.0
79830000	1.2344037215910697	0.5954588105697625	1.0	1.0	2.0
79840000	0.8944987153527412	0.20014203878120626	1.0	1.0	2.0
79850000	0.49446896113594674	0.25693166681684526	1.0	1.0	2.0
79860000	0.6382968836113943	0.1988582749162184	1.0	1.0	2.0
79870000	1.6172236689012143	0.07394480158878927	1.0	1.0	2.0
79880000	0.9646841180554768	0.02693291503284301	1.0	1.0	2.0
79890000	1.1321750388912617	1.391248366142921	1.0	1.0	2.0
79900000	0.7506138699746008	0.22507342175710318	1.0	1.0	2.0
79910000	1.0826206199417263	1.214788149550685	1.0	1.0	2.0
79920000	1.21828284638484	0.05372646726300048	1.0	1.0	2.0
79930000	0.7066483269570103	0.7289344872498865	1.0	1.0	2.0
79940000	2.361904075249356	0.8133240870011035	1.0	1.0	2.0
79950000	1.0184635390041612	0.07115467334528895	1.0	1.0	2.0
79960000	0.6631279918791743	0.15576479752653513	1.0	1.0	2.0
79970000	0.4467399995216493	0.9547649533029459	1.0	1.0	2.0
79980000	1.1293133656655003	0.9613563325260003	1.0	1.0	2.0
79990000	0.6513007005910513	1.1592389716357272	1.0	1.0	2.0
80000000	1.668022340298809	1.7595648990623391	1.0	1.0	2.0
80010000	0.5702670427654322	1.3030082470729154	1.0	1.0	2.0
80020000	2.9334537824971565	1.1485012230091638	1.0	1.0	2.0
80030000	1.636851810587375	1.9514839578632048	1.0	1.0	2.0
80040000	0.6043573028995448	0.6357011647139782	1.0	1.0	2.0
80050000	0.3460379016024407	0.16727431645589522	1.0	1.0	2.0
80060000	1.9463015289369912	0.368243499819266	1.0	1.0	2.0
80070000	0.9312715663627914	0.8517719936451272	1.0	1.0	2.0
80080000	5.038765352599623	0.28317818322814786	1.0	1.0	2.0
80090000	0.45690993358191956	0.14985602445033594	1.0	1.0	2.0
80100000	0.6442383247412159	1.8014259891470734E-5	1.0	1.0	2.0
80110000	0.8289031989284676	0.002627681637055855	1.0	1.0	2.0
80120000	0.1900854569128556	0.20642999878208518	1.0	1.0	2.0
80130000	1.1403097538389066	0.09940888821285074	1.0	1.0	2.0
80140000	3.639334219816493	0.12859862480476614	1.0	1.0	2.0
80150000	0.8519713847179853	0.65386557355778	1.0	1.0	2.0
80160000	0.784481785217669	0.01844116985512419	1.0	1.0	2.0
80170000	1.075851237762927	1.0833026457813482	1.0	1.0	2.0
80180000	0.6497959547196341	0.4571878077457656	1.0	1.0	2.0
80190000	1.2099220114745397	0.6043946705864102	1.0	1.0	2.0
80200000	0.0404217402999502	0.007614202742143129	1.0	1.0	2.0
80210000	1.9755164604988193	0.8355157594025229	1.0	1.0	2.0
80220000	1.3640402584933402	0.4307568158810505	1.0	1.0	2.0
80230000	2.585496375512693	0.5369219687692242	1.0	1.0	2.0
80240000	0.14984199543947574	0.04338650982736765	1.0	1.0	2.0
80250000	2.6323899378178504	0.45551502299667496	1.0	1.0	2.0
80260000	0.7278188430965058	0.5744360540734625	1.0	1.0	2.0
80270000	0.5314316670327456	1.0087755419296531	1.0	1.0	2.0
80280000	0.9905285569797612	0.05189235091373854	1.0	1.0	2.0
80290000	0.09744452559790784	0.4346173887016315	1.0	1.0	2.0
80300000	3.857743381180518	1.692368547032477	1.0	1.0	2.0
80310000	1.106886940856903	0.5230372866517027	1.0	1.0	2.0
80320000	2.7305041725412	0.5773481238009079	1.0	1.0	2.0
80330000	1.6757071374439936	0.1493904014480409	1.0	1.0	2.0
80340000	0.10449264876063753	0.18253720080560998	1.0	1.0	2.0
80350000	2.20738035917124	0.479277412980244	1.0	1.0	2.0
80360000	0.6772150393462799	0.528665693733491	1.0	1.0	2.0
80370000	2.326816883446143	0.494270654669093	1.0	1.0	2.0
80380000	1.7844412915037986	0.7549087394567852	1.0	1.0	2.0
80390000	0.5629556627343509	1.746666794310032	1.0	1.0	2.0
80400000	0.9315742374737712	0.35282578376381046	1.0	1.0	2.0
80410000	0.6556198670321415	0.3248779244466262	1.0	1.0	2.0
80420000	3.51443460640682	0.4451065401600676	1.0	1.0	2.0
80430000	2.26266620419445	0.32456285663820417	1.0	1.0	2.0
80440000	2.108250860727008	0.41064968237908295	1.0	1.0	2.0
80450000	1.2990808243054996	0.34201946094118735	1.0	1.0	2.0
80460000	1.3605434707495032	0.2132528874016846	1.0	1.0	2.0
80470000	0.8908215198784406	0.6272823981912342	1.0	1.0	2.0
80480000	0.1292461720983992	0.017957607969449018	1.0	1.0	2.0
80490000	1.4749804164908362	0.6167863347897544	1.0	1.0	2.0
80500000	2.7888105574857014	0.055216693935492216	1.0	1.0	2.0
80510000	0.8159608641139181	0.1378621317794295	1.0	1.0	2.0
80520000	4.022186038824537	0.9186097877118305	1.0	1.0	2.0
80530000	0.23037786095664953	0.1649926280523776	1.0	1.0	2.0
80540000	1.3104681899451522	0.9114671439448105	1.0	1.0	2.0
80550000	0.7705910934848752	0.25554053368557433	1.0	1.0	2.0
80560000	0.8819842874912538	0.13070876599304354	1.0	1.0	2.0
80570000	1.6356481847661541	0.30704384389326556	1.0	1.0	2.0
80580000	1.6873119818612652	0.7345516421796247	1.0	1.0	2.0
80590000	0.9679314461027888	1.8689926980682592	1.0	1.0	2.0
80600000	1.472825027178086	1.3561956519782539	1.0	1.0	2.0
80610000	0.8764338294023631	0.851438011768051	1.0	1.0	2.0
80620000	0.7883003956926555	0.839472428980256	1.0	1.0	2.0
80630000	0.8963402366356593	0.31729673964058397	1.0	1.0	2.0
80640000	0.40257862096646446	0.4219158823516544	1.0	1.0	2.0
80650000	0.5829286338569126	0.7706992734729097	1.0	1.0	2.0
80660000	2.330811124283774	3.917528977667545	1.0	1.0	2.0
80670000	1.1801543163077117	0.34610993687198527	1.0	1.0	2.0
80680000	0.5354383449812431	0.12641358743772632	1.0	1.0	2.0
80690000	0.6239605503648679	0.3540193287253298	1.0	1.0	2.0
80700000	4.509939176726605	2.4749167122184907	1.0	1.0	2.0
80710000	1.154865177271733	0.4693627578732666	1.0	1.0	2.0
80720000	0.7002066751558444	0.07614161184524498	1.0	1.0	2.0
80730000	0.2940120527727365	0.5002240890399768	1.0	1.0	2.0
80740000	4.808769180907527	1.1438721162558902	1.0	1.0	2.0
80750000	0.2922088678155513	0.37435154325347786	1.0	1.0	2.0
80760000	1.1543848320044499	0.6056772278223505	1.0	1.0	2.0
80770000	0.2860919234145322	0.5745839018524566	1.0	1.0	2.0
80780000	1.4391057538608414	0.4647263307479485	1.0	1.0	2.0
80790000	0.2872503615917713	0.41046789372441667	1.0	1.0	2.0
80800000	0.08770490430607676	0.2253052287863857	1.0	1.0	2.0
80810000	1.6353526858004048	0.036623621812745116	1.0	1.0	2.0
80820000	1.4871066035344445	0.6535180106458852	1.0	1.0	2.0
80830000	3.803641383187281	0.2646223216532408	1.0	1.0	2.0
80840000	1.4438727927219384	1.151194696519807	1.0	1.0	2.0
80850000	1.0855960551274257	0.011751905209688798	1.0	1.0	2.0
80860000	0.04368769983019574	1.520275254489346	1.0	1.0	2.0
80870000	2.009896226199523	0.0969622011131873	1.0	1.0	2.0
80880000	1.2293821072124846	0.9721674177585123	1.0	1.0	2.0
80890000	1.3951951346615774	0.9748148157050632	1.0	1.0	2.0
80900000	0.8540774142839012	0.960246301094124	1.0	1.0	2.0
80910000	0.8493476425358341	0.6091875519682199	1.0	1.0	2.0
80920000	1.701853356826686	1.6323771532238778	1.0	1.0	2.0
80930000	1.2772554328133054	0.5996162874005913	1.0	1.0	2.0
80940000	1.8145379006506341	0.010568765723733121	1.0	1.0	2.0
80950000	1.976642957197919	0.6012294955722093	1.0	1.0	2.0
80960000	0.9907223041136711	0.470233451146744	1.0	1.0	2.0
80970000	0.7450688026191934	0.8763856396227634	1.0	1.0	2.0
80980000	0.792050542987218	2.159960560415078	1.0	1.0	2.0
80990000	4.2948708176053865	2.44266050681063	1.0	1.0	2.0
81000000	0.8585980766135539	0.24360306855995198	1.0	1.0	2.0
81010000	0.44804225806714243	0.874836002548239	1.0	1.0	2.0
81020000	1.0960912130085483	0.27619664321977627	1.0	1.0	2.0
81030000	2.0349069384215697	0.6153274197572781	1.0	1.0	2.0
81040000	2.235541552717811	1.833255614188059	1.0	1.0	2.0
81050000	0.4352494812236762	0.11686245499831704	1.0	1.0	2.0
81060000	0.9609127088139597	0.29074285694293667	1.0	1.0	2.0
81070000	1.5266948793156472	0.14473305006200332	1.0	1.0	2.0
81080000	3.130445898696685	1.981357608341101	1.0	1.0	2.0
81090000	1.5488119901484618	0.7403316248424776	1.0	1.0	2.0
81100000	2.8469750843869166	0.32082440864358525	1.0	1.0	2.0
81110000	1.4049732519489635	0.11945541623390357	1.0	1.0	2.0
81120000	0.09808019703779566	0.19521948130857528	1.0	1.0	2.0
81130000	0.07629259344293672	0.06526392737820981	1.0	1.0	2.0
81140000	0.9849457019430877	0.08244120584165354	1.0	1.0	2.0
81150000	1.7289447721560582	0.3027638372279763	1.0	1.0	2.0
81160000	1.4575578755791994	1.701752929107604	1.0	1.0	2.0
81170000	0.3856961693116089	0.29708358197474943	1.0	1.0	2.0
81180000	3.5223449787562098	0.20355368182630554	1.0	1.0	2.0
81190000	1.2257677484287797	1.5982179237577823	1.0	1.0	2.0
81200000	2.0958701236267676	0.7884495944926482	1.0	1.0	2.0
81210000	0.5256569962172721	0.1060971406573507	1.0	1.0	2.0
81220000	1.5619690996602953	0.8527311209128543	1.0	1.0	2.0
81230000	0.57637988463797	0.9598857000068227	1.0	1.0	2.0
81240000	3.0102142240614334	0.6841525544566323	1.0	1.0	2.0
81250000	0.2714138269143682	0.9348755509927662	1.0	1.0	2.0
81260000	3.6468554340415755	0.27070965900094457	1.0	1.0	2.0
81270000	1.3626451705456788	1.8786789117637748	1.0	1.0	2.0
81280000	0.8854770791838094	0.6920236328224634	1.0	1.0	2.0
81290000	0.7587326932824423	1.5285537880384	1.0	1.0	2.0
81300000	0.582997217466611	0.06436588416768277	1.0	1.0	2.0
81310000	1.0628769464111658	0.6199357432186562	1.0	1.0	2.0
81320000	3.371815397980934	0.06453488910091455	1.0	1.0	2.0
81330000	3.038330777046086	5.002213740300895	1.0	1.0	2.0
81340000	0.4399640348899753	0.05848815409238095	1.0	1.0	2.0
81350000	0.6095521279246517	0.1154862089416285	1.0	1.0	2.0
81360000	1.3764516627490495	0.302008215441512	1.0	1.0	2.0
81370000	1.083455746527269	0.06482387421822193	0.0	1.0	1.0
81380000	1.264686073810816	1.7841509426847078	1.0	1.0	2.0
81390000	1.9086178523098076	0.8420272693602043	1.0	1.0	2.0
81400000	0.7606778057170339	0.44625305506950796	1.0	1.0	2.0
81410000	0.8142473241429783	0.11366084048221078	1.0	1.0	2.0
81420000	0.30552539654706584	0.21063673433010321	1.0	1.0	2.0
81430000	2.0034672908631816	0.053470254100720614	1.0	1.0	2.0
81440000	1.9929437035295121	2.130251287995949	1.0	1.0	2.0
81450000	0.7323768700815834	0.076339717073695	1.0	1.0	2.0
81460000	1.2616236280280408	0.7128023162003622	1.0	1.0	2.0
81470000	0.7130310490222617	0.5083792076349791	1.0	1.0	2.0
81480000	1.2539416865723247	0.2682693278172859	1.0	1.0	2.0
81490000	0.5757711638948451	0.07839465401163241	1.0	1.0	2.0
81500000	1.298295166170032	0.5804403287566364	1.0	1.0	2.0
81510000	1.0248778512749392	0.09973322708579292	1.0	1.0	2.0
81520000	0.8982019910607373	0.038888014130295016	1.0	1.0	2.0
81530000	2.141875048653798	0.38730010884531263	1.0	1.0	2.0
81540000	1.1935162304223699	0.20378009555185406	1.0	1.0	2.0
81550000	0.27137026671805226	0.272977750464848	1.0	1.0	2.0
81560000	1.3124929300578871	0.6757033266691858	1.0	1.0	2.0
81570000	1.4608212435866843	1.6422512932872628	1.0	1.0	2.0
81580000	0.34625118500274743	0.001335127554644921	1.0	1.0	2.0
81590000	0.40352770759313195	1.2089541065316467	1.0	1.0	2.0
81600000	0.6655045685219432	0.06792469277805031	1.0	1.0	2.0
81610000	0.1993565064308801	0.3107128728122681	1.0	1.0	2.0
81620000	0.9366685247147634	0.23853174395509755	1.0	1.0	2.0
81630000	2.8846728991284527	1.773807579116021	1.0	1.0	2.0
81640000	0.39284349730578594	0.352480355521608	1.0	1.0	2.0
81650000	0.2059657988356481	0.4124588609139422	1.0	1.0	2.0
81660000	0.4709954193510844	0.0964220178671439	1.0	1.0	2.0
81670000	0.07074200745707863	0.0071648855598885185	1.0	1.0	2.0
81680000	0.22843861381939087	0.05258931360413188	1.0	1.0	2.0
81690000	3.2611577219904593	0.1330933455296009	1.0	1.0	2.0
81700000	0.9455780802886468	0.11716188300383508	1.0	1.0	2.0
81710000	0.5425976597145621	0.4142656903179719	1.0	1.0	2.0
81720000	3.49814061450566	0.5123012119806711	1.0	1.0	2.0
81730000	0.42723135913649274	0.06525013425605969	1.0	1.0	2.0
81740000	0.5562170395522977	0.1782574152255036	1.0	1.0	2.0
81750000	1.54420229006783	0.12642685416135355	1.0	1.0	2.0
81760000	1.380450588166637	1.5660511181152816	1.0	1.0	2.0
81770000	2.8145819711019944	0.8993509587223864	1.0	1.0	2.0
81780000	1.0866998240869048	1.3173956047391677	1.0	1.0	2.0
81790000	0.21837515293241277	0.08760935615429197	1.0	1.0	2.0
81800000	1.362743007513708	0.11209388929099463	1.0	1.0	2.0
81810000	1.0883825876777047	0.3784874406545931	1.0	1.0	2.0
81820000	1.342672227404006	0.2594575094376306	1.0	1.0	2.0
81830000	1.7390301168049342	0.10227998781444719	1.0	1.0	2.0
81840000	0.5789358770252732	0.1309893702626186	1.0	1.0	2.0
81850000	0.7924444168604292	0.21486100890759846	1.0	1.0	2.0
81860000	0.42485854691702263	0.38856189149858544	1.0	1.0	2.0
81870000	0.9428378536189375	0.3968908148255533	1.0	1.0	2.0
81880000	0.6733687274681739	0.6798671218548145	1.0	1.0	2.0
81890000	0.4055375270303531	0.7839943072989515	1.0	1.0	2.0
81900000	2.0001832529335157	1.102125056846249	1.0	1.0	2.0
81910000	4.773160687580525	1.696626356007338	1.0	1.0	2.0
81920000	0.7197625724871441	0.15207848224836684	1.0	1.0	2.0
81930000	1.9784159480117414	0.1914992455177648	1.0	1.0	2.0
81940000	0.6721315098829529	0.2974652629318398	1.0	1.0	2.0
81950000	2.6355904540252326	1.7300186459366766	1.0	1.0	2.0
81960000	1.309769812620769	1.0877209035206865	1.0	1.0	2.0
81970000	1.0276416382802345	0.5375645535712347	1.0	1.0	2.0
81980000	3.5999322094829926	0.31319290508495895	1.0	1.0	2.0
81990000	0.5867534948328961	1.6758331456981908	1.0	1.0	2.0
82000000	0.8443187507504414	0.5083087789786482	1.0	1.0	2.0
82010000	1.4873388837177233	0.883627803017299	1.0	1.0	2.0
82020000	0.2725680740472593	0.9752587169005561	1.0	1.0	2.0
82030000	2.4171032485409936	0.48860027542484763	1.0	1.0	2.0
82040000	2.5695348153404245	0.0053996329803924995	1.0	1.0	2.0
82050000	0.8410575990058952	0.10954243934523383	1.0	1.0	2.0
82060000	0.6941541840703425	1.1008223134788302	1.0	1.0	2.0
82070000	2.381661660301508	0.5577610283802168	1.0	1.0	2.0
82080000	5.203446584234368	0.3993276675889994	1.0	1.0	2.0
82090000	1.9140049073619598	1.486619493792095	1.0	1.0	2.0
82100000	1.7352578718443636	0.30498225728055933	1.0	1.0	2.0
82110000	1.7816702701279703	1.7543942623907716	1.0	1.0	2.0
82120000	0.07595121930768843	0.34360610935572766	1.0	1.0	2.0
82130000	0.6817833054182865	1.4815281558694038	1.0	1.0	2.0
82140000	0.8986819543359197	1.6181002588089999	1.0	1.0	2.0
82150000	1.134730587724595	0.10109622167022844	1.0	1.0	2.0
82160000	1.5285575084510827	0.024446059470215976	1.0	1.0	2.0
82170000	1.4250329682785747	0.007878815104106898	1.0	1.0	2.0
82180000	0.35604173305073517	0.08440993521917603	1.0	1.0	2.0
82190000	0.7840014572293214	0.10958796280800454	1.0	1.0	2.0
82200000	0.28574278838946726	0.06591238589938683	1.0	1.0	2.0
82210000	1.1859830559446956	0.06944752007914182	1.0	1.0	2.0
82220000	2.856811421554754	1.4958944124313505	1.0	1.0	2.0
82230000	0.4103946016646975	0.7570486789682798	1.0	1.0	2.0
82240000	2.0489279839195893	0.8129936228775617	1.0	1.0	2.0
82250000	0.2623565064228028	0.8527221420709324	1.0	1.0	2.0
82260000	2.269866372441103	1.01972173565383	1.0	1.0	2.0
82270000	1.5489065773744168	0.29842142799492133	1.0	1.0	2.0
82280000	0.7918988879386757	0.4976907800724077	1.0	1.0	2.0
82290000	1.2291314337021682	0.5967645566207029	1.0	1.0	2.0
82300000	0.2362065792188053	0.030848430681371813	1.0	1.0	2.0
82310000	0.23137408542874405	0.23039065050491075	1.0	1.0	2.0
82320000	0.49202839871137305	0.08293158872558469	1.0	1.0	2.0
82330000	2.4610866964963285	0.14113708725686538	1.0	1.0	2.0
82340000	1.6033985204849612	1.6294533648245777	1.0	1.0	2.0
82350000	2.2982238522036766	0.2675080350843126	1.0	1.0	2.0
82360000	0.5568982084589145	0.3693808970774061	1.0	1.0	2.0
82370000	2.62447768284582	0.46718939413736577	1.0	1.0	2.0
82380000	0.5274081211570737	0.38448759245835423	1.0	1.0	2.0
82390000	1.2676793916723397	0.44323158550252667	1.0	1.0	2.0
82400000	1.996023278913854	0.6424670581614542	1.0	1.0	2.0
82410000	0.5027979670056183	0.02035482207286103	1.0	1.0	2.0
82420000	0.3823849101292108	0.03863585461056525	1.0	1.0	2.0
82430000	0.8568171553189183	0.06984641574181509	1.0	1.0	2.0
82440000	1.8273647259015213	0.6834868539577301	1.0	1.0	2.0
82450000	0.19077600182633048	0.050088751706329745	1.0	1.0	2.0
82460000	1.0907533602853188	0.3081746870928779	1.0	1.0	2.0
82470000	1.1319971614840605	4.203603205344172	1.0	1.0	2.0
82480000	1.4767847079506742	0.7616806045184078	1.0	1.0	2.0
82490000	2.616572684982854	0.08547404333877115	1.0	1.0	2.0
82500000	1.8791673084781781	1.7385667993810252	1.0	1.0	2.0
82510000	1.2093446278430169	1.2483966047477695	1.0	1.0	2.0
82520000	0.8023721371199551	2.074520336357712	1.0	1.0	2.0
82530000	2.0509237786502736	0.13901260778748728	1.0	1.0	2.0
82540000	0.5140112690241643	0.2287708397629915	1.0	1.0	2.0
82550000	0.9532342745669778	0.36908185678131883	1.0	1.0	2.0
82560000	0.22076547901356167	0.07418002346863709	1.0	1.0	2.0
82570000	1.3484605965088594	1.1526949226012098	1.0	1.0	2.0
82580000	0.7545745091152494	1.5013526799153927	1.0	1.0	2.0
82590000	1.6924268937711746	0.2583184115262733	1.0	1.0	2.0
82600000	1.3275500996853036	1.3504816421210344	1.0	1.0	2.0
82610000	1.1634788208004057	0.4005988421021293	1.0	1.0	2.0
82620000	0.9223771566157395	1.289329488510444	1.0	1.0	2.0
82630000	0.9544332472645608	0.4262191561540915	1.0	1.0	2.0
82640000	0.35405431851044894	1.3463473553205647	1.0	1.0	2.0
82650000	0.6820245215427109	0.5579740721022776	1.0	1.0	2.0
82660000	0.5172954006935782	0.4320095079318163	1.0	1.0	2.0
82670000	1.3813032335660487	0.057766012924021545	1.0	1.0	2.0
82680000	0.5401586192735081	0.43909560013908006	1.0	1.0	2.0
82690000	2.393171588681597	1.2310465143530354	1.0	1.0	2.0
82700000	7.337031809294681	1.6305956990281052	1.0	1.0	2.0
82710000	0.26472114489414006	0.11433534244786504	1.0	1.0	2.0
82720000	0.7757220531047595	0.037930489584754104	1.0	1.0	2.0
82730000	0.652331673234286	0.43782470460761136	1.0	1.0	2.0
82740000	0.8485714124852342	1.7728176904762751	1.0	1.0	2.0
82750000	1.406237220363945	0.348288020495751	1.0	1.0	2.0
82760000	0.49839305587106103	0.053326433970268726	1.0	1.0	2.0
82770000	1.1711785860831943	0.28776409592141483	1.0	1.0	2.0
82780000	0.10171446779507473	0.04841981815323987	1.0	1.0	2.0
82790000	1.116381932738121	0.7872204157847805	1.0	1.0	2.0
82800000	0.6816670469711165	0.5548519296924923	1.0	1.0	2.0
82810000	1.9643272366691285	1.4210618453630472	1.0	1.0	2.0
82820000	0.4993453118856901	0.03351953869541224	1.0	1.0	2.0
82830000	0.1835248934955618	0.028125794467673174	1.0	1.0	2.0
82840000	1.454093810157118	2.4555314214809814	1.0	1.0	2.0
82850000	0.9532045536719947	0.28790054841409984	1.0	1.0	2.0
82860000	0.592026158739368	1.2563772441502081	1.0	1.0	2.0
82870000	5.9218251179038015	0.03344739678894645	1.0	1.0	2.0
82880000	0.37437837024101567	0.002934147748961844	1.0	1.0	2.0
82890000	0.5104665876120553	0.5042027126384453	1.0	1.0	2.0
82900000	2.3383435921014466	0.9389901772972886	1.0	1.0	2.0
82910000	2.198136089361161	0.06296608725713988	1.0	1.0	2.0
82920000	0.916299400763173	0.48077463618571936	1.0	1.0	2.0
82930000	1.1711710866886154	0.6104253721738	1.0	1.0	2.0
82940000	2.309408969345086	0.9177022941505076	1.0	1.0	2.0
82950000	0.20171299697206976	0.2876251033665708	1.0	1.0	2.0
82960000	0.13485408199098214	0.5615920126145035	1.0	1.0	2.0
82970000	0.4543228388739308	0.2323677405852413	1.0	1.0	2.0
82980000	0.7615866276633825	0.41686649144835647	1.0	1.0	2.0
82990000	0.15843335241570272	0.03420059688490241	1.0	1.0	2.0
83000000	0.2710178364625731	0.4385286505338763	1.0	1.0	2.0
83010000	1.1048315839742706	0.8985282383914157	1.0	1.0	2.0
83020000	1.6934990199313615	3.020534051024937	1.0	1.0	2.0
83030000	3.1784572470731955	0.5820909355312118	1.0	1.0	2.0
83040000	1.0189774950645687	0.11461588100912544	1.0	1.0	2.0
83050000	0.6424761682209399	0.07694972003196893	1.0	1.0	2.0
83060000	1.0667775572430944	0.2138902927182829	1.0	1.0	2.0
83070000	3.171477095113883	0.7104949545030791	1.0	1.0	2.0
83080000	0.7402702706979001	0.24485624312566787	1.0	1.0	2.0
83090000	0.947462850091513	0.10952970712624199	1.0	1.0	2.0
83100000	0.16277048673169064	0.05924622952084129	1.0	1.0	2.0
83110000	1.8320366414483897	0.2653965741649733	1.0	1.0	2.0
83120000	1.019127809197989	0.0643957640985038	1.0	1.0	2.0
83130000	0.9681513145099315	0.06477656901537396	1.0	1.0	2.0
83140000	0.29974098020002304	0.26307853676091875	1.0	1.0	2.0
83150000	0.14867535025827833	0.009608493434812607	1.0	1.0	2.0
83160000	0.5502589121554674	0.12079517329454252	1.0	1.0	2.0
83170000	2.2305604431614143	0.45998775843512313	1.0	1.0	2.0
83180000	3.7950924258176024	1.3147275803390182	1.0	1.0	2.0
83190000	1.1136116007146346	0.9193619042343628	1.0	1.0	2.0
83200000	0.8113315387424279	0.13038705839258424	1.0	1.0	2.0
83210000	3.5368759319171	0.33074469293579495	1.0	1.0	2.0
83220000	0.9879154466223353	2.1645494446846296	1.0	1.0	2.0
83230000	1.8802220062750115	0.2740220783783621	1.0	1.0	2.0
83240000	1.7490147423212299	0.45246732752652974	1.0	1.0	2.0
83250000	3.550483606050665	0.755678373617423	1.0	1.0	2.0
83260000	1.3117088162855177	0.293674988797248	1.0	1.0	2.0
83270000	3.2366229264931996	0.1407798206534986	1.0	1.0	2.0
83280000	0.7746010138514181	0.43461615505882173	1.0	1.0	2.0
83290000	1.1665790949970982	0.38610666036692126	1.0	1.0	2.0
83300000	1.1651080859705756	0.026993830287146157	1.0	1.0	2.0
83310000	1.841366645208383	0.4290055189485761	1.0	1.0	2.0
83320000	1.458229906024281	0.04034743392786872	1.0	1.0	2.0
83330000	1.3345852596773669	0.5809088522353081	1.0	1.0	2.0
83340000	1.35971050905383	0.5521603996919731	1.0	1.0	2.0
83350000	1.834018010343787	0.218679693034692	1.0	1.0	2.0
83360000	1.4099238757794412	0.25299853443762527	1.0	1.0	2.0
83370000	0.43323647099528256	0.32472551571811825	1.0	1.0	2.0
83380000	1.3597550182899092	0.40868690642542205	1.0	1.0	2.0
83390000	2.0091801742614708	1.4544577296056524	1.0	1.0	2.0
83400000	1.5331530690824007	0.38298137354417094	1.0	1.0	2.0
83410000	2.730589003920232	0.7713442505030027	1.0	1.0	2.0
83420000	0.6753353979785376	0.43667848820791244	1.0	1.0	2.0
83430000	2.249465544062045	0.12217092402153865	1.0	1.0	2.0
83440000	0.9489214196323243	0.8783408325222498	1.0	1.0	2.0
83450000	0.46516413071130963	0.1291829106449862	1.0	1.0	2.0
83460000	1.0992555488265296	0.35293475417167786	1.0	1.0	2.0
83470000	0.9628655624661412	0.33747531617091436	1.0	1.0	2.0
83480000	0.41668555276136293	0.5393192310039061	1.0	1.0	2.0
83490000	1.4144181870020371	0.10723727720874443	1.0	1.0	2.0
83500000	1.080968014458994	0.10710538828114563	1.0	1.0	2.0
83510000	2.5179156002381022	2.127005603831787	1.0	1.0	2.0
83520000	1.4537970847566035	0.36811128575273905	1.0	1.0	2.0
83530000	0.5633330184052107	0.3596017451529152	1.0	1.0	2.0
83540000	1.0962270740403277	0.4970672514319969	1.0	1.0	2.0
83550000	1.0666703201702903	0.6411597900372086	1.0	1.0	2.0
83560000	1.2541509909448996	0.5083611012869269	1.0	1.0	2.0
83570000	0.6059696059256225	0.02174138137399814	1.0	1.0	2.0
83580000	0.17426896816056636	0.2811988937344061	1.0	1.0	2.0
83590000	0.7079493215285485	0.09538193781362482	1.0	1.0	2.0
83600000	1.4825439256979795	0.6950259059137104	1.0	1.0	2.0
83610000	2.4376291159287837	0.5764685216429449	1.0	1.0	2.0
83620000	2.4254205441538237	1.2612708567885738	1.0	1.0	2.0
83630000	2.2676977898460673	0.15172933605856675	1.0	1.0	2.0
83640000	0.9615890199439483	1.0575779877465201	1.0	1.0	2.0
83650000	0.4308168803563628	0.3500486959073472	1.0	1.0	2.0
83660000	0.6683369404630954	0.040122321854036934	1.0	1.0	2.0
83670000	0.7557863465924226	0.330976278689309	1.0	1.0	2.0
83680000	0.9529681567580092	0.8992070352484357	1.0	1.0	2.0
83690000	2.6607915366016344	0.7119696197334412	1.0	1.0	2.0
83700000	0.4368586538734431	0.17467608653910888	1.0	1.0	2.0
83710000	1.8779316489642677	1.1305086464092922	1.0	1.0	2.0
83720000	2.0651217301202762	1.7056149646735677	1.0	1.0	2.0
83730000	0.8826245247864383	0.9142415200091678	1.0	1.0	2.0
83740000	1.2439920168253604	0.03846184565989093	1.0	1.0	2.0
83750000	0.41772228961018876	0.3081749964417549	1.0	1.0	2.0
83760000	0.345192540130461	0.14259878038254142	1.0	1.0	2.0
83770000	2.0951302314138402	0.27702112317804517	1.0	1.0	2.0
83780000	0.6003241634492334	0.09515579658587346	1.0	1.0	2.0
83790000	0.8171127599998959	0.6554144652319648	1.0	1.0	2.0
83800000	2.3084343730071097	0.0382306461565888	1.0	1.0	2.0
83810000	2.7758880390466203	1.3592333543646993	1.0	1.0	2.0
83820000	0.6587330325513503	0.05965339539422234	1.0	1.0	2.0
83830000	1.3853194000083089	1.1128473916325663	1.0	1.0	2.0
83840000	1.143152037574445	0.029023442202079926	1.0	1.0	2.0
83850000	1.7189358963741108	0.48364236931584614	1.0	1.0	2.0
83860000	0.6417953558629039	1.5678331441523579	1.0	1.0	2.0
83870000	0.5288719490509828	0.29315781698218824	1.0	1.0	2.0
83880000	0.6448434274342704	0.34425871373140876	1.0	1.0	2.0
83890000	0.38541508997783697	1.0478343902469198	1.0	1.0	2.0
83900000	0.9097409858272455	1.2822837400123275	1.0	1.0	2.0
83910000	1.095186851372931	0.12249154553686634	1.0	1.0	2.0
83920000	0.3778219225065323	0.019436375299619703	1.0	1.0	2.0
83930000	1.1179976582655708	0.414874422523694	1.0	1.0	2.0
83940000	1.3634778859645187	0.37179576614940785	1.0	1.0	2.0
83950000	4.757957573927775	0.1872528952993151	1.0	1.0	2.0
83960000	1.8020604294037013	0.8655341936956769	1.0	1.0	2.0
83970000	0.2542851387112484	0.5848505372683379	1.0	1.0	2.0
83980000	0.09081495753581587	0.10755204102693974	1.0	1.0	2.0
83990000	1.1008153175607645	2.0339389763745532	1.0	1.0	2.0
84000000	1.0110615248660633	0.05437020723167396	1.0	1.0	2.0
84010000	0.42174979582611943	0.7911937120479504	1.0	1.0	2.0
84020000	0.26549990567167286	0.16965982551176007	1.0	1.0	2.0
84030000	1.667016882576665	0.3209547604381439	1.0	1.0	2.0
84040000	0.34302569472236877	0.9757481986779905	0.0	1.0	1.0
84050000	1.0318302961359427	0.07734874362939463	1.0	1.0	2.0
84060000	3.7981227857677857	0.9601954852073478	1.0	1.0	2.0
84070000	1.1632712342900018	0.8020577588045206	1.0	1.0	2.0
84080000	0.8439950523770817	0.13733170974025982	1.0	1.0	2.0
84090000	1.9439074965732066	0.6292807148639046	1.0	1.0	2.0
84100000	2.7895758460652518	0.2514160431610216	1.0	1.0	2.0
84110000	2.642586280192054	0.11649171839140708	1.0	1.0	2.0
84120000	0.26753554702997434	0.1106569581728568	1.0	1.0	2.0
84130000	0.8604813592470741	0.5042330755200717	1.0	1.0	2.0
84140000	5.586579141209675	0.00193713442512197	1.0	1.0	2.0
84150000	1.538920954906143	0.555950929553957	1.0	1.0	2.0
84160000	0.6754816167935165	0.10213494112555827	1.0	1.0	2.0
84170000	0.6830860757829066	0.903871257058445	1.0	1.0	2.0
84180000	1.3926181181567394	0.6310996378854007	1.0	1.0	2.0
84190000	1.6553809132918715	0.11693490048524635	1.0	1.0	2.0
84200000	1.648512961999238	0.12418868456319523	1.0	1.0	2.0
84210000	2.352539966928809	1.7805854351615942	1.0	1.0	2.0
84220000	1.2984424033814226	0.2996101152811243	1.0	1.0	2.0
84230000	1.6781774847972177	0.7991694738606167	1.0	1.0	2.0
84240000	0.1348583579873945	0.09001963460696918	1.0	1.0	2.0
84250000	0.5649432977146163	0.1522539094181843	1.0	1.0	2.0
84260000	0.51989193413555	0.13849422178484322	1.0	1.0	2.0
84270000	0.3843046972139987	0.04213113525231146	1.0	1.0	2.0
84280000	1.1918055648945851	0.05354195975024787	1.0	1.0	2.0
84290000	1.5074954590189351	1.0198779484630203	1.0	1.0	2.0
84300000	1.922978214013764	0.24188506160066842	1.0	1.0	2.0
84310000	0.8535590287815471	0.3185200860454289	1.0	1.0	2.0
84320000	0.7733905633301904	0.14517115799002223	1.0	1.0	2.0
84330000	0.35840053778448816	0.8797543976507434	1.0	1.0	2.0
84340000	2.0352278919159947	0.5957949004175411	1.0	1.0	2.0
84350000	1.2119679223187876	1.7322212466373057	1.0	1.0	2.0
84360000	0.384991459539318	0.5212367213175655	1.0	1.0	2.0
84370000	0.3760121526553015	0.07751145155669961	1.0	1.0	2.0
84380000	1.4933508019581205	0.3610828924692633	1.0	1.0	2.0
84390000	2.576041577873812	0.051958772934126665	1.0	1.0	2.0
84400000	0.4988868745931686	1.4031088259269708	1.0	1.0	2.0
84410000	2.2105272151617457	0.41372679645411403	1.0	1.0	2.0
84420000	0.4686734227760792	0.004385907781172156	1.0	1.0	2.0
84430000	1.5119496432100377	3.101429348140722	1.0	1.0	2.0
84440000	0.9759109935951621	1.293154996614862	1.0	1.0	2.0
84450000	3.602481739004791	0.6440141209406371	1.0	1.0	2.0
84460000	0.3600753338096524	0.10447299240107237	1.0	1.0	2.0
84470000	0.3714911525506842	0.7412414538709282	1.0	1.0	2.0
84480000	1.0548683071848597	0.25977971958319157	1.0	1.0	2.0
84490000	0.17492179318058979	0.226181834402099	1.0	1.0	2.0
84500000	1.286322171030722	1.1124795865320856	1.0	1.0	2.0
84510000	0.35541492725609786	0.5696879990708095	1.0	1.0	2.0
84520000	1.1034625196568721	0.1242116545870528	1.0	1.0	2.0
84530000	1.3145309818902067	0.9600433347742361	1.0	1.0	2.0
84540000	0.3823318542813338	0.05647819343189839	1.0	1.0	2.0
84550000	5.578618719976632	0.23478795336956396	1.0	1.0	2.0
84560000	2.59606402405514	0.5449082755191315	1.0	1.0	2.0
84570000	1.4961749944100895	0.5410687369384777	1.0	1.0	2.0
84580000	2.0214365148592512	0.5467769647847898	1.0	1.0	2.0
84590000	1.1871058777687515	0.042892823694666085	1.0	1.0	2.0
84600000	1.065429796463831	1.9668473290690527	1.0	1.0	2.0
84610000	0.2224305819447205	0.12009362633927265	1.0	1.0	2.0
84620000	1.0550550475846299	2.805016792237782	1.0	1.0	2.0
84630000	0.40784066002489794	0.33345938941000225	1.0	1.0	2.0
84640000	0.6309564436939766	0.3710145675811175	1.0	1.0	2.0
84650000	0.677678041858697	0.6889002857679558	1.0	1.0	2.0
84660000	0.48170207787631586	3.051807453969211E-4	1.0	1.0	2.0
84670000	0.5289561713249662	0.04528356751823388	1.0	1.0	2.0
84680000	0.020924165824024888	0.08443759680212078	1.0	1.0	2.0
84690000	4.243307878863276	0.7977754235913519	1.0	1.0	2.0
84700000	0.6393367889550908	0.333710627240411	1.0	1.0	2.0
84710000	0.41994502731073136	0.734191684785156	1.0	1.0	2.0
84720000	2.4677217258756197	1.1210740495566982	1.0	1.0	2.0
84730000	0.516136600457665	0.13678451004491118	1.0	1.0	2.0
84740000	3.2549263268309048	0.25222634132949984	1.0	1.0	2.0
84750000	1.0532477731212122	0.5515240485842827	1.0	1.0	2.0
84760000	1.1160036814232845	1.512612667429714	1.0	1.0	2.0
84770000	0.560337661449908	1.2420910860534884	1.0	1.0	2.0
84780000	1.7508392405802014	0.37297803137862295	1.0	1.0	2.0
84790000	0.4660020588674672	0.8454674038647962	1.0	1.0	2.0
84800000	0.5025626255239793	0.3600598839209137	1.0	1.0	2.0
84810000	2.6845683079991898	0.30635392058016686	1.0	1.0	2.0
84820000	0.9484152688783118	0.9220282640998018	1.0	1.0	2.0
84830000	2.37621198319145	1.5255348845266534	1.0	1.0	2.0
84840000	0.14920721193862818	0.43850816237641227	1.0	1.0	2.0
84850000	2.4323162038527513	0.3365569241900505	1.0	1.0	2.0
84860000	1.6602142526046286	0.6256985098870579	1.0	1.0	2.0
84870000	0.5491382446153025	0.31733879111282814	1.0	1.0	2.0
84880000	0.8323685088018261	0.16673524533521683	1.0	1.0	2.0
84890000	1.6750480733943396	0.9149249176066989	1.0	1.0	2.0
84900000	0.31203879890147945	0.5549453035470792	1.0	1.0	2.0
84910000	2.1911932580612636	0.07903285311448173	1.0	1.0	2.0
84920000	0.9166534417790523	0.39974365960674263	1.0	1.0	2.0
84930000	0.5767251058023575	0.1355950302368585	1.0	1.0	2.0
84940000	0.21347600608443928	0.298325561347555	1.0	1.0	2.0
84950000	0.13995997824154582	0.26466689193902676	1.0	1.0	2.0
84960000	2.522991062651514	0.4999747416166009	1.0	1.0	2.0
84970000	1.1324276172167218	0.08399457601610588	1.0	1.0	2.0
84980000	0.2971867184377966	0.5463901592987531	1.0	1.0	2.0
84990000	0.8094531141404689	0.8459448729379249	1.0	1.0	2.0
85000000	0.3024457387657253	0.0447292401249938	1.0	1.0	2.0
85010000	2.0058246484758033	0.554604436476188	1.0	1.0	2.0
85020000	0.32676708201976723	0.8440529425909411	1.0	1.0	2.0
85030000	1.5011555214668901	0.30588729368551515	1.0	1.0	2.0
85040000	1.465290017950535	1.6721481140574206	1.0	1.0	2.0
85050000	0.11229031090761032	0.05234913234702744	1.0	1.0	2.0
85060000	2.5631102315347047	0.40538202109799876	1.0	1.0	2.0
85070000	0.9312052111143054	0.12867371770650868	1.0	1.0	2.0
85080000	0.8058475455949426	0.05462176577778419	1.0	1.0	2.0
85090000	4.155337590477998	0.031042533741337273	1.0	1.0	2.0
85100000	0.5111942418421295	0.23650426169334623	1.0	1.0	2.0
85110000	0.558490163489949	0.8397341944774215	1.0	1.0	2.0
85120000	0.8628919331647205	0.10437347902794673	1.0	1.0	2.0
85130000	1.2210102919590298	0.32239459875595644	1.0	1.0	2.0
85140000	0.3063058769168816	1.1029952505928746	1.0	1.0	2.0
85150000	2.1331365764854633	0.06682200678318154	1.0	1.0	2.0
85160000	0.5670744080319312	0.9063326786265272	1.0	1.0	2.0
85170000	2.52308948895461	0.1733778090412011	1.0	1.0	2.0
85180000	0.5244713515131484	0.07997515494091753	1.0	1.0	2.0
85190000	0.624426799107595	0.5607215012711871	1.0	1.0	2.0
85200000	0.35918298066087845	0.09216149029171733	1.0	1.0	2.0
85210000	0.6307667461894861	0.15787279305368632	1.0	1.0	2.0
85220000	0.8756112810128032	0.03991234857192142	1.0	1.0	2.0
85230000	0.4345471615860162	0.22529446655667615	1.0	1.0	2.0
85240000	0.4424306313731511	0.060250109994157725	1.0	1.0	2.0
85250000	0.7425959850462353	0.6447351561446687	1.0	1.0	2.0
85260000	3.2096113002151543	0.11022456312505555	1.0	1.0	2.0
85270000	2.1764331617445296	1.2221731018062	1.0	1.0	2.0
85280000	0.9047434892490707	0.36690064010681095	1.0	1.0	2.0
85290000	0.021377409880419238	0.01978726220941656	1.0	1.0	2.0
85300000	4.136241347778849	0.5867010059840556	1.0	1.0	2.0
85310000	0.11310070164923335	0.26685369752082805	1.0	1.0	2.0
85320000	0.7920382265843243	0.11842871143388607	1.0	1.0	2.0
85330000	1.0950240426735611	0.6809706078466886	1.0	1.0	2.0
85340000	0.5596456303154047	0.392112081647394	1.0	1.0	2.0
85350000	1.652784062496529	1.8996431341813838	1.0	1.0	2.0
85360000	0.5659279017760304	0.021605442603299156	1.0	1.0	2.0
85370000	2.8711311081358177	2.629493699896504	1.0	1.0	2.0
85380000	0.8705628436165667	0.046902986995262644	1.0	1.0	2.0
85390000	0.4883460438662307	0.0071731957533119825	1.0	1.0	2.0
85400000	0.8962089548884111	0.24663213459337685	1.0	1.0	2.0
85410000	0.7429148314839573	0.12871455023331713	1.0	1.0	2.0
85420000	1.1972080699054148	0.5816875853149628	1.0	1.0	2.0
85430000	3.2279228975959096	0.12159940158405266	1.0	1.0	2.0
85440000	1.889684432785722	2.6543164850015386	1.0	1.0	2.0
85450000	0.0568282256679538	0.2019971522876423	1.0	1.0	2.0
85460000	0.2722519339521906	0.04027420020842646	1.0	1.0	2.0
85470000	0.0674326069886396	0.04233541371619897	1.0	1.0	2.0
85480000	2.517103388378557	1.7819921891868733	1.0	1.0	2.0
85490000	0.24762595871209103	0.22315994634351524	1.0	1.0	2.0
85500000	1.5462962937307303	0.005130606128841602	1.0	1.0	2.0
85510000	1.575717052427153	0.529441907272104	1.0	1.0	2.0
85520000	0.5025027455472227	0.016243492434567335	1.0	1.0	2.0
85530000	0.3997159750091758	0.10929381824446605	1.0	1.0	2.0
85540000	2.235404607207326	1.2353614900346135	1.0	1.0	2.0
85550000	1.0794329618218073	0.06569882219829938	1.0	1.0	2.0
85560000	0.892299663846111	0.45460327086296354	1.0	1.0	2.0
85570000	1.8560605341318386	0.01961471950935375	1.0	1.0	2.0
85580000	1.361736054009752	0.08593136851461705	1.0	1.0	2.0
85590000	0.8291876723757422	1.7168075191473446	1.0	1.0	2.0
85600000	1.4995023839058683	0.1937979675252122	1.0	1.0	2.0
85610000	0.2944585527495435	0.17088360964830046	1.0	1.0	2.0
85620000	1.285431913784357	0.04454114370735075	1.0	1.0	2.0
85630000	3.115796170951808	0.3719438096693111	1.0	1.0	2.0
85640000	1.6435202784953646	0.2812977570465611	0.0	1.0	1.0
85650000	4.936750452576941	0.15285953639561028	1.0	1.0	2.0
85660000	1.2015874071149486	0.43040935029548383	1.0	1.0	2.0
85670000	1.1469353381454264	0.12741860613994638	1.0	1.0	2.0
85680000	0.1868350870401111	0.28266461216267913	1.0	1.0	2.0
85690000	1.3974831040387419	2.489615822412988	1.0	1.0	2.0
85700000	0.7309527682364317	0.9258633321589895	1.0	1.0	2.0
85710000	0.5773891940424174	0.5198289538053766	1.0	1.0	2.0
85720000	3.2071711273476176	0.33710885806796226	1.0	1.0	2.0
85730000	0.6359456972923201	0.18016348011469313	1.0	1.0	2.0
85740000	0.68183940506808	0.025258874555246176	1.0	1.0	2.0
85750000	0.5516314561096118	1.6818549933877114	1.0	1.0	2.0
85760000	0.32901491840847813	0.03680817214504871	1.0	1.0	2.0
85770000	1.2917670931476262	0.20944134804725145	1.0	1.0	2.0
85780000	0.41990422695580837	0.8444181658315403	1.0	1.0	2.0
85790000	5.328888286232902	0.8041793954648373	1.0	1.0	2.0
85800000	0.14564096060019238	0.23284887841082377	1.0	1.0	2.0
85810000	0.21120788764510376	0.7249991320637466	1.0	1.0	2.0
85820000	0.822119204502149	0.761266653182664	1.0	1.0	2.0
85830000	0.597899361608567	0.20894960630237114	1.0	1.0	2.0
85840000	0.6096219372995672	0.33917682882457667	1.0	1.0	2.0
85850000	0.3733528288242667	0.06615815715908593	1.0	1.0	2.0
85860000	1.3574798205045169	0.13271731270358755	1.0	1.0	2.0
85870000	1.6180881232967743	0.6718812273875044	1.0	1.0	2.0
85880000	0.06193938306585589	0.016201333565067855	1.0	1.0	2.0
85890000	0.8986379527543564	0.3759590644878024	1.0	1.0	2.0
85900000	2.1637428985133518	0.6083719390202295	1.0	1.0	2.0
85910000	3.630699197685869	0.38083975382468677	1.0	1.0	2.0
85920000	1.4285590189577324	0.002340493026626033	1.0	1.0	2.0
85930000	0.5544844919707466	0.09986002897293506	1.0	1.0	2.0
85940000	0.6394191025818838	0.821574022594366	1.0	1.0	2.0
85950000	1.3897382987659455	0.9890393936000674	1.0	1.0	2.0
85960000	0.7944330475734522	0.030198705909028328	1.0	1.0	2.0
85970000	1.6695001297702106	0.033160568476246634	1.0	1.0	2.0
85980000	2.343803859144233	0.17827281278184695	1.0	1.0	2.0
85990000	1.272896977360259	0.136723500705312	1.0	1.0	2.0
86000000	2.442528703160262	1.1463803774877435	1.0	1.0	2.0
86010000	0.7732949809354646	0.8205467376675747	1.0	1.0	2.0
86020000	0.14214884286054846	0.07488825918832952	1.0	1.0	2.0
86030000	3.806656229689842	0.040151623316266795	1.0	1.0	2.0
86040000	1.4027602021928156	0.19408253392325556	1.0	1.0	2.0
86050000	0.4377903540107615	0.2008970103218284	1.0	1.0	2.0
86060000	0.37412646983180087	0.7478055185289528	1.0	1.0	2.0
86070000	0.17600066921104368	0.1506813692859403	1.0	1.0	2.0
86080000	0.5770614899253105	1.2566373832490874	1.0	1.0	2.0
86090000	0.1241278584072774	0.09244800480917152	1.0	1.0	2.0
86100000	0.4788338154933118	1.2760162223451188	1.0	1.0	2.0
86110000	1.0089198804691102	0.04542959833573625	1.0	1.0	2.0
86120000	0.5611356025253834	0.49649433947512994	1.0	1.0	2.0
86130000	2.943825152974968	0.7612087930997304	1.0	1.0	2.0
86140000	0.9242927019724516	0.4403101431637027	1.0	1.0	2.0
86150000	1.3436479502525283	0.11421713417358134	1.0	1.0	2.0
86160000	0.5133202148112145	0.007942255471946994	1.0	1.0	2.0
86170000	2.7530326857734977	0.7311679825643946	1.0	1.0	2.0
86180000	0.2492828670326084	2.1939182468891016	1.0	1.0	2.0
86190000	0.7695346299033191	1.0145911006174857	1.0	1.0	2.0
86200000	8.8158063250158	0.5740824850557605	1.0	1.0	2.0
86210000	1.2098828438021767	0.9288457494949759	1.0	1.0	2.0
86220000	0.3267782285457147	0.11779977922105492	1.0	1.0	2.0
86230000	2.025366158994511	0.3298650874389154	1.0	1.0	2.0
86240000	0.5915268492574887	0.04497596410204802	1.0	1.0	2.0
86250000	1.2619721792506544	0.4439586006016684	1.0	1.0	2.0
86260000	0.2626794507945203	0.16407876268400892	1.0	1.0	2.0
86270000	0.6295958785467727	0.03598042743224879	1.0	1.0	2.0
86280000	0.11846285788359162	0.6194311969475407	1.0	1.0	2.0
86290000	0.20885754394236322	0.057609650558647536	1.0	1.0	2.0
86300000	1.352486653400527	0.5799612033851534	1.0	1.0	2.0
86310000	3.1284244284493035	0.7315680500243907	1.0	1.0	2.0
86320000	2.2198096960097713	0.34444223511852295	1.0	1.0	2.0
86330000	1.2679203153237388	1.3341516249677536	1.0	1.0	2.0
86340000	3.0761657523493584	0.3314529098908131	1.0	1.0	2.0
86350000	1.236559276720353	0.3001161568033752	1.0	1.0	2.0
86360000	0.434186228205528	0.6626999513181062	1.0	1.0	2.0
86370000	0.14092651308089416	0.01561567304869702	1.0	1.0	2.0
86380000	2.2627986813131735	0.6525619187951344	1.0	1.0	2.0
86390000	2.080673924169552	0.5854782750857175	1.0	1.0	2.0
86400000	0.22893832925815347	0.09049785229292108	1.0	1.0	2.0
86410000	1.7285589938833799	0.16972470275330934	1.0	1.0	2.0
86420000	0.5391148609051902	0.23282075523406318	1.0	1.0	2.0
86430000	3.0044117624477624	1.0457151728069356	1.0	1.0	2.0
86440000	0.23164253982821129	0.8577975142879216	1.0	1.0	2.0
86450000	0.3060755813132174	0.21369155904349596	1.0	1.0	2.0
86460000	0.9057793366984654	0.11215590974794815	1.0	1.0	2.0
86470000	0.265540656031726	0.6598159339998236	1.0	1.0	2.0
86480000	0.6527464882721193	0.12229688329178942	1.0	1.0	2.0
86490000	0.8164400023689716	0.33261807400755455	1.0	1.0	2.0
86500000	2.4842924914956854	1.441359709436948	1.0	1.0	2.0
86510000	1.9953281153156421	1.6220121974916208	1.0	1.0	2.0
86520000	1.9158476896222283	1.6533789080802563	1.0	1.0	2.0
86530000	0.32725070960141667	0.3921011608532793	1.0	1.0	2.0
86540000	0.8134743829604006	0.08690901896409645	1.0	1.0	2.0
86550000	3.313702382399233	0.5661301458753994	1.0	1.0	2.0
86560000	1.0538653304176677	1.110729655955932	1.0	1.0	2.0
86570000	0.7618085322477208	1.1545329096761985	1.0	1.0	2.0
86580000	3.9120986590616154	0.853789225148526	1.0	1.0	2.0
86590000	1.322288498336086	0.08856722147526547	1.0	1.0	2.0
86600000	0.4049538345849027	0.3510571934943007	1.0	1.0	2.0
86610000	2.09350218480466	0.04992614466937435	1.0	1.0	2.0
86620000	0.852077046038014	1.3990808623029793	1.0	1.0	2.0
86630000	0.24988793303789586	1.184746255433752	1.0	1.0	2.0
86640000	2.2010994750190465	0.3773005261622389	1.0	1.0	2.0
86650000	2.4613250982559562	0.08115614065263711	1.0	1.0	2.0
86660000	1.3184252360687354	0.06987291621533916	1.0	1.0	2.0
86670000	1.1617481223563053	2.685904243133587	1.0	1.0	2.0
86680000	0.7370899424285867	0.02658228807021241	1.0	1.0	2.0
86690000	2.1583701641276374	0.18737500865835474	1.0	1.0	2.0
86700000	0.8602103590440071	1.075250773611433	1.0	1.0	2.0
86710000	0.3056998310605184	0.3976973364312047	1.0	1.0	2.0
86720000	1.4679610626595485	0.15785478810689405	1.0	1.0	2.0
86730000	1.9501596587823864	0.37122840176174265	1.0	1.0	2.0
86740000	0.22614565550685586	0.13623819809922574	1.0	1.0	2.0
86750000	1.0633744110869472	0.9013810321947692	1.0	1.0	2.0
86760000	1.2505825901150274	1.6793934496674114	1.0	1.0	2.0
86770000	0.5137461302397054	0.10865074360627872	1.0	1.0	2.0
86780000	1.7428885731323835	1.4240993034728207	1.0	1.0	2.0
86790000	1.6920994082968626	0.9951355433632614	1.0	1.0	2.0
86800000	0.7219733095122823	0.16060457003417564	1.0	1.0	2.0
86810000	1.4249110957911466	0.06940619835441683	1.0	1.0	2.0
86820000	0.1225883623638976	0.0173768758578642	1.0	1.0	2.0
86830000	0.5612123082676326	0.3747323025451992	1.0	1.0	2.0
86840000	2.4958920363913597	0.5230283392955091	1.0	1.0	2.0
86850000	0.152505396195768	0.48645424315535146	1.0	1.0	2.0
86860000	1.1673730065338914	0.7249853028996945	1.0	1.0	2.0
86870000	0.3040779592938446	0.04016351929974122	1.0	1.0	2.0
86880000	1.3912019970989056	1.4975159119616188	1.0	1.0	2.0
86890000	2.819764780984544	0.05260593582228401	1.0	1.0	2.0
86900000	1.1361206381624243	0.05377088925962218	1.0	1.0	2.0
86910000	2.24131837501157	0.38301983731436684	1.0	1.0	2.0
86920000	0.3774625542302476	0.9970401705170918	1.0	1.0	2.0
86930000	2.464844957230966	0.152149757592119	1.0	1.0	2.0
86940000	2.75402714915446	0.12621646116404656	1.0	1.0	2.0
86950000	0.9082086132291597	0.7800100135259289	1.0	1.0	2.0
86960000	0.2020372394992116	0.04001051924510753	1.0	1.0	2.0
86970000	1.6882327367704697	2.3027591641604204	1.0	1.0	2.0
86980000	0.346886659304116	0.6176937270604542	1.0	1.0	2.0
86990000	2.4171837019623235	0.5064434475161008	1.0	1.0	2.0
87000000	0.5356851057626836	0.4769424948410018	1.0	1.0	2.0
87010000	1.3119060820119939	0.7798312462893645	1.0	1.0	2.0
87020000	0.4498967918899445	0.28613743585997076	1.0	1.0	2.0
87030000	0.9184029144287835	0.9848578539421253	1.0	1.0	2.0
87040000	0.9178919121230508	0.5688199500052389	1.0	1.0	2.0
87050000	0.6136629540395434	0.07449691529808565	1.0	1.0	2.0
87060000	0.18398813801290406	0.1402509083230597	1.0	1.0	2.0
87070000	1.6041588237419258	0.4352729994734882	1.0	1.0	2.0
87080000	1.218326509797619	0.2317651318584318	1.0	1.0	2.0
87090000	0.8659361472484838	0.23292308889999525	1.0	1.0	2.0
87100000	2.5610779276922733	0.1212150281551059	1.0	1.0	2.0
87110000	0.81845101497227	0.3906128383679772	1.0	1.0	2.0
87120000	1.2005736017908242	0.18204170364649705	1.0	1.0	2.0
87130000	0.8098422180181158	0.8787919036337872	1.0	1.0	2.0
87140000	6.09499547774593	0.43973460143967186	1.0	1.0	2.0
87150000	1.291082778966601	1.3137644803282584	1.0	1.0	2.0
87160000	0.2833438969394818	0.7264633666873372	1.0	1.0	2.0
87170000	1.763699456400042	0.19606839879187973	1.0	1.0	2.0
87180000	0.9583352944917467	0.09742364349220851	1.0	1.0	2.0
87190000	2.136692723786457	0.35983689113815	1.0	1.0	2.0
87200000	2.4308600794468096	0.8527803154384535	1.0	1.0	2.0
87210000	1.5822695205772919	0.6716694015889969	1.0	1.0	2.0
87220000	1.4875363802240744	0.028962442371015473	1.0	1.0	2.0
87230000	2.727081543891482	0.09572884738246804	1.0	1.0	2.0
87240000	0.7190402267951677	0.11525320234664518	1.0	1.0	2.0
87250000	0.7155207776959299	0.09771528253683306	1.0	1.0	2.0
87260000	3.136257808496784	1.308307945670672	1.0	1.0	2.0
87270000	1.9533213129720894	0.6162386094451363	1.0	1.0	2.0
87280000	1.1288516600749927	0.22838492935418236	1.0	1.0	2.0
87290000	1.1837843929245415	0.04700732026155708	1.0	1.0	2.0
87300000	0.5285045033169427	0.10515904143588387	1.0	1.0	2.0
87310000	0.8721747717760565	0.19827111286492471	1.0	1.0	2.0
87320000	2.9148969071754776	0.5389717489998591	1.0	1.0	2.0
87330000	0.7942959258891247	0.07603544303697142	1.0	1.0	2.0
87340000	0.0952784048978785	0.035176822586869355	1.0	1.0	2.0
87350000	0.7494854600907883	0.041271595355689784	1.0	1.0	2.0
87360000	5.659015497531415	1.5418858409071134	1.0	1.0	2.0
87370000	1.395620212343143	0.34799745877038435	1.0	1.0	2.0
87380000	1.970902827781026	0.7806090169979181	1.0	1.0	2.0
87390000	1.8396197823925817	0.603089114011702	1.0	1.0	2.0
87400000	1.5875969928561466	0.2613623215908351	1.0	1.0	2.0
87410000	0.7108209444409737	0.19502761945855632	1.0	1.0	2.0
87420000	0.4053516167472261	1.6043554794072992	1.0	1.0	2.0
87430000	1.5814140377795285	0.39478286785927696	1.0	1.0	2.0
87440000	0.4891493070892137	0.14498501093315336	1.0	1.0	2.0
87450000	1.0169729301851138	0.7679641547266303	1.0	1.0	2.0
87460000	1.5790940240600948	0.4757223978542245	1.0	1.0	2.0
87470000	0.8198974645280195	0.20781636605612805	1.0	1.0	2.0
87480000	0.505072526102741	0.09974056187735464	1.0	1.0	2.0
87490000	2.071262050895362	0.6516834931298421	1.0	1.0	2.0
87500000	1.0052443784800509	0.1285114525654152	1.0	1.0	2.0
87510000	1.0600966688660458	1.1432923963460417	1.0	1.0	2.0
87520000	0.9969954555514878	2.4618398993476833	1.0	1.0	2.0
87530000	0.6731637710108629	0.24095031091431748	1.0	1.0	2.0
87540000	1.0581650853387037	1.1978722531307537	1.0	1.0	2.0
87550000	0.650008727354917	0.12031278717704173	1.0	1.0	2.0
87560000	1.631950043955422	0.060389100428397874	1.0	1.0	2.0
87570000	1.8586643829812362	1.7535681897083017	1.0	1.0	2.0
87580000	2.1541393879968735	9.65087073725217E-4	1.0	1.0	2.0
87590000	5.021233345080253	1.0512851175399713	1.0	1.0	2.0
87600000	0.6035754048958015	0.09200034257108311	1.0	1.0	2.0
87610000	2.2588900260223053	1.1718019442944985	1.0	1.0	2.0
87620000	2.1062090209355637	0.9673642828889193	1.0	1.0	2.0
87630000	2.859795558242833	0.3673383948562389	1.0	1.0	2.0
87640000	0.36452735283431104	0.22596408459426612	1.0	1.0	2.0
87650000	2.016509978148661	0.6517108729296317	1.0	1.0	2.0
87660000	3.1472423730431682	0.04693550595073667	1.0	1.0	2.0
87670000	1.6585909994925658	0.09520750938651854	1.0	1.0	2.0
87680000	0.4557777393086742	1.450235875207471	1.0	1.0	2.0
87690000	2.132470091231102	1.0360631670415172	1.0	1.0	2.0
87700000	0.1323156626936072	0.035515712919820745	1.0	1.0	2.0
87710000	0.4351620491434157	0.3422802939078874	1.0	1.0	2.0
87720000	0.5102108270726368	0.09508805365351013	1.0	1.0	2.0
87730000	2.0465040803011334	0.7539343629526284	1.0	1.0	2.0
87740000	0.33871041169502336	0.06229492225949644	1.0	1.0	2.0
87750000	0.8031484337438695	0.2725661456961565	1.0	1.0	2.0
87760000	1.0474830497948207	0.0011083241950184037	1.0	1.0	2.0
87770000	2.6641573790416193	0.21126825325779616	1.0	1.0	2.0
87780000	0.5311956603244667	1.0292525902195182	1.0	1.0	2.0
87790000	1.3263915769616983	0.20190169283933943	1.0	1.0	2.0
87800000	0.14209051073317305	0.009708548254823406	1.0	1.0	2.0
87810000	0.7945533281278339	0.9907490371093972	1.0	1.0	2.0
87820000	0.12185838439798409	0.059104842107734326	1.0	1.0	2.0
87830000	3.262101755494695	0.3740054326290745	1.0	1.0	2.0
87840000	0.061312353452583006	0.04769035676678693	1.0	1.0	2.0
87850000	2.7447504971458687	1.0082834405439844	1.0	1.0	2.0
87860000	0.54187894529798	0.020439773476212772	1.0	1.0	2.0
87870000	0.44358132487405627	3.3378921386049365	1.0	1.0	2.0
87880000	1.4953425482105018	0.8739147281790469	1.0	1.0	2.0
87890000	0.3110049389289281	0.40124669796572254	1.0	1.0	2.0
87900000	2.8940747179500814	0.8302616566708118	1.0	1.0	2.0
87910000	1.5600058512351227	0.7694957889696987	1.0	1.0	2.0
87920000	1.1520746338059822	0.6035061531636673	1.0	1.0	2.0
87930000	1.5875172682510086	0.7384487627927846	1.0	1.0	2.0
87940000	0.3955769007070122	0.35091659226727423	1.0	1.0	2.0
87950000	1.1147570070377648	0.5404825741269799	1.0	1.0	2.0
87960000	0.6607909921382629	0.06758304143327099	1.0	1.0	2.0
87970000	0.9388849918258554	0.27302705310938863	1.0	1.0	2.0
87980000	0.418080382645918	1.5063890002817228	1.0	1.0	2.0
87990000	0.5370375281400419	0.9247053100573941	1.0	1.0	2.0
88000000	0.24185638330990786	0.24874293829859578	1.0	1.0	2.0
88010000	0.3483223890319839	1.0635623538771972	1.0	1.0	2.0
88020000	0.4417788938321709	0.0036482566086495373	1.0	1.0	2.0
88030000	4.389026478122702	0.6107836855456134	1.0	1.0	2.0
88040000	1.8314140829255954	1.4385880138950327	1.0	1.0	2.0
88050000	0.3732831310547772	0.25199489233118727	1.0	1.0	2.0
88060000	1.5281673711850754	2.916116950332552	1.0	1.0	2.0
88070000	1.7319246402700663	1.1564012124887708	1.0	1.0	2.0
88080000	2.5946340718536876	0.285705568769152	1.0	1.0	2.0
88090000	2.0599684061105763	0.214448820155888	1.0	1.0	2.0
88100000	1.6538795842082161	0.30535653671702234	1.0	1.0	2.0
88110000	0.33819362758806515	0.2030929866556361	1.0	1.0	2.0
88120000	0.2416539338111905	1.471182159366907	1.0	1.0	2.0
88130000	2.8273124086665398	0.04530204408200121	1.0	1.0	2.0
88140000	2.3916580950392063	0.00887590295820801	1.0	1.0	2.0
88150000	0.6900285867128405	0.0911296989330342	1.0	1.0	2.0
88160000	2.2654046448069387	0.36512110385961005	1.0	1.0	2.0
88170000	0.22270047067987173	0.12225368116811719	1.0	1.0	2.0
88180000	0.24983613194584506	0.06768595633028121	1.0	1.0	2.0
88190000	0.5679735375378357	0.948158773576551	1.0	1.0	2.0
88200000	2.9918460914741685	1.593188107396621	1.0	1.0	2.0
88210000	0.483598542057024	0.6597487099295595	1.0	1.0	2.0
88220000	1.2947651218780123	0.21683287535937434	1.0	1.0	2.0
88230000	0.5581888752711553	0.4142368145077923	1.0	1.0	2.0
88240000	2.8643621481817703	0.39180594330025537	1.0	1.0	2.0
88250000	1.1578596502426892	0.5101696634620445	1.0	1.0	2.0
88260000	0.7242995522337303	0.01600558128162053	1.0	1.0	2.0
88270000	1.6288306505790062	0.008960202426736317	1.0	1.0	2.0
88280000	2.371997948551193	0.1452595207526809	1.0	1.0	2.0
88290000	0.554541445925238	0.01081191840089252	1.0	1.0	2.0
88300000	2.7937509921204633	0.6007074606517674	1.0	1.0	2.0
88310000	1.4632410691481441	0.06127490758569454	1.0	1.0	2.0
88320000	1.0522701055905657	0.12976835460039732	1.0	1.0	2.0
88330000	3.595867958848268	3.485655941487755	1.0	1.0	2.0
88340000	2.0991789961625043	0.4490305870535771	1.0	1.0	2.0
88350000	3.142541724266458	0.4238937372744471	1.0	1.0	2.0
88360000	0.3955816157540316	0.0852120413324154	1.0	1.0	2.0
88370000	2.266952253453133	0.4533464137134392	1.0	1.0	2.0
88380000	1.7006655181755168	1.548727752795985	1.0	1.0	2.0
88390000	0.41770636475821377	0.48267062749100537	1.0	1.0	2.0
88400000	0.16177590253114305	0.13397278147786928	1.0	1.0	2.0
88410000	2.2593089991180837	0.29456842086503493	1.0	1.0	2.0
88420000	1.6159835072488768	0.02291804978487121	1.0	1.0	2.0
88430000	1.231845278536552	1.4861760001644342	1.0	1.0	2.0
88440000	1.02146423783193	0.07962892259776432	1.0	1.0	2.0
88450000	4.038780644522087	0.2085732828558332	1.0	1.0	2.0
88460000	0.6325068362370205	0.3230760421175686	1.0	1.0	2.0
88470000	0.22048562103447675	0.6617862057544056	1.0	1.0	2.0
88480000	3.1615825320582833	0.5601641963328284	1.0	1.0	2.0
88490000	1.2140952401773617	0.436385261117828	1.0	1.0	2.0
88500000	0.18692236285811087	0.008157976779297155	1.0	1.0	2.0
88510000	0.4262163883026374	0.19542582593169736	1.0	1.0	2.0
88520000	1.260520160473543	0.5588606874745524	1.0	1.0	2.0
88530000	1.9635320388925752	0.04057832987352143	1.0	1.0	2.0
88540000	0.24407841111816855	0.5911670685755804	1.0	1.0	2.0
88550000	3.350126906762955	0.07705696026293005	1.0	1.0	2.0
88560000	2.594273972413247	0.10575597483011825	1.0	1.0	2.0
88570000	0.1587477618841847	0.008666935932264789	1.0	1.0	2.0
88580000	1.0420846572897338	0.500901161023281	1.0	1.0	2.0
88590000	0.8176459605809132	0.4998354968800597	1.0	1.0	2.0
88600000	0.5165132477875573	0.02798699305118494	1.0	1.0	2.0
88610000	1.5969005778393683	0.04599785370398562	1.0	1.0	2.0
88620000	0.49978948031133175	0.18391749710743546	1.0	1.0	2.0
88630000	1.323092308619723	0.2142028692660961	1.0	1.0	2.0
88640000	4.797904450667442	0.3472800657757041	1.0	1.0	2.0
88650000	0.6917560059365928	0.2278213875942819	1.0	1.0	2.0
88660000	0.35963230772690485	0.0877391774323528	1.0	1.0	2.0
88670000	0.4206952162725873	0.14160310704735188	1.0	1.0	2.0
88680000	3.6378475675843025	0.8255710380025738	1.0	1.0	2.0
88690000	1.6853602368326774	0.19397850576991943	1.0	1.0	2.0
88700000	0.2657135721731955	0.16935857827410825	1.0	1.0	2.0
88710000	0.5202135415256061	0.24394086021527667	1.0	1.0	2.0
88720000	0.9159095638018943	1.343932294518988	1.0	1.0	2.0
88730000	1.460784993392094	0.262393990558517	1.0	1.0	2.0
88740000	2.804693149046852	0.30201570908147823	1.0	1.0	2.0
88750000	0.10633763268273466	0.5874130896865607	1.0	1.0	2.0
88760000	0.3513281482166826	0.07710385445832622	1.0	1.0	2.0
88770000	1.2981082618033846	0.6099663942345017	1.0	1.0	2.0
88780000	0.917930637598354	0.0031007027959774483	1.0	1.0	2.0
88790000	1.966775085924745	0.7917048060111251	1.0	1.0	2.0
88800000	1.9781394887711454	1.2325154313219489	1.0	1.0	2.0
88810000	6.107159365079337	0.9271130311871218	1.0	1.0	2.0
88820000	1.575911978200169	1.1333544593412275	1.0	1.0	2.0
88830000	0.4755659990007613	0.9060776348678985	1.0	1.0	2.0
88840000	0.2319430233477962	0.12046698836729636	1.0	1.0	2.0
88850000	2.221725353977923	0.40816617779566056	1.0	1.0	2.0
88860000	1.263492785127912	0.4585816492110772	1.0	1.0	2.0
88870000	1.6545774323356695	0.22758876011197066	1.0	1.0	2.0
88880000	1.2939051183979955	0.8510908155412024	1.0	1.0	2.0
88890000	1.5739419269710215	0.5060561056561561	1.0	1.0	2.0
88900000	1.8045780358786725	0.25234710880590533	1.0	1.0	2.0
88910000	0.058392075642680445	0.05181835435895379	1.0	1.0	2.0
88920000	3.7907065815263166	2.251973136028788	1.0	1.0	2.0
88930000	2.1867021479455326	1.0824867038722585	1.0	1.0	2.0
88940000	0.7258989141399106	0.10876560651588897	1.0	1.0	2.0
88950000	0.5181494715900774	0.6100980088941325	1.0	1.0	2.0
88960000	0.9062784226761408	0.009030061622252004	1.0	1.0	2.0
88970000	0.9685150766005786	0.23871645159845525	1.0	1.0	2.0
88980000	1.4005590343843053	1.110709645294144	1.0	1.0	2.0
88990000	0.9506030764737486	0.7605240622642905	1.0	1.0	2.0
89000000	2.194936623731164	3.3084231466592326	1.0	1.0	2.0
89010000	1.083879981404431	0.08551370497564845	1.0	1.0	2.0
89020000	0.10381025476884399	0.5449531885572234	1.0	1.0	2.0
89030000	0.5592570536542912	0.16446034023772152	1.0	1.0	2.0
89040000	1.4037431472876485	0.055322234073702806	1.0	1.0	2.0
89050000	1.8773005774724538	0.5267536109886589	1.0	1.0	2.0
89060000	3.6864355645142473	1.8199137050165806	1.0	1.0	2.0
89070000	7.486027309600435	0.028038968531877134	1.0	1.0	2.0
89080000	0.20880861543151136	0.21622683306764917	1.0	1.0	2.0
89090000	0.8718834078871374	1.407124682409075	1.0	1.0	2.0
89100000	0.6345674618858708	2.117472649921152	1.0	1.0	2.0
89110000	0.8177688070871711	0.2625633594024204	1.0	1.0	2.0
89120000	0.5649890741269002	0.9636942843919891	1.0	1.0	2.0
89130000	0.5345573242648737	0.05829268460631011	1.0	1.0	2.0
89140000	1.652608212385801	0.32334373814244044	1.0	1.0	2.0
89150000	0.8465732497227186	0.198004232882081	1.0	1.0	2.0
89160000	2.0504656081861166	0.9531521962433485	1.0	1.0	2.0
89170000	1.8042396550718343	0.7709648804849841	1.0	1.0	2.0
89180000	1.170045240620102	1.0879765579092782	1.0	1.0	2.0
89190000	0.4664748193086061	0.0771286226120248	1.0	1.0	2.0
89200000	3.4658956220756596	2.5874640077109756	1.0	1.0	2.0
89210000	1.8108264995919987	0.10357301931936695	1.0	1.0	2.0
89220000	2.4968339542485944	0.14435110780520846	1.0	1.0	2.0
89230000	0.6515893244263483	0.936298967417006	1.0	1.0	2.0
89240000	0.4922344232177576	0.2541461354057919	1.0	1.0	2.0
89250000	0.6892394513451332	0.44525675578255836	1.0	1.0	2.0
89260000	0.4670657067707258	0.6926429045988759	1.0	1.0	2.0
89270000	0.5721443233485057	0.07775601894495195	1.0	1.0	2.0
89280000	1.268323528641369	0.00918419210302457	1.0	1.0	2.0
89290000	1.3071380760122209	0.4227624707554387	1.0	1.0	2.0
89300000	1.460977547279172	1.0913363373740141	1.0	1.0	2.0
89310000	2.259887548348723	0.48471986996814764	1.0	1.0	2.0
89320000	0.3135237188798008	0.5522814917871397	1.0	1.0	2.0
89330000	2.478604277571246	1.8313948566100613	1.0	1.0	2.0
89340000	4.450715535357944	1.2101614654147304	1.0	1.0	2.0
89350000	2.4974802289271687	0.010298069855893021	1.0	1.0	2.0
89360000	0.1392276571089341	0.16370931875662909	1.0	1.0	2.0
89370000	0.6373249024834785	0.023917648809706545	1.0	1.0	2.0
89380000	0.3345004828980462	0.1727374984691789	1.0	1.0	2.0
89390000	2.5480087200835504	1.801939959220157	1.0	1.0	2.0
89400000	0.4737925100592292	0.08760111583199602	1.0	1.0	2.0
89410000	0.9183885753963883	0.02684323146289247	1.0	1.0	2.0
89420000	1.6223580845342211	0.038658517539644284	1.0	1.0	2.0
89430000	3.3531194562996354	1.7165358495402205	1.0	1.0	2.0
89440000	1.289777973758774	0.06173305032614075	1.0	1.0	2.0
89450000	0.6098899549858896	0.08564283785510496	1.0	1.0	2.0
89460000	2.3918263246578304	0.16583302621050308	1.0	1.0	2.0
89470000	1.7439629968459835	0.5170477281713538	1.0	1.0	2.0
89480000	1.7449030195047361	0.689669659275241	1.0	1.0	2.0
89490000	0.4188624780903731	0.6725895933390588	1.0	1.0	2.0
89500000	2.2263498099665417	1.309665398437251	1.0	1.0	2.0
89510000	0.6206341214386624	0.05203363872175102	1.0	1.0	2.0
89520000	1.549670049745366	1.8747097151714809	1.0	1.0	2.0
89530000	1.1088397441027662	3.3116302866147014	1.0	1.0	2.0
89540000	6.682079233135833	1.584627658489547	1.0	1.0	2.0
89550000	1.5083674639215052	0.1629234800150193	1.0	1.0	2.0
89560000	1.843786223845137	1.507632733308373	1.0	1.0	2.0
89570000	0.6761074199179076	1.6194635095030228	1.0	1.0	2.0
89580000	0.19341316088292848	0.12488917970022337	1.0	1.0	2.0
89590000	1.1029961179113539	1.2308294803793374	1.0	1.0	2.0
89600000	1.6454070157395009	0.25285915201254977	1.0	1.0	2.0
89610000	1.4206521570275292	0.040841936159784036	1.0	1.0	2.0
89620000	3.5858190840467272	1.1503673241989383	1.0	1.0	2.0
89630000	0.9922444589409396	0.30719591393864293	1.0	1.0	2.0
89640000	0.26895194734764655	0.298283534194652	1.0	1.0	2.0
89650000	1.985255479619666	0.08984225754060782	1.0	1.0	2.0
89660000	0.21188857965818403	0.6400848001061781	1.0	1.0	2.0
89670000	0.18540318119746219	0.07190642397888437	1.0	1.0	2.0
89680000	1.2621465936056377	1.0929172402975378	1.0	1.0	2.0
89690000	1.600385471665937	0.38289112343752424	1.0	1.0	2.0
89700000	1.1994544859892768	1.0788869729285482	1.0	1.0	2.0
89710000	0.9663589117234428	0.17161089421363188	1.0	1.0	2.0
89720000	2.273494039750005	0.8824296073336528	1.0	1.0	2.0
89730000	1.4740624058644556	0.0659925143892372	1.0	1.0	2.0
89740000	1.4185338380879793	0.48774147474358265	1.0	1.0	2.0
89750000	0.35057272013940755	2.480374690140303	1.0	1.0	2.0
89760000	0.8615965712770619	1.1515041056491475	1.0	1.0	2.0
89770000	0.6342792731579989	0.9039543344201314	1.0	1.0	2.0
89780000	0.21269347909548159	0.0313100790614459	1.0	1.0	2.0
89790000	1.5156405025048463	1.1382679280782637	1.0	1.0	2.0
89800000	1.4089005882235277	0.7437016558526314	1.0	1.0	2.0
89810000	0.7152229569149999	0.0963409275791602	1.0	1.0	2.0
89820000	0.43158100661049636	1.477089656985908	1.0	1.0	2.0
89830000	2.004981843590941	0.38068678686028706	1.0	1.0	2.0
89840000	0.12934227026969036	0.21560616990081913	1.0	1.0	2.0
89850000	0.2064979647936981	0.337615616893692	1.0	1.0	2.0
89860000	1.1797393813377757	0.010304619453731815	1.0	1.0	2.0
89870000	0.5773324873830303	0.017621506264420547	1.0	1.0	2.0
89880000	1.3646336977899474	0.41772208226293617	1.0	1.0	2.0
89890000	1.0592044173689719	2.279215437985186	1.0	1.0	2.0
89900000	2.708668905257233	0.059304495558301855	1.0	1.0	2.0
89910000	0.5979265683470889	0.7116983869914072	1.0	1.0	2.0
89920000	2.5369401035238965	0.1853807401548372	1.0	1.0	2.0
89930000	3.9752928229146436	0.5372915173057183	1.0	1.0	2.0
89940000	0.8329771753378471	0.4157380784749713	1.0	1.0	2.0
89950000	0.8962420858037825	1.014503274461767	1.0	1.0	2.0
89960000	0.7734141851442512	0.7699485308564349	1.0	1.0	2.0
89970000	2.7567834475448416	0.7442931232286719	1.0	1.0	2.0
89980000	0.19556664244781127	0.07565034650481317	1.0	1.0	2.0
89990000	0.05173433998112014	0.030375666264879718	1.0	1.0	2.0
90000000	0.7538446153898924	0.37715848744632735	1.0	1.0	2.0
90010000	0.1344138049533094	0.16753449747375976	1.0	1.0	2.0
90020000	2.155262056091222	0.09075107266229396	1.0	1.0	2.0
90030000	0.2520232266688039	0.1390100619286066	1.0	1.0	2.0
90040000	1.2960630499666184	2.71655501631266	1.0	1.0	2.0
90050000	0.7254329592910038	0.0725623095791177	1.0	1.0	2.0
90060000	0.057007045729853316	0.1675354839919384	1.0	1.0	2.0
90070000	2.3220291672591538	0.5771508294172787	1.0	1.0	2.0
90080000	2.7512034071269307	1.8669728324611652	1.0	1.0	2.0
90090000	1.4203448526902296	0.2288774846090165	1.0	1.0	2.0
90100000	1.7470775037969215	0.17917687183624417	1.0	1.0	2.0
90110000	1.3847695791163055	0.6876070647613213	1.0	1.0	2.0
90120000	1.9777520790802772	0.507754462976351	1.0	1.0	2.0
90130000	2.1824439673010607	0.07972107163979608	1.0	1.0	2.0
90140000	3.802627947324786	0.23113942339414942	1.0	1.0	2.0
90150000	0.34503070988535994	0.39167170682257163	1.0	1.0	2.0
90160000	1.2093245673586268	1.1083721161399378	1.0	1.0	2.0
90170000	0.7148799470048124	0.29522486112967095	1.0	1.0	2.0
90180000	0.6338976566505496	1.5335508595006833	1.0	1.0	2.0
90190000	1.1693626296701596	0.32392245086821525	1.0	1.0	2.0
90200000	2.189066397514878	0.13548874760928067	1.0	1.0	2.0
90210000	0.11423477875915201	0.0526792014184161	1.0	1.0	2.0
90220000	1.9415726542803273	0.9128340634178378	1.0	1.0	2.0
90230000	0.16943135879124183	0.1651425641222282	1.0	1.0	2.0
90240000	1.44211584294809	0.3796206245862303	1.0	1.0	2.0
90250000	2.185968668302828	0.08505465705063839	1.0	1.0	2.0
90260000	0.35744634416878784	0.0944734655210497	1.0	1.0	2.0
90270000	0.4855343565740024	0.33390221019488253	1.0	1.0	2.0
90280000	2.2868324726183045	0.8539956209619566	1.0	1.0	2.0
90290000	1.2965070905604221	0.38100390659926797	1.0	1.0	2.0
90300000	1.629586178205659	0.21657669821821657	1.0	1.0	2.0
90310000	1.2259899595438875	0.03509763527179993	1.0	1.0	2.0
90320000	1.0022008534364832	0.06529355272545018	1.0	1.0	2.0
90330000	1.6452844277439462	0.17035213446905353	1.0	1.0	2.0
90340000	0.8072583600573204	0.2975150113013713	1.0	1.0	2.0
90350000	0.1386191400478759	0.0718651922282184	1.0	1.0	2.0
90360000	1.2851050278375342	0.034363174881454024	1.0	1.0	2.0
90370000	0.4203835434479238	0.4263704137191662	1.0	1.0	2.0
90380000	1.1268536102150626	0.3539979693139479	1.0	1.0	2.0
90390000	3.0423741358141703	0.20104978732003773	1.0	1.0	2.0
90400000	2.785748815417324	0.03738240464048259	1.0	1.0	2.0
90410000	1.4309968391831094	0.09755613480078251	1.0	1.0	2.0
90420000	2.616510190432408	2.3323740799419594	1.0	1.0	2.0
90430000	1.8860720243991227	0.06374394591267214	1.0	1.0	2.0
90440000	0.18283811987007675	1.6348080770827538	1.0	1.0	2.0
90450000	1.1588515128911103	1.6225179855242615	1.0	1.0	2.0
90460000	0.5725533246200897	0.11762521524170984	1.0	1.0	2.0
90470000	0.6564138461198932	0.02788410463267606	1.0	1.0	2.0
90480000	0.7606028244402017	0.06400226439134683	1.0	1.0	2.0
90490000	1.406337766034145	0.7775659173866789	1.0	1.0	2.0
90500000	4.129855410893889	0.19387512694707357	1.0	1.0	2.0
90510000	0.551891448248856	0.4675346242218088	1.0	1.0	2.0
90520000	2.3645816763852916	0.34987531114793474	1.0	1.0	2.0
90530000	0.5232903255012916	0.26313647316639677	1.0	1.0	2.0
90540000	1.173634083807635	0.6437957403044362	1.0	1.0	2.0
90550000	0.42870421952793125	1.1990825781306973	1.0	1.0	2.0
90560000	3.1524764992868555	1.7442519327217716	1.0	1.0	2.0
90570000	0.0791392666885508	0.017580534281226575	1.0	1.0	2.0
90580000	1.0938650587700833	0.15518987901758524	1.0	1.0	2.0
90590000	1.123949885510518	0.47759787420528965	1.0	1.0	2.0
90600000	1.0544996467805017	1.1834823781421495	1.0	1.0	2.0
90610000	0.4417419445315699	0.8366285570038549	1.0	1.0	2.0
90620000	0.954489441820265	0.1439460515605305	1.0	1.0	2.0
90630000	0.64586534855897	0.47685430498658954	1.0	1.0	2.0
90640000	4.549820623700596	1.5845654159946767	1.0	1.0	2.0
90650000	0.952627694405315	0.08904467308542792	1.0	1.0	2.0
90660000	0.6981843214520435	0.21545678869182375	1.0	1.0	2.0
90670000	4.197792347294007	1.9927853402912215	1.0	1.0	2.0
90680000	1.1317792783630851	0.12565482720996174	1.0	1.0	2.0
90690000	1.4568350246346902	0.6436819235256406	1.0	1.0	2.0
90700000	2.642535020731358	1.0994514916804081	1.0	1.0	2.0
90710000	2.1360831893345273	1.6533193942526982	1.0	1.0	2.0
90720000	1.3997096874832335	0.37959318020154514	1.0	1.0	2.0
90730000	0.23987027903840905	0.13990039254988879	1.0	1.0	2.0
90740000	0.2637813984233046	0.2955309301222976	1.0	1.0	2.0
90750000	1.541094384305152	0.24377880087468198	1.0	1.0	2.0
90760000	2.3849114842035815	0.39874063258548054	1.0	1.0	2.0
90770000	1.3646903136904165	0.036136559671469615	1.0	1.0	2.0
90780000	2.129631743631995	0.9775032007880246	1.0	1.0	2.0
90790000	1.1019641873886112	0.0024944399044421997	1.0	1.0	2.0
90800000	0.605382099551881	0.12460944147843507	1.0	1.0	2.0
90810000	0.42907873026142773	0.4228550201888735	1.0	1.0	2.0
90820000	0.19148679031131938	0.003873794866260113	1.0	1.0	2.0
90830000	0.06553435946824177	0.05271985641365351	1.0	1.0	2.0
90840000	0.9332843209029589	0.3587671335479843	1.0	1.0	2.0
90850000	2.261534264552006	0.7607813323824506	1.0	1.0	2.0
90860000	0.4585247282170526	1.1336577882436996	1.0	1.0	2.0
90870000	0.9311029682376062	0.7074234070223848	1.0	1.0	2.0
90880000	0.8777647518837677	0.8834966393270275	1.0	1.0	2.0
90890000	1.8056451792239483	0.5235051931972285	1.0	1.0	2.0
90900000	2.8079603100656434	1.6075450507073847	1.0	1.0	2.0
90910000	1.2244005477517592	0.003125430279935994	1.0	1.0	2.0
90920000	0.6176014784838428	0.05738269477492047	1.0	1.0	2.0
90930000	2.641600876295216	0.5482280439694072	1.0	1.0	2.0
90940000	0.21706596187901803	0.2159045927207054	1.0	1.0	2.0
90950000	0.4222232026605551	0.12820819571348754	1.0	1.0	2.0
90960000	0.5169031001609585	0.3450258640208784	1.0	1.0	2.0
90970000	0.6472447849246662	0.20039393434700825	1.0	1.0	2.0
90980000	0.20161375305554605	0.09981485798549794	1.0	1.0	2.0
90990000	1.4750579503917773	0.4353002151012085	1.0	1.0	2.0
91000000	0.20268483032707318	0.007314929061302531	1.0	1.0	2.0
91010000	2.4214801921217988	0.6000734153558112	1.0	1.0	2.0
91020000	1.4418225919819643	0.3848110010505953	1.0	1.0	2.0
91030000	0.15147130389385696	0.030979439244989294	1.0	1.0	2.0
91040000	1.3168910374010019	0.817333802336381	1.0	1.0	2.0
91050000	0.5615744411608506	0.36212703377350314	1.0	1.0	2.0
91060000	3.017058800872823	1.0177349035077687	1.0	1.0	2.0
91070000	0.7194122891296988	0.13438975430828298	1.0	1.0	2.0
91080000	1.4951247500039957	0.9287230223104407	1.0	1.0	2.0
91090000	1.5988491836258527	1.939129922572826	1.0	1.0	2.0
91100000	0.7021975568623906	0.19167373987316422	1.0	1.0	2.0
91110000	0.31838892655874257	0.1887812650499987	1.0	1.0	2.0
91120000	1.7132431479695722	0.14930955792334313	1.0	1.0	2.0
91130000	2.269390572303644	0.5131791423432338	1.0	1.0	2.0
91140000	1.4301025398253155	0.44265085578511243	1.0	1.0	2.0
91150000	0.2903672655000709	0.3936989185590903	1.0	1.0	2.0
91160000	1.1685780256507188	0.11991014670698508	1.0	1.0	2.0
91170000	0.5588494363784727	0.3142024509860777	1.0	1.0	2.0
91180000	0.3976828868276351	0.11500511412236035	1.0	1.0	2.0
91190000	2.7688591181010307	2.6577040029408856	1.0	1.0	2.0
91200000	0.299061922511141	2.267028120236965	0.0	1.0	1.0
91210000	0.5199638181808253	0.10295340415233066	1.0	1.0	2.0
91220000	1.4264956662367707	1.1790551561733245	1.0	1.0	2.0
91230000	1.2591646859244303	1.2410508496618236	1.0	1.0	2.0
91240000	3.199166833217363	2.419457415721879	1.0	1.0	2.0
91250000	0.396094429615612	0.2165231632691288	1.0	1.0	2.0
91260000	1.5455760440920412	1.7081945565347132	1.0	1.0	2.0
91270000	2.5496030597512434	0.525192170976517	1.0	1.0	2.0
91280000	1.9114661096379195	0.577678525996696	1.0	1.0	2.0
91290000	1.1272093847619453	0.01879196075932136	1.0	1.0	2.0
91300000	1.1757580814544129	0.04200513335887987	1.0	1.0	2.0
91310000	2.294589597202974	0.08737540288538148	1.0	1.0	2.0
91320000	2.449314346800117	0.9972163695023897	1.0	1.0	2.0
91330000	0.5051804896647696	0.24396375648482907	1.0	1.0	2.0
91340000	2.933855648197399	0.3061669375017394	1.0	1.0	2.0
91350000	0.13451624513204363	0.4857343426236941	1.0	1.0	2.0
91360000	3.2103237765767156	0.5938840344598848	1.0	1.0	2.0
91370000	0.5556537586948436	0.04947311508747725	1.0	1.0	2.0
91380000	1.8737275266312137	0.0272850429466838	1.0	1.0	2.0
91390000	3.072279228722328	1.1814226915438522	1.0	1.0	2.0
91400000	2.4396103525154706	0.24963978824828537	1.0	1.0	2.0
91410000	0.7111057199737932	0.35206500965954846	1.0	1.0	2.0
91420000	1.1882425961416692	2.2472555570664445	1.0	1.0	2.0
91430000	1.3744893674752048	0.7187714903231008	1.0	1.0	2.0
91440000	2.1148828017522363	1.327712519067913	1.0	1.0	2.0
91450000	0.9422030981127165	0.049291653961032314	1.0	1.0	2.0
91460000	0.7960100280897683	1.3561407965712962	1.0	1.0	2.0
91470000	2.4108140707407095	0.5904427496191332	1.0	1.0	2.0
91480000	0.47225987593169344	0.3074867923848593	1.0	1.0	2.0
91490000	1.8331272083128807	1.8350549835669143	1.0	1.0	2.0
91500000	3.180344147537637	0.0797781653003701	1.0	1.0	2.0
91510000	1.0441213461800205	0.20381315462782887	1.0	1.0	2.0
91520000	0.15181676365360264	0.0062217843958245036	1.0	1.0	2.0
91530000	0.8051836455458597	0.6867046652284367	1.0	1.0	2.0
91540000	1.0943923547963847	0.9609028893979221	1.0	1.0	2.0
91550000	0.393680894408891	0.04063475994629284	1.0	1.0	2.0
91560000	0.6514907645497687	1.4421231038903273	1.0	1.0	2.0
91570000	7.580787959224983	0.07640309513337605	1.0	1.0	2.0
91580000	0.19608553183054975	0.11283995724885348	1.0	1.0	2.0
91590000	2.577153731285981	1.4420561938412797	1.0	1.0	2.0
91600000	0.22285039675524376	0.28555381347429093	1.0	1.0	2.0
91610000	1.694747558880857	0.11254162003089839	1.0	1.0	2.0
91620000	0.8595178157451422	0.7577643850968966	1.0	1.0	2.0
91630000	3.3245622144513884	0.4127094488367622	1.0	1.0	2.0
91640000	2.6030534068106284	1.310821363325521	1.0	1.0	2.0
91650000	1.0881486587910476	0.03065352898841873	1.0	1.0	2.0
91660000	1.3327129847843895	0.09175505170809249	1.0	1.0	2.0
91670000	1.528343343948738	1.1859147022656025	1.0	1.0	2.0
91680000	1.066323978004434	0.4061660974188602	1.0	1.0	2.0
91690000	0.2752507378433877	0.12145311299316838	1.0	1.0	2.0
91700000	1.0014335416539586	0.24153079784304357	1.0	1.0	2.0
91710000	1.5766733990813757	1.881636508133467	1.0	1.0	2.0
91720000	0.8594482727955379	0.13634586477947036	1.0	1.0	2.0
91730000	1.6295804806189467	0.9266133843888862	1.0	1.0	2.0
91740000	1.4444709996819245	2.0593857106123834	1.0	1.0	2.0
91750000	2.0147622222473203	0.13593259500616703	1.0	1.0	2.0
91760000	0.32832088118576347	0.2878196158594529	1.0	1.0	2.0
91770000	0.93338175362043	0.04705866051619301	1.0	1.0	2.0
91780000	0.8664470711854002	1.2104123844768966	1.0	1.0	2.0
91790000	1.527699647180171	0.3874141535111044	1.0	1.0	2.0
91800000	0.3358564469772191	0.008883664321670778	1.0	1.0	2.0
91810000	2.8671347456177196	0.36646019697100757	1.0	1.0	2.0
91820000	0.2927704915260922	0.045600433488434684	1.0	1.0	2.0
91830000	0.8943091155044823	0.19560123720048514	1.0	1.0	2.0
91840000	0.7474405060100818	0.10925161712386634	1.0	1.0	2.0
91850000	0.42937219213508343	1.6442899124337038	1.0	1.0	2.0
91860000	1.3237737402798875	0.6651850831982448	1.0	1.0	2.0
91870000	0.9952060795620213	0.24225439346057406	1.0	1.0	2.0
91880000	1.1980028806333523	0.2005670776191804	1.0	1.0	2.0
91890000	0.8233360487080706	0.3341165199712463	1.0	1.0	2.0
91900000	0.42566564242257077	0.010130863711702643	1.0	1.0	2.0
91910000	2.317543652455035	0.3284210771729612	1.0	1.0	2.0
91920000	2.4029187038338518	1.6726365737115212	1.0	1.0	2.0
91930000	0.5010954069252289	1.6639340897717636	1.0	1.0	2.0
91940000	0.37073801561699604	0.9729160234157279	1.0	1.0	2.0
91950000	0.15186863396116665	0.02304868587135462	1.0	1.0	2.0
91960000	3.4244509634984577	0.867634997529601	1.0	1.0	2.0
91970000	2.3039046260380944	0.7799379384291839	1.0	1.0	2.0
91980000	3.485991410525732	2.2589875916816933	1.0	1.0	2.0
91990000	2.499115797688971	1.8708816101746883	1.0	1.0	2.0
92000000	0.9175041376554496	0.3745459644986069	1.0	1.0	2.0
92010000	1.14217089271613	0.13457526627582264	1.0	1.0	2.0
92020000	0.30186298570772613	0.0038403641193820643	1.0	1.0	2.0
92030000	1.628632047607897	0.13322454070757025	1.0	1.0	2.0
92040000	0.6992220900195134	0.04612817835575751	1.0	1.0	2.0
92050000	0.5978541800623149	0.34273771452877366	1.0	1.0	2.0
92060000	1.7817359745036723	1.8602354870206823	1.0	1.0	2.0
92070000	0.3391566143435712	0.32445463331337504	1.0	1.0	2.0
92080000	0.47330712250731183	1.1687255894545097	1.0	1.0	2.0
92090000	1.9574650332288197	0.29459265112322314	1.0	1.0	2.0
92100000	0.6147945700979711	0.322012632667131	1.0	1.0	2.0
92110000	0.6183283679701098	0.26305370761401126	1.0	1.0	2.0
92120000	0.23282865078531426	1.2860583459589656	1.0	1.0	2.0
92130000	1.177466989779435	0.5087584364124856	1.0	1.0	2.0
92140000	0.8251117205655089	0.1065309038048295	0.0	1.0	1.0
92150000	0.48696139907907304	0.3967902828066667	1.0	1.0	2.0
92160000	0.8332907425165301	0.1293885983058995	1.0	1.0	2.0
92170000	0.5477724251862166	0.1990202558059429	1.0	1.0	2.0
92180000	0.3804722545400822	2.3081387788857888	1.0	1.0	2.0
92190000	2.46491463162434	2.9201982647256455	1.0	1.0	2.0
92200000	0.08993509093063685	0.03801500388354778	1.0	1.0	2.0
92210000	0.4444945696208147	0.12568063368748963	1.0	1.0	2.0
92220000	1.2132035457185815	0.03894232774503373	1.0	1.0	2.0
92230000	0.4492548492357807	0.44798137788228337	1.0	1.0	2.0
92240000	1.4651864835499482	0.3686112972389025	1.0	1.0	2.0
92250000	0.9266762662465959	0.35666500677296736	1.0	1.0	2.0
92260000	0.6145652706775149	0.3361343331249716	1.0	1.0	2.0
92270000	1.1298805606660631	0.31098681592426763	1.0	1.0	2.0
92280000	1.737409924956781	1.0940134539732138	1.0	1.0	2.0
92290000	0.46187191568876174	1.0071086422737234	1.0	1.0	2.0
92300000	0.30597850423680734	0.2415424412149665	1.0	1.0	2.0
92310000	0.889860105412447	0.9595727073446253	1.0	1.0	2.0
92320000	1.7582109967554165	1.0919555444801117	1.0	1.0	2.0
92330000	2.397433157228259	1.008032139203641	1.0	1.0	2.0
92340000	0.8388420706159169	1.2696181556605006	1.0	1.0	2.0
92350000	2.8353490627287288	0.11779050751617412	1.0	1.0	2.0
92360000	0.7924516314250739	0.13921486049036647	1.0	1.0	2.0
92370000	1.7168141300793502	0.5243871384300636	1.0	1.0	2.0
92380000	1.9013743787557136	0.967593417754269	1.0	1.0	2.0
92390000	1.077672113166596	4.785716982566835	1.0	1.0	2.0
92400000	1.0595549674769278	1.9082406161238892	1.0	1.0	2.0
92410000	0.8784510388920839	0.05695962626384117	1.0	1.0	2.0
92420000	2.886437318031471	0.6795581255130965	1.0	1.0	2.0
92430000	0.5890499352969732	0.14545698643345167	1.0	1.0	2.0
92440000	1.6473507989564657	3.465733137177722	1.0	1.0	2.0
92450000	1.125678251353784	0.3035297912755486	1.0	1.0	2.0
92460000	0.449304724193343	0.06585703008209533	1.0	1.0	2.0
92470000	0.5543796259531637	0.08719814550575676	1.0	1.0	2.0
92480000	0.3765995659301807	0.004704375230614596	1.0	1.0	2.0
92490000	0.31049327244806063	0.9291686403520008	1.0	1.0	2.0
92500000	1.3456900069704392	0.9062083988725165	1.0	1.0	2.0
92510000	2.412553525713073	1.4569439599636176	1.0	1.0	2.0
92520000	0.21921583886758852	0.18782414327415978	1.0	1.0	2.0
92530000	1.1320317140403497	0.3307935082737146	1.0	1.0	2.0
92540000	0.7813754290283561	0.7565006173464935	1.0	1.0	2.0
92550000	0.9579031763344581	0.998814215198307	1.0	1.0	2.0
92560000	0.510840509549414	0.49226364237379744	1.0	1.0	2.0
92570000	1.3886493282797931	3.2260383773700894	1.0	1.0	2.0
92580000	3.7786972420286338	0.7861983157772425	1.0	1.0	2.0
92590000	0.3782286121715315	0.4709187295245857	1.0	1.0	2.0
92600000	1.5625674428614251	0.7799588547152854	1.0	1.0	2.0
92610000	1.0281820272668427	0.005450286231680221	1.0	1.0	2.0
92620000	0.30646320849080677	0.010536847204222327	1.0	1.0	2.0
92630000	0.17206095160208393	0.13191958947998936	1.0	1.0	2.0
92640000	0.9560410679354888	1.828390896470243	1.0	1.0	2.0
92650000	0.5930832294899272	0.09669757914280999	1.0	1.0	2.0
92660000	3.349223625693682	1.295271967045916	1.0	1.0	2.0
92670000	0.9573784120255374	0.02843572896799943	1.0	1.0	2.0
92680000	0.8135818897308615	1.0132395674738384	1.0	1.0	2.0
92690000	0.477563629932373	0.16737100928583026	1.0	1.0	2.0
92700000	1.937845898629382	0.07669776245957452	1.0	1.0	2.0
92710000	1.1730137265007679	2.342049076425524	1.0	1.0	2.0
92720000	4.05521764146715	0.5914975548888867	1.0	1.0	2.0
92730000	0.12870989050339146	0.08268165748004008	1.0	1.0	2.0
92740000	0.9842749607084195	0.16424582152047748	1.0	1.0	2.0
92750000	2.3808277938753433	0.2480667279498221	1.0	1.0	2.0
92760000	3.086618961342071	1.1020481773466706	1.0	1.0	2.0
92770000	0.8070420707774035	0.12133370243123853	1.0	1.0	2.0
92780000	1.398982384038138	1.4869913549098477	1.0	1.0	2.0
92790000	3.4346791478880827	0.3527619026828063	1.0	1.0	2.0
92800000	2.7504527769351355	0.07544378564941413	1.0	1.0	2.0
92810000	2.715684003055487	0.7679354580025589	1.0	1.0	2.0
92820000	1.6257058475191133	0.20758963757959498	1.0	1.0	2.0
92830000	0.19030179114265255	0.28216220137848164	1.0	1.0	2.0
92840000	1.6696040872249014	0.6854668740487694	1.0	1.0	2.0
92850000	0.7674580684293577	2.2435784256076983	1.0	1.0	2.0
92860000	2.0453345135072047	0.39646039325268784	1.0	1.0	2.0
92870000	1.0453311756870094	1.0087035697575826	1.0	1.0	2.0
92880000	1.4414929624599664	0.05960750913496137	1.0	1.0	2.0
92890000	1.523576884135557	0.6411133390361318	1.0	1.0	2.0
92900000	0.1544593430790196	2.780255271441755E-4	1.0	1.0	2.0
92910000	6.762135624414169	2.6557628482760824	1.0	1.0	2.0
92920000	0.9900163751501807	0.4948608999201806	1.0	1.0	2.0
92930000	1.129677914288707	0.6053453012362705	1.0	1.0	2.0
92940000	0.28171624786763316	0.12980036738578563	1.0	1.0	2.0
92950000	6.035222794900639	0.1605715906398923	1.0	1.0	2.0
92960000	1.8708757463725179	0.8306600472800146	1.0	1.0	2.0
92970000	0.5150078204924077	0.20918198300436086	1.0	1.0	2.0
92980000	1.242210994441414	0.5295324459300237	1.0	1.0	2.0
92990000	1.557092682585183	0.5594273056900675	1.0	1.0	2.0
93000000	1.5452755282893544	0.28615486475689633	1.0	1.0	2.0
93010000	0.6010244906452825	0.46513237185422146	1.0	1.0	2.0
93020000	1.2036518392092008	0.41285304385080657	1.0	1.0	2.0
93030000	0.2497005285579835	0.1322919007490607	1.0	1.0	2.0
93040000	1.329766276462384	0.2342325022616312	1.0	1.0	2.0
93050000	1.876729361626428	0.2696157600012927	1.0	1.0	2.0
93060000	1.1066983857710297	0.9785884710626185	1.0	1.0	2.0
93070000	0.03336161875711623	6.727583396661326E-4	1.0	1.0	2.0
93080000	4.568522181477308	2.2067802051406624	1.0	1.0	2.0
93090000	0.19134459156374498	0.2335413894202987	1.0	1.0	2.0
93100000	0.775401350358526	0.009643155558580035	1.0	1.0	2.0
93110000	0.35340327820647216	0.03961125509193085	1.0	1.0	2.0
93120000	1.2300518621577505	0.5485651164220721	1.0	1.0	2.0
93130000	0.8718284903987051	0.8173025164686044	1.0	1.0	2.0
93140000	0.1743215123749425	0.01681080837612144	1.0	1.0	2.0
93150000	0.5071958854497945	0.06283484366265661	1.0	1.0	2.0
93160000	0.466660204077978	0.2220686437478641	1.0	1.0	2.0
93170000	0.4268232312931766	0.48069314363667975	1.0	1.0	2.0
93180000	1.2574890682954596	0.5813971551263474	1.0	1.0	2.0
93190000	0.4422547097236779	0.2749973148435409	1.0	1.0	2.0
93200000	4.6212528306355525	0.4095643893550559	1.0	1.0	2.0
93210000	2.705743060321462	0.01766883351877917	1.0	1.0	2.0
93220000	0.5398328935361785	0.37628867773338315	1.0	1.0	2.0
93230000	1.5815517647957769	1.1409518366183569	1.0	1.0	2.0
93240000	0.716083278849858	0.31654972671796433	1.0	1.0	2.0
93250000	0.8057026575180063	0.44004151823054505	1.0	1.0	2.0
93260000	0.7177567106756312	0.023963241899064958	1.0	1.0	2.0
93270000	0.9425154390777655	0.30892795548321494	1.0	1.0	2.0
93280000	0.6422961152140351	1.9671521842416524	1.0	1.0	2.0
93290000	0.5758312323407782	0.9740311803977012	1.0	1.0	2.0
93300000	0.7230413821268153	0.5734070002735179	1.0	1.0	2.0
93310000	3.8721669558773493	1.333850203521606	1.0	1.0	2.0
93320000	0.1669625982829717	0.26593912092045036	1.0	1.0	2.0
93330000	1.4347950239396494	0.07011348079385807	1.0	1.0	2.0
93340000	1.1410360943719622	0.4480476010541368	1.0	1.0	2.0
93350000	2.1073203794949245	0.7405922617529109	1.0	1.0	2.0
93360000	2.0345805680367217	0.5871364500919498	1.0	1.0	2.0
93370000	2.567058427910312	0.5898398932159574	1.0	1.0	2.0
93380000	0.6661333204494411	0.24965209311176892	1.0	1.0	2.0
93390000	0.691260529649305	0.1475922917714736	1.0	1.0	2.0
93400000	0.3203286491785243	0.7477795814309678	1.0	1.0	2.0
93410000	0.40317170941693325	0.0381772257026507	1.0	1.0	2.0
93420000	3.245223775450451	0.16340023516366511	1.0	1.0	2.0
93430000	2.17894945526825	0.43081664254253055	1.0	1.0	2.0
93440000	5.040280991628059	0.23135865646847487	1.0	1.0	2.0
93450000	0.3678578463341182	0.04508625103261662	1.0	1.0	2.0
93460000	2.046302396168826	1.339878461950977	1.0	1.0	2.0
93470000	1.2863502395753434	0.7530086032261168	1.0	1.0	2.0
93480000	1.1575758824090645	0.8452494410178711	1.0	1.0	2.0
93490000	7.430195978847954	2.694308475989229	1.0	1.0	2.0
93500000	0.2881209495697554	0.5717765902434857	1.0	1.0	2.0
93510000	2.095277133479842	0.11749510804077955	1.0	1.0	2.0
93520000	1.6228848666649511	0.5029568688591186	1.0	1.0	2.0
93530000	1.145360014930574	0.2850749814767977	1.0	1.0	2.0
93540000	0.9456585766447989	0.3832263760914254	1.0	1.0	2.0
93550000	1.3866301891368054	1.1453852352186318	1.0	1.0	2.0
93560000	0.2346325014133952	0.5876869597412133	1.0	1.0	2.0
93570000	0.6745770544404277	0.6077881995585106	1.0	1.0	2.0
93580000	0.7624159403124702	0.5667582453814649	1.0	1.0	2.0
93590000	1.145540795591241	2.453198245135323	1.0	1.0	2.0
93600000	1.3783905694758325	0.2803797446531846	1.0	1.0	2.0
93610000	3.386407267414426	0.18604670388564348	1.0	1.0	2.0
93620000	3.7225379071833564	0.5794467923240526	1.0	1.0	2.0
93630000	1.0589145099105957	0.08751931284407818	1.0	1.0	2.0
93640000	1.2003919815013449	0.05495938356779525	1.0	1.0	2.0
93650000	2.1101547251463684	0.8129126222558304	1.0	1.0	2.0
93660000	1.3952830440334878	0.11175033681981772	1.0	1.0	2.0
93670000	1.193832771047196	0.8641898144160485	1.0	1.0	2.0
93680000	0.6416374419614588	0.3483640775282812	1.0	1.0	2.0
93690000	3.932241635819689	0.08750020193916483	1.0	1.0	2.0
93700000	1.630704319885583	0.4694257228777509	1.0	1.0	2.0
93710000	1.7093243577372321	0.20247899267977607	1.0	1.0	2.0
93720000	0.6715532712069056	0.1372184051080078	1.0	1.0	2.0
93730000	1.6672353755578675	0.18546834445372218	1.0	1.0	2.0
93740000	0.1825751938347188	0.029484517998841393	1.0	1.0	2.0
93750000	1.2418293798781916	2.074915330742625	1.0	1.0	2.0
93760000	1.5876848199245068	1.298815282104155	1.0	1.0	2.0
93770000	2.175031888757234	1.3293297611127712	1.0	1.0	2.0
93780000	0.4392465890508113	0.767104606779707	1.0	1.0	2.0
93790000	0.5933971425551915	0.017878940202429097	1.0	1.0	2.0
93800000	1.662296306946518	0.008470107998566545	1.0	1.0	2.0
93810000	0.5858269410547715	0.31141710956316243	1.0	1.0	2.0
93820000	0.5083891209803807	0.31389702367153954	1.0	1.0	2.0
93830000	0.8077738305767082	1.313663700700999	1.0	1.0	2.0
93840000	2.0944567813551185	1.060560247425879	1.0	1.0	2.0
93850000	5.205904345384161	0.09125535212272215	1.0	1.0	2.0
93860000	0.5651805598967894	0.667563585071163	1.0	1.0	2.0
93870000	0.921353918540131	0.3425686228318168	1.0	1.0	2.0
93880000	0.6854394414245459	0.1322026731599778	1.0	1.0	2.0
93890000	3.084986345535769	1.3881338169755333	1.0	1.0	2.0
93900000	1.4963756340979049	0.26830455887692795	1.0	1.0	2.0
93910000	0.6918679341200213	0.2615028218068225	1.0	1.0	2.0
93920000	2.894182063596413	0.27904458374426305	1.0	1.0	2.0
93930000	1.4046251382406851	0.5904432081513767	1.0	1.0	2.0
93940000	1.4181381896028546	0.5022054610883213	1.0	1.0	2.0
93950000	2.6017752558780898	0.07573519736107943	1.0	1.0	2.0
93960000	3.1080122545452897	0.830033801214717	1.0	1.0	2.0
93970000	2.0325767921716116	0.4250063042637798	1.0	1.0	2.0
93980000	0.5596928918452531	0.7082369150035956	1.0	1.0	2.0
93990000	0.6989882379360304	0.21862735744670772	1.0	1.0	2.0
94000000	0.21074187139207404	0.15541920742784818	1.0	1.0	2.0
94010000	1.0398722123731186	0.04270871377364008	1.0	1.0	2.0
94020000	1.9148298608846068	0.05132029591887769	1.0	1.0	2.0
94030000	2.113311510596365	0.1341724222577392	1.0	1.0	2.0
94040000	3.3151588744873224	0.8965220024537385	1.0	1.0	2.0
94050000	1.5421416822076923	0.29844398000089056	1.0	1.0	2.0
94060000	1.4764934560254948	1.2260735767721351	1.0	1.0	2.0
94070000	3.1523630751463267	0.6926024258734151	1.0	1.0	2.0
94080000	1.0188517790380023	0.7301367017543826	1.0	1.0	2.0
94090000	0.6155938917129855	0.31558200233012973	1.0	1.0	2.0
94100000	1.5905074700327098	0.2722859731123197	1.0	1.0	2.0
94110000	1.3685148673068757	0.3243900587687935	1.0	1.0	2.0
94120000	1.8630774956745915	1.0968638570269063	1.0	1.0	2.0
94130000	0.24502416186487114	1.3261405667160484	1.0	1.0	2.0
94140000	2.563926841759697	0.5337084556753228	1.0	1.0	2.0
94150000	0.7381974322210129	0.3473914286302071	1.0	1.0	2.0
94160000	1.009347200605546	1.2585511195280148	1.0	1.0	2.0
94170000	0.3002535466756652	0.11024078508336707	1.0	1.0	2.0
94180000	0.3904893878574629	0.6638485452384074	1.0	1.0	2.0
94190000	0.5180618744307217	0.9171295476468112	1.0	1.0	2.0
94200000	3.8309123329226447	0.12763788346640054	1.0	1.0	2.0
94210000	1.3420408288453882	0.1367176715990002	1.0	1.0	2.0
94220000	0.3703824633806137	0.35255453566743605	1.0	1.0	2.0
94230000	0.9493546661755927	0.011943518235758123	1.0	1.0	2.0
94240000	0.8951613300037239	0.2293332957001703	1.0	1.0	2.0
94250000	0.3751722450876369	0.066974534794251	1.0	1.0	2.0
94260000	0.35324439813650965	0.03733112783686812	1.0	1.0	2.0
94270000	0.5975788009535632	0.5533432343422119	1.0	1.0	2.0
94280000	1.5237408698677242	0.5026669703241178	1.0	1.0	2.0
94290000	0.9382423238504369	1.2901352627731544	1.0	1.0	2.0
94300000	2.2858209577091686	0.6783946349554535	1.0	1.0	2.0
94310000	1.8098519840283631	0.29312326962161855	1.0	1.0	2.0
94320000	1.185210178534741	0.6739057046874855	1.0	1.0	2.0
94330000	4.401525054844562	0.20888515419664588	1.0	1.0	2.0
94340000	2.691567791295863	0.01487593882548761	1.0	1.0	2.0
94350000	1.0641124195820448	0.36989212291653795	1.0	1.0	2.0
94360000	0.3423936510614516	0.08944744456996187	1.0	1.0	2.0
94370000	0.5384569454514624	0.5438615550171781	1.0	1.0	2.0
94380000	0.2550712979090582	1.8943537699971769	1.0	1.0	2.0
94390000	0.8607060184470038	0.17798756237563182	1.0	1.0	2.0
94400000	0.9173809913503497	0.18927484220832322	1.0	1.0	2.0
94410000	3.493011629521383	0.5234469650807172	1.0	1.0	2.0
94420000	1.4458573644422157	0.3217582517068559	1.0	1.0	2.0
94430000	1.065079744306991	0.8527108226236914	1.0	1.0	2.0
94440000	0.8915327870337784	0.4022992655761436	1.0	1.0	2.0
94450000	1.719797737923548	0.6670966509978032	1.0	1.0	2.0
94460000	1.3043578939194127	0.9543544066147515	1.0	1.0	2.0
94470000	1.0443390760957987	0.18897906403752437	1.0	1.0	2.0
94480000	1.2873927066010915	0.15859184462939727	1.0	1.0	2.0
94490000	1.1121169011724361	0.23893109310564725	1.0	1.0	2.0
94500000	1.5666008924075112	0.6611661347845351	1.0	1.0	2.0
94510000	1.102170303182967	0.14307166035390653	1.0	1.0	2.0
94520000	1.9487652972483078	0.34441782438865276	1.0	1.0	2.0
94530000	0.4944741006368549	0.07551999477570469	1.0	1.0	2.0
94540000	1.920191632892692	0.9163157177923148	1.0	1.0	2.0
94550000	0.7547093269936156	0.141539266943883	1.0	1.0	2.0
94560000	0.49769766963064377	0.05297857941386115	1.0	1.0	2.0
94570000	0.2385993435647025	0.15169873747567406	1.0	1.0	2.0
94580000	0.8770038844898137	0.4671997340594467	1.0	1.0	2.0
94590000	2.350548529868067	0.18877581276505032	1.0	1.0	2.0
94600000	1.0627556469602046	0.29951787605058183	1.0	1.0	2.0
94610000	0.5205963837141986	0.16541949448781396	1.0	1.0	2.0
94620000	5.270184007954095	1.5374541514937212	1.0	1.0	2.0
94630000	0.32651526156978733	0.0738739418384057	1.0	1.0	2.0
94640000	2.5031594919619082	0.6406265010385443	1.0	1.0	2.0
94650000	0.5401343021798155	1.2543313820267952	1.0	1.0	2.0
94660000	0.27357656068796443	0.07876604121662989	1.0	1.0	2.0
94670000	1.6219977736265994	0.294589978574435	1.0	1.0	2.0
94680000	0.5525267887282329	0.034011550916193345	1.0	1.0	2.0
94690000	0.9943136436136707	0.5424215048869144	1.0	1.0	2.0
94700000	1.377216685143026	0.5168117766604059	1.0	1.0	2.0
94710000	0.30589726571201237	0.14436687037439858	1.0	1.0	2.0
94720000	0.9005652004248652	0.2416068807666876	1.0	1.0	2.0
94730000	1.6122731042960252	0.3459705599876609	1.0	1.0	2.0
94740000	1.9642844105865298	0.5105900744139623	1.0	1.0	2.0
94750000	1.5870814304186815	0.5228875957655524	1.0	1.0	2.0
94760000	0.04163568332333265	0.13060518260992743	1.0	1.0	2.0
94770000	1.7792259945519096	0.030103466265686725	1.0	1.0	2.0
94780000	1.9626727168394196	0.2828728862610904	1.0	1.0	2.0
94790000	2.1393647683930106	0.4958782931342766	1.0	1.0	2.0
94800000	1.4063250514290786	0.08452104025119436	1.0	1.0	2.0
94810000	1.3020483207898985	0.3242040143947945	1.0	1.0	2.0
94820000	0.6524364975021434	2.8198554765174517	1.0	1.0	2.0
94830000	1.809528039135332	0.6960614044485801	1.0	1.0	2.0
94840000	0.46620501099911743	0.455920177787768	1.0	1.0	2.0
94850000	1.4007116251098501	0.30523623101163355	1.0	1.0	2.0
94860000	1.3377010300900758	0.6685767249116481	1.0	1.0	2.0
94870000	0.20233874826115225	0.18197644179134037	1.0	1.0	2.0
94880000	1.922109010444552	0.9745520832350022	1.0	1.0	2.0
94890000	1.6104970784252315	0.21890382722105192	1.0	1.0	2.0
94900000	1.060280039462437	0.4961853139499633	1.0	1.0	2.0
94910000	1.2307834078647455	0.6190367258883042	1.0	1.0	2.0
94920000	0.12524982629653875	0.12278977672006	1.0	1.0	2.0
94930000	2.3939710924677406	0.5920090823539456	1.0	1.0	2.0
94940000	1.3323160292253848	0.3216868369571424	1.0	1.0	2.0
94950000	0.9504384503918617	0.40525737804900147	1.0	1.0	2.0
94960000	0.4388610254162233	1.2853878631272526	1.0	1.0	2.0
94970000	0.13831028332637485	0.1374164892501957	1.0	1.0	2.0
94980000	2.2336108247674313	0.16962726339212184	1.0	1.0	2.0
94990000	0.3686132991166362	0.09390570415860681	1.0	1.0	2.0
95000000	0.6351204177166502	0.24420401751427578	1.0	1.0	2.0
95010000	1.531477560161297	0.7137554583780557	1.0	1.0	2.0
95020000	1.6827349575882704	0.4532522731148061	1.0	1.0	2.0
95030000	1.3633782306592686	0.26602037606714213	1.0	1.0	2.0
95040000	2.243045975647236	0.3796943709058634	1.0	1.0	2.0
95050000	2.204147143124015	0.9948955423720443	1.0	1.0	2.0
95060000	1.9452172440308222	1.6545477163263356	1.0	1.0	2.0
95070000	2.297909874907778	0.7738069692998988	1.0	1.0	2.0
95080000	1.4881696142771204	1.2837128279052246	1.0	1.0	2.0
95090000	1.4943757030566795	0.9375296565858341	1.0	1.0	2.0
95100000	3.21722876460214	0.5883257469805424	1.0	1.0	2.0
95110000	0.12084328186955519	0.2731996192491235	1.0	1.0	2.0
95120000	0.8712822063972938	0.33206923916420744	1.0	1.0	2.0
95130000	0.6650231553876768	1.1485155553481532	1.0	1.0	2.0
95140000	0.9891694083850586	1.3168787633291816	1.0	1.0	2.0
95150000	0.7930300729451397	2.0533057938279544	1.0	1.0	2.0
95160000	1.895449563951537	1.7628281546690607	1.0	1.0	2.0
95170000	0.6518027978073672	0.8932101451825778	1.0	1.0	2.0
95180000	2.2079601872440993	1.4615626544017755	1.0	1.0	2.0
95190000	3.3146515700441284	3.038515329879266	1.0	1.0	2.0
95200000	2.114825776421595	0.6796489779145164	1.0	1.0	2.0
95210000	2.63582529318472	0.6611582581020228	1.0	1.0	2.0
95220000	2.682990823775614	0.8502830914921262	1.0	1.0	2.0
95230000	0.6350087543443323	1.0293876450103128	1.0	1.0	2.0
95240000	1.483579028505304	1.6924047587653774	1.0	1.0	2.0
95250000	1.0901090392320714	0.2100658462038579	1.0	1.0	2.0
95260000	0.37983047639764034	1.0799601351010064	1.0	1.0	2.0
95270000	0.7067594951598798	0.10290804173352744	1.0	1.0	2.0
95280000	0.895303341627765	0.5032509856330596	1.0	1.0	2.0
95290000	0.6511385314289516	0.22082571454323416	1.0	1.0	2.0
95300000	0.23901758941939377	0.009935300242537646	1.0	1.0	2.0
95310000	0.7921046620226709	0.009572317543508522	1.0	1.0	2.0
95320000	0.3734788531645637	0.12077725256920702	1.0	1.0	2.0
95330000	0.5803987562213976	0.9453980438251438	1.0	1.0	2.0
95340000	0.4529826520591508	0.4779887609437181	1.0	1.0	2.0
95350000	0.25968801284936793	0.4084920338042521	1.0	1.0	2.0
95360000	0.7812190276257485	2.2641107174171946	1.0	1.0	2.0
95370000	1.3327437718256616	0.4178301904613584	1.0	1.0	2.0
95380000	2.531307661608804	0.7608813761286345	1.0	1.0	2.0
95390000	1.6219457373753197	0.3864831373407553	1.0	1.0	2.0
95400000	2.1591890488066627	0.3073457827408581	1.0	1.0	2.0
95410000	0.7722520575995147	0.7532463006346127	1.0	1.0	2.0
95420000	0.8997338615612727	6.893590254787813E-4	1.0	1.0	2.0
95430000	1.0876306953024237	0.07171382866257449	1.0	1.0	2.0
95440000	2.208212655731066	1.3019141375972012	1.0	1.0	2.0
95450000	1.5038346731451073	0.40451758439962343	1.0	1.0	2.0
95460000	0.6978309523496203	0.5021295427741869	1.0	1.0	2.0
95470000	3.043476405604915	1.179659361422371	1.0	1.0	2.0
95480000	0.20635784763659396	0.025899863692125977	1.0	1.0	2.0
95490000	0.8394247838138406	0.00970171619608221	1.0	1.0	2.0
95500000	1.229300214397645	0.3626024191302802	1.0	1.0	2.0
95510000	1.3406055292200247	0.2098885856973378	1.0	1.0	2.0
95520000	0.28589259647385873	0.4044778200107024	1.0	1.0	2.0
95530000	1.6660563432771984	0.6384484060656356	1.0	1.0	2.0
95540000	1.4601401101669964	0.39208688402824254	1.0	1.0	2.0
95550000	1.5627526507739218	1.022238820440255	1.0	1.0	2.0
95560000	0.6869797608817271	0.118617139769586	1.0	1.0	2.0
95570000	0.44099722502801575	0.04988334409874573	1.0	1.0	2.0
95580000	0.04190772385609139	0.057395849342460066	1.0	1.0	2.0
95590000	1.2083252656801333	4.2788518088621565E-4	1.0	1.0	2.0
95600000	0.44135385911982106	1.60769311643103	1.0	1.0	2.0
95610000	1.962879131128999	0.6986222099731699	1.0	1.0	2.0
95620000	2.225998373865924	0.09603936443552578	1.0	1.0	2.0
95630000	1.6241661789929114	1.0497710264245885	1.0	1.0	2.0
95640000	1.6377723381824305	0.3459057749319689	1.0	1.0	2.0
95650000	0.309231746884785	0.2456407998108404	1.0	1.0	2.0
95660000	3.3110129805420088	1.0168700132779867	1.0	1.0	2.0
95670000	0.15653901824056907	0.1858934098439757	1.0	1.0	2.0
95680000	0.6607700859922075	0.43588568699115976	1.0	1.0	2.0
95690000	0.577853435056365	0.05280700218086012	1.0	1.0	2.0
95700000	1.1518529279245648	0.028506047573540277	1.0	1.0	2.0
95710000	1.8131322283491096	0.21647857178457153	1.0	1.0	2.0
95720000	0.5819732867780407	0.03612044770747033	1.0	1.0	2.0
95730000	0.6277332154385237	0.4531647200573512	1.0	1.0	2.0
95740000	0.964789003113821	0.14484939731203525	1.0	1.0	2.0
95750000	0.5689489581193192	0.1584140673316177	1.0	1.0	2.0
95760000	1.5618612805342549	0.2477949520784343	1.0	1.0	2.0
95770000	1.0445250409714202	0.5741915098991289	1.0	1.0	2.0
95780000	1.2508450163987648	0.4801293473800347	1.0	1.0	2.0
95790000	1.0729048476715128	0.2673968879967735	1.0	1.0	2.0
95800000	0.944301181115535	0.07072484605847998	1.0	1.0	2.0
95810000	0.7750508675444094	0.06235131627832002	1.0	1.0	2.0
95820000	3.078663111399692	2.0539297925663736E-4	1.0	1.0	2.0
95830000	2.030281734992279	0.11033867150778336	1.0	1.0	2.0
95840000	1.387475992738809	0.3739871612841106	1.0	1.0	2.0
95850000	1.2613245528203794	2.4509255285623923	1.0	1.0	2.0
95860000	0.4636400598261502	0.24238369408794075	1.0	1.0	2.0
95870000	0.8579625253296113	0.319300687578969	1.0	1.0	2.0
95880000	0.6773524135769234	0.002110851664343792	1.0	1.0	2.0
95890000	2.4239216243559585	1.7375247868336492	1.0	1.0	2.0
95900000	2.264952612863176	1.1417868302505079	1.0	1.0	2.0
95910000	1.9428979873063728	1.5401043859216337	1.0	1.0	2.0
95920000	0.8787465707829405	0.26100125927177836	1.0	1.0	2.0
95930000	1.1347397856883659	0.4687450224249926	1.0	1.0	2.0
95940000	2.647984918093901	0.3028634351437543	1.0	1.0	2.0
95950000	0.8275729615853366	1.2612691097002735	1.0	1.0	2.0
95960000	0.6470426088324537	0.10628840386360942	1.0	1.0	2.0
95970000	2.2223427234049318	0.13695183086211768	1.0	1.0	2.0
95980000	0.7758681037842527	0.215371990170777	1.0	1.0	2.0
95990000	2.0955148956622267	0.9252431503627355	1.0	1.0	2.0
96000000	1.9429826513160293	0.5997506653790948	1.0	1.0	2.0
96010000	3.748899048599644	0.38093529487414723	1.0	1.0	2.0
96020000	1.581025165856984	0.737819857055523	1.0	1.0	2.0
96030000	1.328827479399298	1.058165119927087	1.0	1.0	2.0
96040000	2.336165746781106	3.593864038708695	1.0	1.0	2.0
96050000	3.5532975818857455	0.7818262343842446	1.0	1.0	2.0
96060000	2.0441573854748447	1.0808643856776563	1.0	1.0	2.0
96070000	1.2792638613664538	0.006873213664444487	1.0	1.0	2.0
96080000	0.23399789716126942	0.021823337889660295	1.0	1.0	2.0
96090000	1.3552766537200966	0.47177016782246783	1.0	1.0	2.0
96100000	0.4491975009220055	0.1661506662393616	1.0	1.0	2.0
96110000	3.083301096685131	0.06526750373841222	1.0	1.0	2.0
96120000	1.3768511438220887	0.7770895734167841	1.0	1.0	2.0
96130000	2.1459319431023993	0.05130002667308755	1.0	1.0	2.0
96140000	2.3094912226065123	0.9927911775222663	1.0	1.0	2.0
96150000	1.3045476423778384	0.6745567353634007	1.0	1.0	2.0
96160000	1.4891820876408206	1.2362289639339767	1.0	1.0	2.0
96170000	1.9485145491404439	0.8677600411268758	1.0	1.0	2.0
96180000	0.2830781952239814	0.26801854164348243	1.0	1.0	2.0
96190000	2.791684790312361	0.3464990384801324	1.0	1.0	2.0
96200000	1.9087934204897268	0.07882008866742553	1.0	1.0	2.0
96210000	0.7611567571950668	1.5028999284746278	1.0	1.0	2.0
96220000	0.6641858004808108	0.013469513181094508	1.0	1.0	2.0
96230000	1.463665344673726	0.8042683838621058	1.0	1.0	2.0
96240000	0.19322716894006225	0.1057078916103044	1.0	1.0	2.0
96250000	1.602202445467304	0.08502022763927683	1.0	1.0	2.0
96260000	0.560873027681316	0.047219507363735785	1.0	1.0	2.0
96270000	1.1629840662177813	0.01804560260260275	1.0	1.0	2.0
96280000	1.1532641834840391	0.3804308446461337	1.0	1.0	2.0
96290000	0.42667023635953466	0.16278700386028516	1.0	1.0	2.0
96300000	0.1054864636781424	7.862470690734476E-4	1.0	1.0	2.0
96310000	1.7637541126464569	0.20399043439686562	1.0	1.0	2.0
96320000	2.6715192283048648	1.3703237631422782	1.0	1.0	2.0
96330000	0.9733179981074808	0.1590293511127368	1.0	1.0	2.0
96340000	0.5541527865844259	0.057659035693527566	1.0	1.0	2.0
96350000	1.7606030732612366	0.7034658832911814	1.0	1.0	2.0
96360000	1.771640403910092	2.327289338631769	1.0	1.0	2.0
96370000	0.35190671409468	0.14585837775747598	1.0	1.0	2.0
96380000	0.6426177500727271	0.046105941636573895	1.0	1.0	2.0
96390000	0.8364851480476805	0.16249525572244558	1.0	1.0	2.0
96400000	2.026279990683214	0.09176807491258566	1.0	1.0	2.0
96410000	2.5466164056284484	0.748854351750093	1.0	1.0	2.0
96420000	0.8064434841331846	0.3960395019547649	1.0	1.0	2.0
96430000	0.42391838692208045	0.014540191539018648	1.0	1.0	2.0
96440000	1.1487363214975868	0.23970131488288457	1.0	1.0	2.0
96450000	3.213816222207997	0.3810270294829972	1.0	1.0	2.0
96460000	0.1954162229850709	0.9022478866275628	1.0	1.0	2.0
96470000	3.401774927526358	1.7092069837287123	1.0	1.0	2.0
96480000	0.8043725858233671	0.092998088647263	1.0	1.0	2.0
96490000	1.4178289257229486	0.4386151181925407	1.0	1.0	2.0
96500000	0.0615722629781496	0.6780275764708592	1.0	1.0	2.0
96510000	0.5740663101921031	0.29753902839496027	1.0	1.0	2.0
96520000	0.606225732962254	0.14349528361817143	1.0	1.0	2.0
96530000	1.6946935694427192	1.0542713860677604	1.0	1.0	2.0
96540000	0.6725600309531622	0.34546181401797943	1.0	1.0	2.0
96550000	0.30863895097835264	0.8663933623462645	1.0	1.0	2.0
96560000	0.7842234053680219	1.7462795161294282	1.0	1.0	2.0
96570000	0.9195098053822581	0.1888619938288192	1.0	1.0	2.0
96580000	0.11368511635496636	0.10852324440486687	1.0	1.0	2.0
96590000	0.6683462576961974	0.5300209312289186	1.0	1.0	2.0
96600000	0.4776772839558662	0.18687678697100985	1.0	1.0	2.0
96610000	2.0046603749656504	1.766697150620291	1.0	1.0	2.0
96620000	2.045004239777946	0.2887382686243778	1.0	1.0	2.0
96630000	2.227789446896875	0.6928615350141824	1.0	1.0	2.0
96640000	4.931887081011419	0.0672207377338462	1.0	1.0	2.0
96650000	0.988169337436864	0.34036980319082916	1.0	1.0	2.0
96660000	0.813421714649424	0.6494699325583185	1.0	1.0	2.0
96670000	0.9794865401704966	0.05167187509487896	1.0	1.0	2.0
96680000	0.9615949733039569	0.38480209510663377	1.0	1.0	2.0
96690000	0.7909261515728151	1.7446509685154146	1.0	1.0	2.0
96700000	1.723033059073025	0.7078725326461813	1.0	1.0	2.0
96710000	0.4079918350605099	0.824233421108889	1.0	1.0	2.0
96720000	1.602470823420015	0.02432052527108106	1.0	1.0	2.0
96730000	1.6873797852378216	0.015054364163613127	1.0	1.0	2.0
96740000	1.3315176874073846	0.01642158834102004	1.0	1.0	2.0
96750000	1.7844154407093784	0.10085966468887038	1.0	1.0	2.0
96760000	2.547859941399503	1.3907182937876124	1.0	1.0	2.0
96770000	1.3200321473441878	1.3571372320268287	1.0	1.0	2.0
96780000	1.2814827026879065	0.08193141416107563	1.0	1.0	2.0
96790000	4.555588950480197	0.5222063380306282	1.0	1.0	2.0
96800000	0.8343108142545066	0.4644603586109428	1.0	1.0	2.0
96810000	1.5972875950600145	2.11107758690694	1.0	1.0	2.0
96820000	1.583187907239059	0.23600964884451717	1.0	1.0	2.0
96830000	1.0352590189278963	0.02684558103272373	1.0	1.0	2.0
96840000	0.8287815160140852	0.32784251940817727	1.0	1.0	2.0
96850000	0.6444009955576079	0.02512556572315849	1.0	1.0	2.0
96860000	4.442818683749727	1.1967656567751768	1.0	1.0	2.0
96870000	2.589633116837933	1.9937082027790398	1.0	1.0	2.0
96880000	0.28607219907813797	0.3445661363988404	1.0	1.0	2.0
96890000	0.4965278630477653	1.0411668120710436	1.0	1.0	2.0
96900000	1.348527610698154	0.15471036903995955	1.0	1.0	2.0
96910000	0.8766600029819545	1.1408430561296081	1.0	1.0	2.0
96920000	2.2839143585761987	2.2620183646277856	1.0	1.0	2.0
96930000	0.09551625765418122	0.11009806165444566	1.0	1.0	2.0
96940000	4.124061158538071	1.4602478533024164	1.0	1.0	2.0
96950000	1.8470421060342905	0.3381875329928832	1.0	1.0	2.0
96960000	0.48032283193836156	0.2798750866490073	1.0	1.0	2.0
96970000	0.8621109182454637	0.6130856883968766	1.0	1.0	2.0
96980000	4.557293251585856	0.2226244326826091	1.0	1.0	2.0
96990000	1.127793844985582	0.949403218325069	1.0	1.0	2.0
97000000	2.839263050420094	0.02196936318213941	1.0	1.0	2.0
97010000	1.7386898390225347	0.207870880464009	1.0	1.0	2.0
97020000	0.8190619678372828	0.23074422052367569	1.0	1.0	2.0
97030000	0.8276206838397977	0.08088045168887446	1.0	1.0	2.0
97040000	1.8026978177077224	0.06238223480993937	1.0	1.0	2.0
97050000	1.5152104108298043	0.004296502669155422	1.0	1.0	2.0
97060000	3.3271000810017095	0.524379381035909	1.0	1.0	2.0
97070000	5.165881495700205	0.12064836925469394	1.0	1.0	2.0
97080000	0.8108308473878952	0.01167426239552919	1.0	1.0	2.0
97090000	1.9288196670816775	0.9052882667907021	1.0	1.0	2.0
97100000	1.2860302527592185	0.21694801044024756	1.0	1.0	2.0
97110000	1.0962968789161907	0.2928843578855649	1.0	1.0	2.0
97120000	2.471765454538731	1.2184804460656615	1.0	1.0	2.0
97130000	1.6575750991276776	0.5864321919846722	1.0	1.0	2.0
97140000	0.10322844228891956	2.98109083158829E-4	1.0	1.0	2.0
97150000	0.6253637891951342	0.309708046811992	1.0	1.0	2.0
97160000	2.2892375083565026	0.5568589107514865	1.0	1.0	2.0
97170000	1.8757243382256896	0.09646710048508055	1.0	1.0	2.0
97180000	3.576939573428169	0.901182709991695	1.0	1.0	2.0
97190000	1.8597336577599388	0.16662426242751446	1.0	1.0	2.0
97200000	0.04466358891122156	0.03215906132568569	1.0	1.0	2.0
97210000	1.5815400129825625	0.02178479988106626	1.0	1.0	2.0
97220000	1.0713041307601723	0.20085241791142414	1.0	1.0	2.0
97230000	0.5687455590767005	0.44290812018296377	1.0	1.0	2.0
97240000	0.8682793076394089	2.03005377716311	1.0	1.0	2.0
97250000	0.9655593209092848	0.30178136990630455	1.0	1.0	2.0
97260000	1.1629039702585149	1.0596410920248633	1.0	1.0	2.0
97270000	2.5147231642556314	1.4587000114212403	1.0	1.0	2.0
97280000	0.43814352532688794	0.895683969458031	1.0	1.0	2.0
97290000	0.5682620075775697	0.3016170527973289	1.0	1.0	2.0
97300000	1.1564058841490372	0.410707631765864	1.0	1.0	2.0
97310000	0.5383487052585201	0.9545452736263786	1.0	1.0	2.0
97320000	2.029864441963487	0.22773424608053286	1.0	1.0	2.0
97330000	1.2582216720814092	0.5338358494377005	1.0	1.0	2.0
97340000	2.8774857142165806	0.32551265004104346	1.0	1.0	2.0
97350000	1.5935689110801068	0.25002412045986744	1.0	1.0	2.0
97360000	1.0284919827826147	0.5607589816502389	1.0	1.0	2.0
97370000	1.5900284249569856	0.006627298316133228	1.0	1.0	2.0
97380000	0.20423455733195553	0.18202072719287182	1.0	1.0	2.0
97390000	0.1901171547235188	0.1327231832712857	1.0	1.0	2.0
97400000	0.8094240666213287	0.2332967089180329	1.0	1.0	2.0
97410000	1.9276669443274719	0.15329460696619399	1.0	1.0	2.0
97420000	0.1558234647306406	1.032835540596216	1.0	1.0	2.0
97430000	1.5291932710533094	0.8061124268606822	1.0	1.0	2.0
97440000	1.2849298561281095	0.2456616230064582	1.0	1.0	2.0
97450000	3.625310701401282	0.5836990367315072	1.0	1.0	2.0
97460000	1.7896171262888474	0.06054655064956054	1.0	1.0	2.0
97470000	0.8081595068161426	0.058320313012070225	1.0	1.0	2.0
97480000	0.5171628143385842	0.5659172902020048	1.0	1.0	2.0
97490000	1.7650833459202826	1.1445763291329298	1.0	1.0	2.0
97500000	0.4905133113136492	0.008264800516768735	1.0	1.0	2.0
97510000	0.9871636210871891	0.616781764807924	1.0	1.0	2.0
97520000	0.10622245185074217	0.6445497449140292	1.0	1.0	2.0
97530000	0.9354671436695514	0.42780973520312765	1.0	1.0	2.0
97540000	1.497643938313916	0.4512254975747886	1.0	1.0	2.0
97550000	3.5894002687451754	0.8533627537247352	1.0	1.0	2.0
97560000	2.211793161994905	0.11149532874694257	1.0	1.0	2.0
97570000	4.595113181041002	0.48151716256262683	1.0	1.0	2.0
97580000	5.734230951111325	0.04065433312621036	1.0	1.0	2.0
97590000	1.5611568449070883	1.9863668935398213	1.0	1.0	2.0
97600000	3.541906219924672	0.27816491388989717	1.0	1.0	2.0
97610000	1.470008609276574	0.33831825418223493	1.0	1.0	2.0
97620000	1.9819306710396538	0.6538689832215981	1.0	1.0	2.0
97630000	0.7953484957169088	0.01283588944185736	1.0	1.0	2.0
97640000	1.5480270940900296	0.654198549228247	1.0	1.0	2.0
97650000	1.395413218771767	0.4948694409309964	1.0	1.0	2.0
97660000	2.380635151595359	0.8072326883445501	1.0	1.0	2.0
97670000	0.16081575371149506	0.3629469700840951	1.0	1.0	2.0
97680000	1.0895445463924198	0.07464225023098861	1.0	1.0	2.0
97690000	1.6434568447550304	3.1041709469463243	1.0	1.0	2.0
97700000	2.2551946709689457	1.5608217924135386	1.0	1.0	2.0
97710000	1.4719694736982054	0.6321017777532131	1.0	1.0	2.0
97720000	0.9824593593244775	0.2496314405460761	1.0	1.0	2.0
97730000	0.659227959574931	0.551521349064891	1.0	1.0	2.0
97740000	0.33087079468973807	0.1375855454988852	1.0	1.0	2.0
97750000	0.5767512617253221	0.558714529124359	1.0	1.0	2.0
97760000	1.3550097536541754	0.19610217284366796	1.0	1.0	2.0
97770000	0.7156615488701801	0.32471838085156324	1.0	1.0	2.0
97780000	0.9817635250156659	0.0027468597253615568	1.0	1.0	2.0
97790000	1.7133123502583187	0.26480151599864643	1.0	1.0	2.0
97800000	0.6466438478043364	0.31484673484440034	1.0	1.0	2.0
97810000	1.1314411641322837	0.630310604826756	1.0	1.0	2.0
97820000	0.9383593594292606	0.2448007050295001	1.0	1.0	2.0
97830000	0.13589419800717265	0.08896774938193405	1.0	1.0	2.0
97840000	0.18484003696366377	0.6004266286336648	1.0	1.0	2.0
97850000	0.19918506927017282	0.2949162345869217	1.0	1.0	2.0
97860000	0.9774445144946713	0.08978014008149084	1.0	1.0	2.0
97870000	1.4991514571704754	0.19482838171449568	1.0	1.0	2.0
97880000	0.15198223753064288	0.4659920658331235	1.0	1.0	2.0
97890000	1.9542033625412432	0.08391531547790569	1.0	1.0	2.0
97900000	0.5402729977596112	0.00588718400139435	1.0	1.0	2.0
97910000	0.14326135555883104	0.06693539424801427	1.0	1.0	2.0
97920000	2.336855118708199	0.2867049342060512	1.0	1.0	2.0
97930000	0.13931535083384727	0.003736244497351854	1.0	1.0	2.0
97940000	0.4486227546781674	0.17614856751856192	1.0	1.0	2.0
97950000	1.710387596759436	0.24289094407877498	1.0	1.0	2.0
97960000	1.435286942621741	0.49047217780571684	1.0	1.0	2.0
97970000	1.396422421648125	0.2991267685050933	1.0	1.0	2.0
97980000	0.6508442392117725	0.026815929469238	1.0	1.0	2.0
97990000	0.3557100499706792	0.7399417733490156	1.0	1.0	2.0
98000000	1.0352563787181106	1.0396805166392573	1.0	1.0	2.0
98010000	1.520288700310673	1.5086045315454357	1.0	1.0	2.0
98020000	0.3672044476851085	0.017970264382033016	1.0	1.0	2.0
98030000	1.4566242984167928	1.353500371555014	1.0	1.0	2.0
98040000	2.4224109879201974	0.5139857718850783	1.0	1.0	2.0
98050000	1.134299107598325	0.8512598525010303	1.0	1.0	2.0
98060000	1.1175767027180417	0.1703822387065078	0.0	1.0	1.0
98070000	0.17256662884320387	0.03205954162052667	1.0	1.0	2.0
98080000	0.3667818581714036	1.3580474238731906	1.0	1.0	2.0
98090000	0.27042929853035025	0.761805753982348	1.0	1.0	2.0
98100000	0.7599894743680963	0.196055050821104	1.0	1.0	2.0
98110000	1.9808164505380113	0.7160062492452431	1.0	1.0	2.0
98120000	1.2066235335005053	0.2875869268470253	1.0	1.0	2.0
98130000	2.200510851238007	0.16837851735913203	1.0	1.0	2.0
98140000	0.652831300153841	0.2891595915542241	1.0	1.0	2.0
98150000	1.8464566857849596	0.7303780588466711	1.0	1.0	2.0
98160000	3.0782461781394765	0.6245342028967729	0.0	1.0	1.0
98170000	3.286545820909443	0.5809953431087324	1.0	1.0	2.0
98180000	2.4936558029434277	0.40677019161570005	1.0	1.0	2.0
98190000	3.3841395887405916	1.1557405558961913	1.0	1.0	2.0
98200000	2.8190213649092426	0.24393523690643454	1.0	1.0	2.0
98210000	0.848983763724833	0.3839019148744828	1.0	1.0	2.0
98220000	1.7821169734785702	0.11266764572004881	1.0	1.0	2.0
98230000	3.0537154293879603	0.7695843183809119	1.0	1.0	2.0
98240000	1.0289683518500048	0.618591122977005	1.0	1.0	2.0
98250000	2.498512034867168	0.773501023575809	1.0	1.0	2.0
98260000	0.6927137866095053	0.02445571652236915	1.0	1.0	2.0
98270000	1.7670139834646927	0.5396300655715877	1.0	1.0	2.0
98280000	0.8317596394314475	0.24228244676960828	1.0	1.0	2.0
98290000	0.2806110511434767	0.22513847300794504	1.0	1.0	2.0
98300000	0.20020313318797325	0.12212924130989795	1.0	1.0	2.0
98310000	1.505068391286607	0.35941365594524904	1.0	1.0	2.0
98320000	1.5060217348436609	0.1260659599301978	1.0	1.0	2.0
98330000	1.180932990390215	0.04653179332772332	1.0	1.0	2.0
98340000	1.7328214721110111	0.2891976344929943	1.0	1.0	2.0
98350000	2.8789887554094586	0.38207021227654275	1.0	1.0	2.0
98360000	0.2903200002835048	0.05929371001590919	1.0	1.0	2.0
98370000	3.2727834034421375	0.7228200082398867	1.0	1.0	2.0
98380000	1.1472750813864658	0.4703872642897148	1.0	1.0	2.0
98390000	1.5842881575676027	0.5025972387580169	1.0	1.0	2.0
98400000	0.2860607826963995	0.20450252728815216	1.0	1.0	2.0
98410000	0.7026530297651704	0.9168164809333187	1.0	1.0	2.0
98420000	0.7374105603675596	1.6846611972494743	1.0	1.0	2.0
98430000	0.2451788534539262	0.3328747253935351	1.0	1.0	2.0
98440000	0.5914961923601807	0.09469335451837967	1.0	1.0	2.0
98450000	0.32458792076056	0.30922741003023974	1.0	1.0	2.0
98460000	1.446804758969687	4.089314065207981	1.0	1.0	2.0
98470000	3.4794500080833024	0.22091655985781497	1.0	1.0	2.0
98480000	2.3791376615761863	0.709014445607588	1.0	1.0	2.0
98490000	1.18253064724994	0.17860683630978094	0.0	1.0	1.0
98500000	0.5826208378627716	0.19259224014018486	1.0	1.0	2.0
98510000	0.8643539018117702	0.23268203841607235	1.0	1.0	2.0
98520000	4.091014129158415	0.05739330585999813	1.0	1.0	2.0
98530000	3.1078791733282567	2.2896368922129704	1.0	1.0	2.0
98540000	0.7374298244328595	0.29977124542681105	1.0	1.0	2.0
98550000	0.3734685679796343	0.07477892297348582	1.0	1.0	2.0
98560000	0.7769406183388701	0.10769620680420147	1.0	1.0	2.0
98570000	1.6237340028960192	1.8130806814406824	1.0	1.0	2.0
98580000	2.2059258850223764	0.6045105209157107	1.0	1.0	2.0
98590000	0.6264773895268755	0.6861077746231143	1.0	1.0	2.0
98600000	1.1669579180914362	0.03994309941625559	1.0	1.0	2.0
98610000	0.3119725520230108	0.9639460709260455	1.0	1.0	2.0
98620000	1.2088864376877224	0.45551939637747824	1.0	1.0	2.0
98630000	0.38631839136908513	0.467864170897317	1.0	1.0	2.0
98640000	1.3128753616452502	0.6212181885322084	1.0	1.0	2.0
98650000	0.6474251746853471	0.16906788052292876	1.0	1.0	2.0
98660000	1.3336621597657603	0.6396155304766448	1.0	1.0	2.0
98670000	2.395965569991548	2.470471837142732	1.0	1.0	2.0
98680000	0.20150644582169616	0.4854298812598009	1.0	1.0	2.0
98690000	2.4086070385202354	0.261534450189151	1.0	1.0	2.0
98700000	0.14049497046574733	0.14294538865066292	1.0	1.0	2.0
98710000	0.24688650450252864	0.0299563383119536	1.0	1.0	2.0
98720000	0.7287014902667106	1.7717050514290351	1.0	1.0	2.0
98730000	1.0819945224776901	1.856483445275919	1.0	1.0	2.0
98740000	2.859302214220915	1.8918490222530846	1.0	1.0	2.0
98750000	5.301015901394563	0.6852502616945649	1.0	1.0	2.0
98760000	2.66019630353437	0.37826194530819907	1.0	1.0	2.0
98770000	1.2889591105639722	0.16411843088575115	1.0	1.0	2.0
98780000	0.32190469898359414	0.0851079398789796	1.0	1.0	2.0
98790000	1.8496524039216484	1.239301877451035	1.0	1.0	2.0
98800000	0.993234567421957	0.3165770963100965	1.0	1.0	2.0
98810000	2.8317422585413157	2.703301066276335	1.0	1.0	2.0
98820000	0.14483647952642448	0.09925489474189043	1.0	1.0	2.0
98830000	1.9154571330521377	1.758384326214572	1.0	1.0	2.0
98840000	1.140218430611219	0.29811279744762137	1.0	1.0	2.0
98850000	0.5759104438250693	0.92696166310015	1.0	1.0	2.0
98860000	2.7860037422257764	2.5244267499302175	1.0	1.0	2.0
98870000	0.2949219694739492	0.0767566454206839	1.0	1.0	2.0
98880000	1.7796540833994519	0.239462607890967	1.0	1.0	2.0
98890000	2.6719117305286058	0.19239294912694088	1.0	1.0	2.0
98900000	0.7113641225272829	0.7148227745009362	1.0	1.0	2.0
98910000	1.0070756570556967	0.029545471342223188	1.0	1.0	2.0
98920000	0.982923962540755	0.14772607971362553	1.0	1.0	2.0
98930000	2.091287522276626	0.5150759969711856	1.0	1.0	2.0
98940000	3.13004012546557	0.1277183932204822	1.0	1.0	2.0
98950000	0.4894841802245477	0.026745474906831993	1.0	1.0	2.0
98960000	0.829584760077878	0.5962254895466754	1.0	1.0	2.0
98970000	1.4038536991787314	0.25507516387375984	1.0	1.0	2.0
98980000	0.6576202737664247	0.8513060480054141	1.0	1.0	2.0
98990000	0.9972795327715309	2.8157085875787207	1.0	1.0	2.0
99000000	0.5632758238940475	0.07248452504421884	1.0	1.0	2.0
99010000	3.215255781348393	0.5441524197173313	1.0	1.0	2.0
99020000	2.4522972716626987	0.023848302726319475	1.0	1.0	2.0
99030000	2.401859376051829	0.6757945876271281	1.0	1.0	2.0
99040000	0.49358194669356836	0.20489316679706757	1.0	1.0	2.0
99050000	1.8866670935617336	0.3256260357848058	1.0	1.0	2.0
99060000	0.7155859119259306	0.48490170242520186	1.0	1.0	2.0
99070000	3.6322601221357593	0.01429155201626553	1.0	1.0	2.0
99080000	4.600301157458505	0.5556786082952567	1.0	1.0	2.0
99090000	2.1659145491251497	0.7548465429689809	1.0	1.0	2.0
99100000	1.4887600535622902	3.408061263975965	1.0	1.0	2.0
99110000	1.974953651702237	0.4032041526182195	1.0	1.0	2.0
99120000	1.666932112672014	0.712785367489009	1.0	1.0	2.0
99130000	0.44860770105934705	0.4181607040593661	1.0	1.0	2.0
99140000	0.5697125620234452	0.24861490560497054	1.0	1.0	2.0
99150000	0.5713416638802963	1.82605851768168	1.0	1.0	2.0
99160000	1.068714335844787	1.6464555826513938	1.0	1.0	2.0
99170000	0.2854718473261012	0.67537406487271	1.0	1.0	2.0
99180000	0.9359566942937595	0.014709851825208082	1.0	1.0	2.0
99190000	1.5804426718718594	0.18825669706959589	1.0	1.0	2.0
99200000	0.9074606328739525	0.3726865356026811	1.0	1.0	2.0
99210000	1.7930137525829957	3.8348988536559316	1.0	1.0	2.0
99220000	2.094160668026783	0.7713965251647948	1.0	1.0	2.0
99230000	5.308149794465799	0.4422597349377361	1.0	1.0	2.0
99240000	1.1919163375807482	0.3324193815599023	1.0	1.0	2.0
99250000	0.4132614297737048	1.280122171551876	1.0	1.0	2.0
99260000	0.49940808212419785	0.022365439541705296	1.0	1.0	2.0
99270000	2.6665803487019812	0.5063996185805666	1.0	1.0	2.0
99280000	4.4643282116358	1.0284356449887098	1.0	1.0	2.0
99290000	1.474747015679714	0.01409557718053197	1.0	1.0	2.0
99300000	4.109767804195155	0.5603154613231464	1.0	1.0	2.0
99310000	0.7252851453723321	0.3484346556010107	1.0	1.0	2.0
99320000	0.5442111021436578	0.06798989428859621	1.0	1.0	2.0
99330000	1.602374698425861	0.9116021516206214	1.0	1.0	2.0
99340000	2.189975832439539	1.090121379764835	1.0	1.0	2.0
99350000	0.6852011991433521	0.09827543663456385	1.0	1.0	2.0
99360000	1.9891336045431525	1.5376202016394425	1.0	1.0	2.0
99370000	0.7554640380442109	0.1562538261940304	1.0	1.0	2.0
99380000	0.9447157211985429	0.8267150716624211	1.0	1.0	2.0
99390000	0.7724281841461366	0.16561411256432193	1.0	1.0	2.0
99400000	0.6956531999809555	0.1257748567269542	1.0	1.0	2.0
99410000	1.8762488651726488	1.7408913543048297	1.0	1.0	2.0
99420000	0.9984373557433729	0.2564150501013326	1.0	1.0	2.0
99430000	1.1160672243166139	0.10360525824214331	1.0	1.0	2.0
99440000	0.201079792155681	0.697644834142698	1.0	1.0	2.0
99450000	0.5365251987340968	1.1993962302269061	1.0	1.0	2.0
99460000	0.24094222832765144	0.07235778639540022	1.0	1.0	2.0
99470000	1.3483966831078091	0.0077884650030177575	1.0	1.0	2.0
99480000	2.0685847543862255	1.7365651195788785	1.0	1.0	2.0
99490000	0.7783508015661179	0.2810711734711407	1.0	1.0	2.0
99500000	0.18081913304914715	0.01696851971927326	1.0	1.0	2.0
99510000	0.5437028770337763	0.23139935918363289	1.0	1.0	2.0
99520000	1.9893644325152604	1.7296136001018123	1.0	1.0	2.0
99530000	0.03945405779874562	0.10887795312268304	1.0	1.0	2.0
99540000	2.4168395009655304	0.017627997711775926	1.0	1.0	2.0
99550000	0.9421948949681233	0.06799704874063925	1.0	1.0	2.0
99560000	1.522750857139825	0.13418128141979263	1.0	1.0	2.0
99570000	0.2725436967589114	0.01048340400464754	1.0	1.0	2.0
99580000	0.573323220369423	0.4063321560960549	1.0	1.0	2.0
99590000	0.8087066502318578	0.5253376425046423	1.0	1.0	2.0
99600000	2.4301866883209122	0.556792625125043	1.0	1.0	2.0
99610000	1.012875063345548	0.14031464887306508	1.0	1.0	2.0
99620000	0.30297332015632467	0.14920068088622185	1.0	1.0	2.0
99630000	0.9417601773776928	0.14484446024830308	1.0	1.0	2.0
99640000	3.3742311053729757	1.1121061638294967	1.0	1.0	2.0
99650000	0.909558763446	0.2722638362487826	1.0	1.0	2.0
99660000	1.4477137866253547	0.04616282505513747	1.0	1.0	2.0
99670000	3.910456595955403	1.7106547207543796	1.0	1.0	2.0
99680000	0.1127126439472134	0.516553271479969	0.0	1.0	1.0
99690000	1.0858868329629947	0.487778961982062	1.0	1.0	2.0
99700000	0.23023642338565012	0.1865416001842469	1.0	1.0	2.0
99710000	0.4697634825307962	0.11378247668204715	1.0	1.0	2.0
99720000	0.12733154246461292	0.11423720379608805	1.0	1.0	2.0
99730000	0.6381634454416854	0.5932881589505641	1.0	1.0	2.0
99740000	4.845667332443264	2.5417857907942367	1.0	1.0	2.0
99750000	2.2335798162970706	0.0982247736925998	1.0	1.0	2.0
99760000	0.7851911187712829	0.6024243655196352	1.0	1.0	2.0
99770000	2.2607363293452787	0.06052247648622276	1.0	1.0	2.0
99780000	0.31341471114428054	2.7472570408951724	1.0	1.0	2.0
99790000	1.7978194613038432	0.9418181471892763	1.0	1.0	2.0
99800000	0.9076868743080813	1.1851863591146778	1.0	1.0	2.0
99810000	0.7146937014510722	0.20567992628926604	1.0	1.0	2.0
99820000	0.6871345874186128	1.129924240174651	1.0	1.0	2.0
99830000	1.7495897237402782	0.06662559331586658	1.0	1.0	2.0
99840000	0.18181333299044988	0.0918567238981635	1.0	1.0	2.0
99850000	3.1614362073436655	1.7968920562706945	1.0	1.0	2.0
99860000	1.2995421032553462	0.03589618659510324	1.0	1.0	2.0
99870000	1.2809217910278785	0.023610560322459413	1.0	1.0	2.0
99880000	0.5615735189941955	0.059299479595982196	1.0	1.0	2.0
99890000	0.15604097605017442	0.13997846953485948	1.0	1.0	2.0
99900000	0.15825965179489024	0.6665470060112526	1.0	1.0	2.0
99910000	2.570929753108386	1.1113953970117434	1.0	1.0	2.0
99920000	1.053693901484366	0.4158623577757467	1.0	1.0	2.0
99930000	0.15389070236979396	0.17368012785488818	1.0	1.0	2.0
99940000	3.6410628807992884	1.6630295696475532	1.0	1.0	2.0
99950000	2.3022782484942654	0.7303658339638459	1.0	1.0	2.0
99960000	0.9578313314649258	0.020484087560406025	1.0	1.0	2.0
99970000	0.460998503916537	0.2234311005832442	1.0	1.0	2.0
99980000	3.1481562828350373	0.20990986538662243	1.0	1.0	2.0
99990000	1.7736887282337266	0.06991589010249316	1.0	1.0	2.0
100000000	2.514102792090634	0.6184174633941703	1.0	1.0	2.0
