# BEAST v10.5.0
# Generated Thu Apr 09 16:31:01 BRT 2026 [seed=1775763060804]
# CDV_GTRG4_skygrid_strict_4traits.xml
state	host_1.rates.Carnivora.Primates	host_1.rates.Primates.Carnivora	host_1.indicators.Carnivora.Primates	host_1.indicators.Primates.Carnivora	host_1.nonZeroRates
0	1.0	1.0	1.0	1.0	2.0
10000	1.096778801456297	1.7195431781108412	1.0	1.0	2.0
20000	0.5972085817463101	0.29765539393576523	1.0	1.0	2.0
30000	0.9626427045606223	0.38833577296484684	1.0	1.0	2.0
40000	0.22734569391169668	0.23279708655869374	1.0	1.0	2.0
50000	2.5948807987425226	0.8937893329125153	0.0	1.0	1.0
60000	0.23928809956174105	5.642803711433022	1.0	1.0	2.0
70000	0.7699751103772783	1.6546185595860459	1.0	1.0	2.0
80000	0.1104087749621927	0.060889176277398496	1.0	1.0	2.0
90000	0.30383024312608103	0.1011435551722302	1.0	1.0	2.0
100000	1.4697859317640538	0.19829860082006592	1.0	1.0	2.0
110000	1.0054837356800324	0.4561640175559805	1.0	1.0	2.0
120000	0.9978390450278943	0.5717912758452005	1.0	1.0	2.0
130000	3.5120061728926237	7.754302413141335E-4	1.0	1.0	2.0
140000	1.3800683297875795	0.17892786705363525	1.0	1.0	2.0
150000	4.338581766130258	0.7339037853208019	1.0	1.0	2.0
160000	1.0522778775876276	0.5201786662667106	1.0	1.0	2.0
170000	1.8442162464698644	1.1071726365744148	1.0	1.0	2.0
180000	0.5259498705463169	0.03713315280873444	1.0	1.0	2.0
190000	0.09021123458055703	0.06566629140180151	1.0	1.0	2.0
200000	4.243906770589573	0.1233727446713875	1.0	1.0	2.0
210000	0.3321821969634413	0.5575086484956404	1.0	1.0	2.0
220000	1.2425425475374245	0.29122249286560065	1.0	1.0	2.0
230000	1.7158333532058594	2.8180816934230695	1.0	1.0	2.0
240000	0.23001878731530703	0.924970707074153	1.0	1.0	2.0
250000	0.6576570828939136	0.18491797662403717	1.0	1.0	2.0
260000	1.1389126661127447	0.7657438254193513	1.0	1.0	2.0
270000	1.1134969003914685	1.5161091540787424	1.0	1.0	2.0
280000	1.1925065017810665	1.4780846298866679	1.0	1.0	2.0
290000	0.2196656214495818	0.04924070093190549	1.0	1.0	2.0
300000	0.12325806457951176	0.2138926304181621	1.0	1.0	2.0
310000	0.34092636420984285	0.34536899287456563	1.0	1.0	2.0
320000	0.579718886859337	1.4807951095291716	1.0	1.0	2.0
330000	1.2965636001211496	0.9475005301531005	1.0	1.0	2.0
340000	0.9196877297829377	5.374399221048668	1.0	1.0	2.0
350000	0.3237926091940213	0.27728246228775155	1.0	1.0	2.0
360000	0.8837078448636342	0.8396013993792852	1.0	1.0	2.0
370000	4.205104560146002	3.233320033628988	1.0	1.0	2.0
380000	1.9215204154039105	0.03385022196562037	1.0	1.0	2.0
390000	1.003768454069895	0.3038559877297718	1.0	1.0	2.0
400000	0.5243679458029759	0.0172892675269334	1.0	1.0	2.0
410000	1.6574960512200332	1.829871904594837	1.0	1.0	2.0
420000	1.1732781583444618	1.0657536252328275	1.0	1.0	2.0
430000	0.2397242914548153	0.05458548572706047	1.0	1.0	2.0
440000	0.2365908356373421	0.7719565960845233	1.0	1.0	2.0
450000	0.477125934322664	0.6353883271084806	1.0	1.0	2.0
460000	1.0833608900442546	0.44001082739179803	1.0	1.0	2.0
470000	2.02761886388204	0.38907808391050364	1.0	1.0	2.0
480000	0.559640141947796	0.22204714951539817	1.0	1.0	2.0
490000	1.7170222152946994	0.2332671002872419	1.0	1.0	2.0
500000	0.4364356204014443	0.7823327663748129	1.0	1.0	2.0
510000	0.2979383871452331	0.9840674385357356	1.0	1.0	2.0
520000	0.944499415030841	2.025043260236533	1.0	1.0	2.0
530000	0.6084867065746626	0.2089012493185256	1.0	1.0	2.0
540000	0.3828284973124366	0.7755435273922199	1.0	1.0	2.0
550000	1.2379926516375017	0.3734327760965351	1.0	1.0	2.0
560000	0.2956416569157387	0.07975036868952023	1.0	1.0	2.0
570000	0.43800977283340714	0.40765956180719326	1.0	1.0	2.0
580000	1.7294744938809516	2.226082032905951	1.0	1.0	2.0
590000	0.2014196406881492	0.23851924535432492	1.0	1.0	2.0
600000	0.5448446504980581	0.956788811888546	1.0	1.0	2.0
610000	0.3703913652990671	0.09626794543479662	1.0	1.0	2.0
620000	5.505255528170794	0.09778107956566569	1.0	1.0	2.0
630000	0.9290423000476037	0.9957146770740415	1.0	1.0	2.0
640000	0.7514335464327838	0.9064320509897761	1.0	1.0	2.0
650000	4.153592673894518	0.30948760213284565	1.0	1.0	2.0
660000	3.245705757815989	0.24022218487280705	1.0	1.0	2.0
670000	0.10587184889863716	0.24572104612110884	1.0	1.0	2.0
680000	0.6631487449244953	0.06150076669580419	1.0	1.0	2.0
690000	2.7418910191430332	0.4638412103147712	1.0	1.0	2.0
700000	4.063271918880533	0.402425674100427	1.0	1.0	2.0
710000	0.8659189166236441	0.24997060811468627	1.0	1.0	2.0
720000	1.215596968979259	0.18353784128566084	1.0	1.0	2.0
730000	0.15809515879300323	0.048857445651657075	1.0	1.0	2.0
740000	1.0972917450365944	0.026123706887115437	1.0	1.0	2.0
750000	1.3017519779126212	0.4117571898280249	1.0	1.0	2.0
760000	1.4941257457767432	0.34968907745912653	1.0	1.0	2.0
770000	0.1497641320447139	0.35300412142466264	1.0	1.0	2.0
780000	1.5150912114110402	0.06377327041035658	1.0	1.0	2.0
790000	3.247414584187465	0.7419049254936668	1.0	1.0	2.0
800000	4.312030559489514	1.5025844645049535	1.0	1.0	2.0
810000	0.24615325702375115	0.04043887421227968	1.0	1.0	2.0
820000	3.4814273120442607	2.068037339175336	1.0	1.0	2.0
830000	0.9584539601965678	0.03921315917048517	1.0	1.0	2.0
840000	0.5986730947956959	0.11044141923383084	1.0	1.0	2.0
850000	3.1717086856099237	0.6516423855076241	1.0	1.0	2.0
860000	2.514333513796019	1.0658188871518548	1.0	1.0	2.0
870000	1.003694335921411	1.3216248888939666	1.0	1.0	2.0
880000	1.72819494329141	0.29907925284383835	1.0	1.0	2.0
890000	0.5521018686663817	0.6727581539672215	1.0	1.0	2.0
900000	1.731177674220564	2.074921217282541	1.0	1.0	2.0
910000	0.2840253389607789	0.0019964683795402763	1.0	1.0	2.0
920000	1.4967435694135744	0.6012696438088985	1.0	1.0	2.0
930000	0.036764260892489506	0.04544887959450195	1.0	1.0	2.0
940000	0.8465535994320373	0.8772163801448435	1.0	1.0	2.0
950000	5.740355254142323	1.1038450427070652	1.0	1.0	2.0
960000	1.1517992315724987	1.2106068462183657	1.0	1.0	2.0
970000	0.36906048487258364	0.15499211466500437	1.0	1.0	2.0
980000	1.7838439548134564	0.12352068815207476	1.0	1.0	2.0
990000	0.1793394490802515	2.280864533270165	1.0	1.0	2.0
1000000	1.6995198895187056	0.6119066190492631	1.0	1.0	2.0
1010000	0.3978687015960394	0.3622768622164035	1.0	1.0	2.0
1020000	0.7652915132123683	0.6821216644395863	1.0	1.0	2.0
1030000	0.9350662314504645	1.2688058569894558	1.0	1.0	2.0
1040000	1.3610014298083797	0.0718803738589555	1.0	1.0	2.0
1050000	0.5386837764372782	0.06535109219565204	1.0	1.0	2.0
1060000	0.5750706343659876	0.027639929362157548	1.0	1.0	2.0
1070000	1.9939987103868928	0.47698444908715676	1.0	1.0	2.0
1080000	0.598818185986062	0.20860458525361883	1.0	1.0	2.0
1090000	1.6755385051454867	1.0639771210230815	1.0	1.0	2.0
1100000	0.40669917136939254	0.26189603300877895	1.0	1.0	2.0
1110000	4.711819790336776	0.4037026298494721	1.0	1.0	2.0
1120000	0.2449151545548849	0.33829211705849355	1.0	1.0	2.0
1130000	1.045736253040604	0.22447810532758747	1.0	1.0	2.0
1140000	0.9083572842091694	1.1288126660076794	1.0	1.0	2.0
1150000	2.7464555282376355	0.2667153253278959	1.0	1.0	2.0
1160000	0.8188900644073268	0.7955520713792181	1.0	1.0	2.0
1170000	1.619323994553828	1.2946774583105165	1.0	1.0	2.0
1180000	0.21246946356569327	0.3289291210496972	1.0	1.0	2.0
1190000	1.5901090347798472	0.9310256081817211	1.0	1.0	2.0
1200000	0.8626432259664863	0.08022423322653041	1.0	1.0	2.0
1210000	3.7381413046563376	0.4478497381967759	1.0	1.0	2.0
1220000	0.7305091270366719	0.37907663615336135	1.0	1.0	2.0
1230000	0.6417135439567014	0.025203716014853352	1.0	1.0	2.0
1240000	0.7010662833808716	1.4005896763303805	1.0	1.0	2.0
1250000	0.4872254496983871	0.7411097666736532	1.0	1.0	2.0
1260000	0.8107871494509983	1.6254491843387053	1.0	1.0	2.0
1270000	1.0304241005748462	0.19922879905147053	1.0	1.0	2.0
1280000	0.46383106664515505	0.691638197638342	1.0	1.0	2.0
1290000	3.070721319701179	0.3957156867542482	1.0	1.0	2.0
1300000	1.1416514872939412	1.2070308830750862	1.0	1.0	2.0
1310000	2.4055579743507423	0.4803073921356072	1.0	1.0	2.0
1320000	2.423987261300127	0.5727683804071605	1.0	1.0	2.0
1330000	1.6962088376788695	0.011628530590175224	1.0	1.0	2.0
1340000	1.8701641767130919	0.585069600998255	1.0	1.0	2.0
1350000	0.8271825121880573	0.3661162306193726	1.0	1.0	2.0
1360000	3.7817448522671513	0.05676417133625304	1.0	1.0	2.0
1370000	2.747401780649211	2.095158654801842	1.0	1.0	2.0
1380000	0.4616450634992708	0.1915965112956861	1.0	1.0	2.0
1390000	0.5792304468032695	0.36854235757189474	1.0	1.0	2.0
1400000	0.48302396406155124	0.3393374642205024	1.0	1.0	2.0
1410000	0.7638986117951655	0.30575801802256747	1.0	1.0	2.0
1420000	1.6033702682240554	1.7613450722194959	1.0	1.0	2.0
1430000	0.5977563212983089	0.4054405688050077	1.0	1.0	2.0
1440000	0.289201342661658	0.10603770849196548	1.0	1.0	2.0
1450000	0.4056123936546127	0.583074084346996	1.0	1.0	2.0
1460000	1.2021061616148443	0.1886794521634694	1.0	1.0	2.0
1470000	0.46664286329112414	0.015425969545833088	1.0	1.0	2.0
1480000	0.5946888303658218	0.3833742225585507	1.0	1.0	2.0
1490000	1.3226743658954132	0.018189697951162414	1.0	1.0	2.0
1500000	3.4326401122389516	0.5888921793019751	1.0	1.0	2.0
1510000	1.4411601546791244	0.5329281496208641	1.0	1.0	2.0
1520000	1.926521416038126	0.7470396326793083	1.0	1.0	2.0
1530000	0.18045604848339314	0.17202959397435866	1.0	1.0	2.0
1540000	1.726836983640709	0.8534027544565521	1.0	1.0	2.0
1550000	1.9161865485929506	0.22154819114084154	1.0	1.0	2.0
1560000	0.8560044849990206	0.14438182386704426	1.0	1.0	2.0
1570000	1.5254718466398403	0.6600832622283425	1.0	1.0	2.0
1580000	0.7132706985508448	1.331817337320054	1.0	1.0	2.0
1590000	1.8499592168470378	0.19760243024318638	1.0	1.0	2.0
1600000	0.3523588023425051	0.013063580545470405	1.0	1.0	2.0
1610000	0.9196082278164415	0.4270063668592042	1.0	1.0	2.0
1620000	0.8003521094955377	0.2405486087593055	1.0	1.0	2.0
1630000	1.255262390689581	0.5578017567314439	1.0	1.0	2.0
1640000	1.9729565209236601	1.4899965137845335	1.0	1.0	2.0
1650000	0.37487926362179086	0.661560517062714	1.0	1.0	2.0
1660000	0.6124117192981116	0.380642527243453	1.0	1.0	2.0
1670000	1.178744196662291	0.5554604730275806	1.0	1.0	2.0
1680000	3.0983471669525535	0.4636981363807681	1.0	1.0	2.0
1690000	0.6925305389572151	0.29032039743496724	1.0	1.0	2.0
1700000	1.3806754813683653	0.12146731501451492	1.0	1.0	2.0
1710000	4.5554446562061575	0.2668916668250403	1.0	1.0	2.0
1720000	0.6361038622618314	0.07539334383383807	1.0	1.0	2.0
1730000	0.9256989440709432	0.8243058391618261	1.0	1.0	2.0
1740000	1.5386626018397978	0.24384097827054416	1.0	1.0	2.0
1750000	0.7463560074742323	0.30848723710124454	1.0	1.0	2.0
1760000	0.03313102602928931	0.02254545140132532	1.0	1.0	2.0
1770000	1.4616649345982264	0.034162060125379055	1.0	1.0	2.0
1780000	2.4795438829905776	1.3077356207424582	1.0	1.0	2.0
1790000	0.9042079272830803	0.09818590357372846	1.0	1.0	2.0
1800000	0.26211769881161234	0.0654345693197035	1.0	1.0	2.0
1810000	0.809736864362229	0.03292286594743253	1.0	1.0	2.0
1820000	2.65452685905249	0.25047580474991477	1.0	1.0	2.0
1830000	1.8351322642898107	2.812847618602174	1.0	1.0	2.0
1840000	1.069380064951598	0.7218170427838992	1.0	1.0	2.0
1850000	0.625711434053993	0.78040514737016	1.0	1.0	2.0
1860000	0.4383095269700988	0.289191802184405	1.0	1.0	2.0
1870000	2.46614375736016	1.2159914411860424	1.0	1.0	2.0
1880000	1.1767292418096624	0.27096956245475967	1.0	1.0	2.0
1890000	2.3836097937616527	0.15557610900928057	1.0	1.0	2.0
1900000	1.7565232979116632	0.8418453311453725	1.0	1.0	2.0
1910000	0.6250639205640539	0.07832433933681836	1.0	1.0	2.0
1920000	0.5604345839745776	0.48734506672284506	1.0	1.0	2.0
1930000	0.45836186691317765	0.04150094296575654	1.0	1.0	2.0
1940000	0.7603909195724907	0.04446313436995452	1.0	1.0	2.0
1950000	3.1481520790880038	1.3179648511383988	1.0	1.0	2.0
1960000	3.219206433611845	0.5989734968274059	1.0	1.0	2.0
1970000	0.23469674828284412	0.6214705949046859	1.0	1.0	2.0
1980000	1.4030311510358828	1.468215817354037	1.0	1.0	2.0
1990000	3.3278771896704726	1.2759643740648903	1.0	1.0	2.0
2000000	0.4593051401773802	0.05799407576772703	1.0	1.0	2.0
2010000	1.0477864865210553	0.016080930895754977	1.0	1.0	2.0
2020000	1.1793701428020529	0.18688588192032116	1.0	1.0	2.0
2030000	2.699444497359223	0.2675698297914629	1.0	1.0	2.0
2040000	0.5822547218713919	0.06107836526312395	1.0	1.0	2.0
2050000	1.18755023655432	0.0818632703815239	1.0	1.0	2.0
2060000	0.6794870228554549	0.2751019781571763	1.0	1.0	2.0
2070000	1.5528983536921	0.023859102124227764	1.0	1.0	2.0
2080000	2.1228390651269335	0.5845043203896135	1.0	1.0	2.0
2090000	0.27381369208048756	0.3517115604058689	1.0	1.0	2.0
2100000	0.9008427427588268	0.10996007974310316	1.0	1.0	2.0
2110000	2.636291710413703	0.2112655552088961	1.0	1.0	2.0
2120000	1.462660830248616	0.13625186431079403	1.0	1.0	2.0
2130000	0.3782023454318731	0.42103664014413916	1.0	1.0	2.0
2140000	1.9071748436860172	0.16551454051157244	1.0	1.0	2.0
2150000	1.3186939581586807	0.13211681222299665	1.0	1.0	2.0
2160000	2.8376027010002103	0.016558022965701774	1.0	1.0	2.0
2170000	1.420619824414938	0.7887819550638372	1.0	1.0	2.0
2180000	3.0362428301334243	0.8391493640441934	1.0	1.0	2.0
2190000	2.8970193461888334	0.9013880294245613	1.0	1.0	2.0
2200000	1.593924918657289	5.458750702703738	0.0	1.0	1.0
2210000	0.2351441293557337	0.14925859183855764	1.0	1.0	2.0
2220000	1.5178816350258033	0.7820253904113302	1.0	1.0	2.0
2230000	1.1526777473610041	1.0491305115212688	1.0	1.0	2.0
2240000	0.7701316563536303	0.6877091515694796	1.0	1.0	2.0
2250000	0.5795413896296709	0.8052981801054381	1.0	1.0	2.0
2260000	0.5043915429010651	0.13217033291757657	1.0	1.0	2.0
2270000	4.664612629296555	0.04693861339665329	1.0	1.0	2.0
2280000	1.2092882507692688	2.0232027459202997	1.0	1.0	2.0
2290000	0.41977054131988367	0.12919365418639955	1.0	1.0	2.0
2300000	0.5399555871237545	0.41020143280294047	1.0	1.0	2.0
2310000	1.1955500420399454	0.2824315170141289	1.0	1.0	2.0
2320000	0.9915118072773534	0.650213458221166	1.0	1.0	2.0
2330000	0.4065832901882513	0.2075315837015283	1.0	1.0	2.0
2340000	5.109293998280165	0.16988876070457984	1.0	1.0	2.0
2350000	4.61707043852837	2.8325252582120193	1.0	1.0	2.0
2360000	0.6568978337273961	0.32224579216380594	1.0	1.0	2.0
2370000	0.8891234249526213	0.24635323341520307	1.0	1.0	2.0
2380000	0.6061440372059335	0.3608574471113452	1.0	1.0	2.0
2390000	0.23949226356430828	0.5554852586696927	1.0	1.0	2.0
2400000	0.39214528588597974	0.21207785119604164	1.0	1.0	2.0
2410000	0.42850428501947463	1.1043237828653394	1.0	1.0	2.0
2420000	1.7439951890707108	3.024157068916579	1.0	1.0	2.0
2430000	2.683592709517409	0.2039637159897766	1.0	1.0	2.0
2440000	3.4304966123840086	1.4599333331709705	1.0	1.0	2.0
2450000	0.7434705406728074	0.1396372664843083	1.0	1.0	2.0
2460000	0.9958487156846473	1.2452527245205989	1.0	1.0	2.0
2470000	0.24982583807862324	0.3087150160032693	1.0	1.0	2.0
2480000	0.3098424801140705	0.2827401946395843	1.0	1.0	2.0
2490000	3.0351398138663734	0.5716889287281024	1.0	1.0	2.0
2500000	0.7723401341833186	0.13276830691715102	1.0	1.0	2.0
2510000	0.9513949463588856	0.27595737794282316	1.0	1.0	2.0
2520000	1.315881720705574	0.1282963181659724	1.0	1.0	2.0
2530000	0.6868755105858434	0.6252092513473297	1.0	1.0	2.0
2540000	0.4421624823349546	0.7568331211126176	1.0	1.0	2.0
2550000	0.02216199826329631	0.016740320056091242	1.0	1.0	2.0
2560000	1.8909946631297148	0.2962115675100356	1.0	1.0	2.0
2570000	0.24594002295140607	0.10345509512945167	1.0	1.0	2.0
2580000	1.9191950780531273	0.22866564553597202	1.0	1.0	2.0
2590000	1.7658640867122177	0.13685461325027912	1.0	1.0	2.0
2600000	0.8306323681345764	0.017042605673055686	1.0	1.0	2.0
2610000	0.8801981035546632	0.08370631206609529	1.0	1.0	2.0
2620000	1.9855247525111572	0.38762005335032595	1.0	1.0	2.0
2630000	2.2023062938788276	0.6250813059361053	1.0	1.0	2.0
2640000	1.1203453381106212	0.3711281103456595	1.0	1.0	2.0
2650000	1.4709916610837066	0.948813551481458	1.0	1.0	2.0
2660000	4.264633629541798	0.06831433030302704	1.0	1.0	2.0
2670000	0.16881087748387677	0.014054475946331533	1.0	1.0	2.0
2680000	5.062655516310926	0.9837948833779445	1.0	1.0	2.0
2690000	0.6064840488143742	0.13089303791841433	1.0	1.0	2.0
2700000	0.41181697965997216	0.1712841291591211	1.0	1.0	2.0
2710000	0.642092116658473	0.9677633479669495	1.0	1.0	2.0
2720000	2.30193665848401	0.033622554712741844	1.0	1.0	2.0
2730000	1.1104698774985242	0.24171602293094976	1.0	1.0	2.0
2740000	0.9992061862455935	0.8964076907591364	1.0	1.0	2.0
2750000	0.37707109737664785	0.10515569785278386	1.0	1.0	2.0
2760000	0.15091646395478567	0.6358857724172826	1.0	1.0	2.0
2770000	0.6501905625736767	2.2873756721910268	1.0	1.0	2.0
2780000	2.292752355599316	0.05205442396753425	1.0	1.0	2.0
2790000	3.8689692477361772	0.488851107163719	1.0	1.0	2.0
2800000	0.5274438722637784	0.07029503778061003	1.0	1.0	2.0
2810000	0.4281556545878378	0.20876789280486524	1.0	1.0	2.0
2820000	0.9013415018695502	0.09000366691778332	1.0	1.0	2.0
2830000	0.8527118752768891	1.796157916514175	1.0	1.0	2.0
2840000	0.8891206962256315	0.18506250293952517	1.0	1.0	2.0
2850000	0.2027942810029017	0.23291229114369363	1.0	1.0	2.0
2860000	0.5070794775866951	0.585953998821571	1.0	1.0	2.0
2870000	2.8942898740742913	1.7512354865865893	1.0	1.0	2.0
2880000	1.2394233069602745	0.8317963474956427	1.0	1.0	2.0
2890000	0.3900575750070861	0.2353790955755749	1.0	1.0	2.0
2900000	1.3319887223377118	0.14852184938644186	1.0	1.0	2.0
2910000	1.1736885609571008	0.20451477961093031	1.0	1.0	2.0
2920000	0.2232282819723476	0.7041085194988634	1.0	1.0	2.0
2930000	2.150480489067061	0.3564331199073223	1.0	1.0	2.0
2940000	0.23537228762380424	0.1465139822086572	1.0	1.0	2.0
2950000	0.36319739421483843	0.054086513051095096	1.0	1.0	2.0
2960000	0.5246630664104663	0.5569317608955732	1.0	1.0	2.0
2970000	3.520702658411724	0.1495677374506077	1.0	1.0	2.0
2980000	0.43842598645040554	0.13334361002048517	1.0	1.0	2.0
2990000	0.730302706121198	0.49946732523856424	1.0	1.0	2.0
3000000	0.9497048965114856	0.535210809837111	1.0	1.0	2.0
3010000	0.3402994801283593	0.024663704279691473	1.0	1.0	2.0
3020000	0.9477011193710437	0.2763023557417351	1.0	1.0	2.0
3030000	0.6927646072402707	0.38469117550665266	1.0	1.0	2.0
3040000	0.9714070113570746	1.680302620709712	1.0	1.0	2.0
3050000	3.9084935609699496	1.3656318809978505	1.0	1.0	2.0
3060000	3.0846050443840687	0.28425347438741627	1.0	1.0	2.0
3070000	2.4299100731812175	0.1433401709734841	1.0	1.0	2.0
3080000	0.4285721125871314	0.23899009990712353	1.0	1.0	2.0
3090000	0.8081068943845718	0.4425387001924548	1.0	1.0	2.0
3100000	1.539172572227606	0.41476331996170485	1.0	1.0	2.0
3110000	0.5000269219606982	0.6555135834513615	1.0	1.0	2.0
3120000	2.3845710218003084	0.1990151141512808	1.0	1.0	2.0
3130000	0.810098745602365	0.6218403560489755	1.0	1.0	2.0
3140000	0.8316240421008364	1.0428963356857959	1.0	1.0	2.0
3150000	1.4353400673240224	0.6649497903378871	1.0	1.0	2.0
3160000	1.3425229164582335	0.3014839415626926	1.0	1.0	2.0
3170000	0.5389103940334554	0.5002629533119196	1.0	1.0	2.0
3180000	0.934017207441634	0.7255464051672069	1.0	1.0	2.0
3190000	0.47963650657270973	0.17104763977021178	1.0	1.0	2.0
3200000	0.6572179119256503	0.36589963925385255	1.0	1.0	2.0
3210000	2.0801588120283196	0.45523015031347425	1.0	1.0	2.0
3220000	1.3361101427681539	1.0985534996008794	1.0	1.0	2.0
3230000	0.7699971223647288	0.18922634936050692	1.0	1.0	2.0
3240000	1.6348376260467532	0.004756020434333592	1.0	1.0	2.0
3250000	0.19295467768448096	0.03047983777255211	1.0	1.0	2.0
3260000	0.6427297362161196	1.1368637736730816	1.0	1.0	2.0
3270000	3.3505976079166526	0.06863041275024735	1.0	1.0	2.0
3280000	0.30991729491479936	0.28121235171489356	1.0	1.0	2.0
3290000	1.3426682360307942	0.1464261154333258	1.0	1.0	2.0
3300000	1.1537656274421717	0.2066772559733426	1.0	1.0	2.0
3310000	0.7911385313267428	1.246878217366346	1.0	1.0	2.0
3320000	2.8346308671130878	2.712523675389786	1.0	1.0	2.0
3330000	0.8821803699070089	0.22378207020152902	1.0	1.0	2.0
3340000	1.0118557099840073	0.25878320308398933	1.0	1.0	2.0
3350000	1.9953964764242396	0.34224312189721173	1.0	1.0	2.0
3360000	0.88300474565224	0.44593489781117496	1.0	1.0	2.0
3370000	0.34958448688493227	0.23994180387153796	1.0	1.0	2.0
3380000	5.200484391664922	0.7663091224509408	1.0	1.0	2.0
3390000	1.384042628409512	1.2876570211874394	1.0	1.0	2.0
3400000	1.0004738797945147	0.05207188732787678	1.0	1.0	2.0
3410000	0.22059028756709592	0.2606333492204157	1.0	1.0	2.0
3420000	0.4584264628202062	0.19809876381317196	1.0	1.0	2.0
3430000	0.8274675848831157	0.059681658709819806	1.0	1.0	2.0
3440000	1.6873367955449048	5.3523403502609	1.0	1.0	2.0
3450000	0.4508602909609252	0.10131197868804025	1.0	1.0	2.0
3460000	1.6899384844631486	1.0738286512314927	1.0	1.0	2.0
3470000	0.8220694050889279	1.0837023780207604	1.0	1.0	2.0
3480000	1.8061792389262061	1.1769750436147104	1.0	1.0	2.0
3490000	0.6283160673524043	1.4122410220685977	1.0	1.0	2.0
3500000	0.5731884159956331	0.011585153253540667	1.0	1.0	2.0
3510000	1.848798179521759	1.757656144819803	1.0	1.0	2.0
3520000	0.19296894706596268	0.3296002744502531	1.0	1.0	2.0
3530000	0.36247320294241175	0.7379451448139053	1.0	1.0	2.0
3540000	1.7619807101456253	0.33565683570799215	1.0	1.0	2.0
3550000	0.586996646338299	0.3782935364173834	1.0	1.0	2.0
3560000	0.5829017060310019	1.5513493154912894	1.0	1.0	2.0
3570000	1.692148182872583	0.5520295439867207	1.0	1.0	2.0
3580000	2.9645967439581233	0.20428045204517398	1.0	1.0	2.0
3590000	0.230343655496209	0.08390281952900237	1.0	1.0	2.0
3600000	0.9929911932578585	0.3051051993104592	1.0	1.0	2.0
3610000	3.0219950407844856	1.726951219727514	1.0	1.0	2.0
3620000	1.9024958266117706	0.6266093593367282	1.0	1.0	2.0
3630000	0.09750454588859221	0.06812887610080941	1.0	1.0	2.0
3640000	1.896328998233406	0.07469540889437679	1.0	1.0	2.0
3650000	0.38253343643328147	0.2215675073529221	1.0	1.0	2.0
3660000	0.11806868568234818	0.17661428497267193	1.0	1.0	2.0
3670000	0.31205560640803465	0.07676532187375028	1.0	1.0	2.0
3680000	2.9215121011878136	0.3617952181578317	1.0	1.0	2.0
3690000	0.17854907102924167	0.34069042775627273	1.0	1.0	2.0
3700000	0.6349159506152693	0.33406294196311576	1.0	1.0	2.0
3710000	0.8281369644739648	0.2981310174642529	1.0	1.0	2.0
3720000	1.220988505483227	1.6482468718775025	1.0	1.0	2.0
3730000	0.6408956418596067	0.5165669271043554	1.0	1.0	2.0
3740000	3.616977355838761	0.2955161661585271	1.0	1.0	2.0
3750000	0.04723194810856911	0.4346234575397578	1.0	1.0	2.0
3760000	1.1450010455199515	3.532516601311005	1.0	1.0	2.0
3770000	3.3310072145643956	0.09692882791452663	1.0	1.0	2.0
3780000	0.4304123330376267	0.001486192365246349	1.0	1.0	2.0
3790000	1.110494875059429	0.12958969483619354	1.0	1.0	2.0
3800000	2.841953329796398	0.1407696441554404	1.0	1.0	2.0
3810000	0.17232756388844397	0.2855867168182965	1.0	1.0	2.0
3820000	1.8848790380743874	0.7997032745480609	1.0	1.0	2.0
3830000	2.623908343569743	0.3970371659703115	1.0	1.0	2.0
3840000	0.47869917512499705	0.24812324677466605	1.0	1.0	2.0
3850000	0.3379328172506117	0.07063574986033225	1.0	1.0	2.0
3860000	2.2402992862757474	1.0085570971359206	1.0	1.0	2.0
3870000	0.7409624535081216	1.4322156217730044	1.0	1.0	2.0
3880000	1.5096519072595893	1.0486869489912423	1.0	1.0	2.0
3890000	1.4729132883445728	0.15305984373435635	1.0	1.0	2.0
3900000	0.7145174143072388	0.18365259465178563	1.0	1.0	2.0
3910000	1.5331818075465633	0.3256160762438446	1.0	1.0	2.0
3920000	6.587638157664301	0.10239054158094987	1.0	1.0	2.0
3930000	0.1040148747527219	0.31035096567912174	1.0	1.0	2.0
3940000	0.12324894483248165	0.09886569339017648	1.0	1.0	2.0
3950000	0.7464359017592094	0.4204968704407194	1.0	1.0	2.0
3960000	0.14225126168084626	0.14006944989144748	1.0	1.0	2.0
3970000	0.7829363852919685	1.0502270353584402	1.0	1.0	2.0
3980000	1.4891189153665136	0.3829967143029627	1.0	1.0	2.0
3990000	2.0681746345859024	0.9538460237105678	1.0	1.0	2.0
4000000	0.34998205493169104	0.670726732405187	1.0	1.0	2.0
4010000	2.4125784611886547	0.08826237876687709	1.0	1.0	2.0
4020000	3.167133165289799	0.9014307073609584	1.0	1.0	2.0
4030000	1.4004692391461764	0.07607268675640781	1.0	1.0	2.0
4040000	2.1606648436650335	0.1590832177731917	1.0	1.0	2.0
4050000	0.8191239383443842	0.6917436409434472	1.0	1.0	2.0
4060000	1.0456391973610688	0.2890172786249971	1.0	1.0	2.0
4070000	0.5162255270432413	0.8484191024282228	1.0	1.0	2.0
4080000	3.070785537967593	0.061782770913829124	1.0	1.0	2.0
4090000	1.614705879640079	0.5455914051775801	1.0	1.0	2.0
4100000	0.4083806341821565	0.16627278234636025	1.0	1.0	2.0
4110000	1.0410410457822274	0.7202843212682672	1.0	1.0	2.0
4120000	1.2524895196440644	0.7623472207997699	1.0	1.0	2.0
4130000	0.591686483287155	0.052610888022235805	1.0	1.0	2.0
4140000	0.5994296844600909	0.30050140881526377	1.0	1.0	2.0
4150000	5.104906970854551	0.3576269892907598	1.0	1.0	2.0
4160000	1.2251151341636393	0.20656575363354898	1.0	1.0	2.0
4170000	0.6507969438596268	0.010864682293990213	1.0	1.0	2.0
4180000	0.34929460423563957	1.2886109044708083	1.0	1.0	2.0
4190000	0.8618180292238559	0.37217101784690065	1.0	1.0	2.0
4200000	2.4403785283821886	0.28939720019932164	1.0	1.0	2.0
4210000	1.215221037751416	0.3256112134794126	1.0	1.0	2.0
4220000	0.7832924825210974	0.13371512577103017	1.0	1.0	2.0
4230000	0.42436296817587393	0.0580120047975578	1.0	1.0	2.0
4240000	0.6855074881191807	0.1859960069221921	1.0	1.0	2.0
4250000	1.0436360315690711	0.7232186182984435	1.0	1.0	2.0
4260000	2.1453965659479923	0.7121366957105699	1.0	1.0	2.0
4270000	1.1712943057012364	0.15775527255044258	1.0	1.0	2.0
4280000	0.8493379302237796	0.502778601001722	1.0	1.0	2.0
4290000	0.726768587876187	0.2549964917646719	1.0	1.0	2.0
4300000	0.38471908335878735	0.07236294315395299	1.0	1.0	2.0
4310000	3.699230705185754	0.7827028908925449	1.0	1.0	2.0
4320000	0.4581269984444461	0.4989766572445578	1.0	1.0	2.0
4330000	0.7712590583750148	0.488278815438829	1.0	1.0	2.0
4340000	1.0192723176366794	0.21146205678777535	1.0	1.0	2.0
4350000	0.7544773726880516	0.10805288446839846	1.0	1.0	2.0
4360000	0.47364305118074385	1.2641169371064278	1.0	1.0	2.0
4370000	4.768877078201978	0.519940939020374	1.0	1.0	2.0
4380000	0.1547327004933407	0.10771450217512167	1.0	1.0	2.0
4390000	2.1766596282501554	1.1404451887040064	1.0	1.0	2.0
4400000	0.4337534176712272	0.7286521735445431	1.0	1.0	2.0
4410000	0.06223553023136517	0.4423900582549031	1.0	1.0	2.0
4420000	0.6088725726802106	0.0691532070394096	1.0	1.0	2.0
4430000	0.9413974490810226	0.5774519841171181	1.0	1.0	2.0
4440000	0.3040611128292985	0.05033552775220832	1.0	1.0	2.0
4450000	1.9443777636971893	2.5791266148441667	1.0	1.0	2.0
4460000	1.293884081175589	0.004119763618355684	1.0	1.0	2.0
4470000	2.0991212456206623	0.12119685369729864	1.0	1.0	2.0
4480000	1.264224175705796	0.8850081035612191	1.0	1.0	2.0
4490000	1.4531004017266205	3.458540538609404	1.0	1.0	2.0
4500000	0.061700315768599225	0.02620482627186203	1.0	1.0	2.0
4510000	0.32832101111359263	0.24745079691871266	1.0	1.0	2.0
4520000	0.9250201074467813	0.036969545603426586	1.0	1.0	2.0
4530000	0.4878751776091037	0.2512611284843011	1.0	1.0	2.0
4540000	4.355189973453939	0.18099955394824546	1.0	1.0	2.0
4550000	0.3057971375305507	1.207291678348769	1.0	1.0	2.0
4560000	2.1517152218806013	0.023445187481649848	1.0	1.0	2.0
4570000	1.6386164321425793	0.11176356235016441	1.0	1.0	2.0
4580000	1.3705767425024482	1.2730001594564213	1.0	1.0	2.0
4590000	1.8112336311417516	0.7261203615498929	1.0	1.0	2.0
4600000	0.5605807739045747	0.6116395738375402	1.0	1.0	2.0
4610000	1.3780950802570335	0.012235919270249872	1.0	1.0	2.0
4620000	2.356389736512432	0.3027655806416169	1.0	1.0	2.0
4630000	0.8563541234991215	3.3121568223078928	1.0	1.0	2.0
4640000	1.3669336836570902	1.0587274754111444	1.0	1.0	2.0
4650000	1.441206157333953	0.34040386231028996	1.0	1.0	2.0
4660000	1.4195902122365243	0.3273851365128237	1.0	1.0	2.0
4670000	0.47149732290096075	0.4837122702114469	1.0	1.0	2.0
4680000	0.7289399568662807	0.0914837951161853	1.0	1.0	2.0
4690000	2.971224506421706	0.376180075458367	1.0	1.0	2.0
4700000	0.155022111708672	0.08988154142460243	1.0	1.0	2.0
4710000	0.646365815738375	0.3230270969071003	1.0	1.0	2.0
4720000	1.8114593887053299	0.21278326203766582	1.0	1.0	2.0
4730000	0.47721371422238734	0.665726376700285	1.0	1.0	2.0
4740000	2.2201458539980026	0.030633894134513593	1.0	1.0	2.0
4750000	0.5512407721000964	0.1981860851801925	1.0	1.0	2.0
4760000	2.962899908100615	1.6256288156323961	1.0	1.0	2.0
4770000	0.522978979342353	0.7500559297242007	1.0	1.0	2.0
4780000	0.7995344864385203	0.053596807618311385	1.0	1.0	2.0
4790000	0.2815962036901699	0.28449383366953024	1.0	1.0	2.0
4800000	0.2010160273114772	0.019047840922888623	1.0	1.0	2.0
4810000	1.371738553128239	1.282584133433956	1.0	1.0	2.0
4820000	0.7120908628724686	0.08233627819858892	1.0	1.0	2.0
4830000	0.9024181847620482	0.39377505905933025	1.0	1.0	2.0
4840000	3.1679334235285888	0.28354312670967136	1.0	1.0	2.0
4850000	1.3116905267209211	4.998742213053272	1.0	1.0	2.0
4860000	0.5841246175787549	0.026825130365861177	1.0	1.0	2.0
4870000	0.746831978985875	0.2865114027517719	1.0	1.0	2.0
4880000	1.3198293172390134	0.7841756468952379	1.0	1.0	2.0
4890000	0.4373438397024578	0.1593122492386902	0.0	1.0	1.0
4900000	1.531354291328924	0.31587125932971866	1.0	1.0	2.0
4910000	0.9755354266718677	0.5148793462423595	1.0	1.0	2.0
4920000	1.010946447877285	0.7743970235406904	1.0	1.0	2.0
4930000	1.577309656287841	0.12510361724012323	1.0	1.0	2.0
4940000	0.6196401927484823	0.1267370304553051	1.0	1.0	2.0
4950000	2.0501459181584414	1.8235956111950478	1.0	1.0	2.0
4960000	2.336216811525051	0.27400155587245073	1.0	1.0	2.0
4970000	1.8749111625361805	0.4898801022128302	1.0	1.0	2.0
4980000	1.6726540144604465	0.010766011987252817	1.0	1.0	2.0
4990000	1.4217003152250818	0.7311539119518784	1.0	1.0	2.0
5000000	2.1758868911114715	0.890426581409472	1.0	1.0	2.0
5010000	0.7636970995635017	0.19247679082640629	1.0	1.0	2.0
5020000	0.7468725845425453	1.2595932542013357	1.0	1.0	2.0
5030000	0.28126701065658666	0.11497276046165981	1.0	1.0	2.0
5040000	1.0827484015575362	0.517890244110621	1.0	1.0	2.0
5050000	0.2782377621159883	0.14036411919179442	1.0	1.0	2.0
5060000	0.3300173674016974	0.25114245248148276	1.0	1.0	2.0
5070000	0.4226497118397766	0.6520545462005134	1.0	1.0	2.0
5080000	0.7182495163208186	0.34414327835830655	1.0	1.0	2.0
5090000	1.088472261366124	0.1814301124898617	1.0	1.0	2.0
5100000	2.2847831344646754	2.2705981076375013	1.0	1.0	2.0
5110000	2.525970180355965	0.21577975895816198	1.0	1.0	2.0
5120000	0.48281650317033364	0.3268140580301442	1.0	1.0	2.0
5130000	1.4007397079741901	1.2539899614328214	1.0	1.0	2.0
5140000	5.005388486482784	1.375824966024652	1.0	1.0	2.0
5150000	2.2373733591792724	0.20276063164641425	1.0	1.0	2.0
5160000	1.8607656824307688	0.658786719527766	1.0	1.0	2.0
5170000	2.289501556784949	2.6152321675232626	1.0	1.0	2.0
5180000	0.5124489051474215	0.48488814049187895	1.0	1.0	2.0
5190000	1.7326949180930342	1.276326492450973	1.0	1.0	2.0
5200000	0.18384108313221328	0.2914185612839073	1.0	1.0	2.0
5210000	1.0580311352617635	0.01198399492880533	1.0	1.0	2.0
5220000	1.5240620047888902	0.19064167608701632	1.0	1.0	2.0
5230000	1.131249111816959	1.1483602843002159	1.0	1.0	2.0
5240000	0.6831981055514876	0.7132104377996507	1.0	1.0	2.0
5250000	0.9906716360122224	0.5251696760156124	1.0	1.0	2.0
5260000	4.372187853036668	3.5521564304476727	1.0	1.0	2.0
5270000	3.741891042553645	0.8426727886590685	1.0	1.0	2.0
5280000	0.36460572588349666	0.16440316418071335	1.0	1.0	2.0
5290000	0.48997812155842696	0.1970464530331145	1.0	1.0	2.0
5300000	0.3879329099320292	0.1837862780745195	1.0	1.0	2.0
5310000	0.9048767115886409	1.2168793687363197	1.0	1.0	2.0
5320000	0.48813855646028315	0.05064558317490329	1.0	1.0	2.0
5330000	1.937816696777139	0.036314941768930506	1.0	1.0	2.0
5340000	0.8463987140845165	2.3473806197190354	1.0	1.0	2.0
5350000	0.5587314597380291	0.12143172674678425	1.0	1.0	2.0
5360000	0.3540589450311592	0.818488954836727	1.0	1.0	2.0
5370000	1.4609353075741816	0.8602129603400699	1.0	1.0	2.0
5380000	1.006127432128542	0.0010426506129804297	1.0	1.0	2.0
5390000	0.6707876587903497	0.23048606263590982	1.0	1.0	2.0
5400000	0.9585006339141328	0.4641313883544465	1.0	1.0	2.0
5410000	2.94066550812604	0.5881646730714332	1.0	1.0	2.0
5420000	0.6460655637249817	1.4301414346887253	1.0	1.0	2.0
5430000	2.5444953554959993	0.5145252925449691	1.0	1.0	2.0
5440000	0.5858166796457015	0.008012956485426718	1.0	1.0	2.0
5450000	1.952956410699419	1.5247940144161067	1.0	1.0	2.0
5460000	0.4214604207306487	0.5602710824654702	1.0	1.0	2.0
5470000	1.329972341175427	0.011617910415545551	1.0	1.0	2.0
5480000	0.7894058806619748	0.3194544919351768	1.0	1.0	2.0
5490000	2.4948858498847355	0.026073802601716132	1.0	1.0	2.0
5500000	0.8136256899655318	0.35272607651632026	1.0	1.0	2.0
5510000	1.7551060976120207	0.6929252677288558	1.0	1.0	2.0
5520000	1.8793939194438822	0.05802502832768611	1.0	1.0	2.0
5530000	4.22538160551933	0.06900385821508555	1.0	1.0	2.0
5540000	0.8062564625428765	1.8900321236312243	1.0	1.0	2.0
5550000	1.4523699806707884	0.1387324272870426	1.0	1.0	2.0
5560000	0.17038771400122585	0.03295604907341342	1.0	1.0	2.0
5570000	0.3312493941158318	1.1557189151386995	1.0	1.0	2.0
5580000	0.7786272325446232	0.24431773571019302	1.0	1.0	2.0
5590000	1.7838847954907684	1.2748504815160426	1.0	1.0	2.0
5600000	1.401402854463801	0.34796885727485694	1.0	1.0	2.0
5610000	0.2008341670773772	0.034719040870058476	1.0	1.0	2.0
5620000	0.5583430558853887	0.5674000057902409	1.0	1.0	2.0
5630000	1.3145746338276512	0.7358751371859522	1.0	1.0	2.0
5640000	2.1534495609852735	0.9564757213422119	1.0	1.0	2.0
5650000	0.9981039020831933	0.2867284003701101	1.0	1.0	2.0
5660000	0.9778726200462889	0.03416786829335886	1.0	1.0	2.0
5670000	1.139815082972459	0.36341580490589376	1.0	1.0	2.0
5680000	0.6233346183329161	0.36002885559000253	1.0	1.0	2.0
5690000	0.28295633228490813	0.13622598554139553	1.0	1.0	2.0
5700000	1.4585168626623817	0.23980672578600956	1.0	1.0	2.0
5710000	1.8264404975623116	1.8872873561208596	1.0	1.0	2.0
5720000	1.76599356143404	0.11447837396357399	1.0	1.0	2.0
5730000	0.8973730395166158	0.08648917232697277	1.0	1.0	2.0
5740000	0.4322551470954145	0.7580667164112008	1.0	1.0	2.0
5750000	1.432929158175208	1.041213877652361	1.0	1.0	2.0
5760000	0.3367719318498611	0.011043244922632698	1.0	1.0	2.0
5770000	2.8885297474970226	1.37038094809857	1.0	1.0	2.0
5780000	1.351362233428177	0.4836455693394774	1.0	1.0	2.0
5790000	0.6779011369465261	0.23682696914212858	1.0	1.0	2.0
5800000	0.06625300008290824	0.23054956179623698	1.0	1.0	2.0
5810000	1.2393688666715286	0.30497911029926744	1.0	1.0	2.0
5820000	0.7563719294959945	0.28114855224250673	1.0	1.0	2.0
5830000	0.998728809894145	1.5675854088473924	1.0	1.0	2.0
5840000	1.9929258584879315	0.029125477634207978	1.0	1.0	2.0
5850000	0.6025059566966506	0.05958432741729161	1.0	1.0	2.0
5860000	0.8108542524846037	0.1108286973485104	1.0	1.0	2.0
5870000	0.6790752588032131	0.3016696691015776	1.0	1.0	2.0
5880000	3.126964164569098	0.2068109831009883	1.0	1.0	2.0
5890000	1.2116990790913258	0.33619404275125575	1.0	1.0	2.0
5900000	1.5406407945791318	0.03628134987454344	1.0	1.0	2.0
5910000	1.6335185253610467	0.7978128572431181	1.0	1.0	2.0
5920000	0.25220709373565303	0.04067348848963436	1.0	1.0	2.0
5930000	0.6809878862021346	1.8976092481189553	1.0	1.0	2.0
5940000	1.5036004980306352	0.3750851268451164	1.0	1.0	2.0
5950000	2.285570941942449	0.13932082546010874	1.0	1.0	2.0
5960000	0.49629221478515684	0.09911153628559205	1.0	1.0	2.0
5970000	3.5004491288111734	1.281734270135099	1.0	1.0	2.0
5980000	1.0925703172828667	0.5177808850135893	1.0	1.0	2.0
5990000	0.5090645154382119	0.20440202026418475	1.0	1.0	2.0
6000000	0.9682398641861393	0.6149651836593552	1.0	1.0	2.0
6010000	2.2407168555537074	0.0979767063618734	1.0	1.0	2.0
6020000	2.884087287432038	2.6504086914554255	0.0	1.0	1.0
6030000	1.8952043894900175	1.6221271758736653	1.0	1.0	2.0
6040000	1.5561538586152512	0.7657051629562793	1.0	1.0	2.0
6050000	2.955342170543539	0.121714920009081	1.0	1.0	2.0
6060000	1.5782238769718837	1.7963770073630017	1.0	1.0	2.0
6070000	1.0273094690675086	1.8359049848454458	1.0	1.0	2.0
6080000	0.7494008307676344	0.4075744751701479	1.0	1.0	2.0
6090000	0.9903810959297299	0.07429687763396589	1.0	1.0	2.0
6100000	0.19333934998591956	0.265643960239576	1.0	1.0	2.0
6110000	0.6799518571965021	0.11784949391442631	1.0	1.0	2.0
6120000	1.7713207540131355	1.4957524801366624	1.0	1.0	2.0
6130000	0.7245995823818036	0.2110545701396922	1.0	1.0	2.0
6140000	0.3664326313846529	0.13650689807052221	1.0	1.0	2.0
6150000	0.5030325106995175	0.20789298420333002	1.0	1.0	2.0
6160000	2.4819588024207326	0.26798926406224255	1.0	1.0	2.0
6170000	1.0057587220061597	1.0189958039562808	1.0	1.0	2.0
6180000	0.6054557119502761	0.20366433719851906	1.0	1.0	2.0
6190000	1.6493978921199939	1.222332016359219	1.0	1.0	2.0
6200000	1.8268549967124448	1.1336212053191999	1.0	1.0	2.0
6210000	0.6982158870904198	0.5702940302858047	1.0	1.0	2.0
6220000	0.25437317176871527	0.1267927161966695	1.0	1.0	2.0
6230000	4.268827481794066	1.249645866260182	1.0	1.0	2.0
6240000	1.8884695349257747	0.7903055452249792	1.0	1.0	2.0
6250000	2.475213038978621	1.4832624065981235	1.0	1.0	2.0
6260000	0.9221360057001923	0.7411463095332579	1.0	1.0	2.0
6270000	5.241188035631881	0.24903194457863748	1.0	1.0	2.0
6280000	1.1021916237954328	1.384398231479282	1.0	1.0	2.0
6290000	1.485533743499586	0.49271546431082214	1.0	1.0	2.0
6300000	0.5276241526901788	0.7183906914621968	1.0	1.0	2.0
6310000	1.5411831590248217	0.3776237101189406	1.0	1.0	2.0
6320000	1.5803759545344698	0.6086445931425932	1.0	1.0	2.0
6330000	1.018263837931982	0.038892839116030226	1.0	1.0	2.0
6340000	3.6691540179318167	0.0418107423409018	1.0	1.0	2.0
6350000	0.5991285112606185	0.1850047454333376	1.0	1.0	2.0
6360000	1.6578975160094638	0.8474931239982834	1.0	1.0	2.0
6370000	1.3462519061363796	0.13718961245660954	1.0	1.0	2.0
6380000	1.2015956189507195	0.6796148241932186	1.0	1.0	2.0
6390000	1.4896370754919979	0.7743222185834419	1.0	1.0	2.0
6400000	0.9327562278045661	0.06314354214600029	1.0	1.0	2.0
6410000	3.4044349448748856	0.3165103202790375	1.0	1.0	2.0
6420000	1.614512986833917	0.03583402407644243	1.0	1.0	2.0
6430000	0.6342554077670157	0.12423550766516485	1.0	1.0	2.0
6440000	1.3811757933001745	0.2050449439202562	1.0	1.0	2.0
6450000	2.7222513172736282	1.0297404984026939	1.0	1.0	2.0
6460000	1.1144090803353295	0.4752810619004117	1.0	1.0	2.0
6470000	0.9707674800931785	2.0633756539835635	1.0	1.0	2.0
6480000	1.4351859110645186	0.2728397392446955	1.0	1.0	2.0
6490000	1.9087006123101466	4.212215742209976	1.0	1.0	2.0
6500000	1.2969470966812124	0.23926165159976504	1.0	1.0	2.0
6510000	1.2892038395327146	2.029493591795102	1.0	1.0	2.0
6520000	1.402969725654258	0.5376852379064069	1.0	1.0	2.0
6530000	2.1540936663763506	2.655383927547088	1.0	1.0	2.0
6540000	1.6141378628063097	0.8879620687312496	1.0	1.0	2.0
6550000	0.6153711024888819	0.07029706158076321	1.0	1.0	2.0
6560000	0.7320965061978781	1.9187574202962545	1.0	1.0	2.0
6570000	0.16902487472474662	0.13474207724416998	1.0	1.0	2.0
6580000	0.6304572793006162	0.20600772849205948	1.0	1.0	2.0
6590000	1.8240136707672043	0.37056781334867817	1.0	1.0	2.0
6600000	1.713092356648314	1.1074081679924375	1.0	1.0	2.0
6610000	2.4192759375168285	0.6516386792423631	1.0	1.0	2.0
6620000	1.4995016786750968	1.554995778043696	1.0	1.0	2.0
6630000	0.6497039023669537	0.8414171084019353	1.0	1.0	2.0
6640000	0.3625979170544611	0.1360615844727814	1.0	1.0	2.0
6650000	0.7493283032632032	0.47038492434387813	1.0	1.0	2.0
6660000	1.6160246033760555	1.2076812762592997	1.0	1.0	2.0
6670000	1.1429465457008965	0.3234433680569149	1.0	1.0	2.0
6680000	1.46697532524411	0.37937198826357166	1.0	1.0	2.0
6690000	0.46040422268075304	0.3259133046961877	1.0	1.0	2.0
6700000	1.3753200628820712	3.6045851820991066	1.0	1.0	2.0
6710000	0.9288368785840622	0.4760306825362488	1.0	1.0	2.0
6720000	0.5165269164985056	0.1574864386705577	1.0	1.0	2.0
6730000	0.5696618893824711	0.37780004157323227	1.0	1.0	2.0
6740000	0.8655691155319333	0.4472492699927579	1.0	1.0	2.0
6750000	1.7041918280870996	0.006906642069116113	1.0	1.0	2.0
6760000	0.9540930156452977	0.7832318554083245	1.0	1.0	2.0
6770000	1.8646080265202483	0.4712615255085207	1.0	1.0	2.0
6780000	2.4644449310302208	1.7016613105912484	1.0	1.0	2.0
6790000	2.4184903973275516	0.19733675699129763	1.0	1.0	2.0
6800000	2.477468874866143	0.1546572042808857	1.0	1.0	2.0
6810000	0.42238356995483045	0.09207987625155703	1.0	1.0	2.0
6820000	0.39896961712609524	0.16310020498715067	1.0	1.0	2.0
6830000	0.7192827476781056	0.061148398349482665	1.0	1.0	2.0
6840000	2.9560190134127953	0.21835516139969027	1.0	1.0	2.0
6850000	2.064309293532941	0.5542882986144543	1.0	1.0	2.0
6860000	0.6832519614305341	0.38424010430325056	1.0	1.0	2.0
6870000	2.0151244782416033	0.6313527437404071	1.0	1.0	2.0
6880000	0.8351682967616452	0.23428554426094245	1.0	1.0	2.0
6890000	0.61575190809501	1.066949315211283	1.0	1.0	2.0
6900000	0.7671138388124089	0.4864582628765661	1.0	1.0	2.0
6910000	0.8390215324920286	0.08742078621866296	1.0	1.0	2.0
6920000	1.9266842470351202	1.6753890788617312	1.0	1.0	2.0
6930000	0.5537294442292321	0.03408541215526924	1.0	1.0	2.0
6940000	0.45354862940389257	0.550205427266361	1.0	1.0	2.0
6950000	3.7502808601043474	1.0101536811524638	1.0	1.0	2.0
6960000	1.151842165375024	0.14962383316031003	1.0	1.0	2.0
6970000	3.1032380720420325	0.09921429202770186	1.0	1.0	2.0
6980000	1.0944439342829493	0.7559276561139223	1.0	1.0	2.0
6990000	2.347607674096966	0.2982172360536232	1.0	1.0	2.0
7000000	0.15604342845601274	0.5853087681051977	1.0	1.0	2.0
7010000	0.7543373514790324	0.16590950670933877	1.0	1.0	2.0
7020000	0.7881037547112785	0.5356924348855491	1.0	1.0	2.0
7030000	0.6909770620969224	1.5122791899061327	1.0	1.0	2.0
7040000	0.446219738984465	0.1016767780000028	1.0	1.0	2.0
7050000	1.1750130378228036	0.8755480318000226	1.0	1.0	2.0
7060000	1.2359247516691994	0.5724076495464234	1.0	1.0	2.0
7070000	0.3923457055022283	1.031929672749459	1.0	1.0	2.0
7080000	0.610963052540076	0.5973761464483438	1.0	1.0	2.0
7090000	1.3521262253516346	1.1523538078058697	1.0	1.0	2.0
7100000	0.9571889144213428	0.6795280595054414	1.0	1.0	2.0
7110000	0.14548456714276375	0.09923538138226858	1.0	1.0	2.0
7120000	0.8478775810393805	1.3846896491384022	1.0	1.0	2.0
7130000	1.7998785477856163	0.9658467608495601	1.0	1.0	2.0
7140000	0.6997261699793024	0.48682779520756614	1.0	1.0	2.0
7150000	0.4714908186925157	0.22271808691586084	1.0	1.0	2.0
7160000	1.2397328669262484	0.004058061478840638	1.0	1.0	2.0
7170000	0.7117435450604097	0.3528740764347386	1.0	1.0	2.0
7180000	1.8929792748372567	0.5671285827017906	1.0	1.0	2.0
7190000	1.4768112485113936	0.6195287554866453	1.0	1.0	2.0
7200000	3.383835324672065	0.41924288695006656	1.0	1.0	2.0
7210000	1.2515506172461734	2.00212565699073	1.0	1.0	2.0
7220000	1.8842372997751011	0.6365717207569265	1.0	1.0	2.0
7230000	0.31603990800870363	0.7298801149273608	1.0	1.0	2.0
7240000	0.14004793051602285	0.017303586403245207	1.0	1.0	2.0
7250000	0.17159387006989116	0.01292718722734618	1.0	1.0	2.0
7260000	0.3591685034093799	0.1494594769552283	1.0	1.0	2.0
7270000	1.3072142835337195	0.4662010239491275	1.0	1.0	2.0
7280000	0.5895158067811919	0.15934401066221454	1.0	1.0	2.0
7290000	1.9805230140326784	0.0035356660818434966	1.0	1.0	2.0
7300000	1.0899377485409512	0.8653890846234784	1.0	1.0	2.0
7310000	0.9638431963309535	0.13154507665735563	1.0	1.0	2.0
7320000	1.238019253761564	0.5103303528593959	1.0	1.0	2.0
7330000	2.040775233869082	0.7642350149703598	1.0	1.0	2.0
7340000	0.17177873251934817	0.04034090212968769	1.0	1.0	2.0
7350000	1.5684117632303336	0.17308226231199625	1.0	1.0	2.0
7360000	0.7857502103417262	0.3985392382628843	1.0	1.0	2.0
7370000	1.8718694754842673	0.6688838146868258	1.0	1.0	2.0
7380000	0.7100177419490922	0.7252629483437233	1.0	1.0	2.0
7390000	3.3653715423480905	0.4149525123389804	1.0	1.0	2.0
7400000	1.1307999175770054	0.36302212602973966	1.0	1.0	2.0
7410000	2.7769709770485633	0.6250011131348278	1.0	1.0	2.0
7420000	1.03002307583253	0.32840761116380807	1.0	1.0	2.0
7430000	0.34365831374123845	0.40703719017163403	1.0	1.0	2.0
7440000	1.4011338132973628	0.23092626146234674	1.0	1.0	2.0
7450000	1.7338637581075145	2.4871722710840936	1.0	1.0	2.0
7460000	0.12152453721781299	0.062319951379775466	1.0	1.0	2.0
7470000	1.9409912724819303	0.16203286588454271	1.0	1.0	2.0
7480000	2.082732196437456	1.9305887498396392	1.0	1.0	2.0
7490000	0.03896879761323997	0.027196836703232256	1.0	1.0	2.0
7500000	2.7015950119726444	0.018120200089721577	1.0	1.0	2.0
7510000	0.5645919579836206	0.06406652885964076	1.0	1.0	2.0
7520000	1.4442754702588587	1.4607317371855078	1.0	1.0	2.0
7530000	0.43716199179125964	0.9278302104645832	1.0	1.0	2.0
7540000	0.7668911384415342	0.24315191445342188	1.0	1.0	2.0
7550000	1.052780425347689	0.6505941976595208	1.0	1.0	2.0
7560000	1.9828506469615235	0.73131436160199	1.0	1.0	2.0
7570000	0.7691256212619219	0.7657835905861446	1.0	1.0	2.0
7580000	0.7396751544162273	0.2768913312611251	1.0	1.0	2.0
7590000	0.4236711181807996	0.02555087538389009	1.0	1.0	2.0
7600000	0.6654220989939491	0.8017258829918674	1.0	1.0	2.0
7610000	0.2670726724422125	0.16855906483115596	1.0	1.0	2.0
7620000	1.2546791199938805	1.3882621319659327	1.0	1.0	2.0
7630000	2.3113357812681063	0.5004947347508545	1.0	1.0	2.0
7640000	0.654697637041704	0.052903011574908	1.0	1.0	2.0
7650000	0.8248854762853454	0.44772083506932375	1.0	1.0	2.0
7660000	0.26344921514610403	0.011881469121866705	1.0	1.0	2.0
7670000	0.86883610126062	0.20360636151204517	1.0	1.0	2.0
7680000	1.4924806594404427	0.12174609477754203	1.0	1.0	2.0
7690000	2.015658292827195	1.6480376814106563	1.0	1.0	2.0
7700000	0.4842821399645569	1.0424447035802296	1.0	1.0	2.0
7710000	0.4485972655455869	0.14114419844381934	1.0	1.0	2.0
7720000	2.278964747458625	0.1046363043874584	1.0	1.0	2.0
7730000	1.2334303954897756	1.1413173768456508	1.0	1.0	2.0
7740000	0.4710066299604552	0.060078477672035786	1.0	1.0	2.0
7750000	1.085738435779612	0.43026646836687177	1.0	1.0	2.0
7760000	1.2779802656339487	4.411868130659369	1.0	1.0	2.0
7770000	0.2666459616105751	0.1061147628869365	1.0	1.0	2.0
7780000	0.7770628421261179	0.8008502811680747	1.0	1.0	2.0
7790000	0.6017916907112946	0.19979729783415867	1.0	1.0	2.0
7800000	0.38179469839941776	0.35614049542379483	1.0	1.0	2.0
7810000	2.9682165675229695	0.2060964802141714	1.0	1.0	2.0
7820000	0.500066651295399	0.18515634075820603	1.0	1.0	2.0
7830000	1.4061078321499743	0.10890714742739606	1.0	1.0	2.0
7840000	0.5178708435111444	0.3470003685943459	1.0	1.0	2.0
7850000	1.4600192042960083	0.388730832388551	1.0	1.0	2.0
7860000	0.31649872606820273	0.34015355524094304	1.0	1.0	2.0
7870000	1.0068897633032097	1.0542082154899677	1.0	1.0	2.0
7880000	1.040532568482962	3.095794441328778	1.0	1.0	2.0
7890000	2.395878068556442	1.3715869007566013	1.0	1.0	2.0
7900000	0.010604307232918561	0.16960868712530566	1.0	1.0	2.0
7910000	1.5133491358885742	2.145340081139971	1.0	1.0	2.0
7920000	0.8219250873723551	0.26500859558251866	1.0	1.0	2.0
7930000	1.1667478094069357	0.9497309875412518	1.0	1.0	2.0
7940000	3.0282642704184557	2.9818219231556373	1.0	1.0	2.0
7950000	1.853559048039597	0.1095560198801045	1.0	1.0	2.0
7960000	3.5173712915809823	0.5048584761926579	1.0	1.0	2.0
7970000	1.7347520441177464	0.14994525108176454	1.0	1.0	2.0
7980000	1.2539475486254001	0.13685190572363695	1.0	1.0	2.0
7990000	0.8703492186713495	0.02285571608836836	1.0	1.0	2.0
8000000	1.0503689477346019	1.8280211965784507	1.0	1.0	2.0
8010000	4.011259456172119	0.8504087293637188	1.0	1.0	2.0
8020000	1.6980163005451243	0.34964092811971875	1.0	1.0	2.0
8030000	0.9043030180345607	1.8596811901805892	1.0	1.0	2.0
8040000	1.1959021157907135	1.4530220313727962	1.0	1.0	2.0
8050000	4.592903037143055	0.7275856440046322	1.0	1.0	2.0
8060000	0.44035559760365367	0.30155704492785684	1.0	1.0	2.0
8070000	1.7254405086970903	0.7159438717554001	1.0	1.0	2.0
8080000	1.977993602462832	0.08401051128241914	1.0	1.0	2.0
8090000	2.4936765406219457	1.204711415653828	1.0	1.0	2.0
8100000	2.7896549094163894	0.8625809639250321	1.0	1.0	2.0
8110000	3.1778013687333253	1.9645404529717605	1.0	1.0	2.0
8120000	0.8019763264090949	0.1924647705361716	1.0	1.0	2.0
8130000	1.240207175091038	0.13721357300801432	1.0	1.0	2.0
8140000	0.5460031476445111	0.7322440327786872	1.0	1.0	2.0
8150000	0.0953766504163999	0.029812077130302938	1.0	1.0	2.0
8160000	0.9187845668903127	0.21154844748524063	1.0	1.0	2.0
8170000	3.879945791867462	0.6948519056571516	1.0	1.0	2.0
8180000	0.8437334563423213	0.004385167687056044	1.0	1.0	2.0
8190000	0.08916132951043523	0.39807599529466065	1.0	1.0	2.0
8200000	0.5443086820928732	0.36941297883350827	1.0	1.0	2.0
8210000	1.6762620298114905	4.026975896713558	1.0	1.0	2.0
8220000	1.535475660046641	1.172317132384342	1.0	1.0	2.0
8230000	0.31932324274439955	0.3516058801946544	1.0	1.0	2.0
8240000	0.8878579571242035	0.23296983536804367	1.0	1.0	2.0
8250000	0.5040605046173617	0.9258615329151264	1.0	1.0	2.0
8260000	1.0527653891243869	0.07006812818108084	1.0	1.0	2.0
8270000	0.6490446500787173	0.21385837706890856	1.0	1.0	2.0
8280000	1.1833068691421478	2.0497935066183923	1.0	1.0	2.0
8290000	0.2776771790598539	0.42344825514545664	1.0	1.0	2.0
8300000	1.4885890078496524	1.1829793999429543	1.0	1.0	2.0
8310000	2.2631823004865996	0.2169465292780758	1.0	1.0	2.0
8320000	0.8384207259293	0.16224125534787745	1.0	1.0	2.0
8330000	0.42142302435658063	0.012339867325456897	1.0	1.0	2.0
8340000	2.356052639002223	0.6445230508359849	1.0	1.0	2.0
8350000	0.2120565938846562	0.2512239077700003	1.0	1.0	2.0
8360000	0.40897472941641944	1.7108588340657327	1.0	1.0	2.0
8370000	0.36627207845607207	0.9023255472553413	1.0	1.0	2.0
8380000	0.9749626704538273	0.09886394189131553	1.0	1.0	2.0
8390000	1.2976736585998483	0.5452571933538243	1.0	1.0	2.0
8400000	0.1863895256478455	0.27240149956236637	1.0	1.0	2.0
8410000	0.5224196160145294	0.18762386057293573	1.0	1.0	2.0
8420000	1.4070528264757387	0.3594718855183191	1.0	1.0	2.0
8430000	2.3541278079012713	0.6933719635986042	1.0	1.0	2.0
8440000	2.1864354671442565	1.3657382066590495	1.0	1.0	2.0
8450000	3.257798505797172	1.218104614713206	1.0	1.0	2.0
8460000	0.7859117651204047	1.0159332340682	1.0	1.0	2.0
8470000	0.8594805255611135	0.31383926959032965	1.0	1.0	2.0
8480000	2.364139566182254	0.31446277728614047	1.0	1.0	2.0
8490000	1.340959842628197	0.4347774905228201	1.0	1.0	2.0
8500000	0.5046218860370114	0.21458770989148784	1.0	1.0	2.0
8510000	0.8165695613552609	0.49550829010328634	1.0	1.0	2.0
8520000	1.6559926717355589	0.4612426354514826	1.0	1.0	2.0
8530000	1.7837370232212977	1.007073552494821	1.0	1.0	2.0
8540000	2.5756518740648926	0.4410861039820291	1.0	1.0	2.0
8550000	0.6284755329393531	0.09934521510821943	1.0	1.0	2.0
8560000	1.311680326935431	0.07781962006361194	1.0	1.0	2.0
8570000	0.46833889794350636	0.14523057355900476	1.0	1.0	2.0
8580000	0.9553198974645142	0.2785790879138776	1.0	1.0	2.0
8590000	0.7616179606836733	0.1784782423536988	1.0	1.0	2.0
8600000	0.06841234128816705	0.027097000995597906	1.0	1.0	2.0
8610000	1.6236496054902312	0.18881070881900097	1.0	1.0	2.0
8620000	1.7136767112000466	0.3197262477485637	1.0	1.0	2.0
8630000	1.461505349657913	1.4384324300397184	1.0	1.0	2.0
8640000	2.846274965580298	0.3713266101071705	1.0	1.0	2.0
8650000	0.6165301881722444	0.1589586695859183	1.0	1.0	2.0
8660000	0.7566307358101537	0.6728838469085049	1.0	1.0	2.0
8670000	0.6922897900144875	0.008097721495136233	1.0	1.0	2.0
8680000	0.7887439965698785	1.9514553630673257	1.0	1.0	2.0
8690000	1.0225782824387775	0.09409171573750494	1.0	1.0	2.0
8700000	2.122289695083177	0.13801129753922348	1.0	1.0	2.0
8710000	4.629274579321484	0.40277366141260734	1.0	1.0	2.0
8720000	3.1694346574473258	1.1178218039718972	1.0	1.0	2.0
8730000	2.3267031445055424	0.7166493903053757	1.0	1.0	2.0
8740000	0.5018288220811606	0.08575546079004372	1.0	1.0	2.0
8750000	0.43593076543538556	2.197073674333434	1.0	1.0	2.0
8760000	0.9409418012315944	0.14341533940425696	1.0	1.0	2.0
8770000	0.46060041372770916	0.43828448946160414	1.0	1.0	2.0
8780000	0.9269700360120581	0.14945303948631072	1.0	1.0	2.0
8790000	0.9366442081966257	4.081415079993236	1.0	1.0	2.0
8800000	1.0161128068836272	0.03420108617344959	1.0	1.0	2.0
8810000	0.20790906576485219	0.17690593823604922	1.0	1.0	2.0
8820000	0.40163849312838795	0.14333724579241724	1.0	1.0	2.0
8830000	1.3215511868254006	0.07825642088673752	1.0	1.0	2.0
8840000	0.7965388399063081	0.10896190011676216	1.0	1.0	2.0
8850000	0.61541206601077	0.007978872970868424	1.0	1.0	2.0
8860000	0.28076998452861474	0.2874741831838497	1.0	1.0	2.0
8870000	0.5709083134283849	0.9359273286947917	1.0	1.0	2.0
8880000	1.1284564620458468	0.45951362288669656	1.0	1.0	2.0
8890000	1.4715675332494238	0.23627228884313553	1.0	1.0	2.0
8900000	5.311121761826807	0.03537077575786308	1.0	1.0	2.0
8910000	0.5992008833400123	1.486332750100238	1.0	1.0	2.0
8920000	1.6651253941505133	1.095496017335808	1.0	1.0	2.0
8930000	0.3598646403930995	0.9006238167731803	1.0	1.0	2.0
8940000	6.377285774555998	1.584580550104178	1.0	1.0	2.0
8950000	2.4904783340416468	1.1186801572585519	1.0	1.0	2.0
8960000	0.09988209685896644	0.022901152305673255	1.0	1.0	2.0
8970000	3.119881649090065	1.2871359986850492	1.0	1.0	2.0
8980000	0.8999964941169066	0.9346863460336572	1.0	1.0	2.0
8990000	0.8929164580937807	0.33289950290752857	1.0	1.0	2.0
9000000	0.14175542377973874	0.25341814569862275	1.0	1.0	2.0
9010000	0.8993790396175679	0.09667574822816712	1.0	1.0	2.0
9020000	0.7886236712828671	0.060793372773633655	1.0	1.0	2.0
9030000	1.9946912885499413	0.21310728537329102	1.0	1.0	2.0
9040000	1.6788589122432795	0.0703668785595417	1.0	1.0	2.0
9050000	0.8946488375300433	0.39468696790383	1.0	1.0	2.0
9060000	0.6827021809277098	0.11042448053244826	1.0	1.0	2.0
9070000	0.7601502577041255	0.11166491401185566	1.0	1.0	2.0
9080000	1.7170898946603939	0.1532889943896625	1.0	1.0	2.0
9090000	0.2878116418761607	0.795150803752719	1.0	1.0	2.0
9100000	1.0212101101849498	2.959944576672801	1.0	1.0	2.0
9110000	1.7868405374894685	1.4226073380430233	1.0	1.0	2.0
9120000	0.19027077768898057	0.09448178738154143	1.0	1.0	2.0
9130000	0.9099852223451365	0.04647528471884502	1.0	1.0	2.0
9140000	1.20167517631996	0.24757598030988004	1.0	1.0	2.0
9150000	1.3245471638290494	0.5856708264206947	1.0	1.0	2.0
9160000	3.80486725684368	0.3077376770254116	1.0	1.0	2.0
9170000	1.0188910298240086	0.08928335146683264	1.0	1.0	2.0
9180000	2.9355215730362794	0.01742197460989671	1.0	1.0	2.0
9190000	3.0178406843688395	0.05979904585923845	1.0	1.0	2.0
9200000	0.49728403146634137	0.16757923788534274	1.0	1.0	2.0
9210000	2.5315604793736313	0.16352243311075404	1.0	1.0	2.0
9220000	1.172741751964947	0.41178692905169384	1.0	1.0	2.0
9230000	0.40730515745807194	0.21142110260158858	1.0	1.0	2.0
9240000	1.2834856432458015	0.02810396986685736	1.0	1.0	2.0
9250000	0.7854472202997816	0.08809312320733538	1.0	1.0	2.0
9260000	1.0911454024682525	0.18669268196981792	1.0	1.0	2.0
9270000	0.8852517432115621	0.1774402501513943	1.0	1.0	2.0
9280000	0.25003806200858747	0.04744033592321113	1.0	1.0	2.0
9290000	3.365318296166972	0.7726351969341692	1.0	1.0	2.0
9300000	2.9390680812754617	0.751818613691159	1.0	1.0	2.0
9310000	4.4170715677456505	0.23630706165900126	1.0	1.0	2.0
9320000	0.7595875909197312	0.21790880269194543	1.0	1.0	2.0
9330000	1.1308634355198572	0.28637404801490696	1.0	1.0	2.0
9340000	1.1663357477975937	0.1633023362116248	1.0	1.0	2.0
9350000	0.8347183880894858	0.9882925769687394	1.0	1.0	2.0
9360000	0.8146797149523016	0.11787348100316328	1.0	1.0	2.0
9370000	0.5377895171809923	0.23851638999758895	1.0	1.0	2.0
9380000	0.36866290926624296	0.12065991499099923	1.0	1.0	2.0
9390000	1.4724822620716636	3.3325833308911372	1.0	1.0	2.0
9400000	0.17465549446795867	0.7672262530739312	1.0	1.0	2.0
9410000	0.8492056285547966	0.04315633246814034	1.0	1.0	2.0
9420000	2.181062408478578	0.4127544308689796	1.0	1.0	2.0
9430000	4.820581769144229	0.49428360324432985	1.0	1.0	2.0
9440000	0.18825861457853663	0.08192742001179726	1.0	1.0	2.0
9450000	1.1840660561535938	0.11724799998956074	1.0	1.0	2.0
9460000	0.5174169695837656	0.41865151341243534	1.0	1.0	2.0
9470000	0.3396753651013813	1.2790440283787663	1.0	1.0	2.0
9480000	0.945389954310053	0.48750192301432965	1.0	1.0	2.0
9490000	1.0962808154261814	0.03048421785839237	1.0	1.0	2.0
9500000	2.678398216527765	0.20428190797049067	1.0	1.0	2.0
9510000	1.3395289587400958	0.26307985389457955	1.0	1.0	2.0
9520000	0.9238001475550114	0.26642037401434765	1.0	1.0	2.0
9530000	0.40312712880379886	0.3017170583803969	1.0	1.0	2.0
9540000	1.2915844053896535	0.5248818439397754	1.0	1.0	2.0
9550000	4.804372231447202	0.8536266354034429	1.0	1.0	2.0
9560000	0.0832958763774161	0.025968816645290233	1.0	1.0	2.0
9570000	0.049685158640767224	0.03609522455518841	1.0	1.0	2.0
9580000	0.9495997389020678	0.003689402141353375	1.0	1.0	2.0
9590000	0.7607677565817141	1.0521842365993792	1.0	1.0	2.0
9600000	1.558076701543345	0.5680878803641498	1.0	1.0	2.0
9610000	1.146897404329049	0.5438028881026901	1.0	1.0	2.0
9620000	4.263323131109769	0.4033060706324396	1.0	1.0	2.0
9630000	1.469230652541432	0.8383658785457647	1.0	1.0	2.0
9640000	1.7427219736062096	0.22732964867370856	1.0	1.0	2.0
9650000	0.19814813189816044	0.009770265481581492	1.0	1.0	2.0
9660000	1.4021572382569882	1.3621809081073428	1.0	1.0	2.0
9670000	1.75915476471929	0.17330494948420913	1.0	1.0	2.0
9680000	2.7841660929755294	0.7781405084688268	1.0	1.0	2.0
9690000	1.89348453153535	0.44659492623896196	1.0	1.0	2.0
9700000	0.7739469704802368	0.3590577695989997	1.0	1.0	2.0
9710000	0.358955032522817	0.20269164775435453	1.0	1.0	2.0
9720000	0.4610280751972095	0.213125688928956	1.0	1.0	2.0
9730000	4.043252354557826	0.34208292476773	1.0	1.0	2.0
9740000	1.7356319564703409	0.13690473608435674	1.0	1.0	2.0
9750000	1.3285735900494184	0.06504052102660099	1.0	1.0	2.0
9760000	0.7410097036736164	1.569851725663052	1.0	1.0	2.0
9770000	0.4396378810857635	0.2278439912869368	1.0	1.0	2.0
9780000	2.989418504302487	0.4215926966146028	1.0	1.0	2.0
9790000	2.156406728527616	2.0607303981601475	1.0	1.0	2.0
9800000	1.800473917190654	0.16336379056664624	1.0	1.0	2.0
9810000	3.9047894956334877	0.7262994377515753	1.0	1.0	2.0
9820000	0.43833147848546344	0.5640463255306674	1.0	1.0	2.0
9830000	0.6383740072737506	0.016278880178639484	1.0	1.0	2.0
9840000	3.8796552257165944	0.06875127882741147	1.0	1.0	2.0
9850000	1.2800562324033582	0.29788197982577375	1.0	1.0	2.0
9860000	0.18433807529489246	0.018608527682412456	1.0	1.0	2.0
9870000	0.22727638518258986	1.1002722751329985	1.0	1.0	2.0
9880000	2.6529023125657982	3.2938193263038147	1.0	1.0	2.0
9890000	0.2945719526585475	0.23548119677642107	1.0	1.0	2.0
9900000	3.789039856676394	0.3817235673255588	1.0	1.0	2.0
9910000	2.003064679039299	1.502962515724007	1.0	1.0	2.0
9920000	1.1723848923031368	1.5299233409931332	1.0	1.0	2.0
9930000	0.6156113129737585	0.003990838318868341	1.0	1.0	2.0
9940000	1.6998828590316168	0.1348170681780206	1.0	1.0	2.0
9950000	1.482851671753113	0.2832267269541855	1.0	1.0	2.0
9960000	0.4709072077663821	1.085650736959771	1.0	1.0	2.0
9970000	0.4626484336649796	0.4332168794438214	1.0	1.0	2.0
9980000	0.4520914490875264	0.6986031672524124	1.0	1.0	2.0
9990000	1.5569018334791387	0.5987549456511013	1.0	1.0	2.0
10000000	1.3172400169521785	0.36945924378499795	1.0	1.0	2.0
10010000	1.8228017442330546	0.06907637207210636	1.0	1.0	2.0
10020000	2.2493335356263535	1.0950340456228624	1.0	1.0	2.0
10030000	0.4553700016311664	0.7281834019512451	1.0	1.0	2.0
10040000	0.5590456220883174	1.3292270244359063	1.0	1.0	2.0
10050000	0.6092992674778062	0.48449529565129473	1.0	1.0	2.0
10060000	1.0562625596922512	0.9611759248421631	1.0	1.0	2.0
10070000	2.5392230349746203	0.3736340842036356	1.0	1.0	2.0
10080000	1.7792797917735088	0.47156343351012564	1.0	1.0	2.0
10090000	1.307978065364068	0.7848998525430617	1.0	1.0	2.0
10100000	0.9581257328668005	0.466244453134367	1.0	1.0	2.0
10110000	0.9799107076175626	2.099233637434449	1.0	1.0	2.0
10120000	0.45355631747833386	5.895341857037571E-4	1.0	1.0	2.0
10130000	0.34099586412840155	0.12598035147316874	1.0	1.0	2.0
10140000	1.7317116617745978	0.750430378569048	1.0	1.0	2.0
10150000	2.884834130124125	1.0409743781737484	1.0	1.0	2.0
10160000	0.251820825459963	0.3136041592280317	1.0	1.0	2.0
10170000	1.0565956707641133	1.0297967025701886	1.0	1.0	2.0
10180000	1.417834217883074	1.6308317181831269	1.0	1.0	2.0
10190000	0.6049914730770327	0.09089193459542821	1.0	1.0	2.0
10200000	0.9099245692173715	0.04675841305185822	1.0	1.0	2.0
10210000	0.37826586869102763	0.499049274949496	1.0	1.0	2.0
10220000	2.013551407720457	3.1807437787305326	1.0	1.0	2.0
10230000	2.293956603573561	1.3994807732942869	1.0	1.0	2.0
10240000	0.47069883098691334	0.2898121570751257	1.0	1.0	2.0
10250000	1.3294751662503737	0.14758237510236755	1.0	1.0	2.0
10260000	1.1007947928726758	0.146329180886251	1.0	1.0	2.0
10270000	1.3177001649844062	0.5741733913638041	1.0	1.0	2.0
10280000	0.6889173435566616	2.4990910360734455	1.0	1.0	2.0
10290000	2.321895624789544	0.8963210027866554	1.0	1.0	2.0
10300000	0.9696387815122556	0.134312923805817	1.0	1.0	2.0
10310000	4.3971022501655375	2.9743821129725783	1.0	1.0	2.0
10320000	1.2564218928748525	1.0612913534961823	1.0	1.0	2.0
10330000	0.6637700725370937	0.7014305250076003	1.0	1.0	2.0
10340000	1.5176014011904477	0.05762191677835766	1.0	1.0	2.0
10350000	1.6830544130328302	1.6596312527016532	1.0	1.0	2.0
10360000	3.4554791898417823	0.14596836340400213	1.0	1.0	2.0
10370000	1.9788191927440666	0.03265626433605696	1.0	1.0	2.0
10380000	0.5760530472698516	0.1490572777942832	1.0	1.0	2.0
10390000	2.5492242020689817	0.28733391833182687	1.0	1.0	2.0
10400000	1.676416025934133	0.5374011283436361	1.0	1.0	2.0
10410000	0.9415234728482438	0.5502684588437606	1.0	1.0	2.0
10420000	0.6595746607269386	1.1546384458160253	1.0	1.0	2.0
10430000	0.02591033787573083	0.03445671333170558	1.0	1.0	2.0
10440000	2.3649551579010413	1.5267164281736787	1.0	1.0	2.0
10450000	3.4554700249344728	0.24184708549207218	1.0	1.0	2.0
10460000	0.4129583735809983	0.24994723625224827	1.0	1.0	2.0
10470000	0.6130092591699692	1.7775213700198176	1.0	1.0	2.0
10480000	0.11359475257521515	0.032100760933237896	1.0	1.0	2.0
10490000	0.3151981391088906	0.07974366638061291	1.0	1.0	2.0
10500000	0.6494320983925662	0.543602106920465	1.0	1.0	2.0
10510000	0.5675195471381094	0.5273885871549624	1.0	1.0	2.0
10520000	0.3567718120750103	0.4213970359968137	1.0	1.0	2.0
10530000	1.3404932564782617	0.06331314835344665	1.0	1.0	2.0
10540000	0.8441787808836186	0.664543767188091	1.0	1.0	2.0
10550000	1.1991077598089699	1.181520292759123	1.0	1.0	2.0
10560000	0.2287822365720395	0.007233223326171466	1.0	1.0	2.0
10570000	2.8706103247665826	1.299334890919638	1.0	1.0	2.0
10580000	0.4616491784249983	0.6318918525453457	1.0	1.0	2.0
10590000	2.3756550807658385	0.15574034737786477	1.0	1.0	2.0
10600000	0.23010857052322023	0.10307138334230305	1.0	1.0	2.0
10610000	1.2204093659218012	0.055157878604371165	1.0	1.0	2.0
10620000	1.5020484654782142	0.4558550774998928	1.0	1.0	2.0
10630000	1.5800190593018217	0.3309640577746559	1.0	1.0	2.0
10640000	1.2637910029288646	0.15220960183703902	1.0	1.0	2.0
10650000	6.774499002784551	0.19426582400157802	1.0	1.0	2.0
10660000	5.173583315379259	1.1644141478094365	1.0	1.0	2.0
10670000	2.1289427991282346	0.5003616607792387	1.0	1.0	2.0
10680000	0.5382213775802377	1.4282684023926464	1.0	1.0	2.0
10690000	2.160886486801432	1.01905621587885	1.0	1.0	2.0
10700000	0.8136230611843714	0.5266417706333181	1.0	1.0	2.0
10710000	0.8082631952174107	0.1650467555837255	1.0	1.0	2.0
10720000	0.816614773845044	0.5551086152484722	1.0	1.0	2.0
10730000	1.525997190719679	0.34969242873990675	1.0	1.0	2.0
10740000	0.34520761947884276	0.3503841730425143	1.0	1.0	2.0
10750000	0.8803637658753446	0.23150009990212667	1.0	1.0	2.0
10760000	0.9280268514017119	0.4156574554211255	1.0	1.0	2.0
10770000	1.113014828547563	0.011202886606720709	1.0	1.0	2.0
10780000	0.2761838027875513	0.6158518881318092	1.0	1.0	2.0
10790000	2.3074282445669763	0.02197720063787644	1.0	1.0	2.0
10800000	0.679920031383075	0.05122725705607159	1.0	1.0	2.0
10810000	0.16548812429111798	0.01253751122540931	1.0	1.0	2.0
10820000	0.05195013511995932	0.026953945160320337	1.0	1.0	2.0
10830000	1.8736739364548254	0.12257556372518608	1.0	1.0	2.0
10840000	1.935431827434938	1.0787169603886115	1.0	1.0	2.0
10850000	0.6256354784629921	0.23032908828036194	1.0	1.0	2.0
10860000	0.8707950383059077	0.1420869134456511	1.0	1.0	2.0
10870000	1.1760757762493197	0.15547731012010765	1.0	1.0	2.0
10880000	2.1032665626972102	0.2810775459888333	1.0	1.0	2.0
10890000	0.12955967175715824	0.11866533289069682	1.0	1.0	2.0
10900000	0.5804111763793005	0.19994559843437296	1.0	1.0	2.0
10910000	0.9178033939879722	0.4119720319003521	1.0	1.0	2.0
10920000	0.796735922773412	1.8781816516937664	1.0	1.0	2.0
10930000	0.5800845470358142	2.654032412324014	1.0	1.0	2.0
10940000	0.8768930990837966	0.42093523784873754	1.0	1.0	2.0
10950000	3.1778412298067225	1.9877250950594394	1.0	1.0	2.0
10960000	0.7306464484616474	1.0251025431964156	1.0	1.0	2.0
10970000	1.9053199986060554	0.3363360619928992	1.0	1.0	2.0
10980000	1.2366874457237336	1.0537238015555237	1.0	1.0	2.0
10990000	1.3016908609063054	0.20841550414155588	1.0	1.0	2.0
11000000	0.5233893401124672	0.002803484482906568	1.0	1.0	2.0
11010000	3.977437201373535	0.7432526006599577	1.0	1.0	2.0
11020000	1.239886498774283	0.23773409495122005	1.0	1.0	2.0
11030000	0.8554347437109769	0.20250708685813745	1.0	1.0	2.0
11040000	2.248225940105325	1.1516487498218	1.0	1.0	2.0
11050000	1.0052027914318564	0.13975637656652426	1.0	1.0	2.0
11060000	1.4381898829578406	0.02629319177141596	1.0	1.0	2.0
11070000	0.06582258128549784	0.08551207777130937	1.0	1.0	2.0
11080000	1.255892615164813	0.11776368755146617	1.0	1.0	2.0
11090000	0.02082063354610995	0.10325619221403713	1.0	1.0	2.0
11100000	2.888909339317742	1.8343522819064422	1.0	1.0	2.0
11110000	1.4969921370985957	0.0274194721606634	1.0	1.0	2.0
11120000	1.301482172600051	0.3600329668606297	1.0	1.0	2.0
11130000	0.8947488925651261	0.7717480940129149	1.0	1.0	2.0
11140000	0.13153301426890812	0.1558585600963565	1.0	1.0	2.0
11150000	1.0465502139021927	0.03075981758482843	1.0	1.0	2.0
11160000	3.616068606279246	0.5883869570909057	1.0	1.0	2.0
11170000	4.343330856599171	0.5456859354420307	1.0	1.0	2.0
11180000	3.220940015695568	0.11917730080826075	1.0	1.0	2.0
11190000	2.8794178859453017	0.319226963255494	1.0	1.0	2.0
11200000	1.681369010086795	0.6010668626406251	1.0	1.0	2.0
11210000	1.5261488555170069	0.01938032731977005	1.0	1.0	2.0
11220000	1.2519435155622807	0.39250114290517296	1.0	1.0	2.0
11230000	0.7391487696921142	1.2765375906703622	1.0	1.0	2.0
11240000	4.232075999287364	0.5254567267365594	1.0	1.0	2.0
11250000	1.2972202928250307	0.2158858322694911	1.0	1.0	2.0
11260000	1.6726044459533047	0.8385225898838419	1.0	1.0	2.0
11270000	1.1867522316260455	0.30451421480637814	1.0	1.0	2.0
11280000	1.271710246847324	1.3274598873062666	1.0	1.0	2.0
11290000	1.2028922759342202	0.41754984028707376	1.0	1.0	2.0
11300000	5.892761598060005	0.39205864957645764	1.0	1.0	2.0
11310000	0.5838311689302069	0.16550616029903137	1.0	1.0	2.0
11320000	0.5476771083431338	0.1763015195199272	1.0	1.0	2.0
11330000	1.2104531661746865	0.2764731852971723	1.0	1.0	2.0
11340000	0.34471445169780085	0.30799361542095227	1.0	1.0	2.0
11350000	0.7482737661630317	0.6507046985219186	1.0	1.0	2.0
11360000	1.7386392215037494	0.9818505070493219	1.0	1.0	2.0
11370000	1.5049616545086304	1.0743083362205663	1.0	1.0	2.0
11380000	1.2189897476685732	0.5826527752451769	1.0	1.0	2.0
11390000	2.0227333687081606	0.194027799131243	1.0	1.0	2.0
11400000	0.4668905866348668	0.08005864201572233	1.0	1.0	2.0
11410000	1.1970553482339752	0.192334591487477	1.0	1.0	2.0
11420000	0.429324047403998	0.004799421315812035	1.0	1.0	2.0
11430000	1.5163352208881373	0.031788654865187525	1.0	1.0	2.0
11440000	1.9853269790898544	0.5920889645095375	1.0	1.0	2.0
11450000	1.8969908014685681	0.5447566523859831	1.0	1.0	2.0
11460000	0.3440145950670821	0.02778329125565229	1.0	1.0	2.0
11470000	1.2896644809275393	0.01062096562651778	1.0	1.0	2.0
11480000	3.091249981792761	2.1525486866696797	1.0	1.0	2.0
11490000	0.4666451675260105	0.5364759956679596	1.0	1.0	2.0
11500000	1.4649823070012635	0.8792812792378367	1.0	1.0	2.0
11510000	3.016539016982594	1.6271805052399824	1.0	1.0	2.0
11520000	0.47651878905137846	0.15341461106993726	1.0	1.0	2.0
11530000	1.0731286439101773	0.007515109084363388	1.0	1.0	2.0
11540000	0.14850893443825697	0.004458646759234323	1.0	1.0	2.0
11550000	0.3931949494699654	0.014066215798730497	1.0	1.0	2.0
11560000	0.23691361799586394	0.283122456427131	1.0	1.0	2.0
11570000	0.3423141250608088	0.1382020882463242	1.0	1.0	2.0
11580000	0.40710168088939447	0.7027866759049443	1.0	1.0	2.0
11590000	0.7991984044961474	0.08180678016540166	1.0	1.0	2.0
11600000	0.9543693757230879	0.29589032008046	1.0	1.0	2.0
11610000	0.7051857203271177	0.6763901009917529	1.0	1.0	2.0
11620000	1.7119305553654587	3.306737083948499	1.0	1.0	2.0
11630000	1.6803919501925664	0.18756733908987094	1.0	1.0	2.0
11640000	0.2111264908177185	0.17315694473326382	1.0	1.0	2.0
11650000	1.805839456653618	0.45026299199469433	1.0	1.0	2.0
11660000	1.6239660146142334	0.39908874601015054	1.0	1.0	2.0
11670000	1.167185873048524	0.45031735195937234	1.0	1.0	2.0
11680000	0.39594017436268547	0.10614254267885484	1.0	1.0	2.0
11690000	1.9702029265382395	0.9751521171650465	1.0	1.0	2.0
11700000	1.185931053138091	0.14214746805862502	1.0	1.0	2.0
11710000	0.7555280150899072	0.6435966410962287	1.0	1.0	2.0
11720000	0.7784957981869862	0.1315564282602958	1.0	1.0	2.0
11730000	4.650911099112333	0.35218821747472945	1.0	1.0	2.0
11740000	0.9697750034711655	0.09793325722543741	1.0	1.0	2.0
11750000	1.0635522184758786	0.6976965440831014	1.0	1.0	2.0
11760000	1.2092746010923692	0.07848155452252302	1.0	1.0	2.0
11770000	2.0146476907982205	0.938594817318905	1.0	1.0	2.0
11780000	1.1472908360788951	0.8755928467162628	1.0	1.0	2.0
11790000	0.9933148278881472	0.4087607531316486	1.0	1.0	2.0
11800000	1.831745918423192	0.6446675629790818	1.0	1.0	2.0
11810000	1.9083275290642105	2.8156634067768147	1.0	1.0	2.0
11820000	0.7432081270174472	0.19723210789184048	1.0	1.0	2.0
11830000	0.34533954017878493	0.05311916378115638	1.0	1.0	2.0
11840000	1.921443224381786	0.6937677150045639	1.0	1.0	2.0
11850000	4.898923802536728	0.0067130821957683915	1.0	1.0	2.0
11860000	1.430194817648025	0.4753591368453058	1.0	1.0	2.0
11870000	1.9425052094101904	0.7299819008422211	1.0	1.0	2.0
11880000	2.395622282170479	0.7401801813063235	1.0	1.0	2.0
11890000	0.7654864413700775	0.003998328555621706	1.0	1.0	2.0
11900000	1.1092980196264488	1.086462327904648	1.0	1.0	2.0
11910000	4.485947830069734	0.09061987579091432	1.0	1.0	2.0
11920000	1.7799996394456779	2.325078582566269	1.0	1.0	2.0
11930000	2.138078343906782	1.7570158052333282	1.0	1.0	2.0
11940000	0.25313737974126066	0.03218688406962847	1.0	1.0	2.0
11950000	2.5001850064867206	0.5762064755530799	1.0	1.0	2.0
11960000	2.0197849794251743	1.0075937821783152	1.0	1.0	2.0
11970000	0.20736964241794364	0.057273922987240954	1.0	1.0	2.0
11980000	2.510366531921694	0.4429441354502169	1.0	1.0	2.0
11990000	0.28007435508862333	0.11233834364070341	1.0	1.0	2.0
12000000	0.9193225002635197	1.201612864087417	1.0	1.0	2.0
12010000	1.4485977883522931	1.2155730860531562	1.0	1.0	2.0
12020000	0.2480728417730866	0.014288360843098393	1.0	1.0	2.0
12030000	1.9440446402701703	0.6250877177924182	1.0	1.0	2.0
12040000	1.6434804808247907	1.6237284222253283	1.0	1.0	2.0
12050000	1.9581569741691245	0.9530514686853826	1.0	1.0	2.0
12060000	2.7920626172542504	0.1585465562285498	1.0	1.0	2.0
12070000	1.1290864133084546	0.19209387185350757	1.0	1.0	2.0
12080000	0.5567703337892844	0.43856223195894056	1.0	1.0	2.0
12090000	1.2963261437821425	0.2284966372845037	1.0	1.0	2.0
12100000	2.254484538737867	1.8065937209752965	1.0	1.0	2.0
12110000	0.20190674036912987	0.13172829736859842	1.0	1.0	2.0
12120000	2.4092982518972805	1.2227022644342056	1.0	1.0	2.0
12130000	3.207930736003972	0.033234873358369194	1.0	1.0	2.0
12140000	0.7105769084132552	0.1913733443116744	1.0	1.0	2.0
12150000	1.8920854671244292	0.30856816437599643	1.0	1.0	2.0
12160000	3.353144393377352	0.017962699154810923	1.0	1.0	2.0
12170000	1.9884287580921878	0.6251972902754058	1.0	1.0	2.0
12180000	0.35703209237173833	0.5863014325737017	1.0	1.0	2.0
12190000	1.587041675450189	0.12058450331223163	1.0	1.0	2.0
12200000	1.4271962175742665	0.8435652998425792	1.0	1.0	2.0
12210000	0.3924581000415349	0.021736566419760673	1.0	1.0	2.0
12220000	1.3117763070388528	0.04519251032723924	1.0	1.0	2.0
12230000	0.7544687768756477	0.32338880076557097	1.0	1.0	2.0
12240000	1.359184535523084	1.1139328441162548	1.0	1.0	2.0
12250000	1.9709711672685744	1.221119288727193	1.0	1.0	2.0
12260000	0.4567060326752938	0.8002889593375357	1.0	1.0	2.0
12270000	0.4947799366184967	0.034821877907151334	1.0	1.0	2.0
12280000	1.2718238739427905	0.08193364892551631	1.0	1.0	2.0
12290000	3.189440474107853	2.9404096905743597	1.0	1.0	2.0
12300000	0.6972230511125426	0.8261121167770041	1.0	1.0	2.0
12310000	0.24854499372433508	0.34986650654065027	1.0	1.0	2.0
12320000	3.241935502118963	1.951935745166191	1.0	1.0	2.0
12330000	0.5366309714678383	0.03464764973101142	1.0	1.0	2.0
12340000	0.6665696419656578	0.053981030827691984	1.0	1.0	2.0
12350000	0.27802768733779804	0.003700454440949782	1.0	1.0	2.0
12360000	1.6931306826507901	0.6387612541549602	1.0	1.0	2.0
12370000	1.6567295373049304	0.017550627349138447	1.0	1.0	2.0
12380000	1.59376240589492	0.3498637977802225	1.0	1.0	2.0
12390000	1.9664123330965741	1.326091977932111	1.0	1.0	2.0
12400000	0.4044501489245154	0.7530642661703503	1.0	1.0	2.0
12410000	0.26833163294784945	0.008694304608684842	1.0	1.0	2.0
12420000	1.5895984304781248	1.40186553670719	1.0	1.0	2.0
12430000	1.276511449721802	0.050782959503781595	1.0	1.0	2.0
12440000	2.3456972817954402	0.2383785723956868	1.0	1.0	2.0
12450000	0.8842620469169776	0.40507827369291516	1.0	1.0	2.0
12460000	0.5666507675502481	0.5043682057574276	1.0	1.0	2.0
12470000	0.6494748962404024	0.026537370342601844	1.0	1.0	2.0
12480000	0.3974944026073927	0.1048589538413624	1.0	1.0	2.0
12490000	2.6510630959755264	0.7602469703639023	1.0	1.0	2.0
12500000	0.22677775219456697	0.6946891670403604	1.0	1.0	2.0
12510000	2.2101213096758894	0.6102111228915322	1.0	1.0	2.0
12520000	1.3017807875544314	0.2266574433473121	1.0	1.0	2.0
12530000	1.9937920966246592	0.31472901176358176	1.0	1.0	2.0
12540000	1.321431103101397	0.10694473374403043	1.0	1.0	2.0
12550000	2.395531973117683	0.03190804474998028	1.0	1.0	2.0
12560000	0.2889902817480573	0.1597975332459358	1.0	1.0	2.0
12570000	3.2521392321093114	0.09609849642841967	1.0	1.0	2.0
12580000	1.2662722922672953	0.0980690567204719	1.0	1.0	2.0
12590000	2.5868168470510566	1.2615326668167668	1.0	1.0	2.0
12600000	1.3288567604516537	0.8748038799218244	1.0	1.0	2.0
12610000	0.6695914101505328	2.1561609733077285	1.0	1.0	2.0
12620000	0.6975189191629575	0.5449007871367836	1.0	1.0	2.0
12630000	0.7131593810549769	0.9693076701399125	1.0	1.0	2.0
12640000	1.5141997140056118	1.855713938011022	1.0	1.0	2.0
12650000	0.16157831296991979	0.04497234730524235	1.0	1.0	2.0
12660000	1.3695104053852647	2.4097092058604854	1.0	1.0	2.0
12670000	2.330267755284502	0.12598099360382192	1.0	1.0	2.0
12680000	1.5842135314049133	0.9882009986664528	1.0	1.0	2.0
12690000	2.2990561275932677	0.09279349095833439	1.0	1.0	2.0
12700000	1.5916094270322039	0.45780307953086785	1.0	1.0	2.0
12710000	0.6078860171675549	0.5851116451600565	1.0	1.0	2.0
12720000	0.24058341028009203	0.4906044142701351	1.0	1.0	2.0
12730000	2.8982667297998406	0.42583623008134025	1.0	1.0	2.0
12740000	0.32025572487892867	0.16405187738407603	1.0	1.0	2.0
12750000	3.519288657002148	1.0383518006729178	1.0	1.0	2.0
12760000	1.7915758550035599	0.825314800394885	1.0	1.0	2.0
12770000	0.2949870829092928	0.08890065177071792	1.0	1.0	2.0
12780000	0.9076212333648892	0.16185751325327605	1.0	1.0	2.0
12790000	1.0649091957587689	1.1499281204415746	1.0	1.0	2.0
12800000	2.1678994063575985	0.21953395893282862	1.0	1.0	2.0
12810000	0.2722236794345107	0.32186562817503633	1.0	1.0	2.0
12820000	0.0889535432249179	0.1074938838489501	1.0	1.0	2.0
12830000	1.234750734320168	0.28926624216243124	1.0	1.0	2.0
12840000	1.4516065525772306	0.03597036033057739	1.0	1.0	2.0
12850000	3.764869987383315	2.0599610637122616	1.0	1.0	2.0
12860000	5.586064580204425	0.29097133688107313	1.0	1.0	2.0
12870000	0.9735687683895735	0.37995871161796535	1.0	1.0	2.0
12880000	5.026836431265463	0.07000437526237158	1.0	1.0	2.0
12890000	1.0332485468874133	0.2586267415013627	1.0	1.0	2.0
12900000	5.302755212194622	0.003498672709787357	1.0	1.0	2.0
12910000	0.16794736527276888	0.199984296501143	1.0	1.0	2.0
12920000	1.3204050559880853	1.2299881315625951	1.0	1.0	2.0
12930000	1.9031451783004507	0.5121307903639447	1.0	1.0	2.0
12940000	0.4888871931174416	0.8604749387241346	1.0	1.0	2.0
12950000	1.439435958754052	0.2821281837260019	1.0	1.0	2.0
12960000	2.3265961397029744	0.2621954774745529	1.0	1.0	2.0
12970000	0.5974553422512703	0.8077792497248393	1.0	1.0	2.0
12980000	2.1884457836486093	0.18766824038701235	1.0	1.0	2.0
12990000	1.8633277700087734	1.2266728964416072	1.0	1.0	2.0
13000000	0.18333801503142527	0.2585874172432209	1.0	1.0	2.0
13010000	0.9759088681995439	1.2036125877678616	1.0	1.0	2.0
13020000	0.38237878433164163	0.4197753613141469	1.0	1.0	2.0
13030000	1.7634674757121094	4.708359048219774	1.0	1.0	2.0
13040000	0.6970268242671475	0.11618245584526517	1.0	1.0	2.0
13050000	3.3364756769707826	0.36613001585906363	1.0	1.0	2.0
13060000	3.483558539415389	0.8246341775630468	1.0	1.0	2.0
13070000	0.6749860817997393	0.4808262429004214	1.0	1.0	2.0
13080000	3.2457184883915797	2.6125731205121765	1.0	1.0	2.0
13090000	4.291247825879239	0.01599257735570195	1.0	1.0	2.0
13100000	0.29994111330960727	0.2198158425446193	1.0	1.0	2.0
13110000	1.7506558424295229	1.793363913666468	1.0	1.0	2.0
13120000	2.5658599339825776	0.31334697334004885	1.0	1.0	2.0
13130000	0.45278010911430305	2.1479820221183044	1.0	1.0	2.0
13140000	1.5084789910035237	0.5766939769579579	1.0	1.0	2.0
13150000	0.15775482393069334	0.06850847801623733	1.0	1.0	2.0
13160000	0.7269567994824041	0.4071364225849898	1.0	1.0	2.0
13170000	0.3128116800994264	0.8725879996034234	1.0	1.0	2.0
13180000	2.164426758047173	0.6341857974404792	1.0	1.0	2.0
13190000	1.5094103892451174	0.24806612565942018	1.0	1.0	2.0
13200000	0.20760979101915722	0.025511694084106418	1.0	1.0	2.0
13210000	0.8975532198922385	0.08075393597558579	1.0	1.0	2.0
13220000	1.8471093871637028	1.5615469841488496	1.0	1.0	2.0
13230000	2.7851915866935832	0.27807318144023985	1.0	1.0	2.0
13240000	1.7989820991726297	0.1536429074096763	1.0	1.0	2.0
13250000	0.7040560303581744	0.18321328202718506	1.0	1.0	2.0
13260000	1.2355069612820524	0.04548379211728402	1.0	1.0	2.0
13270000	0.5038937567025201	0.07667541729195738	1.0	1.0	2.0
13280000	0.7150698532669808	0.19060404761034205	1.0	1.0	2.0
13290000	0.18564536824690436	0.11068166735164928	1.0	1.0	2.0
13300000	3.711408281538372	0.2692754271410832	1.0	1.0	2.0
13310000	2.445933097631608	0.7362268477690782	1.0	1.0	2.0
13320000	0.48074762492747974	0.12469905995374142	1.0	1.0	2.0
13330000	1.4408241383851907	0.26892072764098623	1.0	1.0	2.0
13340000	1.3580833077191699	0.25519530769648185	1.0	1.0	2.0
13350000	2.2155995709937257	0.8983215606661903	1.0	1.0	2.0
13360000	1.103291677160668	0.08132997478541637	1.0	1.0	2.0
13370000	0.7078718743034265	0.5751895441595388	1.0	1.0	2.0
13380000	1.045021936355917	4.66356177389896	1.0	1.0	2.0
13390000	1.1243455560615032	0.38453858220378073	1.0	1.0	2.0
13400000	2.997959494228493	2.0440944727730566	1.0	1.0	2.0
13410000	0.13918954633038205	0.08740789228124676	1.0	1.0	2.0
13420000	0.8282544780955271	0.4984665899219662	1.0	1.0	2.0
13430000	2.628922146739503	2.694096395840189	1.0	1.0	2.0
13440000	3.1983200070400546	0.4596107747030987	1.0	1.0	2.0
13450000	1.0260788246105152	0.6419823832652405	1.0	1.0	2.0
13460000	1.365742610449923	0.014934829939890273	1.0	1.0	2.0
13470000	1.863632922625088	0.35130076619597794	1.0	1.0	2.0
13480000	0.7158188997953264	1.075723473996132	1.0	1.0	2.0
13490000	0.7348232562443804	0.4872251804459336	1.0	1.0	2.0
13500000	0.8724875108546495	0.2216656876409874	1.0	1.0	2.0
13510000	2.2176309108498065	0.0044906629335627135	1.0	1.0	2.0
13520000	0.9818954156681697	0.3114705172371293	1.0	1.0	2.0
13530000	1.4489869287235566	1.8673857178008786	1.0	1.0	2.0
13540000	2.794538127890912	0.46726156664810875	0.0	1.0	1.0
13550000	2.516436455664778	0.04884689370768363	1.0	1.0	2.0
13560000	0.7789192637023874	0.9058534969345583	1.0	1.0	2.0
13570000	0.790124031284287	0.4429267855960148	1.0	1.0	2.0
13580000	0.7276937260763823	0.5105504859749015	1.0	1.0	2.0
13590000	0.4720137269091464	0.18113690866747362	1.0	1.0	2.0
13600000	0.5247809094182374	1.1654175497852024	1.0	1.0	2.0
13610000	0.5264358117510878	0.04937736945357661	1.0	1.0	2.0
13620000	1.251360328912979	0.34244847386065047	1.0	1.0	2.0
13630000	2.0836087848648845	0.0711021054423039	1.0	1.0	2.0
13640000	1.4157016573914503	1.0917588940429435	1.0	1.0	2.0
13650000	0.47424516843491615	0.12584175185964286	1.0	1.0	2.0
13660000	0.4191246547954136	1.3041979883173946	1.0	1.0	2.0
13670000	2.597311416014217	0.03933336519291558	1.0	1.0	2.0
13680000	2.0441675681395144	1.9616516054325002	1.0	1.0	2.0
13690000	0.07758952868370768	0.04388314768890228	1.0	1.0	2.0
13700000	1.097418109014952	0.2624061129507633	1.0	1.0	2.0
13710000	2.2535477212784865	0.9979858225280369	1.0	1.0	2.0
13720000	0.2751874470009052	0.8037694122527543	1.0	1.0	2.0
13730000	0.6506003013093951	0.6179585342718585	1.0	1.0	2.0
13740000	0.6537477805890025	0.011368123333354671	1.0	1.0	2.0
13750000	0.6370770039932881	0.27005106437856014	1.0	1.0	2.0
13760000	0.2810020765061136	0.0727269271678101	1.0	1.0	2.0
13770000	0.16722111493079558	0.3465492671307919	1.0	1.0	2.0
13780000	1.2699994945601865	0.2189100334293447	1.0	1.0	2.0
13790000	0.30414623898355275	0.07800193191203726	1.0	1.0	2.0
13800000	5.251501246871413	1.7920497876903718	1.0	1.0	2.0
13810000	0.11636007841711532	0.00914482443158372	1.0	1.0	2.0
13820000	0.22452006943429229	0.3120229061948793	1.0	1.0	2.0
13830000	0.5648236502568282	0.2398479348473067	1.0	1.0	2.0
13840000	0.2862603243904857	0.497526291899697	1.0	1.0	2.0
13850000	0.4569924045186988	0.20584981669180816	1.0	1.0	2.0
13860000	0.5675422910987236	0.14474410012786554	1.0	1.0	2.0
13870000	0.4742970299297729	0.21836705627652134	1.0	1.0	2.0
13880000	1.8306355703230186	0.6397694309634702	1.0	1.0	2.0
13890000	0.42402672276550146	0.2513577672656117	1.0	1.0	2.0
13900000	0.3652190386136267	0.500098800649873	1.0	1.0	2.0
13910000	1.6377805758524004	0.536185083916919	1.0	1.0	2.0
13920000	1.2595908609499462	1.9797615507904762	1.0	1.0	2.0
13930000	2.8019582362733377	0.2938964712323891	1.0	1.0	2.0
13940000	0.561108444902221	0.208008572993518	1.0	1.0	2.0
13950000	1.4257236442295116	1.1613085817174127	1.0	1.0	2.0
13960000	1.0314110907104912	1.3431770987603115	1.0	1.0	2.0
13970000	0.8146900696781797	0.26147782173084344	1.0	1.0	2.0
13980000	0.3383746861224718	0.06013191870282602	1.0	1.0	2.0
13990000	0.2153972804595509	0.014204741984300882	1.0	1.0	2.0
14000000	1.0162611863641273	0.9976172409442653	1.0	1.0	2.0
14010000	4.098543651486593	0.7072760978355358	1.0	1.0	2.0
14020000	2.521218791579077	0.2014911590200565	1.0	1.0	2.0
14030000	0.5622710091392135	0.24207405712534738	1.0	1.0	2.0
14040000	0.6944157304529386	0.84381540027826	1.0	1.0	2.0
14050000	0.39330972435704176	0.47281058364856193	1.0	1.0	2.0
14060000	1.0632025059622494	1.2799527305109577	1.0	1.0	2.0
14070000	0.12762390376019378	0.22270827515773117	1.0	1.0	2.0
14080000	1.9547265619105487	0.005637294443660251	1.0	1.0	2.0
14090000	1.9746308121416645	0.23192696764369602	1.0	1.0	2.0
14100000	0.20915621354868164	0.2756047080263829	1.0	1.0	2.0
14110000	1.5600432142079184	1.5184148936771933	1.0	1.0	2.0
14120000	1.0726768475009156	0.28687118541749773	1.0	1.0	2.0
14130000	0.0711593274675349	0.03406923879470654	1.0	1.0	2.0
14140000	1.7339757692962865	0.7407247987633855	1.0	1.0	2.0
14150000	0.717420998418205	0.989761192993548	1.0	1.0	2.0
14160000	3.259096012697055	0.9209420450290963	1.0	1.0	2.0
14170000	1.8465776789675734	0.04102375293456714	1.0	1.0	2.0
14180000	1.3481874458815566	2.299768502779501	1.0	1.0	2.0
14190000	0.29674636618375555	1.1199625049330322	1.0	1.0	2.0
14200000	3.525801113149469	1.8657055736188624	1.0	1.0	2.0
14210000	0.296311966173268	0.22151020731616067	1.0	1.0	2.0
14220000	2.391542850777758	0.29627766000431066	1.0	1.0	2.0
14230000	0.4431512389808257	0.35381709177258613	1.0	1.0	2.0
14240000	1.321268709859443	0.29043421456482954	1.0	1.0	2.0
14250000	3.1983160436132145	0.785274758031479	1.0	1.0	2.0
14260000	0.4006381071706311	0.6412498121759527	1.0	1.0	2.0
14270000	1.0539067317322146	2.309195180778422	1.0	1.0	2.0
14280000	0.6409379149727839	0.10058311120402316	1.0	1.0	2.0
14290000	1.2014239283861219	0.45559751648060154	1.0	1.0	2.0
14300000	3.41951099967512	2.7396028594626682	1.0	1.0	2.0
14310000	1.10622311632905	0.15611931083567404	1.0	1.0	2.0
14320000	0.304332881845835	1.7853759305646542	1.0	1.0	2.0
14330000	0.1359404525095434	0.03116160106108549	1.0	1.0	2.0
14340000	0.7705993209878503	0.18510934701835213	1.0	1.0	2.0
14350000	0.12960945012815672	2.5899653614236904	1.0	1.0	2.0
14360000	1.155526954988776	0.9085741530329446	1.0	1.0	2.0
14370000	0.6593956481926697	0.1475497083622701	1.0	1.0	2.0
14380000	0.9393467754483406	1.2945043292311473	1.0	1.0	2.0
14390000	2.0410848025560058	2.7287727580790664	1.0	1.0	2.0
14400000	0.5488062782039103	2.4550117699295455E-4	1.0	1.0	2.0
14410000	0.5472406584719849	0.21434769679449361	1.0	1.0	2.0
14420000	0.4240738073375985	0.3386542451121181	1.0	1.0	2.0
14430000	0.21032909634020336	0.1958277446427479	1.0	1.0	2.0
14440000	2.1105555967945144	0.04975714280326572	1.0	1.0	2.0
14450000	1.3937044237784393	0.6314165317271564	1.0	1.0	2.0
14460000	0.41264507979176906	0.3688998370166132	1.0	1.0	2.0
14470000	0.8754253630939434	0.925430227869381	1.0	1.0	2.0
14480000	2.2857037496309047	0.4262412020693218	1.0	1.0	2.0
14490000	0.08678320784336081	0.08431163546673041	1.0	1.0	2.0
14500000	1.5477637797356616	1.130460082022136	1.0	1.0	2.0
14510000	0.851479944541425	0.2731609485294069	1.0	1.0	2.0
14520000	4.104137692678683	1.684697138601895	1.0	1.0	2.0
14530000	0.32281723556132774	0.2620134909754358	1.0	1.0	2.0
14540000	0.5015600731876252	1.359045049073859	1.0	1.0	2.0
14550000	0.8596186947851338	1.004700789648926	1.0	1.0	2.0
14560000	0.8405016493612363	0.14949777098520278	1.0	1.0	2.0
14570000	0.1291633432297655	0.0314188990867733	1.0	1.0	2.0
14580000	0.6018113994709519	0.8446805405298793	1.0	1.0	2.0
14590000	0.44716369625714497	0.42304568161521583	1.0	1.0	2.0
14600000	3.2252881701264466	0.6834756701198691	1.0	1.0	2.0
14610000	0.7072838903640133	0.32084843515935363	1.0	1.0	2.0
14620000	2.6623266054455796	0.04737718761953322	1.0	1.0	2.0
14630000	1.8184209269035254	0.7984301502878115	1.0	1.0	2.0
14640000	1.742070071450355	0.764129653085662	1.0	1.0	2.0
14650000	0.13251736516531532	0.3296435707101443	1.0	1.0	2.0
14660000	0.02264031703144617	0.0027862433203177093	1.0	1.0	2.0
14670000	2.910824954315936	0.4588029226639233	1.0	1.0	2.0
14680000	2.8953728751469767	0.43688600153631973	1.0	1.0	2.0
14690000	0.7513659457730857	1.7878908162484848	1.0	1.0	2.0
14700000	0.8800925457554015	0.7291918321284643	1.0	1.0	2.0
14710000	2.322267874645258	0.9382342031864199	1.0	1.0	2.0
14720000	0.7040045852383724	1.3059239514602419	1.0	1.0	2.0
14730000	1.2707269712914433	0.0785862049938133	1.0	1.0	2.0
14740000	1.3109119112686856	0.8229592289274151	1.0	1.0	2.0
14750000	0.43529703557072413	0.193622212072664	1.0	1.0	2.0
14760000	0.4418378688497416	0.7711814780990158	1.0	1.0	2.0
14770000	0.4261432538988536	1.695887858442387	1.0	1.0	2.0
14780000	1.2830559069214373	1.3362805642324305	1.0	1.0	2.0
14790000	0.6257172581444698	0.5938730063555615	1.0	1.0	2.0
14800000	3.154912823120968	0.09162066176483419	1.0	1.0	2.0
14810000	1.1303759599539964	0.09756635166876691	1.0	1.0	2.0
14820000	0.47932087569143444	0.4968180079294265	1.0	1.0	2.0
14830000	0.5999327800137688	0.3142355326357172	1.0	1.0	2.0
14840000	0.5898515553749888	0.19362390896390957	1.0	1.0	2.0
14850000	0.7828861994814216	0.607899320473719	1.0	1.0	2.0
14860000	0.6052693099975308	3.726398507709098	1.0	1.0	2.0
14870000	1.2317745422283577	3.076177537015076	1.0	1.0	2.0
14880000	1.8734555161263293	0.8939901362696218	1.0	1.0	2.0
14890000	0.6654971340642892	0.1361130238925498	1.0	1.0	2.0
14900000	1.146569254703044	0.04801890043727704	1.0	1.0	2.0
14910000	1.2210101227461203	1.417047783015156	1.0	1.0	2.0
14920000	1.8347183371594178	0.1366721488728443	1.0	1.0	2.0
14930000	0.5394367730086554	0.28769996330481984	1.0	1.0	2.0
14940000	0.4396748865599982	0.6781575135690566	1.0	1.0	2.0
14950000	1.1466745803667138	1.1341240883872001	1.0	1.0	2.0
14960000	1.5766806586978794	0.051637451990206855	1.0	1.0	2.0
14970000	1.8257617195063596	0.1198277292385002	1.0	1.0	2.0
14980000	3.632441842451282	0.11106877221153355	1.0	1.0	2.0
14990000	2.5085823387664257	0.3369039430987905	1.0	1.0	2.0
15000000	2.9326280157994438	0.8704793382745388	1.0	1.0	2.0
15010000	0.40429983310052037	0.3507327253329573	1.0	1.0	2.0
15020000	0.5182982201354713	1.2548586094023775	1.0	1.0	2.0
15030000	0.9226211592357447	0.07986798389958147	1.0	1.0	2.0
15040000	0.5418400365301124	0.12420548112345303	1.0	1.0	2.0
15050000	0.6984533501713283	0.20963680271716753	1.0	1.0	2.0
15060000	3.4127844856148317	1.0791445427559294	1.0	1.0	2.0
15070000	0.7863573252424167	0.6482446297468196	1.0	1.0	2.0
15080000	1.413762877689462	1.1630126004551984	1.0	1.0	2.0
15090000	0.3673853937363568	0.6143366901549367	1.0	1.0	2.0
15100000	0.9560752890160072	0.31527874653326365	1.0	1.0	2.0
15110000	2.013241975240034	0.003549603800403951	1.0	1.0	2.0
15120000	1.5758064031992915	1.44732330667723	1.0	1.0	2.0
15130000	4.217551319160455	0.10522382189914924	1.0	1.0	2.0
15140000	1.2999138246967716	1.7782730589695885	1.0	1.0	2.0
15150000	1.1681185449825027	0.66651113699039	1.0	1.0	2.0
15160000	1.0573434743640213	0.3042538973684602	1.0	1.0	2.0
15170000	1.5231085071906925	0.8665907030148147	1.0	1.0	2.0
15180000	2.4129893542135905	0.5688799578645151	1.0	1.0	2.0
15190000	1.5358501384672456	0.9772325025296742	0.0	1.0	1.0
15200000	1.9854329971784213	0.20149552607812338	1.0	1.0	2.0
15210000	1.2400141165847256	0.49555075206918237	1.0	1.0	2.0
15220000	0.8392496264339744	0.3014353622555695	1.0	1.0	2.0
15230000	4.637212040875948	1.8513561729691392	1.0	1.0	2.0
15240000	0.7400693205023137	0.18576388814174924	1.0	1.0	2.0
15250000	5.2991743423021225	0.3350391422902512	1.0	1.0	2.0
15260000	0.881018914523168	0.2237673144192093	1.0	1.0	2.0
15270000	0.17516054449808005	0.7669329075379203	1.0	1.0	2.0
15280000	1.4100260736231878	0.7172706362726935	1.0	1.0	2.0
15290000	1.0950209406966895	0.48465249140064215	1.0	1.0	2.0
15300000	3.0869396891066425	1.637608024296855	1.0	1.0	2.0
15310000	4.214954036952507	1.2656873365744927	1.0	1.0	2.0
15320000	1.0260544278927826	0.24743740794917937	1.0	1.0	2.0
15330000	1.522489139585631	0.24066797425040623	1.0	1.0	2.0
15340000	2.625141838693134	0.5488890907178346	1.0	1.0	2.0
15350000	0.526690834141222	0.1897910825204439	1.0	1.0	2.0
15360000	0.6598032243500911	0.11206210626610487	1.0	1.0	2.0
15370000	0.8726928708315659	1.7030597896599498	1.0	1.0	2.0
15380000	0.6004706396012239	0.4435684727337471	1.0	1.0	2.0
15390000	1.0981923677102132	0.14192761538299165	1.0	1.0	2.0
15400000	0.7622400531278859	0.9041055734596382	1.0	1.0	2.0
15410000	1.390439394146412	0.24073053402997827	1.0	1.0	2.0
15420000	0.8064711182186175	0.3937568165281522	1.0	1.0	2.0
15430000	1.3164804726463806	0.9901110330697019	1.0	1.0	2.0
15440000	1.7880070670953732	0.12509545034779132	1.0	1.0	2.0
15450000	0.8670722075046157	0.4270323704020546	1.0	1.0	2.0
15460000	0.7553503630611754	0.44190680125933907	1.0	1.0	2.0
15470000	1.2983986477786904	0.014000765807935824	1.0	1.0	2.0
15480000	1.1377148627769236	0.12119377125572268	1.0	1.0	2.0
15490000	0.6033589788014077	0.5297770726464925	1.0	1.0	2.0
15500000	3.2652833522458207	0.3762758339501264	1.0	1.0	2.0
15510000	2.1333165612048566	0.6479126032015257	1.0	1.0	2.0
15520000	0.14226796046442408	0.060501221096180675	1.0	1.0	2.0
15530000	2.039258964499842	0.6990255447225162	1.0	1.0	2.0
15540000	0.5109611305539639	0.29798483843053675	1.0	1.0	2.0
15550000	2.930484119282473	0.23627818409010615	1.0	1.0	2.0
15560000	0.22979368024618252	0.9273312734536072	1.0	1.0	2.0
15570000	4.00676079868957	0.05464200525540728	1.0	1.0	2.0
15580000	5.113177131322022	0.45465078007860965	1.0	1.0	2.0
15590000	0.9931897558842498	2.3151366198244836	1.0	1.0	2.0
15600000	1.4785815086657872	0.14173951697210088	1.0	1.0	2.0
15610000	3.9165198961622476	0.5309756147513129	1.0	1.0	2.0
15620000	4.926060575070083	0.6638077777903025	1.0	1.0	2.0
15630000	0.3850407421881173	0.2528097277588493	1.0	1.0	2.0
15640000	2.2498907530651278	0.5901210629393692	1.0	1.0	2.0
15650000	1.8424626065718102	2.494856667702061	1.0	1.0	2.0
15660000	3.951844455623103	0.13266418800673085	1.0	1.0	2.0
15670000	0.42788954409252117	0.4483392134978625	1.0	1.0	2.0
15680000	2.57838861365883	0.42192162243440284	1.0	1.0	2.0
15690000	0.800620431333499	1.9061596944844386	1.0	1.0	2.0
15700000	0.584278742909425	0.037295937632558424	1.0	1.0	2.0
15710000	4.428518999209047	0.2400303663713201	1.0	1.0	2.0
15720000	0.17747628126356618	0.4853756046056307	1.0	1.0	2.0
15730000	0.24466064288000944	0.3248119656416486	1.0	1.0	2.0
15740000	2.0981809061887393	0.1913925028019006	1.0	1.0	2.0
15750000	1.2955312228247915	4.3553516404967117E-4	1.0	1.0	2.0
15760000	1.7630784325568705	0.8839136104029255	1.0	1.0	2.0
15770000	0.9302996022686895	1.0609355964228513	1.0	1.0	2.0
15780000	3.0719751448551986	0.43899659743546254	1.0	1.0	2.0
15790000	1.4594580027462305	0.09477397369085148	1.0	1.0	2.0
15800000	1.836291860237463	0.4714506687354001	1.0	1.0	2.0
15810000	1.0094973213552763	2.4922302870646753	1.0	1.0	2.0
15820000	0.95900846302418	0.26788906466372875	1.0	1.0	2.0
15830000	2.7229116083754024	0.70778861935656	1.0	1.0	2.0
15840000	0.7440561599600602	0.8872185234196697	1.0	1.0	2.0
15850000	6.31025149446426	2.4035783217962603	1.0	1.0	2.0
15860000	0.4733348446139127	0.3114103773369211	1.0	1.0	2.0
15870000	3.3372914351653464	1.3409895748802543	1.0	1.0	2.0
15880000	0.6727338849798485	0.900002509067649	1.0	1.0	2.0
15890000	0.7464158147011146	0.010398411940947538	1.0	1.0	2.0
15900000	1.282165433230898	0.3426646885334865	1.0	1.0	2.0
15910000	0.19528533679891702	0.4475044456986596	1.0	1.0	2.0
15920000	0.29389851337072925	0.03653899462423398	1.0	1.0	2.0
15930000	0.09331093448691198	0.009687875655484618	1.0	1.0	2.0
15940000	0.5661238041927711	0.23494986600669393	1.0	1.0	2.0
15950000	0.8276310950585016	0.43737374464054796	1.0	1.0	2.0
15960000	0.5719384388225673	0.021833785957237156	1.0	1.0	2.0
15970000	4.69172873693361	1.8603231661453565	1.0	1.0	2.0
15980000	2.3957844804140653	1.1201155013580224	1.0	1.0	2.0
15990000	0.421220837902951	0.2522923279115849	1.0	1.0	2.0
16000000	0.43203915342416144	0.18768544540963358	1.0	1.0	2.0
16010000	0.6820060212904344	0.6236020545274047	1.0	1.0	2.0
16020000	0.6005778398375109	0.22869209254741246	1.0	1.0	2.0
16030000	1.311736768714482	0.1713324714871979	1.0	1.0	2.0
16040000	0.4329178841695453	0.01298979493446747	1.0	1.0	2.0
16050000	0.37137145614513906	3.8051243356580216	1.0	1.0	2.0
16060000	2.965500606806647	0.0059871314224939146	1.0	1.0	2.0
16070000	0.4628269209361446	0.3960564107152025	1.0	1.0	2.0
16080000	1.0042084275235044	0.10652555483854545	0.0	1.0	1.0
16090000	0.7523562332601683	0.0655125291627791	1.0	1.0	2.0
16100000	0.060667039246717035	0.29501248776538536	1.0	1.0	2.0
16110000	3.4866081450882733	0.8597620139399634	1.0	1.0	2.0
16120000	0.6952514315386927	0.3381302919919764	1.0	1.0	2.0
16130000	3.453801121987122	0.8853651439523389	1.0	1.0	2.0
16140000	6.0092788912869795	2.8405907254330356	1.0	1.0	2.0
16150000	0.602527045665043	0.2876149967974542	1.0	1.0	2.0
16160000	0.1295353136129251	0.31307690482874534	1.0	1.0	2.0
16170000	2.4561565106517547	1.2175600269753932	1.0	1.0	2.0
16180000	0.6298010769375683	1.6718192104747265	1.0	1.0	2.0
16190000	1.9265358117934617	0.23964727416848633	1.0	1.0	2.0
16200000	2.709176490975572	0.06155433809670522	1.0	1.0	2.0
16210000	0.27333138227561227	0.2149639082992059	1.0	1.0	2.0
16220000	0.7686431908498835	0.11994698564248539	1.0	1.0	2.0
16230000	2.6353536770132293	1.8825219499149646	1.0	1.0	2.0
16240000	0.5453212896712716	1.1465881201733374	1.0	1.0	2.0
16250000	0.42430510309441516	1.3654111293377154	1.0	1.0	2.0
16260000	0.905139590204162	0.05309827591739803	1.0	1.0	2.0
16270000	2.738346583983981	0.41521968713304325	1.0	1.0	2.0
16280000	0.5778796883564379	0.6058744729350872	1.0	1.0	2.0
16290000	0.26434882642400886	1.1140397873012335	1.0	1.0	2.0
16300000	1.752573851527504	0.3657223408688542	1.0	1.0	2.0
16310000	1.1829600061182206	0.9804197864658155	1.0	1.0	2.0
16320000	2.336999462563466	0.21595196596134347	1.0	1.0	2.0
16330000	0.6070024807776138	0.08522564157502287	1.0	1.0	2.0
16340000	0.2575936083899809	0.17893026154069552	1.0	1.0	2.0
16350000	0.7982982865559091	0.18218789056952406	1.0	1.0	2.0
16360000	2.037004244030208	0.12689756423590628	1.0	1.0	2.0
16370000	0.05519499944574231	0.028726668710739256	1.0	1.0	2.0
16380000	1.2368290638503652	0.18989790493132863	1.0	1.0	2.0
16390000	0.7222879635020635	0.4981979187469724	1.0	1.0	2.0
16400000	0.8357591716027559	0.9521510621615097	1.0	1.0	2.0
16410000	1.2415987087353695	0.12142282980778273	1.0	1.0	2.0
16420000	4.4887380554249585	1.16924572473878	1.0	1.0	2.0
16430000	1.18673394992607	0.047867445982965336	1.0	1.0	2.0
16440000	0.8019454191390183	0.582634557969744	1.0	1.0	2.0
16450000	1.213916731582182	1.666905840870573	1.0	1.0	2.0
16460000	0.4029027116224294	0.2509785400532485	1.0	1.0	2.0
16470000	0.6934611572760883	0.48657499896987866	1.0	1.0	2.0
16480000	4.035747822934817	0.6446873963418946	1.0	1.0	2.0
16490000	0.4649082375597568	0.21804036878358468	1.0	1.0	2.0
16500000	0.15819954627561247	0.0028492653620869335	1.0	1.0	2.0
16510000	1.7313517596350387	1.341344523124824	1.0	1.0	2.0
16520000	1.3630699662180914	0.18037857277475763	1.0	1.0	2.0
16530000	0.41450565499979053	0.0038564574673566024	1.0	1.0	2.0
16540000	0.31626189353336037	0.22743517673009747	1.0	1.0	2.0
16550000	0.4143246265138217	0.10462618035249108	1.0	1.0	2.0
16560000	1.4565954576210958	0.8141430846032555	1.0	1.0	2.0
16570000	0.7319091762408072	0.030939851449326792	1.0	1.0	2.0
16580000	0.5416266215635164	0.42443827007279183	1.0	1.0	2.0
16590000	2.499259452992229	0.2364874637950756	1.0	1.0	2.0
16600000	2.095972223377752	0.8368632105704417	1.0	1.0	2.0
16610000	1.0406061735585506	0.3638862948179849	1.0	1.0	2.0
16620000	0.4015343199493207	0.7015344550456873	1.0	1.0	2.0
16630000	1.7149780677421884	0.2563586546081497	1.0	1.0	2.0
16640000	2.9512409430521953	0.04135348973461806	1.0	1.0	2.0
16650000	0.42217970480060235	0.03233667009157478	1.0	1.0	2.0
16660000	1.017496609435465	0.40087030283857455	1.0	1.0	2.0
16670000	1.718487535537461	0.4162176316048723	1.0	1.0	2.0
16680000	0.3216942503784445	0.3795297365295303	1.0	1.0	2.0
16690000	0.33744877069308254	0.32520907545468325	1.0	1.0	2.0
16700000	1.1508643445124982	0.20354880869296632	1.0	1.0	2.0
16710000	0.20709266611034768	0.0881795346960691	1.0	1.0	2.0
16720000	0.26015608051701544	0.18508162046401255	1.0	1.0	2.0
16730000	3.4860479223821623	0.12434092976251787	1.0	1.0	2.0
16740000	3.701930768250052	0.3569350526151893	1.0	1.0	2.0
16750000	3.3330405878687204	1.0905494520885013	1.0	1.0	2.0
16760000	0.38366610767786563	0.376374397439419	1.0	1.0	2.0
16770000	4.839252623422622	1.1425265211887055	1.0	1.0	2.0
16780000	5.657506141821474	1.880673341053058	1.0	1.0	2.0
16790000	0.3445536002014784	0.15718772327704109	1.0	1.0	2.0
16800000	1.6188949886991755	0.5013146660722645	1.0	1.0	2.0
16810000	0.360528820388088	0.7256547726708167	1.0	1.0	2.0
16820000	1.0574363399633273	0.9421623302660284	1.0	1.0	2.0
16830000	0.5715550824255446	2.114733007786798	1.0	1.0	2.0
16840000	3.365998014366689	0.6961683058230393	1.0	1.0	2.0
16850000	2.9039190840937756	1.0090095558403023	1.0	1.0	2.0
16860000	0.6993917664921245	0.35561456201265357	1.0	1.0	2.0
16870000	0.9121490049984539	1.2991310270502419	1.0	1.0	2.0
16880000	1.9331822847017275	0.8077301451206059	1.0	1.0	2.0
16890000	3.4005174814782726	0.07580727444132662	1.0	1.0	2.0
16900000	4.066015419348891	1.2731815100711121	1.0	1.0	2.0
16910000	0.3645379088484723	0.6059155821627082	1.0	1.0	2.0
16920000	0.2234529456237673	0.2968923160946032	1.0	1.0	2.0
16930000	3.0726393077185006	0.27145108717406513	1.0	1.0	2.0
16940000	2.5773322900002396	1.8723501049227644	1.0	1.0	2.0
16950000	1.1418921348049265	0.01602074550250673	1.0	1.0	2.0
16960000	1.9328557910831665	0.8814227654637583	1.0	1.0	2.0
16970000	0.3937663552453652	0.06092581617184958	1.0	1.0	2.0
16980000	1.0186622242611136	1.9394616048790716	1.0	1.0	2.0
16990000	0.476168564817521	0.6402209567636964	1.0	1.0	2.0
17000000	0.13513349893540705	0.17924802436617962	1.0	1.0	2.0
17010000	0.4175899675454194	0.10347153454961708	1.0	1.0	2.0
17020000	1.3488401314233847	0.367276685943825	1.0	1.0	2.0
17030000	0.8575873691719513	1.2200909143136172	1.0	1.0	2.0
17040000	0.556685803749887	1.1175287762969646	1.0	1.0	2.0
17050000	2.377296576792527	1.3919788814117517	1.0	1.0	2.0
17060000	0.4750739056764633	1.1357540378543838	1.0	1.0	2.0
17070000	1.6663296511242813	0.7969884529985904	1.0	1.0	2.0
17080000	2.4494652431666157	0.22181125535781906	1.0	1.0	2.0
17090000	4.273593854106859	0.5624256913328359	1.0	1.0	2.0
17100000	0.5491183061554585	0.25634988430416744	1.0	1.0	2.0
17110000	0.5457939552532166	0.9637883725678575	1.0	1.0	2.0
17120000	0.5066656355781287	0.02939032044040951	1.0	1.0	2.0
17130000	0.4369940570307035	0.21419660371903576	1.0	1.0	2.0
17140000	1.9958497056427336	0.24469204250636584	1.0	1.0	2.0
17150000	1.7636534568216857	2.099863516121425	1.0	1.0	2.0
17160000	1.7498454311622713	0.19625952594500853	1.0	1.0	2.0
17170000	1.6595610296291654	0.5869268025140867	1.0	1.0	2.0
17180000	0.09877850135755928	0.04707596904319413	1.0	1.0	2.0
17190000	0.45593487236459884	0.09801749993113583	1.0	1.0	2.0
17200000	4.641088844154512	1.5486980909420347	1.0	1.0	2.0
17210000	0.6111256528552208	1.0266535781826205	1.0	1.0	2.0
17220000	0.7202959000775732	1.5978569040524948	1.0	1.0	2.0
17230000	1.5486352921768978	0.5419134946960649	1.0	1.0	2.0
17240000	1.0736937990116466	0.4440006743885221	1.0	1.0	2.0
17250000	0.7035505564044737	0.42299431301333623	1.0	1.0	2.0
17260000	1.0717713713450745	0.22472633341686526	1.0	1.0	2.0
17270000	1.8185221321113458	1.2115315178811825	1.0	1.0	2.0
17280000	0.651439577851136	1.3056199371997343	1.0	1.0	2.0
17290000	0.2785786713431057	2.226858966201183	1.0	1.0	2.0
17300000	1.4318948351621457	0.8297928987977002	1.0	1.0	2.0
17310000	1.0941792376358694	1.2424119525581536	1.0	1.0	2.0
17320000	0.15370627996202857	0.2635972373304425	1.0	1.0	2.0
17330000	1.6088691269147635	0.07847185138254541	1.0	1.0	2.0
17340000	0.5306512165740492	0.03116481653913829	1.0	1.0	2.0
17350000	1.0569636404539504	1.2111024639844075	1.0	1.0	2.0
17360000	1.9766422888215254	0.25168896422879933	1.0	1.0	2.0
17370000	0.5466025812624657	1.0503136682115126	1.0	1.0	2.0
17380000	1.0647527123136091	0.5781262928839487	1.0	1.0	2.0
17390000	0.9498390690447254	0.2165845159183571	1.0	1.0	2.0
17400000	0.37780433727893287	1.0179057502407962	1.0	1.0	2.0
17410000	3.2398126088726675	0.8862242556821466	1.0	1.0	2.0
17420000	1.9496865096082632	0.3091067039551184	1.0	1.0	2.0
17430000	0.6031724956644411	0.22972647723603146	1.0	1.0	2.0
17440000	0.4053964514489958	0.07757309983030833	1.0	1.0	2.0
17450000	4.562569419053844	0.6853278489394009	1.0	1.0	2.0
17460000	0.4041054899582191	0.8779012957540929	1.0	1.0	2.0
17470000	1.198330967544677	1.2351945131147761	1.0	1.0	2.0
17480000	0.37481829879499984	0.11107646988409403	1.0	1.0	2.0
17490000	0.49684421155716696	1.3736461515049176	1.0	1.0	2.0
17500000	0.5105553738464589	0.1745221115671113	1.0	1.0	2.0
17510000	0.9589248278395982	0.15689815706173688	1.0	1.0	2.0
17520000	0.2939092509375579	1.0052958631599958	1.0	1.0	2.0
17530000	0.32079830438961465	0.11443228644323258	1.0	1.0	2.0
17540000	0.41569720299652707	0.5572379845337284	1.0	1.0	2.0
17550000	2.4112129369106254	1.612387736225161	1.0	1.0	2.0
17560000	1.5968723218785075	1.0549132520440658	1.0	1.0	2.0
17570000	1.1404630041312493	1.725965928899174	1.0	1.0	2.0
17580000	1.432212106784247	0.495410595951137	1.0	1.0	2.0
17590000	0.20926207647797546	0.05836239065323844	1.0	1.0	2.0
17600000	0.39118189333416653	0.22161229275391903	1.0	1.0	2.0
17610000	2.599764715779463	0.6368192618863573	1.0	1.0	2.0
17620000	2.628773012886027	0.09486916137551213	1.0	1.0	2.0
17630000	2.314334064647747	0.6477192768952931	1.0	1.0	2.0
17640000	1.5719788090102638	0.1481335083682984	1.0	1.0	2.0
17650000	1.964980547280442	0.4632963346485899	1.0	1.0	2.0
17660000	1.0364574666927577	1.3272023917524498	1.0	1.0	2.0
17670000	0.6415928290628361	0.3764967279399764	1.0	1.0	2.0
17680000	0.2448436678509785	0.09873993796712954	1.0	1.0	2.0
17690000	0.23100820575266878	0.27677890870687266	1.0	1.0	2.0
17700000	1.3851545979819646	1.6263375474538055	1.0	1.0	2.0
17710000	0.9198693536767536	2.0207880256689363	1.0	1.0	2.0
17720000	0.28386406986624735	0.8553388379538852	1.0	1.0	2.0
17730000	7.2727287040861235	0.48376690404499023	1.0	1.0	2.0
17740000	2.9318443007747153	0.1466429825004232	1.0	1.0	2.0
17750000	0.6353796568871414	0.2409453400076243	1.0	1.0	2.0
17760000	0.313091276978681	0.3626681835062099	1.0	1.0	2.0
17770000	0.8896866151853791	0.18744476606286417	1.0	1.0	2.0
17780000	2.0072727410609805	0.48280802715801036	1.0	1.0	2.0
17790000	1.7379988241588777	0.10919105520058538	1.0	1.0	2.0
17800000	0.6234763508003832	1.320379093241324	1.0	1.0	2.0
17810000	0.6623320832870849	0.7501538716946252	1.0	1.0	2.0
17820000	3.0885180453080943	0.1511332056888301	1.0	1.0	2.0
17830000	3.1491051643062717	0.6856966075184061	1.0	1.0	2.0
17840000	0.9116225603649435	0.47636397875808445	1.0	1.0	2.0
17850000	4.129292992994002	0.9608953911375726	1.0	1.0	2.0
17860000	0.749955769031259	0.188232219929568	1.0	1.0	2.0
17870000	0.49208383165189146	0.10388986343884113	1.0	1.0	2.0
17880000	0.7420472978904097	0.42175394560014423	1.0	1.0	2.0
17890000	1.980982453225246	0.05062017481835028	1.0	1.0	2.0
17900000	0.4277183140036981	0.9241659540112349	1.0	1.0	2.0
17910000	0.4220296295804587	0.14399289137295465	1.0	1.0	2.0
17920000	0.9090936803640366	0.48458620330719937	1.0	1.0	2.0
17930000	0.8138553511666939	0.26442203499625344	1.0	1.0	2.0
17940000	0.7951998834917351	0.7850196006163703	1.0	1.0	2.0
17950000	2.5522814771667286	0.13621392246691333	1.0	1.0	2.0
17960000	2.0884629727448933	0.11592915877998414	1.0	1.0	2.0
17970000	0.5268359077827764	0.49268221539582346	1.0	1.0	2.0
17980000	1.2642734238681452	0.06034778437285997	1.0	1.0	2.0
17990000	1.5537456608253017	0.06447056284482158	1.0	1.0	2.0
18000000	1.1596827800151688	0.9160062022216243	1.0	1.0	2.0
18010000	0.5308093452856186	0.14215335259255177	1.0	1.0	2.0
18020000	1.555612420274694	0.062196052485113985	1.0	1.0	2.0
18030000	6.796337036847179	9.54497727898822E-4	1.0	1.0	2.0
18040000	0.42491139957561147	0.18907803066791776	1.0	1.0	2.0
18050000	2.4801219246002413	0.33268484476701854	1.0	1.0	2.0
18060000	1.1981575672048512	1.2598804158318246	1.0	1.0	2.0
18070000	0.37602098555116287	0.6053511392588637	1.0	1.0	2.0
18080000	1.3961582003166328	0.5543980341112267	1.0	1.0	2.0
18090000	5.424069724056627	0.8587710578075772	1.0	1.0	2.0
18100000	1.5853761434913398	0.04658161421876256	1.0	1.0	2.0
18110000	1.5783426742670688	0.14946599254713605	1.0	1.0	2.0
18120000	1.2426882598691456	0.33970124708825716	1.0	1.0	2.0
18130000	0.3869953282502445	0.20140370832257226	1.0	1.0	2.0
18140000	2.136559023244484	0.8132531441376631	1.0	1.0	2.0
18150000	0.6007569394873816	0.31871727980807846	1.0	1.0	2.0
18160000	3.0310886772399903	0.47394741083888015	1.0	1.0	2.0
18170000	1.9382180095893002	1.452087005644761	1.0	1.0	2.0
18180000	1.0737385968723276	1.5550147279913964	1.0	1.0	2.0
18190000	0.7983353835450084	1.534883837633218	1.0	1.0	2.0
18200000	4.042072437681927	0.009470424697542622	1.0	1.0	2.0
18210000	0.49980263418546367	0.028942397426903344	1.0	1.0	2.0
18220000	1.3975265862873258	1.1388718653258982	1.0	1.0	2.0
18230000	0.26543220643085014	0.163714472958177	1.0	1.0	2.0
18240000	1.9321650938780082	0.996819849754508	1.0	1.0	2.0
18250000	0.9174593526103167	0.3124690809382923	1.0	1.0	2.0
18260000	2.918017072208296	0.35152443343102546	1.0	1.0	2.0
18270000	0.7654342696416453	1.0500444439512349	1.0	1.0	2.0
18280000	2.2449816816231687	0.9176294591670052	1.0	1.0	2.0
18290000	0.7985690927466055	0.6973515382303945	1.0	1.0	2.0
18300000	0.47883381983205753	0.41303298803888866	1.0	1.0	2.0
18310000	1.6865521431760357	0.38811765961007255	1.0	1.0	2.0
18320000	0.41574913138314207	0.2204808857088692	1.0	1.0	2.0
18330000	0.22229175597400988	0.16351394501089017	1.0	1.0	2.0
18340000	0.5537129997173929	0.2034317839018071	1.0	1.0	2.0
18350000	0.5398204672976373	0.9966636436640229	1.0	1.0	2.0
18360000	4.040191134273404	1.0044858767572864	1.0	1.0	2.0
18370000	0.4607511808096901	0.26242009332283023	1.0	1.0	2.0
18380000	0.7889218074231391	0.8639479990380571	1.0	1.0	2.0
18390000	0.8920471970739519	0.02067358156946401	1.0	1.0	2.0
18400000	1.3371704838920404	0.1823469964416362	1.0	1.0	2.0
18410000	1.4918849631782323	0.08283504668774122	1.0	1.0	2.0
18420000	0.5753086343347155	0.46828661040542674	1.0	1.0	2.0
18430000	1.0932648729974148	0.22501225715557366	1.0	1.0	2.0
18440000	0.823172819219234	0.16761150557914065	1.0	1.0	2.0
18450000	0.07022267531947386	0.4454111298019772	1.0	1.0	2.0
18460000	1.8588113973419504	0.25170995314561745	1.0	1.0	2.0
18470000	0.5251599661014196	0.1743395649273247	1.0	1.0	2.0
18480000	2.83541112440145	2.846542363148888	1.0	1.0	2.0
18490000	0.7297798329941537	0.21894603757457434	1.0	1.0	2.0
18500000	0.9623332578565816	0.22410383680021045	1.0	1.0	2.0
18510000	0.6608844042650811	0.5191076831630725	1.0	1.0	2.0
18520000	1.700098962580343	0.038060216912920386	1.0	1.0	2.0
18530000	0.8018297541293714	0.07257568387599585	1.0	1.0	2.0
18540000	2.1785043493501166	0.04150379760086963	1.0	1.0	2.0
18550000	0.4417115116377545	0.04081454205203881	1.0	1.0	2.0
18560000	1.3479049511278338	0.28958704709001004	1.0	1.0	2.0
18570000	1.3877624236639496	0.8399822041504647	1.0	1.0	2.0
18580000	1.4168303252171672	0.27989431993101677	1.0	1.0	2.0
18590000	0.920941082419804	0.2492188962989467	1.0	1.0	2.0
18600000	3.6168635553120962	1.3915369330905738	1.0	1.0	2.0
18610000	4.1134085454134866	0.23802578118088374	1.0	1.0	2.0
18620000	6.3573955531164374	0.7010691220895022	1.0	1.0	2.0
18630000	0.838070929871794	0.3480024612752009	1.0	1.0	2.0
18640000	1.2769211519509809	0.14456712526491214	1.0	1.0	2.0
18650000	1.6493989603938828	0.5336404298027003	1.0	1.0	2.0
18660000	2.1486412997414592	1.0184496642779133	1.0	1.0	2.0
18670000	1.8600810669779915	0.5598356448984421	1.0	1.0	2.0
18680000	2.4886826401422257	0.6494484312973553	1.0	1.0	2.0
18690000	1.5265328465665766	1.0297598472065697	1.0	1.0	2.0
18700000	0.3758525535314681	0.44158439387779114	1.0	1.0	2.0
18710000	2.014032572757126	0.04522800361770601	1.0	1.0	2.0
18720000	0.5872426524319628	0.11965121293603262	1.0	1.0	2.0
18730000	1.8351270686678287	0.24579910409905986	1.0	1.0	2.0
18740000	1.4305459718672624	0.3503249998406051	1.0	1.0	2.0
18750000	2.7943674138552126	0.034134262470585534	1.0	1.0	2.0
18760000	0.658408936628832	0.07169285334451321	1.0	1.0	2.0
18770000	1.426388848504127	0.8241873726500848	1.0	1.0	2.0
18780000	0.20971069642857398	0.02820857800014366	1.0	1.0	2.0
18790000	0.3958159443654936	1.2817525426816507	1.0	1.0	2.0
18800000	0.7029608835705654	0.6483977084152415	1.0	1.0	2.0
18810000	2.3202898034585395	0.7215529474457725	1.0	1.0	2.0
18820000	1.3665889984341177	0.007932658531724595	1.0	1.0	2.0
18830000	0.8754264977808494	1.094855762333313	1.0	1.0	2.0
18840000	1.1115310793440112	0.0870542288335882	1.0	1.0	2.0
18850000	0.7572824347674249	0.5699392048240572	1.0	1.0	2.0
18860000	0.7359508127566288	0.8924736967276843	1.0	1.0	2.0
18870000	0.9499240994455621	0.37093216175246624	1.0	1.0	2.0
18880000	1.7391571260311058	1.2482765048441913	1.0	1.0	2.0
18890000	1.6072031647713925	1.2194432909696	1.0	1.0	2.0
18900000	0.6008771489482265	0.9999691710507138	0.0	1.0	1.0
18910000	4.43676466314142	1.2565353083981525	1.0	1.0	2.0
18920000	0.43971294985459797	0.25982180633131596	1.0	1.0	2.0
18930000	0.2834289449187476	0.045084619342383024	1.0	1.0	2.0
18940000	0.5757538886176522	0.31400359015002904	1.0	1.0	2.0
18950000	0.5207799974876571	0.32026904568826897	1.0	1.0	2.0
18960000	2.259225939697836	0.44146146933503255	1.0	1.0	2.0
18970000	1.5251588599458903	0.8593581101208015	1.0	1.0	2.0
18980000	2.3988084258901234	0.5796346910143152	1.0	1.0	2.0
18990000	7.785175354664079	0.539938234168903	1.0	1.0	2.0
19000000	1.4028935191622256	0.4432428467465835	1.0	1.0	2.0
19010000	0.5463753827689262	0.7717161111813327	1.0	1.0	2.0
19020000	2.4930752348373044	1.625973823265163	1.0	1.0	2.0
19030000	1.309697182892592	0.2430034570170376	1.0	1.0	2.0
19040000	3.79587977762805	2.4504836277034325	1.0	1.0	2.0
19050000	1.3999948797016033	0.16789096865662487	1.0	1.0	2.0
19060000	2.3737536609412624	0.7394530105999111	1.0	1.0	2.0
19070000	0.2379780895843291	0.8172287099613463	1.0	1.0	2.0
19080000	1.0998657274659789	0.11556771496197853	1.0	1.0	2.0
19090000	0.8369536875322212	0.3914852963138531	1.0	1.0	2.0
19100000	2.8712361153198653	1.7706088605662456	1.0	1.0	2.0
19110000	0.5571108949926277	0.17732863010119784	1.0	1.0	2.0
19120000	0.553137731773548	0.3341802917116452	1.0	1.0	2.0
19130000	1.9174812792223	0.1242297820812982	1.0	1.0	2.0
19140000	0.8893644883940041	0.08918643372441057	1.0	1.0	2.0
19150000	0.9958659719869128	1.0279708733935435	1.0	1.0	2.0
19160000	0.5330698397772057	1.8377641271109937	1.0	1.0	2.0
19170000	0.13069273949611349	0.03192013327812714	1.0	1.0	2.0
19180000	1.7068826065189273	0.34136220184230975	1.0	1.0	2.0
19190000	0.8257744037545904	2.3494348692188063	1.0	1.0	2.0
19200000	3.4503835265369953	0.08024657131970653	1.0	1.0	2.0
19210000	0.2230929446647255	0.27643703255015056	1.0	1.0	2.0
19220000	1.7767659330311196	0.8581886599680059	1.0	1.0	2.0
19230000	0.6017210455770466	0.22160205782082035	1.0	1.0	2.0
19240000	2.468098528355745	0.2127648881356321	1.0	1.0	2.0
19250000	4.622122828457416	0.1293747491130624	1.0	1.0	2.0
19260000	0.47053915280648906	0.2583220116385238	1.0	1.0	2.0
19270000	0.6741522528008317	0.05243054537484052	1.0	1.0	2.0
19280000	0.38475874699806656	0.12641217950687847	1.0	1.0	2.0
19290000	3.241929888362967	0.7716094658875933	1.0	1.0	2.0
19300000	0.3425371887046585	0.07221562784816962	1.0	1.0	2.0
19310000	0.5771637690758205	1.1944646103856595	1.0	1.0	2.0
19320000	2.25738781147605	0.3479897372807076	1.0	1.0	2.0
19330000	0.8708148068735179	2.7727388821580488	1.0	1.0	2.0
19340000	0.6355246596410411	0.08718172767248164	1.0	1.0	2.0
19350000	0.9074132646652074	1.210399013843004	1.0	1.0	2.0
19360000	0.3032670597231485	1.0871235241956316	1.0	1.0	2.0
19370000	2.1612872017376237	0.6057288335666785	1.0	1.0	2.0
19380000	1.1254408747163642	0.04613837946062764	1.0	1.0	2.0
19390000	0.3946254506835826	1.1210853009226949	1.0	1.0	2.0
19400000	2.196919002429754	0.29856021556154294	1.0	1.0	2.0
19410000	0.735914158471773	0.14193808757729823	1.0	1.0	2.0
19420000	2.345065719512845	0.9449801814079177	1.0	1.0	2.0
19430000	2.8018847381579235	0.8086856618543282	1.0	1.0	2.0
19440000	0.31658816144713203	0.21756429394756055	1.0	1.0	2.0
19450000	1.8987010518264968	0.23265352224360095	1.0	1.0	2.0
19460000	0.466648468608485	0.38522749916103605	1.0	1.0	2.0
19470000	1.6513199954467386	0.5763911293119255	1.0	1.0	2.0
19480000	3.559056816976789	0.4680574665772696	1.0	1.0	2.0
19490000	2.7055248378244934	0.9716702726464921	1.0	1.0	2.0
19500000	1.3564092328832316	0.07099819869229355	1.0	1.0	2.0
19510000	0.34307361643402756	0.3857354172846454	1.0	1.0	2.0
19520000	2.961177759056527	4.428656708445372	1.0	1.0	2.0
19530000	1.8432819952548936	0.37816617903315086	1.0	1.0	2.0
19540000	1.413334587000455	0.22208939605271338	1.0	1.0	2.0
19550000	2.793698557623761	0.10265707517144308	1.0	1.0	2.0
19560000	0.8959850951000513	0.08253409056512981	1.0	1.0	2.0
19570000	0.5378639448332131	0.08913531551791805	1.0	1.0	2.0
19580000	0.2633768328910064	0.8322391834269806	1.0	1.0	2.0
19590000	1.7888544270482636	0.42224484948333557	1.0	1.0	2.0
19600000	1.376531240765572	0.32435192627069276	1.0	1.0	2.0
19610000	0.25735145992288333	0.1682458688359277	1.0	1.0	2.0
19620000	1.349305282248995	0.2970111681248848	1.0	1.0	2.0
19630000	0.6220048878879872	0.652029129722393	1.0	1.0	2.0
19640000	1.6283201666481948	0.44779436756842134	1.0	1.0	2.0
19650000	1.7406786923975213	1.7585860175786563	1.0	1.0	2.0
19660000	1.1745086447520205	1.6342907481229831	1.0	1.0	2.0
19670000	0.6791457514495985	1.253730930527036	1.0	1.0	2.0
19680000	1.3750499837580485	0.45256949484226644	1.0	1.0	2.0
19690000	0.6979158212852288	0.20873514088253292	1.0	1.0	2.0
19700000	2.5335021995633342	1.0027399678640658	1.0	1.0	2.0
19710000	0.6594470626871753	1.2416068168649472	1.0	1.0	2.0
19720000	4.226802946280202	0.23143382563298417	1.0	1.0	2.0
19730000	0.9073327676111415	0.052482355889560815	1.0	1.0	2.0
19740000	1.5488324436851248	0.5110096131457115	1.0	1.0	2.0
19750000	1.2159747478417418	0.8482231586114514	1.0	1.0	2.0
19760000	1.969553023423181	0.17484177403118706	1.0	1.0	2.0
19770000	0.5891348914996439	0.014384403643043766	1.0	1.0	2.0
19780000	0.9973340424173985	0.8949256143744517	1.0	1.0	2.0
19790000	1.3562451555878494	0.45342388594904476	1.0	1.0	2.0
19800000	0.09319503407689585	0.028547659247629736	1.0	1.0	2.0
19810000	0.7889897109773362	0.1681908907932795	1.0	1.0	2.0
19820000	0.7459785441961073	0.6636495466819639	1.0	1.0	2.0
19830000	0.7739736773614582	0.2744306278132402	1.0	1.0	2.0
19840000	2.7811179924541283	0.22881115007476133	1.0	1.0	2.0
19850000	1.010800489588577	0.514304921939286	1.0	1.0	2.0
19860000	0.31939772466716077	0.830025577026795	1.0	1.0	2.0
19870000	1.6649038804041636	0.6789107280163279	1.0	1.0	2.0
19880000	2.2340525721840434	0.7347643159300736	1.0	1.0	2.0
19890000	1.6696632142867673	0.1340356909713737	1.0	1.0	2.0
19900000	1.0426461939346743	0.7174103849075973	1.0	1.0	2.0
19910000	0.4274440549805696	0.17719530162311115	1.0	1.0	2.0
19920000	1.2047780137115136	0.7128285357635727	1.0	1.0	2.0
19930000	0.8453166339380926	0.8586135581794152	1.0	1.0	2.0
19940000	1.3694462084102765	0.377643273657014	1.0	1.0	2.0
19950000	0.798327896481692	0.37499782098269274	1.0	1.0	2.0
19960000	0.22590508103857143	0.022596610421488337	1.0	1.0	2.0
19970000	4.4133594964866125	0.32071526465613087	1.0	1.0	2.0
19980000	1.0456031634671439	1.9888227245574712	1.0	1.0	2.0
19990000	1.6132696823909325	2.307980410449458	1.0	1.0	2.0
20000000	2.2587601515724036	0.34391578909089343	1.0	1.0	2.0
20010000	2.46731565151062	0.08244118608564548	1.0	1.0	2.0
20020000	0.6988955876389699	4.241791225814704	1.0	1.0	2.0
20030000	2.1925494547443742	0.15838993081039618	1.0	1.0	2.0
20040000	1.3750442454084173	0.017814513687181805	1.0	1.0	2.0
20050000	0.6381284517668682	0.5071177665702159	1.0	1.0	2.0
20060000	0.14405320521904147	0.01809381651773951	1.0	1.0	2.0
20070000	6.529265407043735	3.8251741441701226	1.0	1.0	2.0
20080000	1.3473739635254154	0.2522614807411821	1.0	1.0	2.0
20090000	0.12174144278301292	0.26319594775280736	1.0	1.0	2.0
20100000	2.08511126614894	0.9401198502965273	1.0	1.0	2.0
20110000	0.9492539543275986	1.7411051548850254	1.0	1.0	2.0
20120000	3.1628601834929992	0.01090812838032394	1.0	1.0	2.0
20130000	3.6925813522052544	1.0019876952763311	1.0	1.0	2.0
20140000	2.203731207990431	0.9524601792633683	1.0	1.0	2.0
20150000	0.8807443896170891	0.04579589709825102	1.0	1.0	2.0
20160000	1.8080575223207394	0.32245025661640064	1.0	1.0	2.0
20170000	2.111252285629785	1.0616762866969451	1.0	1.0	2.0
20180000	0.3407640402563483	0.5838480046265954	1.0	1.0	2.0
20190000	0.8414652258225112	0.15603315622137023	1.0	1.0	2.0
20200000	1.152257201828516	0.518719297686562	1.0	1.0	2.0
20210000	1.0439667117576095	0.21084846616452407	1.0	1.0	2.0
20220000	0.7781116114594249	0.9191734396242862	1.0	1.0	2.0
20230000	1.1836688812684188	0.3871286154824031	1.0	1.0	2.0
20240000	0.9904566849636455	0.4845030117640372	1.0	1.0	2.0
20250000	2.4945335033025056	0.7523304349149322	1.0	1.0	2.0
20260000	1.9394226638718717	0.10972995355970964	1.0	1.0	2.0
20270000	1.0679398506127469	0.22534996802598656	1.0	1.0	2.0
20280000	2.802910836227423	0.3123379052102977	1.0	1.0	2.0
20290000	1.2254730242861545	0.57716952436141	1.0	1.0	2.0
20300000	0.525563042022423	1.0426514790351396	1.0	1.0	2.0
20310000	0.26289829156007166	0.25555354707369127	1.0	1.0	2.0
20320000	0.2946189509720943	0.8216141985553563	1.0	1.0	2.0
20330000	1.0012152414427151	0.2666940250666755	1.0	1.0	2.0
20340000	0.44982501056285645	0.3887332412864144	1.0	1.0	2.0
20350000	1.5498515695333417	0.2722617346862129	1.0	1.0	2.0
20360000	1.2203817425421346	0.22760711758215668	1.0	1.0	2.0
20370000	1.2539295359959894	0.4736622442584671	1.0	1.0	2.0
20380000	2.4882423875572277	0.018023928104456785	1.0	1.0	2.0
20390000	2.9193485042562473	0.4176258484260915	1.0	1.0	2.0
20400000	0.16680062145201618	0.005771300641989108	1.0	1.0	2.0
20410000	1.1530782416548047	2.3220415986035237	1.0	1.0	2.0
20420000	1.6851062088994504	2.7244564313029613	1.0	1.0	2.0
20430000	0.28507871515979694	0.1769038450035071	1.0	1.0	2.0
20440000	0.6695823931681131	0.30673140962096124	1.0	1.0	2.0
20450000	1.1057089006269423	0.08973339821711679	1.0	1.0	2.0
20460000	1.6596436271936275	0.4172668756554551	1.0	1.0	2.0
20470000	0.23685473381324532	0.38591268748918767	1.0	1.0	2.0
20480000	3.910989958689617	0.990905576928422	1.0	1.0	2.0
20490000	2.796439651665881	1.4953462596872007	1.0	1.0	2.0
20500000	1.3728090773042243	1.6073066848204836	1.0	1.0	2.0
20510000	1.0333952808709523	0.6926505501481612	1.0	1.0	2.0
20520000	0.8119502474960822	0.19802201542496642	1.0	1.0	2.0
20530000	2.264126501966554	1.5864724897685751	1.0	1.0	2.0
20540000	0.486976330512703	0.6471991759488284	1.0	1.0	2.0
20550000	0.4658879248137209	0.4748532345602151	1.0	1.0	2.0
20560000	0.9512548054642388	0.11292525072145489	1.0	1.0	2.0
20570000	1.409582013320911	0.2910869843012555	1.0	1.0	2.0
20580000	2.1558038341717074	2.4397715044477497	1.0	1.0	2.0
20590000	0.6225317640991987	0.47257723753378716	1.0	1.0	2.0
20600000	0.10032029628927269	0.1451266816063863	1.0	1.0	2.0
20610000	0.907512119111411	2.5247076420881513	1.0	1.0	2.0
20620000	0.8409572567914263	0.16287090884812794	1.0	1.0	2.0
20630000	2.714155475706396	0.9193410474951574	1.0	1.0	2.0
20640000	1.8698724661775246	1.010824124360472	1.0	1.0	2.0
20650000	2.48758727067314	1.7535692742926208	1.0	1.0	2.0
20660000	1.7909838292575122	0.7057323656964214	1.0	1.0	2.0
20670000	0.3077665048633367	0.03903067045155339	1.0	1.0	2.0
20680000	0.5056718207617062	0.1348899698982202	1.0	1.0	2.0
20690000	0.8309872810474034	0.25323119095231433	1.0	1.0	2.0
20700000	0.17336337489220036	0.12629718956129216	1.0	1.0	2.0
20710000	2.1030911683160567	0.20063954560470462	1.0	1.0	2.0
20720000	4.422118433603633	0.5661736685372707	1.0	1.0	2.0
20730000	1.5791324045248052	1.7402145131283753	1.0	1.0	2.0
20740000	0.8807812313719194	0.589690252205836	1.0	1.0	2.0
20750000	0.8076331437774459	0.40522147643608986	1.0	1.0	2.0
20760000	0.6102810040874204	1.6995071640954849	1.0	1.0	2.0
20770000	1.3086512606702947	0.23928347523671673	1.0	1.0	2.0
20780000	4.626687858931722	0.11935792497680502	1.0	1.0	2.0
20790000	7.339081104328447	0.254086119199271	1.0	1.0	2.0
20800000	0.5124466951374512	0.06585593156708423	1.0	1.0	2.0
20810000	1.517246573661687	0.12184000541737877	1.0	1.0	2.0
20820000	0.5561527344547602	0.010320020125786996	1.0	1.0	2.0
20830000	0.9694467145477612	0.8216393139375894	1.0	1.0	2.0
20840000	0.94727146727732	0.26152046669361295	1.0	1.0	2.0
20850000	2.207238674782383	0.022031104358108036	1.0	1.0	2.0
20860000	0.21797116097263436	0.578576609249014	1.0	1.0	2.0
20870000	0.13742056732519345	0.043633336140972326	1.0	1.0	2.0
20880000	2.7046389432398583	2.064963071049393	1.0	1.0	2.0
20890000	2.617991304107193	0.921046664215244	1.0	1.0	2.0
20900000	2.951795438229303	0.3535905481853589	1.0	1.0	2.0
20910000	1.308038990577875	0.6059872706310037	1.0	1.0	2.0
20920000	0.40266873395269026	0.18300843039423817	1.0	1.0	2.0
20930000	1.238296113178472	0.5453604166038887	1.0	1.0	2.0
20940000	0.294759796344376	0.27217349127216545	1.0	1.0	2.0
20950000	0.13098749015271557	0.12806625598637655	1.0	1.0	2.0
20960000	1.3757658555166343	0.3070721766035841	1.0	1.0	2.0
20970000	1.1119253041327821	0.5997044331896519	1.0	1.0	2.0
20980000	1.3817904756128134	0.7513155903187293	1.0	1.0	2.0
20990000	0.3360312583866221	0.10965162567105141	1.0	1.0	2.0
21000000	3.268636005726274	0.22918867165713938	1.0	1.0	2.0
21010000	1.4172478633635925	2.9357356931765533	1.0	1.0	2.0
21020000	0.8272518103737675	0.11593977661778251	1.0	1.0	2.0
21030000	2.7743050953774717	1.0054240328402737	1.0	1.0	2.0
21040000	2.54098230684053	0.7278987994323302	1.0	1.0	2.0
21050000	3.0428907757071038	2.199852138641213	1.0	1.0	2.0
21060000	0.9236240944670971	0.29562029330618494	1.0	1.0	2.0
21070000	0.8837760736798462	0.2305794550061202	1.0	1.0	2.0
21080000	0.7827906850146799	1.1642110829838361	1.0	1.0	2.0
21090000	3.5577827116066874	0.03699774197552818	1.0	1.0	2.0
21100000	0.6262374211728775	0.6089570151923057	1.0	1.0	2.0
21110000	0.11811944690056773	0.1911653670108035	1.0	1.0	2.0
21120000	0.6123285667722808	0.5258954678722727	1.0	1.0	2.0
21130000	0.9249637338002747	0.23221122829454657	1.0	1.0	2.0
21140000	1.156887076064739	0.11556794649769789	1.0	1.0	2.0
21150000	2.005331150038321	0.3900893240769374	1.0	1.0	2.0
21160000	0.9042106230496697	0.08480429751653931	1.0	1.0	2.0
21170000	2.781141355986573	1.344780257128214	0.0	1.0	1.0
21180000	1.1072842465372508	0.3680905867988634	1.0	1.0	2.0
21190000	2.2633334544999895	1.2714030549649098	1.0	1.0	2.0
21200000	0.26045117337471957	0.15300849469794933	1.0	1.0	2.0
21210000	2.007074960530495	2.009762632302242	1.0	1.0	2.0
21220000	0.6831416063724179	0.22411995718891423	1.0	1.0	2.0
21230000	0.49863086309897847	0.3378571650382925	1.0	1.0	2.0
21240000	0.19944701681703597	0.007398496263913699	1.0	1.0	2.0
21250000	0.6592951167486671	0.0679309229173667	1.0	1.0	2.0
21260000	0.634930004205508	1.3002610873853544	1.0	1.0	2.0
21270000	0.6952172996830093	0.06608832538817663	1.0	1.0	2.0
21280000	0.6957021312957342	0.2185003352795536	1.0	1.0	2.0
21290000	0.3464400071816903	0.3201520237556429	1.0	1.0	2.0
21300000	3.2937929875266776	0.36411191978903396	1.0	1.0	2.0
21310000	0.8910913567052683	0.027091030925655925	1.0	1.0	2.0
21320000	0.8934260155677339	1.0711757277075264	1.0	1.0	2.0
21330000	0.7386523173217725	0.10103080540535549	1.0	1.0	2.0
21340000	0.4744261362510266	0.29229826232746486	1.0	1.0	2.0
21350000	1.2757853775190469	0.24571166633666838	1.0	1.0	2.0
21360000	1.4572572737288776	0.0662097049837449	1.0	1.0	2.0
21370000	1.5758614163590405	0.4509042665223313	1.0	1.0	2.0
21380000	2.23538711766127	0.6509500767031335	1.0	1.0	2.0
21390000	0.4923190265552179	0.29789778646225856	1.0	1.0	2.0
21400000	1.9376368827744261	0.30545917398857203	1.0	1.0	2.0
21410000	0.937764631246754	1.6396220878292114	1.0	1.0	2.0
21420000	0.5913694961934756	0.034610734355570695	1.0	1.0	2.0
21430000	3.0544869360637037	0.6378853918869367	1.0	1.0	2.0
21440000	1.451591448414991	1.0364829750173765	1.0	1.0	2.0
21450000	0.23152698379023154	0.4223533985575694	1.0	1.0	2.0
21460000	1.831156633779831	0.14046010501095876	1.0	1.0	2.0
21470000	0.33348720371298113	0.6851301837439981	1.0	1.0	2.0
21480000	2.934898835247281	0.25405594993113895	1.0	1.0	2.0
21490000	2.505494982296309	0.15791370718305303	1.0	1.0	2.0
21500000	1.1158649496068491	0.4754143533845732	1.0	1.0	2.0
21510000	4.057181578636929	0.004781541869361797	1.0	1.0	2.0
21520000	0.31981386737179707	0.2790021509362873	1.0	1.0	2.0
21530000	2.070564677386161	1.0050064494451698	1.0	1.0	2.0
21540000	0.6644127511594086	0.8961150189892193	1.0	1.0	2.0
21550000	0.5104940860540309	0.3659623179739968	1.0	1.0	2.0
21560000	0.8971764274862367	1.9091566148659127	1.0	1.0	2.0
21570000	1.092525524606669	0.5571161607962419	1.0	1.0	2.0
21580000	0.8783677448587113	0.17519053775974555	1.0	1.0	2.0
21590000	3.008367665076462	0.24343600810348817	1.0	1.0	2.0
21600000	0.38504432521241244	0.1011053212073156	1.0	1.0	2.0
21610000	2.7193563871745274	1.3870068987217146	1.0	1.0	2.0
21620000	0.7561119955758262	0.8698470089270772	1.0	1.0	2.0
21630000	0.501611337243433	0.06712059360248139	1.0	1.0	2.0
21640000	1.196267359428153	0.026535122993211716	1.0	1.0	2.0
21650000	2.0323729053915747	0.8258668339852154	1.0	1.0	2.0
21660000	1.4338612771864594	2.935680700063009	1.0	1.0	2.0
21670000	0.8535556111242038	0.11242378011129736	1.0	1.0	2.0
21680000	0.9913410908141201	1.2650474956997475	1.0	1.0	2.0
21690000	1.2230010701092244	0.10902922397048417	1.0	1.0	2.0
21700000	2.1387091178153144	0.135489735636203	1.0	1.0	2.0
21710000	1.9925216958949115	0.028867585256000236	1.0	1.0	2.0
21720000	1.6408633907734254	0.706716668107564	1.0	1.0	2.0
21730000	1.2894093016382715	0.0049533616678494085	1.0	1.0	2.0
21740000	0.13335375601585023	0.09640781885857061	1.0	1.0	2.0
21750000	0.9635196567467589	0.07394158220883079	1.0	1.0	2.0
21760000	1.3825016055801078	1.6638370295714324	1.0	1.0	2.0
21770000	0.14998276273001562	0.21951071844820585	1.0	1.0	2.0
21780000	1.3291475259339889	0.4338705633774427	1.0	1.0	2.0
21790000	0.5460849832302688	0.6377960040775891	1.0	1.0	2.0
21800000	0.585180227173077	0.1491620681049391	1.0	1.0	2.0
21810000	1.3836349157629888	0.7640573068816542	1.0	1.0	2.0
21820000	0.08343384264676368	0.14079381057313384	1.0	1.0	2.0
21830000	1.5361523436325997	0.1975832324073062	1.0	1.0	2.0
21840000	1.3220600730068748	1.0480568152168714	1.0	1.0	2.0
21850000	0.5557516946352405	2.306522059435667	1.0	1.0	2.0
21860000	0.33960090789145136	0.4059410783368035	1.0	1.0	2.0
21870000	0.9157107607323632	0.21433657035403816	1.0	1.0	2.0
21880000	0.3288821520930937	0.29792831018306004	1.0	1.0	2.0
21890000	0.47992172879141615	0.4276763895642653	1.0	1.0	2.0
21900000	0.4805285823261027	0.23157764905876407	1.0	1.0	2.0
21910000	1.2211275321886843	2.5726076158646665	1.0	1.0	2.0
21920000	1.7621315785079743	0.018264042184840734	1.0	1.0	2.0
21930000	1.0604360097915835	4.122477370260702	1.0	1.0	2.0
21940000	1.7407470247753751	1.8462812137180644	1.0	1.0	2.0
21950000	0.4844572155667906	0.590449784755594	1.0	1.0	2.0
21960000	1.3754399401132367	0.06811756575573145	1.0	1.0	2.0
21970000	0.5367180862858016	1.12379639875991	1.0	1.0	2.0
21980000	0.4314409553254096	0.03929416226410155	1.0	1.0	2.0
21990000	0.5180916106973875	0.16683492718276335	1.0	1.0	2.0
22000000	1.4633737719948214	0.1033591163795646	1.0	1.0	2.0
22010000	0.7301621745776801	0.26260977220967346	1.0	1.0	2.0
22020000	1.7954768507738184	0.2693224907670084	1.0	1.0	2.0
22030000	1.3123797279282972	0.22682947088597308	1.0	1.0	2.0
22040000	2.268360301909009	3.383594893567298	1.0	1.0	2.0
22050000	1.6076070461651597	0.6555987494472507	1.0	1.0	2.0
22060000	0.7755261142344033	0.07709738876690982	1.0	1.0	2.0
22070000	1.8935391591691462	1.132485642828803	1.0	1.0	2.0
22080000	0.05505086664851408	0.10450374124605677	1.0	1.0	2.0
22090000	6.361139809449813	0.48815376729018767	1.0	1.0	2.0
22100000	1.6514521114402083	0.23914007998884476	1.0	1.0	2.0
22110000	1.2686368744781655	0.18345133622921525	1.0	1.0	2.0
22120000	0.7923019550964231	0.2268203134687733	1.0	1.0	2.0
22130000	3.6330668585514583	1.4344501524057058	1.0	1.0	2.0
22140000	1.8176052573435368	0.0840320378711132	1.0	1.0	2.0
22150000	1.5382689828264333	1.078844840685532	1.0	1.0	2.0
22160000	3.551695724112915	0.546664981743641	1.0	1.0	2.0
22170000	0.07590646292499262	1.1290765545208135	1.0	1.0	2.0
22180000	0.24166083993852258	0.1314419994664496	1.0	1.0	2.0
22190000	1.600185142049905	0.12209511568633369	1.0	1.0	2.0
22200000	0.2872389731838696	0.13553253917535749	1.0	1.0	2.0
22210000	1.963786552362819	2.5429856418500956	1.0	1.0	2.0
22220000	0.5501737602665088	0.351506712367883	1.0	1.0	2.0
22230000	0.7848115492188028	1.6467522404680641	1.0	1.0	2.0
22240000	1.0942305038384679	0.15192852519607142	1.0	1.0	2.0
22250000	1.6882357026002441	0.8457241165260251	1.0	1.0	2.0
22260000	0.1577986082295383	0.24950068938931996	1.0	1.0	2.0
22270000	0.1658002760463423	0.22869209128954948	1.0	1.0	2.0
22280000	0.9261397677869266	1.4277474278925204	1.0	1.0	2.0
22290000	0.3869264309842372	0.5620405725180506	1.0	1.0	2.0
22300000	2.2988046012358523	1.5722079350623805	1.0	1.0	2.0
22310000	1.094527796104331	0.012446234856551573	1.0	1.0	2.0
22320000	0.9403036959408916	2.6595281287239447	1.0	1.0	2.0
22330000	0.5858409421021128	0.45669842188649457	1.0	1.0	2.0
22340000	1.9514372078007018	1.2941855740182626	1.0	1.0	2.0
22350000	0.6992394522460268	0.8027107929017413	1.0	1.0	2.0
22360000	0.9324539535528853	0.09807371354575804	1.0	1.0	2.0
22370000	0.20041367755022096	0.24387818760012214	1.0	1.0	2.0
22380000	0.6843986225919937	0.5823119495513297	1.0	1.0	2.0
22390000	0.35164941412744893	0.02533514262200714	1.0	1.0	2.0
22400000	0.5226955546099349	0.7106618372322743	1.0	1.0	2.0
22410000	1.0836841207175532	0.05476876132198111	1.0	1.0	2.0
22420000	1.3874856172145864	0.14108550566415065	1.0	1.0	2.0
22430000	1.1733012395388522	0.37042215593923794	1.0	1.0	2.0
22440000	2.4307674942819544	0.19638490489550556	1.0	1.0	2.0
22450000	1.2682460213484439	1.0755963527214805	1.0	1.0	2.0
22460000	6.130649718660549	1.6583966877928598	1.0	1.0	2.0
22470000	1.5710854572899138	1.0901069130983032	1.0	1.0	2.0
22480000	0.6083519559243903	0.07321186445120949	1.0	1.0	2.0
22490000	0.07460223019648443	0.25775804277911546	1.0	1.0	2.0
22500000	1.4611081461255409	0.3850304826584669	1.0	1.0	2.0
22510000	0.9710830658353294	0.15161583851609933	1.0	1.0	2.0
22520000	3.7413033383882075	0.13849405115743899	1.0	1.0	2.0
22530000	0.9627898545241542	1.4970578653197122	1.0	1.0	2.0
22540000	1.4719204226279923	1.2524110472312457	1.0	1.0	2.0
22550000	1.6175209341443197	0.7757217368560495	1.0	1.0	2.0
22560000	0.47834138074259536	0.053150809753275435	1.0	1.0	2.0
22570000	2.228593184822719	0.3856060557762067	1.0	1.0	2.0
22580000	0.9798685518065829	0.045885990649117754	1.0	1.0	2.0
22590000	1.1077752353346144	0.1981063014264167	1.0	1.0	2.0
22600000	0.5588670704495816	0.1336196613737782	1.0	1.0	2.0
22610000	2.298642369666994	0.9320722647003511	1.0	1.0	2.0
22620000	2.4420775897713276	1.5573485082069631	1.0	1.0	2.0
22630000	0.28010343961765516	1.8966529345070196	1.0	1.0	2.0
22640000	2.317270810343089	4.693471736661813	1.0	1.0	2.0
22650000	2.0732187947404435	3.234389476461961	1.0	1.0	2.0
22660000	1.445725643689219	0.9431987825577665	1.0	1.0	2.0
22670000	1.297377867765606	0.4998317366395707	1.0	1.0	2.0
22680000	1.2689021986067317	0.08063273030878162	1.0	1.0	2.0
22690000	2.1233120502366893	0.1987242480535666	1.0	1.0	2.0
22700000	0.8230532196225886	1.7548134030673561	1.0	1.0	2.0
22710000	2.2233447259164083	0.21183636273912507	1.0	1.0	2.0
22720000	0.29332596497034674	0.20456458665419444	1.0	1.0	2.0
22730000	0.7022083050700118	1.0890456760812521	1.0	1.0	2.0
22740000	0.2157816970511771	0.041915909139025265	1.0	1.0	2.0
22750000	2.932806011901422	0.3837823759815407	1.0	1.0	2.0
22760000	1.208254743063532	0.44242153807325935	1.0	1.0	2.0
22770000	0.862647263449255	0.00976817607003538	1.0	1.0	2.0
22780000	1.291377278172593	0.1704830716557704	1.0	1.0	2.0
22790000	0.5715762140531182	1.2095043067945592	1.0	1.0	2.0
22800000	1.720363843086385	1.5675756265524388	1.0	1.0	2.0
22810000	0.6700970157097801	0.005269999113549017	1.0	1.0	2.0
22820000	0.5902645236849697	0.08310483163354336	1.0	1.0	2.0
22830000	1.5557388895430777	1.6899440144208535	1.0	1.0	2.0
22840000	0.4703334935067847	0.03578841385341285	1.0	1.0	2.0
22850000	3.83332412064235	1.1335417953193074	1.0	1.0	2.0
22860000	0.8402048365305186	0.06388224340559165	1.0	1.0	2.0
22870000	1.7773890517604325	0.11989953232853325	1.0	1.0	2.0
22880000	1.1425816620358213	0.4123205895780618	1.0	1.0	2.0
22890000	1.4989977842717692	1.1815105908298462	1.0	1.0	2.0
22900000	2.2849642718530685	0.003927968355478606	1.0	1.0	2.0
22910000	1.597806292691792	0.2571414659025737	1.0	1.0	2.0
22920000	1.0650733904148821	0.059270068138173544	1.0	1.0	2.0
22930000	0.826723852934311	0.06225121472156572	1.0	1.0	2.0
22940000	2.3396618108327067	0.598825846922384	1.0	1.0	2.0
22950000	1.0196804382922144	0.0018898065874385138	1.0	1.0	2.0
22960000	0.40081653007712725	0.03901724372800041	1.0	1.0	2.0
22970000	3.3832817885443744	1.3361691480776645	1.0	1.0	2.0
22980000	2.1633109704604587	0.06444305117302608	1.0	1.0	2.0
22990000	0.49494090318265743	0.04874978423770666	1.0	1.0	2.0
23000000	0.08725015726589222	0.003906208843796215	1.0	1.0	2.0
23010000	0.20087624173932478	0.5383317049315489	1.0	1.0	2.0
23020000	0.19282704504375792	0.20883544815783447	1.0	1.0	2.0
23030000	1.2645570904541343	0.5505877481391085	1.0	1.0	2.0
23040000	1.6234022054716701	0.0634757294920628	1.0	1.0	2.0
23050000	0.35379106130945964	0.16630799332900012	1.0	1.0	2.0
23060000	1.0953547411097904	0.34553616356834993	1.0	1.0	2.0
23070000	0.6733872881114051	1.065992472452791	1.0	1.0	2.0
23080000	0.2667326871980152	0.7083539230334627	1.0	1.0	2.0
23090000	0.7735910237646881	1.1529542333996219	1.0	1.0	2.0
23100000	2.1099570485103865	0.03791429976765609	1.0	1.0	2.0
23110000	1.2213974692786447	0.02464065755402543	1.0	1.0	2.0
23120000	0.15027980323759	0.057841544073267574	1.0	1.0	2.0
23130000	0.6377707395288098	0.3350011325561197	1.0	1.0	2.0
23140000	2.6125013100336933	0.12567320618023847	1.0	1.0	2.0
23150000	0.40439808651588943	0.1366583655191848	1.0	1.0	2.0
23160000	2.2186770509718703	1.26420877765715	1.0	1.0	2.0
23170000	0.7161674674282211	0.9350320185947603	1.0	1.0	2.0
23180000	0.8016860624758999	0.2008189820811508	1.0	1.0	2.0
23190000	0.057409512596664845	0.3482417452793984	1.0	1.0	2.0
23200000	1.3625485086921858	0.931850946352462	1.0	1.0	2.0
23210000	3.2189557034876946	0.21304331034455143	1.0	1.0	2.0
23220000	1.4374719302368273	0.03351520323478172	1.0	1.0	2.0
23230000	2.5935156691362136	1.6069726087103755	1.0	1.0	2.0
23240000	1.8676523741179476	1.4928005501348331	1.0	1.0	2.0
23250000	1.4726695489625874	0.09345246785173783	1.0	1.0	2.0
23260000	1.1659982063953618	0.725018308385525	1.0	1.0	2.0
23270000	1.13462472237625	1.2536623887824399	1.0	1.0	2.0
23280000	0.29536724001311604	0.9441171675174038	1.0	1.0	2.0
23290000	0.679274588401221	0.5253612509226779	1.0	1.0	2.0
23300000	0.9107735513122237	0.17980867564552844	1.0	1.0	2.0
23310000	1.6988607800491649	0.07928261826821537	1.0	1.0	2.0
23320000	3.545015055528676	0.2613039760671004	1.0	1.0	2.0
23330000	2.4498702405152524	0.06385291565196492	1.0	1.0	2.0
23340000	0.520558651141441	0.5342173274890117	1.0	1.0	2.0
23350000	1.2512110645553949	1.6695608087081515	1.0	1.0	2.0
23360000	0.739412031931069	1.0286899901283735	1.0	1.0	2.0
23370000	1.7058418495038308	0.9582243424796423	1.0	1.0	2.0
23380000	2.000321780931113	0.13768394409302884	1.0	1.0	2.0
23390000	1.8280272297882345	0.19590964986083104	1.0	1.0	2.0
23400000	0.5852297785376899	0.31858196938392297	1.0	1.0	2.0
23410000	1.0438274932931455	0.4024699031477968	1.0	1.0	2.0
23420000	0.5669285561496711	0.19288397530099607	1.0	1.0	2.0
23430000	0.9390869110425754	0.7496814793260782	1.0	1.0	2.0
23440000	0.5759730696138796	0.5746519749045792	1.0	1.0	2.0
23450000	1.6136969062067532	0.5667317790723934	1.0	1.0	2.0
23460000	2.8444987567934272	0.0674520172723155	1.0	1.0	2.0
23470000	4.1605031856922885	0.2528219941516478	1.0	1.0	2.0
23480000	1.0513575184727029	2.750850064279917	1.0	1.0	2.0
23490000	1.8569724036438577	0.36703429975399104	1.0	1.0	2.0
23500000	0.512324679207271	0.24592724858414605	1.0	1.0	2.0
23510000	1.901648402985722	0.7351048973687472	1.0	1.0	2.0
23520000	0.9808056777744996	1.4551201501498674	1.0	1.0	2.0
23530000	1.1120520112881407	0.636329372481286	1.0	1.0	2.0
23540000	3.562544164941342	2.5579020619794126	1.0	1.0	2.0
23550000	1.0522585365173849	0.1991778144111599	1.0	1.0	2.0
23560000	3.9802442222916943	0.5686706520458475	1.0	1.0	2.0
23570000	0.6062298976378991	0.15419250880081384	1.0	1.0	2.0
23580000	0.5364602807407023	0.036670868454743384	1.0	1.0	2.0
23590000	1.7863101080504495	0.07242983566280131	1.0	1.0	2.0
23600000	0.5759888723830998	0.4392318830741629	1.0	1.0	2.0
23610000	1.2980009824843444	1.4977664294994402	1.0	1.0	2.0
23620000	0.046451538043183006	0.004168388090393668	1.0	1.0	2.0
23630000	0.312615850994881	0.7330670565544705	1.0	1.0	2.0
23640000	1.9131950014957364	1.6785857556831503	1.0	1.0	2.0
23650000	3.82072921833806	0.20593476326741203	1.0	1.0	2.0
23660000	0.7627468272817111	0.531193385075312	1.0	1.0	2.0
23670000	1.5669505678248263	0.6718256434955004	1.0	1.0	2.0
23680000	0.24650461221478304	0.17093865024740826	1.0	1.0	2.0
23690000	3.64203169332877	0.13364566887767634	1.0	1.0	2.0
23700000	1.8319981342694867	0.16155643162377395	1.0	1.0	2.0
23710000	0.9558512608914923	1.2531334750639025	1.0	1.0	2.0
23720000	0.8506012383502684	0.0635197844592268	1.0	1.0	2.0
23730000	0.8874572113617764	0.7953234757792698	1.0	1.0	2.0
23740000	0.2816018711132382	0.01301156681879437	1.0	1.0	2.0
23750000	0.363158787313772	0.0036336363636482365	1.0	1.0	2.0
23760000	0.4292323557519117	0.04995466440235805	1.0	1.0	2.0
23770000	3.2075058106846113	2.294359664889606	1.0	1.0	2.0
23780000	0.30444253736979104	0.6358784770426811	1.0	1.0	2.0
23790000	2.777255021107695	0.4840465143416703	1.0	1.0	2.0
23800000	0.4920646789780665	0.2555633861078151	1.0	1.0	2.0
23810000	2.2294979977947342	0.10342425791953438	1.0	1.0	2.0
23820000	0.2758773612012109	0.05487273217922019	1.0	1.0	2.0
23830000	6.239323283645932	1.1338793898641744	1.0	1.0	2.0
23840000	0.9752279015561427	4.33692929055198	1.0	1.0	2.0
23850000	0.5542760316659103	0.1782198213413251	1.0	1.0	2.0
23860000	1.071772942966523	0.9864918624692539	1.0	1.0	2.0
23870000	0.20541298654225534	0.4882491136345542	1.0	1.0	2.0
23880000	1.4393198215082932	0.35326600900011457	1.0	1.0	2.0
23890000	1.429546793992463	0.162950680507848	1.0	1.0	2.0
23900000	0.20335504170134755	0.03954202841278186	1.0	1.0	2.0
23910000	0.765187798004939	0.08475070641562989	1.0	1.0	2.0
23920000	0.5839142020072196	0.48234194606399394	1.0	1.0	2.0
23930000	0.8022790221824946	0.7366214617929899	1.0	1.0	2.0
23940000	1.7950146132712363	1.7114788183724503	1.0	1.0	2.0
23950000	3.0538419089807007	3.8680072595633095	1.0	1.0	2.0
23960000	0.6359972825468734	0.7128128484895343	1.0	1.0	2.0
23970000	2.075872835122822	0.33500829390347775	1.0	1.0	2.0
23980000	1.0069260879071986	2.505402606628916	1.0	1.0	2.0
23990000	0.23791949382105335	0.058068190413181814	1.0	1.0	2.0
24000000	1.1748819336578533	0.03111411589952069	1.0	1.0	2.0
24010000	0.8254346439190245	0.4945375328026464	1.0	1.0	2.0
24020000	1.137363861063473	0.46259479791733316	1.0	1.0	2.0
24030000	3.3390025947530715	0.21217543208667466	1.0	1.0	2.0
24040000	4.515761127027856	0.08598621294063416	1.0	1.0	2.0
24050000	2.6267170674304374	1.4280108016883695	1.0	1.0	2.0
24060000	1.9664508798244673	0.0136189515300109	1.0	1.0	2.0
24070000	0.29495668035957434	0.15610601992541048	1.0	1.0	2.0
24080000	1.0021009534002971	1.1280732634249984	1.0	1.0	2.0
24090000	0.3927456511148096	0.19695361360266672	1.0	1.0	2.0
24100000	4.12648478709999	1.1717786427264616	1.0	1.0	2.0
24110000	1.9351361844970183	0.02667004421817139	1.0	1.0	2.0
24120000	1.0715690759198515	0.19438237269698777	1.0	1.0	2.0
24130000	1.1488596563373494	0.17447535919329446	1.0	1.0	2.0
24140000	3.270382781795058	0.786350079914042	1.0	1.0	2.0
24150000	2.8489675558763823	0.20731783797084888	1.0	1.0	2.0
24160000	2.2944279834353396	1.4029342354844345	1.0	1.0	2.0
24170000	0.6969342288808261	2.200388190554498	1.0	1.0	2.0
24180000	1.5956965129014267	0.10565776327432906	1.0	1.0	2.0
24190000	0.5144739139614489	0.09437777958798803	1.0	1.0	2.0
24200000	1.1108806322688534	0.923484572379211	1.0	1.0	2.0
24210000	0.428752855956839	0.21991553984285098	1.0	1.0	2.0
24220000	1.3505709662939318	0.23645469724631465	1.0	1.0	2.0
24230000	1.068270071315002	0.09352429507974003	1.0	1.0	2.0
24240000	0.5615750292216006	0.12796842400580433	1.0	1.0	2.0
24250000	1.4275642366473578	0.40681062620466873	1.0	1.0	2.0
24260000	4.084084003765664	1.3386014027268927	1.0	1.0	2.0
24270000	0.5616352107369483	0.07198780564041186	1.0	1.0	2.0
24280000	1.9429182277402735	0.4517133799347695	1.0	1.0	2.0
24290000	1.688896466923502	0.3140218491040782	1.0	1.0	2.0
24300000	0.1468286450359721	0.0054300308280271084	1.0	1.0	2.0
24310000	0.422235961793986	0.8707611655001758	1.0	1.0	2.0
24320000	1.0481235108007372	2.713244125656523	1.0	1.0	2.0
24330000	0.03277827869967608	0.1055950528818037	1.0	1.0	2.0
24340000	1.104754190528787	0.5001843402066004	1.0	1.0	2.0
24350000	1.8227978353409862	0.22956721366523045	1.0	1.0	2.0
24360000	0.7254297356388381	0.4090649781109761	1.0	1.0	2.0
24370000	0.7826230695177377	0.49197739660144285	1.0	1.0	2.0
24380000	0.6044598727009824	0.35497542423102857	1.0	1.0	2.0
24390000	0.2401041504257721	0.06067702991862192	1.0	1.0	2.0
24400000	1.7375197314654178	0.18476526185608624	1.0	1.0	2.0
24410000	2.0588338324559654	1.7225087627289097	1.0	1.0	2.0
24420000	0.9747292694466194	0.05358401513344998	1.0	1.0	2.0
24430000	1.1042214153622987	1.1371858333797538	1.0	1.0	2.0
24440000	0.06693723441532541	0.17709655770882204	1.0	1.0	2.0
24450000	0.0733718343932297	0.0473143991001734	1.0	1.0	2.0
24460000	0.4190948610869799	0.19775601868900122	1.0	1.0	2.0
24470000	0.6936084285798948	0.0922302325428977	1.0	1.0	2.0
24480000	3.3072120625597394	0.22960364441962444	1.0	1.0	2.0
24490000	0.5249297116609921	0.016753372946298098	1.0	1.0	2.0
24500000	4.022022841098893	0.9265533498362196	1.0	1.0	2.0
24510000	1.7100702580882705	1.0908088823699726	1.0	1.0	2.0
24520000	0.8834506458654763	0.05113771043074833	1.0	1.0	2.0
24530000	1.1379007266425647	0.7521085478915192	1.0	1.0	2.0
24540000	0.9970517379526278	1.0054827379374693	1.0	1.0	2.0
24550000	0.30107555550024756	0.2707433728465204	1.0	1.0	2.0
24560000	1.2321894089163303	0.33272637768258706	1.0	1.0	2.0
24570000	5.351712544200734	1.149450080780644	1.0	1.0	2.0
24580000	2.773189194498595	0.2191706047790164	1.0	1.0	2.0
24590000	1.9200617488362313	1.8147315246913263	1.0	1.0	2.0
24600000	0.7757986075335027	0.7806348859748959	1.0	1.0	2.0
24610000	1.232734747412008	0.23818013319373368	1.0	1.0	2.0
24620000	1.2581121069007746	0.26966283224045606	1.0	1.0	2.0
24630000	0.34641298085230793	0.05149920746385716	1.0	1.0	2.0
24640000	1.060476956328915	0.6719711149956566	1.0	1.0	2.0
24650000	1.0732868009832688	0.9398403077189021	1.0	1.0	2.0
24660000	0.01812664815678592	0.017188609690232115	1.0	1.0	2.0
24670000	0.6872884522139102	1.7618788556296638	1.0	1.0	2.0
24680000	2.0968300646534197	0.4440994601343588	1.0	1.0	2.0
24690000	0.407873635299289	0.17619606725352727	1.0	1.0	2.0
24700000	2.9042438861206032	0.3908353288933304	1.0	1.0	2.0
24710000	1.3771561689617942	0.7173668935880525	1.0	1.0	2.0
24720000	0.3446482955405695	0.39254653986009186	1.0	1.0	2.0
24730000	1.426934692376414	0.4237293238446631	1.0	1.0	2.0
24740000	0.3153253648695909	0.015609506533928445	1.0	1.0	2.0
24750000	1.0453837280522646	1.8946659211785444	1.0	1.0	2.0
24760000	0.6276216771598925	0.29136726285684533	1.0	1.0	2.0
24770000	1.6218614404963458	1.8928286489655906	1.0	1.0	2.0
24780000	2.2887232382737692	0.1314788420110679	1.0	1.0	2.0
24790000	2.2886907002974	0.834799734323843	1.0	1.0	2.0
24800000	1.5805355480782743	0.2215203086729714	1.0	1.0	2.0
24810000	0.4588672645546013	0.06870499432281882	1.0	1.0	2.0
24820000	4.049533997298907	0.1279689868544592	1.0	1.0	2.0
24830000	1.5821223715631656	0.7011941490709015	1.0	1.0	2.0
24840000	1.7553586572967919	0.10990706394433465	1.0	1.0	2.0
24850000	1.16943331253208	0.0668068262295599	1.0	1.0	2.0
24860000	0.8130421336299498	0.5719741255367756	1.0	1.0	2.0
24870000	0.5113351264732621	0.6749284215024456	1.0	1.0	2.0
24880000	1.4755626907249122	0.3039071876241271	1.0	1.0	2.0
24890000	1.3588696475472306	0.05222303004534089	1.0	1.0	2.0
24900000	0.6141906584602671	0.18516369817218295	1.0	1.0	2.0
24910000	0.6699629622805476	0.40468356911718945	1.0	1.0	2.0
24920000	5.356886565029601	0.6200968224684537	1.0	1.0	2.0
24930000	0.6202481005487737	0.6836147393109899	1.0	1.0	2.0
24940000	0.6792327480872064	2.4301490066343168	1.0	1.0	2.0
24950000	0.5484280458555801	0.4202327691390232	1.0	1.0	2.0
24960000	1.4362433943461779	0.6937018254343066	1.0	1.0	2.0
24970000	1.1127162445038257	0.31839790859886163	1.0	1.0	2.0
24980000	0.21986180817344028	0.30710300530937623	1.0	1.0	2.0
24990000	0.0618532614350231	0.44880318091652993	1.0	1.0	2.0
25000000	0.29379161544516175	1.9395261385137598E-4	1.0	1.0	2.0
25010000	1.9102850149670247	0.19087107361456898	1.0	1.0	2.0
25020000	0.35302722098389705	0.38273268048243	1.0	1.0	2.0
25030000	0.5012303373060507	0.13494161267195395	1.0	1.0	2.0
25040000	0.5545426138538503	0.32969016399154066	1.0	1.0	2.0
25050000	2.7266196518191084	1.2001905415720022	1.0	1.0	2.0
25060000	1.7248092211414774	0.9915872968472587	1.0	1.0	2.0
25070000	0.23977633988510758	0.11321087493840827	1.0	1.0	2.0
25080000	0.6982311017964785	0.6764070399579073	1.0	1.0	2.0
25090000	0.7506844442291886	0.3547652403770474	1.0	1.0	2.0
25100000	0.4910452812524413	0.2485449972034437	1.0	1.0	2.0
25110000	1.3044857690396896	0.11428741337559195	1.0	1.0	2.0
25120000	3.169013171589049	0.34717759394956976	1.0	1.0	2.0
25130000	1.7006487384373004	0.38992073064127153	1.0	1.0	2.0
25140000	1.7917871832755643	0.7611753404663903	1.0	1.0	2.0
25150000	1.3118413015967347	2.0202615300843916	1.0	1.0	2.0
25160000	0.7023576621920934	0.590459138824133	1.0	1.0	2.0
25170000	0.7470484237670425	0.012217775876303946	1.0	1.0	2.0
25180000	1.0788239079490958	0.4333800478914033	1.0	1.0	2.0
25190000	4.66751991456051	0.09901328361007213	1.0	1.0	2.0
25200000	2.32898908358569	0.03454616890291175	1.0	1.0	2.0
25210000	0.15103909230853177	0.02641844032883513	1.0	1.0	2.0
25220000	0.37482805079221576	0.32468187976119317	1.0	1.0	2.0
25230000	1.1333515885680843	0.3762783340951381	1.0	1.0	2.0
25240000	1.584255207848797	0.06278898226124117	1.0	1.0	2.0
25250000	0.7344172170399442	0.730805106635676	1.0	1.0	2.0
25260000	3.081288284053131	2.3103295307367264	1.0	1.0	2.0
25270000	0.259787579600168	0.21446679327875573	1.0	1.0	2.0
25280000	0.20725848801476318	0.7199850253626009	1.0	1.0	2.0
25290000	0.2575219457801744	0.014112396652596343	1.0	1.0	2.0
25300000	2.8431061737366843	1.3857258079611894	1.0	1.0	2.0
25310000	1.2781403782206837	0.37866300053460616	1.0	1.0	2.0
25320000	2.567926393341651	0.1896634365218099	1.0	1.0	2.0
25330000	1.496678890534879	0.16327339289441334	1.0	1.0	2.0
25340000	2.5614594189062756	0.1356165810981489	1.0	1.0	2.0
25350000	1.0199173616015833	0.8489586532593867	1.0	1.0	2.0
25360000	0.6707845844193194	0.22324137020453327	1.0	1.0	2.0
25370000	1.6077675624373475	1.2970311580671965	1.0	1.0	2.0
25380000	1.3025808540994408	0.9470656297358447	1.0	1.0	2.0
25390000	3.114881617531181	1.0754553794581363	1.0	1.0	2.0
25400000	1.3224588485485411	0.1782000397880331	1.0	1.0	2.0
25410000	2.3536033212433556	2.064837917928271	1.0	1.0	2.0
25420000	1.1496294396846303	0.12730269210535955	1.0	1.0	2.0
25430000	1.6157044990962468	0.08795775153843305	1.0	1.0	2.0
25440000	1.9218881192100656	0.24107856751740017	1.0	1.0	2.0
25450000	0.4213356350735158	0.09899311093025087	1.0	1.0	2.0
25460000	0.954154996712848	0.3079588186835306	1.0	1.0	2.0
25470000	0.2724386381326902	0.03118471926492409	1.0	1.0	2.0
25480000	0.4525159614638924	0.16208440480339698	1.0	1.0	2.0
25490000	2.1890464420830655	0.458675756766693	1.0	1.0	2.0
25500000	0.1935821315459313	0.12147371394092445	1.0	1.0	2.0
25510000	0.40399239719506796	0.4427561338104438	1.0	1.0	2.0
25520000	1.024865124467447	0.18986731721472622	1.0	1.0	2.0
25530000	0.7169091575691544	0.0036869437684767595	1.0	1.0	2.0
25540000	2.856455775667268	0.29234724951145497	1.0	1.0	2.0
25550000	1.4822543394890355	0.8597901147469477	1.0	1.0	2.0
25560000	0.6603791019637675	2.581952566038347	1.0	1.0	2.0
25570000	1.3305817086321625	0.5483185858485432	1.0	1.0	2.0
25580000	0.29945097604627996	0.1611114112726132	1.0	1.0	2.0
25590000	0.5205976617176467	8.94673639513937E-4	1.0	1.0	2.0
25600000	0.2896535800827585	0.1410060314647705	1.0	1.0	2.0
25610000	2.4344354436836313	0.3790439526624419	1.0	1.0	2.0
25620000	1.0629044333698696	0.3801356086180679	1.0	1.0	2.0
25630000	3.0831614775566574	0.14408010161084733	1.0	1.0	2.0
25640000	3.2793113179094693	0.28452749494032326	1.0	1.0	2.0
25650000	1.3754319773020027	0.2744320884298322	1.0	1.0	2.0
25660000	0.39587860525636376	0.4690054688690858	1.0	1.0	2.0
25670000	1.9063352388185997	3.366860502134426	1.0	1.0	2.0
25680000	2.5399782740998895	0.8070150642669425	1.0	1.0	2.0
25690000	2.409028444746251	0.11819285022025607	1.0	1.0	2.0
25700000	1.300833806857494	0.14009000257970447	1.0	1.0	2.0
25710000	3.965206785942532	2.3262743177340353	1.0	1.0	2.0
25720000	1.4428485150968833	0.416240061298663	1.0	1.0	2.0
25730000	3.4341902932544355	0.7655033249956131	1.0	1.0	2.0
25740000	0.9058550815781219	0.30333091516463695	1.0	1.0	2.0
25750000	1.492920771329175	0.018019797362610744	1.0	1.0	2.0
25760000	1.5133256774825112	0.322737822525799	1.0	1.0	2.0
25770000	1.5259687110417557	1.0874538440908028	1.0	1.0	2.0
25780000	0.8830999380779857	2.339656337173134	1.0	1.0	2.0
25790000	1.1100319649971615	1.9084352292160922	1.0	1.0	2.0
25800000	4.033802032728309	1.4295719599749361	1.0	1.0	2.0
25810000	1.711602737787758	0.6239404505613471	1.0	1.0	2.0
25820000	2.0955869160972664	1.163564216223832	1.0	1.0	2.0
25830000	2.0272077039670355	0.16582569161418817	1.0	1.0	2.0
25840000	0.21263513747367943	0.09656556965940094	1.0	1.0	2.0
25850000	3.1209775914760884	1.1484876693273762	1.0	1.0	2.0
25860000	1.2435660234951613	0.06470699935153887	1.0	1.0	2.0
25870000	4.1678492631713295	0.09065949359294795	1.0	1.0	2.0
25880000	1.6283289441807252	0.2756951203763334	1.0	1.0	2.0
25890000	1.2323972874308031	0.6951513949940513	1.0	1.0	2.0
25900000	2.935189284448733	1.0114439074322474	1.0	1.0	2.0
25910000	1.892021751419742	0.5231222957483348	1.0	1.0	2.0
25920000	1.7930508355482897	0.09229215086805402	1.0	1.0	2.0
25930000	1.1069329130981889	0.2851263471409418	1.0	1.0	2.0
25940000	1.4491589075152447	0.46608408097679455	1.0	1.0	2.0
25950000	2.7443101995817227	1.6038245596795424	0.0	1.0	1.0
25960000	0.1909032154925459	0.15686298398937668	1.0	1.0	2.0
25970000	1.6739495233185444	0.4643862871333755	1.0	1.0	2.0
25980000	0.5463174414793281	1.5680884880909092	1.0	1.0	2.0
25990000	2.888675073176203	0.22774124691651745	1.0	1.0	2.0
26000000	0.45970199813065277	0.24394165168299098	1.0	1.0	2.0
26010000	2.1165485159495265	1.0838224171246027	1.0	1.0	2.0
26020000	0.3824599452087826	0.03088593241927097	1.0	1.0	2.0
26030000	0.25784871398129616	0.10861512661726275	1.0	1.0	2.0
26040000	1.3894102017985988	0.05748715168853958	1.0	1.0	2.0
26050000	3.773777972989616	0.19794882361235253	1.0	1.0	2.0
26060000	0.06785645428164883	0.32870260714496174	1.0	1.0	2.0
26070000	0.3888251458318292	0.14159559826917398	1.0	1.0	2.0
26080000	1.2850109164664787	0.8479019948747303	1.0	1.0	2.0
26090000	0.4652449550047149	0.23673227454185036	1.0	1.0	2.0
26100000	1.1805034418096094	0.3020019635120831	1.0	1.0	2.0
26110000	2.342236542526607	0.3853041903465823	1.0	1.0	2.0
26120000	2.38421266545	0.1276610110486362	1.0	1.0	2.0
26130000	0.23954624868507743	0.25997878250783146	1.0	1.0	2.0
26140000	0.30093604433488425	1.2301242904423335	1.0	1.0	2.0
26150000	1.5574540618971384	0.15799316099636954	1.0	1.0	2.0
26160000	0.2514952355672954	0.009433005696882381	1.0	1.0	2.0
26170000	0.583010459137525	0.6966606439852145	1.0	1.0	2.0
26180000	2.112813111689595	1.094380237194953	1.0	1.0	2.0
26190000	1.3287826680686674	0.6497793250231045	1.0	1.0	2.0
26200000	0.6014474566276066	0.4173800313893018	1.0	1.0	2.0
26210000	1.2917559097331248	0.9167129424568546	1.0	1.0	2.0
26220000	4.584781348448633	0.05902075393170932	1.0	1.0	2.0
26230000	0.4602475784562485	0.8568940461308029	1.0	1.0	2.0
26240000	1.9677557005245898	0.5039895509578545	1.0	1.0	2.0
26250000	1.3686807464596613	0.434662607046079	1.0	1.0	2.0
26260000	0.40317261092945694	0.1880640538506905	1.0	1.0	2.0
26270000	0.5867503380409007	0.20235612633732408	1.0	1.0	2.0
26280000	0.7881946248901253	2.9197940249737617	1.0	1.0	2.0
26290000	0.4456844825556023	0.20020702610799176	1.0	1.0	2.0
26300000	0.7449717577278437	0.038485028859850154	1.0	1.0	2.0
26310000	1.1085297208320535	1.1282346161373014	1.0	1.0	2.0
26320000	0.033568478611706816	0.01866802057668315	1.0	1.0	2.0
26330000	0.37387941493441074	0.21933342432466718	1.0	1.0	2.0
26340000	0.7855716212746899	0.22963182602239782	1.0	1.0	2.0
26350000	0.5226251999895319	2.4770219200021057	1.0	1.0	2.0
26360000	0.19710828362187652	0.03369638352628681	1.0	1.0	2.0
26370000	1.7623545400560707	1.302560240968634	1.0	1.0	2.0
26380000	0.227696133000901	0.26496802595919317	1.0	1.0	2.0
26390000	0.5867064556984734	0.23955564284078196	1.0	1.0	2.0
26400000	0.5670209750642493	0.2086767464476662	1.0	1.0	2.0
26410000	0.6033264402072851	0.4136570636492989	1.0	1.0	2.0
26420000	0.8274681722345091	0.7689542624963664	1.0	1.0	2.0
26430000	1.0718376427824716	1.608299799914718	1.0	1.0	2.0
26440000	0.8714061792624295	1.2362420710986401	1.0	1.0	2.0
26450000	3.3407418345056943	0.6327809801016938	1.0	1.0	2.0
26460000	1.3835052537221608	0.422126477555289	1.0	1.0	2.0
26470000	0.9246853181793478	0.4313063286405081	1.0	1.0	2.0
26480000	2.753378515942709	0.035244503068624346	1.0	1.0	2.0
26490000	0.8056087885489405	1.2012386199217704	1.0	1.0	2.0
26500000	1.3332733077466223	0.521603668361268	1.0	1.0	2.0
26510000	2.463190052366037	0.011380955448636262	1.0	1.0	2.0
26520000	1.8727220249702874	0.16948900335343833	1.0	1.0	2.0
26530000	1.9379628765831214	0.225421297640291	1.0	1.0	2.0
26540000	0.6585865494533514	0.4472600770685587	1.0	1.0	2.0
26550000	3.8889727282237625	0.46790652636456537	1.0	1.0	2.0
26560000	2.2864724352280814	2.3321015258366837	1.0	1.0	2.0
26570000	0.43980164783710596	0.7322491313578028	1.0	1.0	2.0
26580000	0.25777711185089486	0.10945988059483497	1.0	1.0	2.0
26590000	3.0983358251406043	1.131728446475846	1.0	1.0	2.0
26600000	1.308932267234469	0.4481837808836352	1.0	1.0	2.0
26610000	2.2635059053232096	1.5148036351328382	1.0	1.0	2.0
26620000	2.074017751662048	0.6939903604941455	1.0	1.0	2.0
26630000	2.0458995309505763	0.14127129207631417	1.0	1.0	2.0
26640000	2.0464570203553825	0.25506810537421404	1.0	1.0	2.0
26650000	0.9720597059317568	0.6347188587351437	1.0	1.0	2.0
26660000	1.6032305809060001	2.223474738247881	1.0	1.0	2.0
26670000	1.3185257955653387	0.33954681289846067	1.0	1.0	2.0
26680000	1.181981634248034	0.25632546321597677	1.0	1.0	2.0
26690000	0.7169741113446702	0.40005385321509324	1.0	1.0	2.0
26700000	0.20817845107868685	0.26574495963918365	1.0	1.0	2.0
26710000	0.8367226908342312	0.16450030308457356	1.0	1.0	2.0
26720000	1.7405348730404788	0.3234834747746678	1.0	1.0	2.0
26730000	1.54149496818635	0.006471381531551615	1.0	1.0	2.0
26740000	1.6932505952125245	0.927792151153449	1.0	1.0	2.0
26750000	0.6970569913073361	0.5204300752704515	1.0	1.0	2.0
26760000	0.6313227894628209	0.8058231300104778	1.0	1.0	2.0
26770000	0.6812462475823159	1.6345991085858271	1.0	1.0	2.0
26780000	1.1204892342896515	0.31503636904665444	1.0	1.0	2.0
26790000	2.931170960484906	0.0393187592109882	1.0	1.0	2.0
26800000	1.3921010383916337	2.0433733807213597	1.0	1.0	2.0
26810000	0.2564445483502297	0.8566889597382199	1.0	1.0	2.0
26820000	1.1974338305949035	0.12712450654739704	1.0	1.0	2.0
26830000	1.670859636991195	2.1575657708992155	1.0	1.0	2.0
26840000	0.452277778907482	0.29975541039450215	1.0	1.0	2.0
26850000	0.4427355789991209	0.16985807531194094	1.0	1.0	2.0
26860000	0.375628819057886	2.2535752366396027	1.0	1.0	2.0
26870000	1.1778088691867254	0.1069926184337299	1.0	1.0	2.0
26880000	2.858204397601284	0.023674781665121113	1.0	1.0	2.0
26890000	1.807033390316632	0.7893177177350337	1.0	1.0	2.0
26900000	2.0037218740528	0.7525989912210178	1.0	1.0	2.0
26910000	0.17936115937165134	0.0033891348913785073	1.0	1.0	2.0
26920000	0.9206328638214134	0.002111569563047525	1.0	1.0	2.0
26930000	1.0636415860439115	0.7007134617500859	1.0	1.0	2.0
26940000	0.7684796051836137	1.2491533198538427	1.0	1.0	2.0
26950000	0.09160136433268078	0.9147943720288434	1.0	1.0	2.0
26960000	0.5300514573997593	0.09413869415722959	1.0	1.0	2.0
26970000	0.993451337868519	4.784261392428983	1.0	1.0	2.0
26980000	0.8793906023392233	0.7479506118362377	1.0	1.0	2.0
26990000	1.0521342398342715	1.1024383998952587	1.0	1.0	2.0
27000000	0.5801773540444066	3.2490006982231554	1.0	1.0	2.0
27010000	0.7595430618683757	0.2095928818836908	1.0	1.0	2.0
27020000	1.8661896555790358	0.5228473085133979	1.0	1.0	2.0
27030000	4.830371648340961	1.292233757868388	1.0	1.0	2.0
27040000	1.5265680741371412	1.084879259886123	1.0	1.0	2.0
27050000	0.31226024360837984	0.33674256021040166	1.0	1.0	2.0
27060000	1.0725555964083315	0.3450381382991628	1.0	1.0	2.0
27070000	0.9946274565553537	3.142614714039216	1.0	1.0	2.0
27080000	0.5722165538821032	0.6410314238885982	1.0	1.0	2.0
27090000	2.196633248738667	0.36222780682886896	1.0	1.0	2.0
27100000	1.7074153624523538	0.7521942665179835	1.0	1.0	2.0
27110000	2.7292854645448714	1.3076633467631549	1.0	1.0	2.0
27120000	0.14668152932177989	0.17108305505691568	1.0	1.0	2.0
27130000	0.275202551239607	1.093870126280856	1.0	1.0	2.0
27140000	2.062797852267849	0.07600943571693598	1.0	1.0	2.0
27150000	1.41839128341751	1.5200138267403387	1.0	1.0	2.0
27160000	1.7765136077253647	2.0864318605177723	1.0	1.0	2.0
27170000	1.8335403377946193	0.03562431579499434	1.0	1.0	2.0
27180000	3.3684017924891476	1.577288791116278	1.0	1.0	2.0
27190000	1.2831378780229064	1.837290383843227	1.0	1.0	2.0
27200000	0.6309021828629703	0.03999910446454977	1.0	1.0	2.0
27210000	0.9632803319501663	1.2736120470769527	1.0	1.0	2.0
27220000	1.1857755319761678	0.6132732181144708	1.0	1.0	2.0
27230000	0.6300607741581888	0.1250504685215086	1.0	1.0	2.0
27240000	1.4894137042226574	0.3777532881057959	1.0	1.0	2.0
27250000	1.959804952612194	2.4041301992164072	1.0	1.0	2.0
27260000	0.9639599636164834	0.8625363010742737	1.0	1.0	2.0
27270000	1.545068472791941	0.40206023864573737	1.0	1.0	2.0
27280000	1.1366068775069726	0.5785436332224947	1.0	1.0	2.0
27290000	3.9871389604379623	1.0043501397871224	1.0	1.0	2.0
27300000	1.5017386017040772	2.5449538683358486	1.0	1.0	2.0
27310000	1.262804513202982	0.6604808450515217	1.0	1.0	2.0
27320000	2.0160661183749267	0.5391181885353652	1.0	1.0	2.0
27330000	0.8883337991184225	1.7996505662435078	1.0	1.0	2.0
27340000	1.8718249609117095	0.3425189030964971	1.0	1.0	2.0
27350000	0.9752665959423304	0.2472318926808121	1.0	1.0	2.0
27360000	0.12772080193789317	0.012351852328680692	1.0	1.0	2.0
27370000	1.531890917039125	0.3124569880082163	1.0	1.0	2.0
27380000	0.9936295827652544	0.17603626039050616	1.0	1.0	2.0
27390000	2.323751114653624	0.3884204800593434	1.0	1.0	2.0
27400000	1.9265619249938708	1.2526086964869674	1.0	1.0	2.0
27410000	1.7827901771822392	0.17564586227766785	1.0	1.0	2.0
27420000	1.8624963630449443	0.014961534725515473	1.0	1.0	2.0
27430000	3.487385421303447	0.0870610467593651	1.0	1.0	2.0
27440000	0.7167198507800534	0.7183919646486184	1.0	1.0	2.0
27450000	0.8612112979600418	1.1412510449766728	1.0	1.0	2.0
27460000	0.171166470402186	0.25434187820101356	1.0	1.0	2.0
27470000	0.3567385489751915	0.0740234144857434	1.0	1.0	2.0
27480000	1.381599977292355	0.09777848646985181	1.0	1.0	2.0
27490000	0.8221066772447712	0.12445642585843122	1.0	1.0	2.0
27500000	2.471758529661181	0.024825620448595126	1.0	1.0	2.0
27510000	0.4360469007304328	0.7250423057802976	1.0	1.0	2.0
27520000	0.9388975037626685	0.1745933611933707	1.0	1.0	2.0
27530000	0.3125373302200429	0.24328206414877804	1.0	1.0	2.0
27540000	1.2223558606720641	0.06397173731680388	1.0	1.0	2.0
27550000	1.713700814279538	0.031527131180573174	1.0	1.0	2.0
27560000	0.6024140681125126	0.7530994487897773	1.0	1.0	2.0
27570000	1.6870264542301476	0.2232664574575182	1.0	1.0	2.0
27580000	1.3049627755150688	0.6468667487607388	1.0	1.0	2.0
27590000	0.9724822439641647	0.001943573170273853	1.0	1.0	2.0
27600000	0.8489464157749675	0.5225327262759417	1.0	1.0	2.0
27610000	1.4146517140221972	0.0300021797982685	1.0	1.0	2.0
27620000	0.9079040053500952	0.4416118682936041	1.0	1.0	2.0
27630000	1.373162648106551	0.2428571703842984	1.0	1.0	2.0
27640000	0.29418944282205783	0.01916647697630065	1.0	1.0	2.0
27650000	1.5937406253691013	0.10033184535728362	1.0	1.0	2.0
27660000	2.6967521846292093	0.29248993660592126	1.0	1.0	2.0
27670000	1.100926920171818	0.24143584344955377	1.0	1.0	2.0
27680000	0.358205403706383	0.1747692130891323	1.0	1.0	2.0
27690000	1.630236028994822	0.212030438575338	1.0	1.0	2.0
27700000	0.5363640608562513	0.19831158050828443	1.0	1.0	2.0
27710000	0.3860514110675567	0.01854221090144488	1.0	1.0	2.0
27720000	1.8470196063694895	0.044234504306280384	1.0	1.0	2.0
27730000	0.6250821321046953	0.31357060772499346	1.0	1.0	2.0
27740000	0.4041974457787775	0.06748560534429061	1.0	1.0	2.0
27750000	0.8156209356531533	0.25301488437021163	1.0	1.0	2.0
27760000	1.387055672628392	1.6831207078004184	1.0	1.0	2.0
27770000	0.654477862680596	1.7449098796080613	1.0	1.0	2.0
27780000	0.7719650538886822	1.056378305157366	1.0	1.0	2.0
27790000	0.5347620684045254	0.8671444957335959	1.0	1.0	2.0
27800000	1.1111800900287674	0.46695480720608556	1.0	1.0	2.0
27810000	0.15720531322647216	0.2135702855879706	1.0	1.0	2.0
27820000	2.1415804024670537	0.6990936934733292	1.0	1.0	2.0
27830000	0.5982166081679873	0.20932505318441472	1.0	1.0	2.0
27840000	1.727359005892246	0.27750254549863784	1.0	1.0	2.0
27850000	1.9028426768612727	1.499324354979808	1.0	1.0	2.0
27860000	2.118677083876617	0.41301115582788755	1.0	1.0	2.0
27870000	0.46654931493981594	0.12104246589664436	1.0	1.0	2.0
27880000	1.5928092923525394	0.16852415103334498	1.0	1.0	2.0
27890000	0.12610971426372433	0.38661913310919216	1.0	1.0	2.0
27900000	1.1829054531576069	0.3525799370915564	1.0	1.0	2.0
27910000	1.2908429823234517	0.6325565334013216	1.0	1.0	2.0
27920000	2.7652592621483256	0.44089762950948447	1.0	1.0	2.0
27930000	2.155802142932829	0.010293042052597475	1.0	1.0	2.0
27940000	1.3575314488025423	0.016169491381026583	1.0	1.0	2.0
27950000	0.4601054215609831	0.3492627040685591	1.0	1.0	2.0
27960000	2.3706912220590226	0.6749700636075863	1.0	1.0	2.0
27970000	2.5796648130612385	1.6130996280780525	1.0	1.0	2.0
27980000	1.7579864965337757	1.0212234151025248	1.0	1.0	2.0
27990000	2.2377707859367177	0.7190339607591351	1.0	1.0	2.0
28000000	0.09949955332577173	0.12194418244436869	1.0	1.0	2.0
28010000	1.9390600474906698	0.1818337699969667	1.0	1.0	2.0
28020000	1.1228235050307946	0.1935308052745603	1.0	1.0	2.0
28030000	0.5374060511550495	0.18254886042383114	1.0	1.0	2.0
28040000	1.1924600997081178	0.6994028988220229	1.0	1.0	2.0
28050000	1.0810498769961348	0.8053989246835509	1.0	1.0	2.0
28060000	1.8337931557225202	1.19324467363034	1.0	1.0	2.0
28070000	0.2530254680839305	0.08228032395141138	1.0	1.0	2.0
28080000	0.358274785235829	0.013705999672822164	1.0	1.0	2.0
28090000	0.9634243260006634	0.4508372599755986	1.0	1.0	2.0
28100000	0.5554229663387654	0.04945144035954618	1.0	1.0	2.0
28110000	0.7197833156482102	0.39615864962623293	1.0	1.0	2.0
28120000	0.7990222420603588	5.524414000776566E-4	1.0	1.0	2.0
28130000	0.3862506987766337	1.0827661834701472	1.0	1.0	2.0
28140000	1.3166664250012081	0.9292046089003164	1.0	1.0	2.0
28150000	1.372593989486553	0.17145053970341467	1.0	1.0	2.0
28160000	0.5758274215847506	0.36126138496660065	1.0	1.0	2.0
28170000	2.8926777364185967	0.4136950363607494	1.0	1.0	2.0
28180000	2.3752260693379217	1.3959092370280608	1.0	1.0	2.0
28190000	1.645052033457331	0.14973569509632104	1.0	1.0	2.0
28200000	2.272052854218538	1.617318318674152	1.0	1.0	2.0
28210000	0.111701343011727	0.008963639471458259	1.0	1.0	2.0
28220000	1.312404826990033	3.505405798379199	1.0	1.0	2.0
28230000	1.7451443070104111	0.04889059104406549	1.0	1.0	2.0
28240000	1.0002173103611323	1.032224462517675	1.0	1.0	2.0
28250000	0.5743892441742792	0.6101735408105409	1.0	1.0	2.0
28260000	1.8571889202961385	1.2980245161253872	1.0	1.0	2.0
28270000	0.7871984711317226	1.180382273154137	1.0	1.0	2.0
28280000	1.7723452016855714	0.13378258181160724	1.0	1.0	2.0
28290000	0.1365609939928172	0.02476645784303314	1.0	1.0	2.0
28300000	1.171592014911315	0.8585804758243533	1.0	1.0	2.0
28310000	1.4770723430634198	0.2828346046592287	1.0	1.0	2.0
28320000	1.0623004497710424	0.06001895806207021	1.0	1.0	2.0
28330000	0.35794364690406016	0.02890322269017836	1.0	1.0	2.0
28340000	0.48237365940308186	0.5077877612891464	1.0	1.0	2.0
28350000	0.4444709021363059	1.5276154181939712	1.0	1.0	2.0
28360000	1.7983166557056638	0.31390207034201967	1.0	1.0	2.0
28370000	3.298613835119938	1.6442632290007588	1.0	1.0	2.0
28380000	0.3347491958299923	0.896410776089874	1.0	1.0	2.0
28390000	2.443424610691696	2.8497933042715546	1.0	1.0	2.0
28400000	1.373694773590028	0.830597785966833	1.0	1.0	2.0
28410000	0.4464287234211477	0.2918697984970006	1.0	1.0	2.0
28420000	1.8951025186757353	0.8044642270994785	1.0	1.0	2.0
28430000	2.14384980107683	1.766728170524321	1.0	1.0	2.0
28440000	0.6241332107480826	0.5030655017977886	1.0	1.0	2.0
28450000	2.7715193422441846	0.042506329375006154	1.0	1.0	2.0
28460000	0.7627149581005648	0.2502367704442557	1.0	1.0	2.0
28470000	0.35347818227791256	0.1515106821640386	1.0	1.0	2.0
28480000	0.6588853000870903	0.4142386491557678	1.0	1.0	2.0
28490000	0.49369208137716686	0.0200352157088359	1.0	1.0	2.0
28500000	0.21299412453168037	0.35938018284402795	1.0	1.0	2.0
28510000	0.4272552483783154	0.9606604208283015	1.0	1.0	2.0
28520000	1.0933940078599973	1.435959303713864	1.0	1.0	2.0
28530000	1.3734801018908545	1.9659996012993355	1.0	1.0	2.0
28540000	0.13377256939213117	0.013862703202984588	1.0	1.0	2.0
28550000	3.4614501243582354	0.4476620067094072	1.0	1.0	2.0
28560000	0.8415145060627451	0.44093771585645736	1.0	1.0	2.0
28570000	2.9300113756847677	0.3918887281010519	1.0	1.0	2.0
28580000	1.453858340186316	0.10723901622481406	1.0	1.0	2.0
28590000	0.12582207137699364	0.7518464273112193	1.0	1.0	2.0
28600000	2.3188071364810474	0.6363950117032826	1.0	1.0	2.0
28610000	0.7317922196672016	0.19755639600566402	1.0	1.0	2.0
28620000	0.23794235940993028	0.019978204871849883	1.0	1.0	2.0
28630000	3.425348002248162	0.3143121257291613	1.0	1.0	2.0
28640000	1.1150505386973548	1.4566296296664583	1.0	1.0	2.0
28650000	2.5494750641966015	1.261832441725549	1.0	1.0	2.0
28660000	1.7999382137910727	0.2405296359693831	1.0	1.0	2.0
28670000	1.133241347964864	1.0215763843190804	1.0	1.0	2.0
28680000	1.5767194983014967	1.444871156380848	1.0	1.0	2.0
28690000	0.5127530919235761	0.30108145028947275	1.0	1.0	2.0
28700000	1.0651661231001912	0.2480345901149481	1.0	1.0	2.0
28710000	0.9026878154505192	0.6442017049035379	1.0	1.0	2.0
28720000	2.800650419916453	0.4286655998766003	1.0	1.0	2.0
28730000	5.239627772896595	1.5017776817724708	1.0	1.0	2.0
28740000	1.5520876919879232	0.9672867747837073	1.0	1.0	2.0
28750000	0.9966144639823593	0.3337334816137819	1.0	1.0	2.0
28760000	4.288603738787234	2.224475439953729	1.0	1.0	2.0
28770000	2.0199659914077563	0.12687756814190299	1.0	1.0	2.0
28780000	3.3729756159065136	0.10437787499612264	1.0	1.0	2.0
28790000	0.6656207133029729	1.3908689422567355	1.0	1.0	2.0
28800000	3.6115467841007973	0.7491144427575914	1.0	1.0	2.0
28810000	0.5653838340889934	0.09444265813868796	1.0	1.0	2.0
28820000	1.449270949711857	0.09271303363081382	1.0	1.0	2.0
28830000	0.5195415293371283	0.29550984376098277	1.0	1.0	2.0
28840000	0.9186032078989317	0.007081204482776811	1.0	1.0	2.0
28850000	1.2585152635829993	1.6592803158043055	1.0	1.0	2.0
28860000	0.8414443834930116	0.04496075704907292	1.0	1.0	2.0
28870000	1.0204483795128143	0.4478313959575454	1.0	1.0	2.0
28880000	1.2435402597676435	1.0710130948411585	1.0	1.0	2.0
28890000	0.8376363170991847	0.008841786920322347	1.0	1.0	2.0
28900000	2.380318792515542	0.7949849956732122	1.0	1.0	2.0
28910000	2.279942898415449	0.25329094129887303	1.0	1.0	2.0
28920000	1.2052986306181037	0.3382005387428349	1.0	1.0	2.0
28930000	1.005968902063019	0.2879738553160647	1.0	1.0	2.0
28940000	2.244004435379851	0.13715841710201096	1.0	1.0	2.0
28950000	1.0756790580427003	0.40933531771983234	1.0	1.0	2.0
28960000	0.1827625490752729	0.03555227233464153	1.0	1.0	2.0
28970000	1.668420153611131	2.1576870923720133	1.0	1.0	2.0
28980000	1.1082778911578266	0.19901335676868598	1.0	1.0	2.0
28990000	0.5113570772179232	1.8147202927081765	1.0	1.0	2.0
29000000	1.3135375732336139	1.619504656383764	1.0	1.0	2.0
29010000	0.6418568940171074	0.3456141117013864	1.0	1.0	2.0
29020000	0.6268851413322536	0.1890076490296957	1.0	1.0	2.0
29030000	0.9074713577448382	0.4614720757552686	1.0	1.0	2.0
29040000	1.5357484092251508	0.46026950918013604	1.0	1.0	2.0
29050000	0.7278702167905053	0.6612461985932512	1.0	1.0	2.0
29060000	0.42475938468614877	0.13994054004198378	1.0	1.0	2.0
29070000	1.9143807121526184	0.7580399019327884	1.0	1.0	2.0
29080000	1.7873118553125233	0.2700635382074204	1.0	1.0	2.0
29090000	1.4076314712704208	0.33909133613896925	1.0	1.0	2.0
29100000	0.3579307960315224	0.16260015199849148	1.0	1.0	2.0
29110000	1.2989955160587978	0.03868526743060913	1.0	1.0	2.0
29120000	0.915145961805785	0.10818225143450803	1.0	1.0	2.0
29130000	0.49515229388277066	0.14331102025873674	1.0	1.0	2.0
29140000	1.2727672817583373	0.1728857847577676	1.0	1.0	2.0
29150000	0.7636255433538746	0.25357188880289216	1.0	1.0	2.0
29160000	1.025064698679455	1.6294490104250434	1.0	1.0	2.0
29170000	0.5517401067874398	0.6672240230787113	1.0	1.0	2.0
29180000	0.335593569993198	0.27972999161353446	1.0	1.0	2.0
29190000	2.740547970849696	0.024244244316497448	1.0	1.0	2.0
29200000	2.6118325528836346	0.5112244478974071	1.0	1.0	2.0
29210000	0.6105822065493979	0.3875184305980195	1.0	1.0	2.0
29220000	0.4647074837853488	0.30306698648995267	1.0	1.0	2.0
29230000	3.5472447674038943	0.572715899163491	1.0	1.0	2.0
29240000	1.2974427442606398	0.9970663889039476	1.0	1.0	2.0
29250000	1.9612916540071506	0.5705503244160752	1.0	1.0	2.0
29260000	0.39941453677232636	0.44566055041205066	1.0	1.0	2.0
29270000	1.9275167360590433	0.5133881802506032	1.0	1.0	2.0
29280000	0.9864451932130694	1.211692163792545	1.0	1.0	2.0
29290000	0.5258957047211543	0.07917664236089926	1.0	1.0	2.0
29300000	1.8155132052569614	0.7124902420602834	1.0	1.0	2.0
29310000	0.24453694567757298	0.03188028428472043	1.0	1.0	2.0
29320000	0.7976027547596432	1.630295728080099	1.0	1.0	2.0
29330000	1.7314744771242236	0.17562082271870139	1.0	1.0	2.0
29340000	0.48307011523868854	0.12038709219906749	1.0	1.0	2.0
29350000	0.5724650187634639	0.9166007538401659	1.0	1.0	2.0
29360000	1.537607951578843	0.17356338707005273	1.0	1.0	2.0
29370000	2.7100797313894036	0.6121047165376604	1.0	1.0	2.0
29380000	3.2875814294084114	0.7971224600956767	1.0	1.0	2.0
29390000	1.0750589911199344	0.04056461405496361	1.0	1.0	2.0
29400000	1.544434348504761	3.4984338806959285	1.0	1.0	2.0
29410000	0.7877282583025802	1.8765906797425715	1.0	1.0	2.0
29420000	3.6678315696656303	0.5665573887248996	1.0	1.0	2.0
29430000	1.3703103167287705	0.07931073753763626	1.0	1.0	2.0
29440000	2.149061712509423	0.41938489735979134	1.0	1.0	2.0
29450000	1.1554846176591864	2.0266078281491753	1.0	1.0	2.0
29460000	1.6419081906168742	0.7611603477701496	1.0	1.0	2.0
29470000	1.602522092623209	2.339019077902683	1.0	1.0	2.0
29480000	1.9955194103936864	0.4983130088884458	1.0	1.0	2.0
29490000	0.4838404342132411	0.14596346690494152	1.0	1.0	2.0
29500000	1.3390401377963546	0.19786042753869024	1.0	1.0	2.0
29510000	0.9204458845022615	0.8288877990930495	1.0	1.0	2.0
29520000	1.4128775657595014	0.5750680113268107	1.0	1.0	2.0
29530000	0.34034313906071506	0.3498418998611107	1.0	1.0	2.0
29540000	6.447476195459573	2.4772801604310897	1.0	1.0	2.0
29550000	0.5530872042617049	0.006428051574767872	1.0	1.0	2.0
29560000	0.8790720000231583	0.3827375977963767	1.0	1.0	2.0
29570000	0.3117807051054115	0.03229673194570544	1.0	1.0	2.0
29580000	2.9493277329257914	0.688240701731905	1.0	1.0	2.0
29590000	1.360149899570301	0.30679976331422304	1.0	1.0	2.0
29600000	0.1897049094007103	0.046950140263680995	1.0	1.0	2.0
29610000	5.027330392113795	0.2573548805030326	1.0	1.0	2.0
29620000	2.9669561194447995	0.14502365316275076	1.0	1.0	2.0
29630000	0.6720377399751003	0.5131376291774465	1.0	1.0	2.0
29640000	1.2345408715070108	0.708296650401913	1.0	1.0	2.0
29650000	1.5781306801129615	0.9266061060651257	1.0	1.0	2.0
29660000	0.7448448549823623	2.4095484983876285	1.0	1.0	2.0
29670000	1.253714766043522	0.426317361586436	1.0	1.0	2.0
29680000	0.48591859326596465	0.13757693990949477	1.0	1.0	2.0
29690000	2.5416762768296053	0.9886151136208119	1.0	1.0	2.0
29700000	1.5285819740736608	0.4207715328520616	1.0	1.0	2.0
29710000	4.331067364212858	0.7782384921693309	1.0	1.0	2.0
29720000	2.6551371067484517	0.35465822353600235	1.0	1.0	2.0
29730000	0.9117451832129325	2.0093915476240745	1.0	1.0	2.0
29740000	0.1847478901264205	0.043268278351049495	1.0	1.0	2.0
29750000	0.5040072028654051	0.8696823201379397	1.0	1.0	2.0
29760000	1.0502196565708588	0.46446973288317955	1.0	1.0	2.0
29770000	1.3565833189763026	0.3669505110051713	1.0	1.0	2.0
29780000	2.1250129396935633	0.21873044644856116	1.0	1.0	2.0
29790000	0.6780475619195725	0.14619467677887624	1.0	1.0	2.0
29800000	3.825999232340771	1.522997855846765	1.0	1.0	2.0
29810000	1.0673899040617278	0.17254831566507825	1.0	1.0	2.0
29820000	0.565776448757398	0.1733631302008248	1.0	1.0	2.0
29830000	1.7310519325691769	0.18332817442486768	1.0	1.0	2.0
29840000	0.8074288838065701	0.8580497362431985	1.0	1.0	2.0
29850000	2.5960971962110664	1.2325389263047712	1.0	1.0	2.0
29860000	0.12777840589371162	0.2743188793402227	1.0	1.0	2.0
29870000	0.365518544203583	0.023063133827936535	1.0	1.0	2.0
29880000	0.8007919515580959	0.2215959077946266	1.0	1.0	2.0
29890000	1.865242916834261	2.27924019579751	1.0	1.0	2.0
29900000	1.5638965439953554	1.1194709194762285	1.0	1.0	2.0
29910000	1.0818022142880361	0.26366351904978325	1.0	1.0	2.0
29920000	0.48386975572103086	0.15795761705601885	1.0	1.0	2.0
29930000	2.4581250959198946	0.3494595035198749	1.0	1.0	2.0
29940000	0.8297689057857618	0.7295728037894411	1.0	1.0	2.0
29950000	1.452785537399167	0.5828311495677534	1.0	1.0	2.0
29960000	4.001139043425711	0.7124738648726177	1.0	1.0	2.0
29970000	1.0994362985076511	0.5435817815518078	1.0	1.0	2.0
29980000	0.10720975876465706	1.6805954828388823	1.0	1.0	2.0
29990000	0.378549095109594	0.5598550527063159	1.0	1.0	2.0
30000000	2.8396722779999366	1.6335172108695228	1.0	1.0	2.0
30010000	0.14217613525594114	0.27823602174534234	1.0	1.0	2.0
30020000	0.32165242932207244	0.05985946717185622	1.0	1.0	2.0
30030000	2.588143712510805	0.20787170433709787	1.0	1.0	2.0
30040000	2.6670455844768854	0.7271773745416552	1.0	1.0	2.0
30050000	0.9308074353737577	0.39369274758449113	1.0	1.0	2.0
30060000	0.4299595320883539	0.5205783664843447	1.0	1.0	2.0
30070000	0.43567822463655487	0.33690009095283857	1.0	1.0	2.0
30080000	3.7729019198712	1.0399333045257577	1.0	1.0	2.0
30090000	0.26473028687152644	0.07594072576778803	1.0	1.0	2.0
30100000	1.9248644798503898	0.13740545638350746	1.0	1.0	2.0
30110000	1.2416721318280566	0.06504289077550714	1.0	1.0	2.0
30120000	0.7515453973591394	0.09844262251155746	1.0	1.0	2.0
30130000	0.49107092962525756	0.1955516247982426	1.0	1.0	2.0
30140000	0.27590077465600127	0.6903962761184795	1.0	1.0	2.0
30150000	0.6209847378225621	0.5176491296652758	1.0	1.0	2.0
30160000	1.3256027466515612	0.15273462004768604	1.0	1.0	2.0
30170000	0.9650647016235206	0.8595581086688054	1.0	1.0	2.0
30180000	0.47994586610825074	0.0049194417887441725	1.0	1.0	2.0
30190000	0.9566716313271157	0.2998424162229919	1.0	1.0	2.0
30200000	2.0950752099483534	0.803381370172305	1.0	1.0	2.0
30210000	1.382782493520072	0.010932377043981987	1.0	1.0	2.0
30220000	1.212095305443887	0.7186378691948011	1.0	1.0	2.0
30230000	1.1957849979871842	0.44645666022836655	1.0	1.0	2.0
30240000	0.90622114551842	2.129131961326239	1.0	1.0	2.0
30250000	2.5659322430151255	0.5993335792365282	1.0	1.0	2.0
30260000	1.4865309464103296	1.6617794084865247	1.0	1.0	2.0
30270000	4.596720313179458	0.04140224691305176	1.0	1.0	2.0
30280000	1.0347276369689775	0.3948883944780935	1.0	1.0	2.0
30290000	2.514177998478233	0.03312480609929514	1.0	1.0	2.0
30300000	0.14183795021738715	0.08005824978117837	1.0	1.0	2.0
30310000	0.2781100964408858	0.21167244369603957	1.0	1.0	2.0
30320000	0.47612724834430004	0.11362723753827361	1.0	1.0	2.0
30330000	2.4506195187147366	0.040000268094950414	1.0	1.0	2.0
30340000	0.9962288290582201	0.08022981592290498	1.0	1.0	2.0
30350000	0.19485766945157013	0.10569759308976445	1.0	1.0	2.0
30360000	1.8673739562257803	0.2686426876697975	1.0	1.0	2.0
30370000	0.7276564649900598	1.1478024551774053	1.0	1.0	2.0
30380000	0.06332258004012947	0.029769307559829667	1.0	1.0	2.0
30390000	1.6980485924290407	0.35756778743948414	1.0	1.0	2.0
30400000	3.228001165049929	0.7920417457907085	1.0	1.0	2.0
30410000	1.9092671911092425	0.5514570590669686	1.0	1.0	2.0
30420000	0.7849826074411187	0.49052240328779856	1.0	1.0	2.0
30430000	0.5532648740753167	1.1687996139123844	1.0	1.0	2.0
30440000	0.2819947735457675	0.10015246850081333	1.0	1.0	2.0
30450000	2.025986010852249	0.48198738625508813	1.0	1.0	2.0
30460000	0.6294370499205572	0.15122251776612933	1.0	1.0	2.0
30470000	0.49340273205563084	0.6411320549322156	1.0	1.0	2.0
30480000	0.7465834958507087	0.01789647442781116	1.0	1.0	2.0
30490000	0.7279055198676386	0.2977743413678717	1.0	1.0	2.0
30500000	0.5243632372902706	0.6554434416903352	1.0	1.0	2.0
30510000	0.38749637275464005	0.4928327917493675	1.0	1.0	2.0
30520000	2.4337016901230415	0.49764482700432583	1.0	1.0	2.0
30530000	1.1042901849543842	0.01739535096991069	1.0	1.0	2.0
30540000	4.156719756588507	0.32466559306143655	1.0	1.0	2.0
30550000	8.327561501389381	1.2142278533020858	1.0	1.0	2.0
30560000	1.4614916098998496	0.4320694595654271	1.0	1.0	2.0
30570000	1.5607678291127254	0.21361690609643452	1.0	1.0	2.0
30580000	1.1077903383231562	0.5298090919695875	1.0	1.0	2.0
30590000	0.8115140702933543	0.22458741600324789	1.0	1.0	2.0
30600000	1.4810867579133216	1.2475052149527783	1.0	1.0	2.0
30610000	0.4618450590984652	0.08841024439360488	1.0	1.0	2.0
30620000	4.526646536752516	0.25593646605845066	1.0	1.0	2.0
30630000	0.550522047773312	0.28032286844620163	1.0	1.0	2.0
30640000	0.672533240682452	0.3735687852645634	1.0	1.0	2.0
30650000	3.139473937680313	0.782514186981992	1.0	1.0	2.0
30660000	3.590862984914416	0.5616355140739253	1.0	1.0	2.0
30670000	0.5244131026560106	0.4936814774575994	1.0	1.0	2.0
30680000	1.7361988915695479	0.13122319843649458	1.0	1.0	2.0
30690000	3.6506148412334176	0.7287022262400036	1.0	1.0	2.0
30700000	0.3503718097043833	0.09357563508292886	1.0	1.0	2.0
30710000	1.2926578888286289	1.155949313419656	1.0	1.0	2.0
30720000	1.074374677271247	0.8032170683376727	1.0	1.0	2.0
30730000	3.1294013661031235	0.3819974686166302	1.0	1.0	2.0
30740000	0.5846235403058736	0.17133478677084754	1.0	1.0	2.0
30750000	0.6256821753537771	0.005882298986198541	1.0	1.0	2.0
30760000	3.45424629529137	0.6853688383938992	1.0	1.0	2.0
30770000	0.35978106227909185	0.5696335499881618	1.0	1.0	2.0
30780000	1.146651701291778	0.4202968999621409	1.0	1.0	2.0
30790000	2.0816151546722157	1.7304932702548048	1.0	1.0	2.0
30800000	1.6702172235193449	0.1122045510723724	1.0	1.0	2.0
30810000	1.09834872805899	0.16214288245824982	1.0	1.0	2.0
30820000	3.307401594643255	0.29281126729175705	1.0	1.0	2.0
30830000	1.1567293651873625	0.4682990164565911	1.0	1.0	2.0
30840000	1.3044296499019998	0.758527939187137	1.0	1.0	2.0
30850000	3.3883259602842832	0.10723915507819308	1.0	1.0	2.0
30860000	2.2564493950624773	0.10687638485115164	1.0	1.0	2.0
30870000	0.654401569234841	0.49368967682098286	1.0	1.0	2.0
30880000	0.17863226824898615	0.3875013272026668	1.0	1.0	2.0
30890000	0.49800329179417996	0.30566023807636894	1.0	1.0	2.0
30900000	3.592759748252487	1.661994550208057	1.0	1.0	2.0
30910000	0.265059975858956	0.10242273425963919	1.0	1.0	2.0
30920000	2.6350294234978007	0.785696302772881	1.0	1.0	2.0
30930000	0.8890313745049025	0.7634946248236033	1.0	1.0	2.0
30940000	0.963987890567682	0.16073226145813216	1.0	1.0	2.0
30950000	1.9960970130887936	2.58563537266532	1.0	1.0	2.0
30960000	1.7341134773116065	0.41149619231411283	1.0	1.0	2.0
30970000	1.9791531686684507	2.2036446300884798	1.0	1.0	2.0
30980000	0.9072243485776817	0.638060743135659	1.0	1.0	2.0
30990000	0.33179702655834253	1.457384880721159	1.0	1.0	2.0
31000000	0.2953184826855978	0.12398396122937273	1.0	1.0	2.0
31010000	1.9484075909198566	0.9626039257643523	1.0	1.0	2.0
31020000	0.5745238361524296	0.31131120175997185	1.0	1.0	2.0
31030000	3.1132329568908768	0.25249221508103264	1.0	1.0	2.0
31040000	4.2748784935722774	0.08781770625945076	1.0	1.0	2.0
31050000	0.7867638807477462	0.20002215756493105	1.0	1.0	2.0
31060000	2.191505635703098	0.7611273791569582	1.0	1.0	2.0
31070000	1.1191208118496434	0.2944270216291713	0.0	1.0	1.0
31080000	0.8139352723510727	1.044962578202995	1.0	1.0	2.0
31090000	0.8005727005691792	1.3153083780124235	1.0	1.0	2.0
31100000	1.553522535200679	0.2554625899336162	1.0	1.0	2.0
31110000	2.321634793271085	0.052325373304020775	1.0	1.0	2.0
31120000	1.026524019294065	0.08505663900482857	1.0	1.0	2.0
31130000	1.4799176003415446	0.29722791455086284	1.0	1.0	2.0
31140000	0.4070739278011913	0.8773560911951713	1.0	1.0	2.0
31150000	1.8715953519652884	0.19611681840111927	1.0	1.0	2.0
31160000	2.849515856901655	0.8158853027287933	1.0	1.0	2.0
31170000	2.660089741238745	0.8561291524213314	1.0	1.0	2.0
31180000	0.5194822837988955	0.6124263244064323	1.0	1.0	2.0
31190000	1.8747576570499118	0.056699789155609574	1.0	1.0	2.0
31200000	0.3052776766136462	0.14308318475500062	1.0	1.0	2.0
31210000	3.686962790774278	0.18748698619654386	1.0	1.0	2.0
31220000	1.4344930142147716	0.8264721755304302	1.0	1.0	2.0
31230000	0.030248667717042696	0.9864473641058686	0.0	1.0	1.0
31240000	0.595086120902695	0.16757729166479307	1.0	1.0	2.0
31250000	0.8680539891780457	0.7683651359434558	1.0	1.0	2.0
31260000	0.5742862195427568	0.1625317584207591	1.0	1.0	2.0
31270000	2.016508180984496	0.362238684861404	1.0	1.0	2.0
31280000	0.5017799701037593	0.07258637478089555	1.0	1.0	2.0
31290000	2.2861160230452984	2.5525532445386565	1.0	1.0	2.0
31300000	1.459653761682815	0.057771840349932345	1.0	1.0	2.0
31310000	1.0014128447121218	0.33469492042506516	1.0	1.0	2.0
31320000	0.6446529945494559	0.01992401774964828	1.0	1.0	2.0
31330000	0.5601048275146204	0.9478614893954739	1.0	1.0	2.0
31340000	0.27004933928767083	0.30306162097006184	1.0	1.0	2.0
31350000	1.1068635335245163	0.1679639982002711	1.0	1.0	2.0
31360000	0.8983899632268078	1.2535638819840473	1.0	1.0	2.0
31370000	0.7727590190677646	1.3114619827065144	1.0	1.0	2.0
31380000	0.07051100937141126	0.00955400912290643	1.0	1.0	2.0
31390000	1.146864492637146	1.7322820559174115	1.0	1.0	2.0
31400000	1.9892935240647613	1.305011793740407	1.0	1.0	2.0
31410000	2.086015479163049	0.4137357712303853	1.0	1.0	2.0
31420000	1.35962599420435	0.7449347003934993	1.0	1.0	2.0
31430000	0.5510414940073415	0.771995877780236	1.0	1.0	2.0
31440000	1.9831044756007972	0.8252604501046448	1.0	1.0	2.0
31450000	0.58032495892183	0.15769117744793434	1.0	1.0	2.0
31460000	2.652309947789871	0.1124096752948829	1.0	1.0	2.0
31470000	2.096208377235854	0.14644727021011483	1.0	1.0	2.0
31480000	1.481892117561926	0.058697281166213956	1.0	1.0	2.0
31490000	0.7021964620118222	0.22891042907422987	1.0	1.0	2.0
31500000	1.345071287048511	2.5650599691255715	1.0	1.0	2.0
31510000	0.17424164910511458	1.4639341467568427	1.0	1.0	2.0
31520000	1.8496831362688109	0.23965034947601363	1.0	1.0	2.0
31530000	1.0498493176985173	0.37489655681863543	1.0	1.0	2.0
31540000	1.6884273134545467	1.7136932170937675	1.0	1.0	2.0
31550000	0.4148875800725561	0.9900299871489948	1.0	1.0	2.0
31560000	0.37154964509083505	0.058691433552155496	1.0	1.0	2.0
31570000	0.6625914851541903	0.610425766862073	1.0	1.0	2.0
31580000	1.6264710970896123	1.1804164029116129	1.0	1.0	2.0
31590000	4.846168262479476	0.4820188818357586	1.0	1.0	2.0
31600000	2.3135420622126457	0.5263651376631112	1.0	1.0	2.0
31610000	0.3594430026121088	1.0633943594124313	1.0	1.0	2.0
31620000	1.7181031175526498	0.09021265896775953	1.0	1.0	2.0
31630000	0.09101599462050379	0.06416036399213271	1.0	1.0	2.0
31640000	2.6350883921709416	0.19686519845719735	1.0	1.0	2.0
31650000	0.5572060084313827	0.3432511475920432	1.0	1.0	2.0
31660000	1.2566423619255758	0.7035956321025238	1.0	1.0	2.0
31670000	0.603390082165347	0.2586256965233154	1.0	1.0	2.0
31680000	1.7480861875501885	1.7600951251501729	1.0	1.0	2.0
31690000	2.396636403426186	0.23398331394525054	1.0	1.0	2.0
31700000	0.9482463450868873	0.16070557324274742	1.0	1.0	2.0
31710000	1.501876859349888	2.3817175092578147	1.0	1.0	2.0
31720000	1.1337092702355434	0.4849076924399772	1.0	1.0	2.0
31730000	0.3323700915385248	0.3342747704973014	1.0	1.0	2.0
31740000	1.837608919232061	0.6772903440547989	1.0	1.0	2.0
31750000	4.070986005704494	1.3486255514579029	1.0	1.0	2.0
31760000	0.8789224306842408	0.6116060804807981	1.0	1.0	2.0
31770000	1.7460273083970315	0.5554349584417554	1.0	1.0	2.0
31780000	1.7503002591971526	1.2534602296115127	1.0	1.0	2.0
31790000	4.236484578159012	3.419667016457028	1.0	1.0	2.0
31800000	1.6460935739364726	0.9885043926167456	1.0	1.0	2.0
31810000	1.4071802185039448	0.17800207984217845	1.0	1.0	2.0
31820000	2.2137685785582524	2.115157549913019	1.0	1.0	2.0
31830000	3.7603872162173406	0.03544139307379542	1.0	1.0	2.0
31840000	0.6938754651662341	0.02398966272688235	1.0	1.0	2.0
31850000	0.2552633119864848	0.3246274347192174	1.0	1.0	2.0
31860000	0.6668691427342384	0.028871964847324003	1.0	1.0	2.0
31870000	0.9307575621562878	0.2267316628550123	1.0	1.0	2.0
31880000	3.7871404123060306	1.2243956948766255E-4	1.0	1.0	2.0
31890000	0.481616212758261	0.08185795029316402	1.0	1.0	2.0
31900000	1.7509834418356882	1.1605929523358118	1.0	1.0	2.0
31910000	1.0955312597749063	0.21870785464137812	1.0	1.0	2.0
31920000	0.7900544575664937	1.1047206475796452	1.0	1.0	2.0
31930000	0.5246745051189777	0.02604081212796431	1.0	1.0	2.0
31940000	1.07653809125683	0.25532360453232583	1.0	1.0	2.0
31950000	1.0351825426745946	0.03130200781338388	1.0	1.0	2.0
31960000	3.5773843244485306	1.1951492732090485	1.0	1.0	2.0
31970000	0.07013040330916276	0.16650850904118217	1.0	1.0	2.0
31980000	0.23308093800081045	0.0637000845871921	1.0	1.0	2.0
31990000	1.589491865928878	0.023481748161850276	1.0	1.0	2.0
32000000	2.8099220423052738	0.3471302994928353	1.0	1.0	2.0
32010000	0.639843810845824	0.5533778039305994	1.0	1.0	2.0
32020000	0.2308806998636415	0.1387687270012279	1.0	1.0	2.0
32030000	0.2095238972036494	0.15576614740765757	1.0	1.0	2.0
32040000	1.2935755128913549	0.08598966162702712	1.0	1.0	2.0
32050000	1.550783932854337	0.9161240050163656	1.0	1.0	2.0
32060000	0.8913128869691403	0.4671758698257701	1.0	1.0	2.0
32070000	1.2668408181024977	0.5550106037388323	1.0	1.0	2.0
32080000	0.07432439301831749	0.1526289475718476	1.0	1.0	2.0
32090000	4.291617683983109	1.2201220118876812	1.0	1.0	2.0
32100000	1.5645502325765772	0.05541513185706174	1.0	1.0	2.0
32110000	2.579412303376741	0.5480958807848041	1.0	1.0	2.0
32120000	2.6198620853183856	0.448528353575245	1.0	1.0	2.0
32130000	1.2387324308385597	0.45941080446793986	1.0	1.0	2.0
32140000	0.36698984881370866	0.27065515827901976	1.0	1.0	2.0
32150000	1.3959404103547046	0.04091015467999716	1.0	1.0	2.0
32160000	0.8547764620305452	0.326593261504459	1.0	1.0	2.0
32170000	2.7830546207693367	0.25832261709150406	1.0	1.0	2.0
32180000	2.0742243115404717	0.09697784101470243	1.0	1.0	2.0
32190000	2.2356498798662767	0.44168795109679965	1.0	1.0	2.0
32200000	2.4330071513286247	1.492128461118939	1.0	1.0	2.0
32210000	2.238991293794109	2.073765032431655	1.0	1.0	2.0
32220000	0.5661360350467944	0.23428726627285	1.0	1.0	2.0
32230000	1.0721116356665177	0.07447076040636955	1.0	1.0	2.0
32240000	5.358330241993765	1.1099267863714573	1.0	1.0	2.0
32250000	0.5704536288653143	0.4016289816465989	1.0	1.0	2.0
32260000	0.748135198802788	0.5034280087913395	1.0	1.0	2.0
32270000	1.1108892695631696	0.7012973202555203	1.0	1.0	2.0
32280000	1.1363359552776147	1.3249669016731376	1.0	1.0	2.0
32290000	1.2201626236556657	0.483791688033275	1.0	1.0	2.0
32300000	0.6303011479782178	0.15655749953263148	1.0	1.0	2.0
32310000	2.9922143125656824	1.5655646433246044	1.0	1.0	2.0
32320000	1.6463640865900475	1.0387195992604479	1.0	1.0	2.0
32330000	1.168926141417148	0.009030738235804405	1.0	1.0	2.0
32340000	0.2458670406433344	0.12415571808754113	1.0	1.0	2.0
32350000	0.41584863826692836	0.04047357255068449	1.0	1.0	2.0
32360000	3.0128482460104644	0.5726522661315051	1.0	1.0	2.0
32370000	3.7147967945037523	0.25475814547378794	1.0	1.0	2.0
32380000	0.9570248352281392	0.17473511412834225	1.0	1.0	2.0
32390000	0.5490620510240206	1.0963742965650405	1.0	1.0	2.0
32400000	2.1700149652906355	0.33789800594493885	1.0	1.0	2.0
32410000	0.19763032583454052	0.011191700418148038	1.0	1.0	2.0
32420000	1.0274733036664876	0.5517278851760528	1.0	1.0	2.0
32430000	0.18263073851037084	0.6170383073615332	1.0	1.0	2.0
32440000	1.8977815731884518	0.23018020362315608	1.0	1.0	2.0
32450000	1.1751822801564897	0.06662204085561675	1.0	1.0	2.0
32460000	4.2273389389548015	1.053708328616315	1.0	1.0	2.0
32470000	2.04391318702152	0.014833566060814523	1.0	1.0	2.0
32480000	0.48040915054357564	0.2025715315236421	1.0	1.0	2.0
32490000	1.4847526845844303	1.572557836608968	1.0	1.0	2.0
32500000	0.182180150630839	1.0435936854679264	1.0	1.0	2.0
32510000	1.078031040039255	0.036880483070313344	1.0	1.0	2.0
32520000	0.27296873880418543	0.21736997753114318	1.0	1.0	2.0
32530000	0.1143520779281953	0.12209869846581237	1.0	1.0	2.0
32540000	0.29968550695629537	0.1281280674007401	1.0	1.0	2.0
32550000	0.45170404714400175	0.7791338311587686	1.0	1.0	2.0
32560000	1.2976421793692625	0.3801840722192047	1.0	1.0	2.0
32570000	0.80758142203993	1.0206438415562284	1.0	1.0	2.0
32580000	1.0672648873661423	0.23369995332780924	1.0	1.0	2.0
32590000	2.7055181502149583	0.465797386545307	1.0	1.0	2.0
32600000	0.09812280441886873	0.11584536655664132	1.0	1.0	2.0
32610000	2.3115130386451783	0.7050126758138818	1.0	1.0	2.0
32620000	2.612797625027034	0.9642352206625698	1.0	1.0	2.0
32630000	2.0507167149277086	0.0841611193256171	1.0	1.0	2.0
32640000	0.24177506222535844	0.0445315234595343	1.0	1.0	2.0
32650000	0.25976298669930153	0.1162763994151226	1.0	1.0	2.0
32660000	2.0469708816378454	2.393046528440343	1.0	1.0	2.0
32670000	1.6871532926592796	0.9296853152719489	1.0	1.0	2.0
32680000	0.8215878881206289	0.17922388223906174	1.0	1.0	2.0
32690000	0.14218815666864829	0.4594073852959102	1.0	1.0	2.0
32700000	0.5609856688719791	0.4089945169318305	1.0	1.0	2.0
32710000	0.9168012416739987	0.7889401027978766	1.0	1.0	2.0
32720000	0.5360283122157354	0.81574430783842	1.0	1.0	2.0
32730000	2.2932936176824064	0.8092057895497226	1.0	1.0	2.0
32740000	1.0360144448338424	0.9632954560106912	1.0	1.0	2.0
32750000	1.93783630922161	0.5357504668890427	1.0	1.0	2.0
32760000	0.7532143788382903	0.3713660295882137	1.0	1.0	2.0
32770000	1.011855021980932	0.3817717315889518	1.0	1.0	2.0
32780000	0.9286920880819677	0.4330675149795785	1.0	1.0	2.0
32790000	2.3091899079339706	0.4044865211064901	1.0	1.0	2.0
32800000	0.2810569546669157	0.3503379518407479	1.0	1.0	2.0
32810000	0.7096674798602762	0.21168045411540973	1.0	1.0	2.0
32820000	3.1273836693337644	0.13511416577185986	1.0	1.0	2.0
32830000	2.074538667279518	1.5044743342289608	1.0	1.0	2.0
32840000	0.20135784028021791	0.1766755159330039	1.0	1.0	2.0
32850000	0.45651777310284414	0.8723285263494837	1.0	1.0	2.0
32860000	1.7364459804596426	0.18878238146130608	1.0	1.0	2.0
32870000	1.8837772954183494	0.20164515892686005	1.0	1.0	2.0
32880000	0.8418724086286378	0.8863844746589306	1.0	1.0	2.0
32890000	0.26678152892171925	3.269779304070418	1.0	1.0	2.0
32900000	0.607965744216954	0.7075326210804965	1.0	1.0	2.0
32910000	0.2872789065493914	0.1953620045604042	1.0	1.0	2.0
32920000	4.928927135143742	2.3036588353420075	1.0	1.0	2.0
32930000	1.1028411052130676	0.05074619864832612	1.0	1.0	2.0
32940000	1.0626519976386517	0.9317669162049149	1.0	1.0	2.0
32950000	3.569285519861202	1.27276793003955	1.0	1.0	2.0
32960000	3.7247478061753148	1.403756278789639	1.0	1.0	2.0
32970000	0.8340405217383241	0.1297118382020553	1.0	1.0	2.0
32980000	0.7609609908683355	0.8838782621865064	1.0	1.0	2.0
32990000	3.4019609407511675	0.45951636005024543	1.0	1.0	2.0
33000000	1.2300982366456892	0.6922620632173477	1.0	1.0	2.0
33010000	1.7576354989592642	0.20508970514942096	1.0	1.0	2.0
33020000	1.3182654204025743	0.002661154506117981	1.0	1.0	2.0
33030000	1.2928632862692002	0.46077027855093683	1.0	1.0	2.0
33040000	1.6672298311918925	1.627497465451814	0.0	1.0	1.0
33050000	1.136950712240696	0.7591390443332472	1.0	1.0	2.0
33060000	0.8145960264486602	0.0983777257288311	1.0	1.0	2.0
33070000	0.6726524658550801	0.003998994120512411	1.0	1.0	2.0
33080000	1.2361493829402834	0.18665199847139932	1.0	1.0	2.0
33090000	1.3207107460180103	0.5980685413925435	1.0	1.0	2.0
33100000	0.41178620163984214	0.6431428753829596	1.0	1.0	2.0
33110000	1.6618531444766202	2.489719741242564	1.0	1.0	2.0
33120000	0.4993989029359027	0.45418111130813293	1.0	1.0	2.0
33130000	1.2651987308050918	0.47278462339971916	1.0	1.0	2.0
33140000	0.8654893655996205	0.2193226805415494	1.0	1.0	2.0
33150000	1.1333544632873422	0.38686732527929807	1.0	1.0	2.0
33160000	1.6109427328949708	0.7715654065265894	1.0	1.0	2.0
33170000	0.3840206000886414	0.13044160986995348	1.0	1.0	2.0
33180000	0.8314748581105824	0.16227234276049762	1.0	1.0	2.0
33190000	1.2888425681866285	0.1472048680529728	1.0	1.0	2.0
33200000	0.9484806355862773	0.20409710473726672	1.0	1.0	2.0
33210000	1.6618403593913396	1.3033879703150146	1.0	1.0	2.0
33220000	1.2771392452829458	0.8142643064774513	1.0	1.0	2.0
33230000	0.21815922893977846	0.1523603646895634	1.0	1.0	2.0
33240000	0.11247838050168368	0.06154393216080282	1.0	1.0	2.0
33250000	2.2108382327562306	0.8774968513496718	1.0	1.0	2.0
33260000	0.8411479936301401	0.24520866782229156	1.0	1.0	2.0
33270000	1.491239482329841	1.6878690788644402	1.0	1.0	2.0
33280000	0.4968746843041018	0.01833161367993333	1.0	1.0	2.0
33290000	0.728527308839161	0.6209525887605265	1.0	1.0	2.0
33300000	1.0941175468285822	0.6369075581066188	1.0	1.0	2.0
33310000	0.9426361307573305	0.09247826936198167	1.0	1.0	2.0
33320000	0.8826596547609045	0.5997545077693235	1.0	1.0	2.0
33330000	3.2770040176818522	0.7227859614173409	1.0	1.0	2.0
33340000	1.241252669772244	2.0020997331219954	1.0	1.0	2.0
33350000	0.2954898431231836	0.17554405449732036	1.0	1.0	2.0
33360000	3.888607366352374	1.231020304761245	1.0	1.0	2.0
33370000	0.5232848532727079	0.4682882666212295	1.0	1.0	2.0
33380000	3.17817929717473	0.1882332966829585	1.0	1.0	2.0
33390000	1.749543334577088	0.0944747039419127	1.0	1.0	2.0
33400000	0.46377778314190565	0.0489624569966662	1.0	1.0	2.0
33410000	0.8951561818092537	1.4526064237387517	1.0	1.0	2.0
33420000	1.664891684047691	0.7983531302740802	1.0	1.0	2.0
33430000	1.3479416063072394	0.07595995237194998	1.0	1.0	2.0
33440000	2.7653919653943064	0.27434140425779635	1.0	1.0	2.0
33450000	1.2613725314785946	1.6316954441329894	1.0	1.0	2.0
33460000	1.7731996686875406	0.09729164831646832	1.0	1.0	2.0
33470000	0.8374968738095551	0.33447069579223543	1.0	1.0	2.0
33480000	1.999064330561584	0.16871889333211124	1.0	1.0	2.0
33490000	1.3565363893747788	0.4388884828598497	1.0	1.0	2.0
33500000	1.7099382474607465	0.5324947369484034	1.0	1.0	2.0
33510000	1.3732062444570474	0.1731840785213821	1.0	1.0	2.0
33520000	1.2445850773855411	0.5478489394022207	1.0	1.0	2.0
33530000	0.8650731866587791	0.0479090283730364	1.0	1.0	2.0
33540000	1.6446448386388939	0.6608764598510377	1.0	1.0	2.0
33550000	0.29640461174216076	0.28701569196319177	1.0	1.0	2.0
33560000	1.425004973419908	0.9368952114790576	1.0	1.0	2.0
33570000	3.204824864443108	0.1679172171448985	1.0	1.0	2.0
33580000	0.4825844607239085	0.1100654986320084	1.0	1.0	2.0
33590000	3.996029146309237	0.14698532743883388	1.0	1.0	2.0
33600000	0.2858043476536032	0.5025810339067822	1.0	1.0	2.0
33610000	0.707052118899949	0.4172727038085481	1.0	1.0	2.0
33620000	3.5701110499113975	2.1184580182005344	1.0	1.0	2.0
33630000	1.3405949216321136	0.32039937438059224	1.0	1.0	2.0
33640000	1.5688836935283763	0.08149873048539633	1.0	1.0	2.0
33650000	4.240082830756754	0.5845247218540994	1.0	1.0	2.0
33660000	0.33836373856478813	0.07442186186172428	1.0	1.0	2.0
33670000	0.2551612466849066	0.34359803825097973	1.0	1.0	2.0
33680000	0.8306335506606317	1.0406707321312896	1.0	1.0	2.0
33690000	2.102378220353342	0.7826200436773266	1.0	1.0	2.0
33700000	2.9203581498352746	0.2374302741448476	1.0	1.0	2.0
33710000	0.35391476313373516	0.6252018901912573	1.0	1.0	2.0
33720000	3.0618005433084594	0.5208211256542391	1.0	1.0	2.0
33730000	0.5832326917688879	0.32647344188103533	1.0	1.0	2.0
33740000	0.3800788349698358	1.1183320586270298	1.0	1.0	2.0
33750000	1.5221531493910436	0.2745639860347281	1.0	1.0	2.0
33760000	1.6496979990456158	2.5250801264007943	1.0	1.0	2.0
33770000	1.5025790445513898	0.3988388966938633	1.0	1.0	2.0
33780000	0.19619009377314442	0.006572028465535879	1.0	1.0	2.0
33790000	0.12046019392628626	0.019260329028935107	1.0	1.0	2.0
33800000	1.783861573188506	0.9327603366706989	1.0	1.0	2.0
33810000	1.3885606073174768	0.07973052407962261	1.0	1.0	2.0
33820000	0.36535835024351027	0.2260834448018706	1.0	1.0	2.0
33830000	1.9744811526394526	1.1144187438052282	1.0	1.0	2.0
33840000	4.42766704464406	0.1726244377869153	1.0	1.0	2.0
33850000	1.772630392485747	5.2712161330076786	1.0	1.0	2.0
33860000	0.703914739364618	0.4722545864511045	1.0	1.0	2.0
33870000	1.2339346383877599	0.16014125179274027	1.0	1.0	2.0
33880000	1.0084106475655714	0.9302791669524848	1.0	1.0	2.0
33890000	2.342435976481636	2.237953720104157	1.0	1.0	2.0
33900000	1.6435344787321369	1.1175896415610527	1.0	1.0	2.0
33910000	0.21498322658098545	0.2378409517229829	1.0	1.0	2.0
33920000	1.3744833578084945	2.4892012741864766	1.0	1.0	2.0
33930000	1.089907602716604	0.5020619017636078	1.0	1.0	2.0
33940000	0.48237874489499194	0.4050204770670788	1.0	1.0	2.0
33950000	0.35503336006189634	0.05508555047477947	1.0	1.0	2.0
33960000	2.8202625677064805	0.023226648823418065	1.0	1.0	2.0
33970000	1.492553730356842	0.6291435508307798	1.0	1.0	2.0
33980000	1.5672076792551937	0.8044951549647419	1.0	1.0	2.0
33990000	0.23352201624942467	0.13641839855321547	1.0	1.0	2.0
34000000	3.827030163568187	0.6845103632309346	1.0	1.0	2.0
34010000	0.16073280799619902	0.026910113270933327	1.0	1.0	2.0
34020000	1.8516594810403815	1.4187214239313162	1.0	1.0	2.0
34030000	1.03888646227461	1.5209374104613334	1.0	1.0	2.0
34040000	2.4143549675857723	0.31581645430965877	1.0	1.0	2.0
34050000	1.5562041299280724	1.5957587095189567	1.0	1.0	2.0
34060000	1.3518544090910267	0.5133213700781969	1.0	1.0	2.0
34070000	0.6561700669938887	0.5575027851497032	1.0	1.0	2.0
34080000	3.860495180790592	0.6456543851225184	1.0	1.0	2.0
34090000	0.7054830762947643	1.433562166325973	1.0	1.0	2.0
34100000	0.5529151482020747	0.011827425785339803	1.0	1.0	2.0
34110000	1.4216477413270154	0.35392808716698754	1.0	1.0	2.0
34120000	0.4989870428680847	0.3674723052164842	1.0	1.0	2.0
34130000	0.31936429231390534	0.6486590760730435	1.0	1.0	2.0
34140000	1.372969076253074	1.246728914844049	1.0	1.0	2.0
34150000	3.37487928757231	3.2322420027125736	1.0	1.0	2.0
34160000	2.0238919194321485	0.12840480317367492	1.0	1.0	2.0
34170000	1.1165277791345494	0.09288524093426043	1.0	1.0	2.0
34180000	3.138225157024244	0.20428467064987632	1.0	1.0	2.0
34190000	1.459175944943236	0.6858921863448957	1.0	1.0	2.0
34200000	1.862089565958784	0.4570083094757584	1.0	1.0	2.0
34210000	0.1281115492320557	0.04685880753754164	1.0	1.0	2.0
34220000	0.6769597552580141	0.051673439460702054	1.0	1.0	2.0
34230000	3.566751512036977	0.9126966711314611	1.0	1.0	2.0
34240000	0.6151322173981958	0.3066837533068687	1.0	1.0	2.0
34250000	0.6301851012224898	0.11912761812030911	1.0	1.0	2.0
34260000	1.3521229325453057	1.1497549214401688	1.0	1.0	2.0
34270000	3.184398803323517	0.6327206203599134	1.0	1.0	2.0
34280000	0.5675694512743468	0.1267957421949464	1.0	1.0	2.0
34290000	0.6873918040759495	0.1072823624750354	1.0	1.0	2.0
34300000	0.4985089534175412	0.3289962399348219	1.0	1.0	2.0
34310000	1.7891829281387395	0.47978555904880366	1.0	1.0	2.0
34320000	2.9615113058713263	1.692968415708914	1.0	1.0	2.0
34330000	0.7472116341061356	0.14937904290781373	1.0	1.0	2.0
34340000	0.7879508812756028	1.314437674979095	1.0	1.0	2.0
34350000	0.29922266768545014	1.0522166246885505	1.0	1.0	2.0
34360000	0.32795456329610745	0.22173370655295785	1.0	1.0	2.0
34370000	1.9676531937622934	0.9734396190285036	1.0	1.0	2.0
34380000	0.42303188915596296	0.06242165472973084	1.0	1.0	2.0
34390000	2.4289323834905194	0.5027225090218862	1.0	1.0	2.0
34400000	0.8249827486998547	0.057013111287052685	1.0	1.0	2.0
34410000	2.8574356880307903	0.4834515595714929	1.0	1.0	2.0
34420000	1.9749552134157178	0.4143743056703828	1.0	1.0	2.0
34430000	1.5107091920925497	1.2949270911701225	1.0	1.0	2.0
34440000	1.7855793523967936	0.2730097183423473	1.0	1.0	2.0
34450000	0.33738066126454447	0.5890275254841368	1.0	1.0	2.0
34460000	0.27599612800044476	0.44365199111263	1.0	1.0	2.0
34470000	1.4795720733339828	0.6454432498032119	1.0	1.0	2.0
34480000	1.3143299665138906	0.6505317687813118	1.0	1.0	2.0
34490000	0.45570152737894465	0.18867267722249464	1.0	1.0	2.0
34500000	1.0350014607611473	0.2753766627381923	1.0	1.0	2.0
34510000	1.276424352628422	0.5812258207362696	1.0	1.0	2.0
34520000	0.14284111291548537	0.03621311340106133	1.0	1.0	2.0
34530000	0.8219693596005118	0.05213926526271937	1.0	1.0	2.0
34540000	0.09078023599266273	0.05133134237997879	1.0	1.0	2.0
34550000	2.780642165097023	1.507030267193626	1.0	1.0	2.0
34560000	0.7047910252329681	1.0342771762621428	1.0	1.0	2.0
34570000	0.44787459825721265	0.3626338606710889	1.0	1.0	2.0
34580000	0.7481891739891419	0.23431777061563178	1.0	1.0	2.0
34590000	0.8253920817374207	0.25706138262364114	1.0	1.0	2.0
34600000	0.10352045342554148	0.29821757157348405	1.0	1.0	2.0
34610000	0.3781007283896577	0.14005900618350964	1.0	1.0	2.0
34620000	2.3529720645038443	1.7049627749164646	1.0	1.0	2.0
34630000	0.8283630565749258	0.4957588605357365	1.0	1.0	2.0
34640000	0.09423509130607115	0.059411796554537225	1.0	1.0	2.0
34650000	2.0447836655407774	0.3288523817060129	1.0	1.0	2.0
34660000	0.5486759619245284	0.32465946951357344	1.0	1.0	2.0
34670000	2.5331929140567087	1.9351046327331565	1.0	1.0	2.0
34680000	1.1773969389310615	0.6637962514193718	1.0	1.0	2.0
34690000	4.188708141638285	0.1540270464526702	1.0	1.0	2.0
34700000	1.0990952390175286	0.3230045517804383	1.0	1.0	2.0
34710000	1.3034725537538745	0.05018182241629194	1.0	1.0	2.0
34720000	5.5619362092402165	0.6271613878431097	1.0	1.0	2.0
34730000	4.204854730069699	0.6957020498012261	1.0	1.0	2.0
34740000	0.9818014365392155	1.2040125046394703	1.0	1.0	2.0
34750000	1.0632460326681183	0.3387393315076633	1.0	1.0	2.0
34760000	0.30291552726271853	0.14887041259198142	1.0	1.0	2.0
34770000	0.5418282627058384	0.06176618567456375	1.0	1.0	2.0
34780000	2.615615446826624	0.9125178065164082	1.0	1.0	2.0
34790000	2.404589224778205	2.4987947558528734	1.0	1.0	2.0
34800000	3.0372641942886527	1.6773110337676782	1.0	1.0	2.0
34810000	0.5747779527055156	0.2349133405019992	1.0	1.0	2.0
34820000	0.913460881593578	0.4161162512388331	1.0	1.0	2.0
34830000	0.5006880913322829	0.5326587332966425	1.0	1.0	2.0
34840000	1.4729704723760417	0.27562272832170887	1.0	1.0	2.0
34850000	1.0158346163083922	0.6438881702466649	1.0	1.0	2.0
34860000	0.6751805199032141	0.24473238120650648	1.0	1.0	2.0
34870000	0.5130622960332252	0.06429168180587792	1.0	1.0	2.0
34880000	0.10158140567095825	1.652828440544456	1.0	1.0	2.0
34890000	3.314021736791296	0.34838523739425975	1.0	1.0	2.0
34900000	0.3593279653224893	0.3019839376545539	1.0	1.0	2.0
34910000	0.8841278850226811	1.175811753784103	1.0	1.0	2.0
34920000	0.6787804253650389	0.2564124570138959	1.0	1.0	2.0
34930000	2.11662736088697	0.15281470203774247	1.0	1.0	2.0
34940000	1.0097137258970192	0.9553862554891026	1.0	1.0	2.0
34950000	0.9998661859407544	0.1963474655775798	1.0	1.0	2.0
34960000	0.5743941382451518	0.42642074831533955	1.0	1.0	2.0
34970000	0.40566664235278743	0.4474541859497074	1.0	1.0	2.0
34980000	0.9354678117537867	0.1859543187250032	1.0	1.0	2.0
34990000	0.15647340684940225	0.12310719617250729	1.0	1.0	2.0
35000000	3.785429894025839	0.7400532881474066	1.0	1.0	2.0
35010000	2.4980304798688477	0.05587999120563204	1.0	1.0	2.0
35020000	4.334791270076363	1.0334800974001228	1.0	1.0	2.0
35030000	0.5847054392475767	0.037623739952342965	1.0	1.0	2.0
35040000	1.0712972587314533	0.7950286251358015	1.0	1.0	2.0
35050000	0.7983822674891914	0.12562874867627502	1.0	1.0	2.0
35060000	0.10280051845472098	0.18376971411469506	1.0	1.0	2.0
35070000	1.2007916542572519	1.2255756360357908	1.0	1.0	2.0
35080000	2.0378140249296406	0.2897650726310148	1.0	1.0	2.0
35090000	4.557741923127819	1.6319553270236795	1.0	1.0	2.0
35100000	0.5239010849981743	0.3457467520408694	1.0	1.0	2.0
35110000	1.2616526232582272	0.38366778232913573	1.0	1.0	2.0
35120000	0.5273592455100152	1.8765162040111427	1.0	1.0	2.0
35130000	1.453376280647236	1.5177896809514357	1.0	1.0	2.0
35140000	0.9147378708792816	0.46879108055701424	1.0	1.0	2.0
35150000	1.7263325948555739	0.4528534623314107	1.0	1.0	2.0
35160000	0.45687048583391954	0.8165681998668252	1.0	1.0	2.0
35170000	0.7313711551072044	1.609267666251565	1.0	1.0	2.0
35180000	0.5778652149811674	0.1249715251581555	1.0	1.0	2.0
35190000	3.7072114196902572	0.8871879283648114	1.0	1.0	2.0
35200000	3.4317279239241034	0.478789797323835	1.0	1.0	2.0
35210000	0.602729029833461	0.5421536891561651	1.0	1.0	2.0
35220000	1.2223675340803026	0.03427525071083645	1.0	1.0	2.0
35230000	0.9683072239649212	0.0837625412952561	1.0	1.0	2.0
35240000	3.190151335120151	0.4400151014004731	1.0	1.0	2.0
35250000	3.8407047331100137	0.14252060138179556	1.0	1.0	2.0
35260000	2.273997670217775	0.7883484719371047	1.0	1.0	2.0
35270000	1.806016659783812	0.14782188456038467	1.0	1.0	2.0
35280000	0.22014115608379062	0.7414291136474778	1.0	1.0	2.0
35290000	1.085066173503309	0.5545534314408151	1.0	1.0	2.0
35300000	0.3053230213513993	4.7656184452300865	0.0	1.0	1.0
35310000	1.9367622868043475	0.521652266272588	1.0	1.0	2.0
35320000	1.7705955903292179	0.4184178997911191	1.0	1.0	2.0
35330000	0.7036161453196383	0.11740788070995227	1.0	1.0	2.0
35340000	2.1615379094937865	0.5822626334407784	1.0	1.0	2.0
35350000	1.507870587248522	1.0042647692415654	1.0	1.0	2.0
35360000	1.8027494633604846	0.2473669355637312	1.0	1.0	2.0
35370000	5.2792317861445435	0.059751276507249554	1.0	1.0	2.0
35380000	0.6028456720941956	0.018265567236216203	1.0	1.0	2.0
35390000	3.914302235026545	1.7067350575332352	1.0	1.0	2.0
35400000	2.3886262230125803	0.19567115635038837	1.0	1.0	2.0
35410000	2.9248411609187714	0.3662176880837627	1.0	1.0	2.0
35420000	2.00754558710258	0.06557161053265768	1.0	1.0	2.0
35430000	1.968752247487556	0.05014559438467092	1.0	1.0	2.0
35440000	0.933876787794622	0.02240504473269759	1.0	1.0	2.0
35450000	1.82013146405924	1.0092291311440524	1.0	1.0	2.0
35460000	0.3527544919993678	0.5387937854542305	1.0	1.0	2.0
35470000	1.0495416073380985	0.2658047451134043	1.0	1.0	2.0
35480000	1.309731641804869	0.0023351539712293127	1.0	1.0	2.0
35490000	1.537722087235172	0.47992112552562144	1.0	1.0	2.0
35500000	1.0604301008303205	3.7319192284320812	1.0	1.0	2.0
35510000	0.7738669769570197	0.13245518010016208	1.0	1.0	2.0
35520000	0.4696584427359368	0.8020320104851598	1.0	1.0	2.0
35530000	1.594941462514651	0.34520146148807346	1.0	1.0	2.0
35540000	0.6638347573957597	1.160949930426341	1.0	1.0	2.0
35550000	0.3539303531723126	0.46278586699747115	1.0	1.0	2.0
35560000	1.3499948529391261	1.4595666703447108	1.0	1.0	2.0
35570000	1.147166126877488	1.4345783133350918	1.0	1.0	2.0
35580000	1.7083952785504795	1.776567083254169	1.0	1.0	2.0
35590000	1.2256295061082294	0.7901111753573012	1.0	1.0	2.0
35600000	0.6259728910979213	0.29067753985792916	1.0	1.0	2.0
35610000	3.3308081440767974	0.28517147175712293	1.0	1.0	2.0
35620000	1.5225506995697036	0.09182241323905839	1.0	1.0	2.0
35630000	1.661788751585401	1.1896650416712846	1.0	1.0	2.0
35640000	4.873954639255015	0.11975542640453392	1.0	1.0	2.0
35650000	1.00873759094562	2.293250247718055	1.0	1.0	2.0
35660000	0.050681708249431516	0.0015279129394670558	1.0	1.0	2.0
35670000	0.6598945035165018	0.4287742969020323	1.0	1.0	2.0
35680000	0.9375944197443145	0.03342416381394185	1.0	1.0	2.0
35690000	0.33399549340288937	0.8732335840935334	1.0	1.0	2.0
35700000	0.7479486449070437	0.07881416502024997	1.0	1.0	2.0
35710000	0.9763720214339957	1.4387819001888498	1.0	1.0	2.0
35720000	2.3467566144644025	0.014161374642325454	1.0	1.0	2.0
35730000	0.7122453033572808	1.2721304456789482	1.0	1.0	2.0
35740000	0.3972864693491368	0.29124802046523995	1.0	1.0	2.0
35750000	0.8205661970717512	0.04169267476688384	1.0	1.0	2.0
35760000	0.810266455054176	0.36253765835313184	1.0	1.0	2.0
35770000	0.8796852087102329	0.6172847828141212	1.0	1.0	2.0
35780000	0.22821225568210476	0.05524172589010801	1.0	1.0	2.0
35790000	0.7099258461636667	1.1863967047141617	1.0	1.0	2.0
35800000	0.39748502561754756	2.4768072836247406	1.0	1.0	2.0
35810000	0.6247548556228467	0.13564203805447217	1.0	1.0	2.0
35820000	1.4042165537086506	0.5070254205501163	1.0	1.0	2.0
35830000	0.4693164574863838	0.04301213988759807	1.0	1.0	2.0
35840000	0.5995273998463551	0.052296637270136594	1.0	1.0	2.0
35850000	0.4836572903196568	0.22393163498929106	1.0	1.0	2.0
35860000	1.2552828109433363	0.4606367024961079	1.0	1.0	2.0
35870000	1.4846131850741016	0.738546208528234	1.0	1.0	2.0
35880000	1.6730060889100076	0.9922261631275694	1.0	1.0	2.0
35890000	1.1034893607324274	0.7221477746014807	1.0	1.0	2.0
35900000	0.45343980632963243	0.48978440696763476	1.0	1.0	2.0
35910000	1.4552038408312933	0.960157367771928	1.0	1.0	2.0
35920000	0.38354976919745837	0.2295579654763779	1.0	1.0	2.0
35930000	2.3393225113596996	0.3770117908199002	1.0	1.0	2.0
35940000	0.22892070327162992	0.1366321219287419	1.0	1.0	2.0
35950000	1.8014745652182358	1.4654532323321077	1.0	1.0	2.0
35960000	3.6755654221538623	1.133911254682066	1.0	1.0	2.0
35970000	1.2555615641927902	0.16927454594293379	1.0	1.0	2.0
35980000	1.0172737156988843	0.10852929316504607	1.0	1.0	2.0
35990000	0.32395674121130846	0.04503452009337861	1.0	1.0	2.0
36000000	0.285027005996288	0.06327685116346644	1.0	1.0	2.0
36010000	1.2682951593240832	0.237115706770089	1.0	1.0	2.0
36020000	6.554402774460695	0.19842228484726443	1.0	1.0	2.0
36030000	1.2251919276318606	0.10129761442982511	1.0	1.0	2.0
36040000	1.193202489036436	0.5362171964385195	1.0	1.0	2.0
36050000	3.249606858676842	0.06856828322320649	1.0	1.0	2.0
36060000	2.442219838954006	1.5164745701208917	1.0	1.0	2.0
36070000	1.245487883968798	1.7034029228433307	1.0	1.0	2.0
36080000	0.5242582188819185	0.2713831733932127	1.0	1.0	2.0
36090000	1.181740193561312	1.3791143511096762	1.0	1.0	2.0
36100000	4.934064648328002	1.696672997288183	1.0	1.0	2.0
36110000	1.1234798699500887	0.5124589154073146	1.0	1.0	2.0
36120000	1.7631309306444989	1.429443294727149	1.0	1.0	2.0
36130000	0.21015829332762928	0.04353477081118588	1.0	1.0	2.0
36140000	0.43850821412391855	0.8272945040553841	1.0	1.0	2.0
36150000	0.5520737321082932	0.7472263394098874	1.0	1.0	2.0
36160000	1.4097939805602093	0.040028893251695674	1.0	1.0	2.0
36170000	2.1660996894164013	0.18170707423154756	1.0	1.0	2.0
36180000	0.12192794051333437	0.2115627502312382	1.0	1.0	2.0
36190000	0.4183748308494635	0.08055355933745004	1.0	1.0	2.0
36200000	1.6321421280652708	0.0797575737786695	1.0	1.0	2.0
36210000	0.9712190005017747	0.7495984678229254	1.0	1.0	2.0
36220000	0.8521310716238681	0.3303246431336478	1.0	1.0	2.0
36230000	1.6021401188125304	0.039810105858534624	1.0	1.0	2.0
36240000	1.4449159633732946	1.9654200040450454	1.0	1.0	2.0
36250000	0.5805430030770303	0.029990940556924885	1.0	1.0	2.0
36260000	0.4190500625022978	0.22116598608594173	1.0	1.0	2.0
36270000	0.7180045664028833	0.10605809514419393	1.0	1.0	2.0
36280000	0.926009035053123	0.022044298566876532	1.0	1.0	2.0
36290000	0.2868722872729181	0.29144857632554155	1.0	1.0	2.0
36300000	1.4125039715404644	0.008747192810966633	1.0	1.0	2.0
36310000	1.4017009140999934	0.8110359402961634	1.0	1.0	2.0
36320000	2.2148949864999916	3.468002954784902	1.0	1.0	2.0
36330000	0.5647670520768541	0.07452084364051696	1.0	1.0	2.0
36340000	0.6773554761740018	0.19455501933906855	1.0	1.0	2.0
36350000	0.3951187083450496	0.24262561076680178	1.0	1.0	2.0
36360000	2.131564888656288	0.07019670681772786	1.0	1.0	2.0
36370000	1.451417847449645	1.9515135400367025	1.0	1.0	2.0
36380000	1.2008547082205678	0.037658709533460344	1.0	1.0	2.0
36390000	0.5762439394968406	0.12486957224475065	1.0	1.0	2.0
36400000	4.048579057198595	3.390708535117843	1.0	1.0	2.0
36410000	0.4075444189427025	0.3909227719018561	1.0	1.0	2.0
36420000	0.3236110075820782	0.08970208066981168	1.0	1.0	2.0
36430000	0.6263428086028148	0.02892737993210662	1.0	1.0	2.0
36440000	1.7757190008235748	1.026533933009797	1.0	1.0	2.0
36450000	0.5610875173626021	1.3513910908705193	1.0	1.0	2.0
36460000	2.7686221791908134	0.33766739544955354	1.0	1.0	2.0
36470000	1.8965253625580496	0.41261414781393324	1.0	1.0	2.0
36480000	1.0815844353958337	0.26068305408368914	1.0	1.0	2.0
36490000	0.24742367230356876	0.07379882293044071	1.0	1.0	2.0
36500000	1.1447494984100661	0.015910273177919584	1.0	1.0	2.0
36510000	4.038472588122193	0.6016011156451753	1.0	1.0	2.0
36520000	0.3542031999547741	0.2517887827053071	1.0	1.0	2.0
36530000	0.8093209927347207	0.19095379269005458	1.0	1.0	2.0
36540000	0.650221620184043	0.0800492464218101	1.0	1.0	2.0
36550000	3.0877612575825992	0.30731153018312873	1.0	1.0	2.0
36560000	0.2108656361982835	0.20622742194897997	1.0	1.0	2.0
36570000	0.8951978820207686	0.2597475339435327	1.0	1.0	2.0
36580000	2.896936226313468	0.4464292243063991	1.0	1.0	2.0
36590000	1.3415932981561496	0.46631239572482264	1.0	1.0	2.0
36600000	7.423789218098444	1.495485372800054	1.0	1.0	2.0
36610000	1.0754866453158756	1.3683519990595854	1.0	1.0	2.0
36620000	1.1713403618668043	0.5193524417983658	1.0	1.0	2.0
36630000	1.8033218001385036	0.43501527431285	1.0	1.0	2.0
36640000	1.152572128497859	0.1091981826179652	1.0	1.0	2.0
36650000	0.26419401972646234	0.4023019751654019	1.0	1.0	2.0
36660000	1.2777684819292718	0.11379314323675796	1.0	1.0	2.0
36670000	0.4283205929042811	0.900323657593618	1.0	1.0	2.0
36680000	0.5374655892805471	0.011357816493996668	1.0	1.0	2.0
36690000	1.4585392109645077	0.10343543690540294	1.0	1.0	2.0
36700000	2.9917008323509666	1.2848490341435996	1.0	1.0	2.0
36710000	2.0041698837319544	0.787286938044211	1.0	1.0	2.0
36720000	2.3695828973787822	1.2150388472036049	1.0	1.0	2.0
36730000	1.720915503087956	1.6269853080021945	1.0	1.0	2.0
36740000	1.005255279703722	0.5961479785632366	1.0	1.0	2.0
36750000	3.6225011262997335	0.6120051264557224	1.0	1.0	2.0
36760000	1.5632388623271543	0.5639984232260604	1.0	1.0	2.0
36770000	3.402853280526247	0.2688092821514764	1.0	1.0	2.0
36780000	0.9531935060857796	0.5856321090879769	1.0	1.0	2.0
36790000	2.7410852388552183	0.40739154541040834	1.0	1.0	2.0
36800000	0.18391549422896092	0.06377387024755089	1.0	1.0	2.0
36810000	0.6451581117908886	0.16260778405431153	1.0	1.0	2.0
36820000	1.8926365526585616	1.3498747618031965	1.0	1.0	2.0
36830000	1.9885610561404399	1.0511195840238678	1.0	1.0	2.0
36840000	0.44818273698534683	1.162304547259981	0.0	1.0	1.0
36850000	2.662759401678583	0.08151058654914081	1.0	1.0	2.0
36860000	2.9357790760543723	0.38824745430922886	1.0	1.0	2.0
36870000	2.879710818253437	1.3552138913798522	1.0	1.0	2.0
36880000	0.17631160843031554	0.5019595762333291	1.0	1.0	2.0
36890000	2.224345488005022	0.19002047538326117	1.0	1.0	2.0
36900000	0.6394065830938216	0.5865370979863369	1.0	1.0	2.0
36910000	0.5247416848943188	0.4140050451315414	1.0	1.0	2.0
36920000	4.78454544440101	0.09117851698899478	1.0	1.0	2.0
36930000	1.2745341288071586	1.8832578454495736	1.0	1.0	2.0
36940000	0.5481883902017639	0.11218422828530336	1.0	1.0	2.0
36950000	0.9615191609946092	1.4831251491265378	1.0	1.0	2.0
36960000	0.39279042096984335	0.06526442103205238	1.0	1.0	2.0
36970000	0.5364763368130739	0.612352666438148	1.0	1.0	2.0
36980000	0.30649249606299633	0.6163756859498687	1.0	1.0	2.0
36990000	0.33142864184646476	0.1826227969821067	1.0	1.0	2.0
37000000	3.9180507471591657	1.71134026359054	1.0	1.0	2.0
37010000	0.061473758307262975	0.17601598265646806	1.0	1.0	2.0
37020000	0.46259084873854533	0.9247252037789699	1.0	1.0	2.0
37030000	1.1706615558764328	0.2630528126542896	1.0	1.0	2.0
37040000	3.0976211692273674	0.9056837451859939	1.0	1.0	2.0
37050000	0.9678076591121927	1.261422189255181	1.0	1.0	2.0
37060000	0.21009492936770316	0.894868937403781	1.0	1.0	2.0
37070000	0.3925134292247839	1.6944453450915118	1.0	1.0	2.0
37080000	2.1286918931792544	0.1504024461068461	1.0	1.0	2.0
37090000	0.8178853170948783	0.26151283998386393	1.0	1.0	2.0
37100000	0.1502956974299283	0.37691452622719135	1.0	1.0	2.0
37110000	1.0142427747273377	0.5291733487132629	1.0	1.0	2.0
37120000	0.4433807553429777	0.27295751493896936	1.0	1.0	2.0
37130000	0.2718311467496366	0.03384141247063185	1.0	1.0	2.0
37140000	0.9511523158394524	0.48540305394969124	1.0	1.0	2.0
37150000	0.9611782197593985	0.3319701951346738	1.0	1.0	2.0
37160000	0.417995688176879	0.5161539000073394	1.0	1.0	2.0
37170000	2.69042543759821	0.3856368176338592	1.0	1.0	2.0
37180000	0.5712604856783916	0.18840546468828215	1.0	1.0	2.0
37190000	1.0842864177749116	0.06774363985585957	1.0	1.0	2.0
37200000	0.9175600343090793	0.49543606740228563	1.0	1.0	2.0
37210000	1.5036947678154398	0.5955720996927693	1.0	1.0	2.0
37220000	1.2491062107526523	0.677168453839038	1.0	1.0	2.0
37230000	0.8612807522777159	2.151256662843008	1.0	1.0	2.0
37240000	2.188813386828582	0.3606013025010133	1.0	1.0	2.0
37250000	4.494207351368302	0.841352359656041	1.0	1.0	2.0
37260000	1.0868821911799795	0.5227031067790235	1.0	1.0	2.0
37270000	2.098319445898023	0.08232767371334564	1.0	1.0	2.0
37280000	1.139134530216233	0.9957983768054169	1.0	1.0	2.0
37290000	2.306626471398547	0.18360983867097774	1.0	1.0	2.0
37300000	0.694415224340924	0.19686601181471017	1.0	1.0	2.0
37310000	0.9999352061009694	0.19415306111391217	1.0	1.0	2.0
37320000	0.6706062690335005	0.37850010831640646	1.0	1.0	2.0
37330000	1.2522679992724932	0.473402567819265	1.0	1.0	2.0
37340000	0.6392974802513076	0.48995182731670944	1.0	1.0	2.0
37350000	0.7729320905736672	0.25443033004071425	1.0	1.0	2.0
37360000	0.8196292407226226	0.5975150585759872	1.0	1.0	2.0
37370000	0.22174611181491638	0.055894586937456164	1.0	1.0	2.0
37380000	0.7510443724149599	0.2942838642270854	1.0	1.0	2.0
37390000	0.4246812023629463	0.24577203102037293	1.0	1.0	2.0
37400000	0.5995204427816421	0.8631324454573074	1.0	1.0	2.0
37410000	0.5195949258541819	0.38112168701153437	1.0	1.0	2.0
37420000	6.398003975114333	5.431040511339631	1.0	1.0	2.0
37430000	0.476946933660821	0.35808995650757897	1.0	1.0	2.0
37440000	1.5649502163959068	0.8631614001682967	1.0	1.0	2.0
37450000	1.2485910494837849	0.21744190093159962	1.0	1.0	2.0
37460000	0.24871726710856962	0.36920070888676715	1.0	1.0	2.0
37470000	1.5228706989570084	0.3001189364386765	1.0	1.0	2.0
37480000	0.7689319160396788	0.5504224798368684	1.0	1.0	2.0
37490000	0.38345329872631906	0.44227465992363807	1.0	1.0	2.0
37500000	0.9773114596543079	0.19178246411142372	1.0	1.0	2.0
37510000	0.8741940493625168	0.04977116816489816	1.0	1.0	2.0
37520000	0.7191973551819627	0.8339314008062986	1.0	1.0	2.0
37530000	1.0996449388005627	1.3594393890057084	1.0	1.0	2.0
37540000	0.11742038457590455	0.15177456668747813	1.0	1.0	2.0
37550000	2.6792635051560243	0.9895573660007444	1.0	1.0	2.0
37560000	0.8018097872773781	0.24521741235801806	1.0	1.0	2.0
37570000	1.6457335665061767	0.6190622888782552	1.0	1.0	2.0
37580000	0.8914328210841147	0.5029197753960194	1.0	1.0	2.0
37590000	1.9592746276115833	0.44501624298776565	1.0	1.0	2.0
37600000	0.8897110113350793	0.5312447455434864	1.0	1.0	2.0
37610000	1.1790933569445374	0.14958098562816677	1.0	1.0	2.0
37620000	2.6522039049864996	2.657995264225784	1.0	1.0	2.0
37630000	3.0929266789048664	1.206458243354498	1.0	1.0	2.0
37640000	1.743427447053769	0.08743548635728397	1.0	1.0	2.0
37650000	0.9527307326148583	0.3607942755668755	1.0	1.0	2.0
37660000	0.8556347620332765	0.24206788713951663	1.0	1.0	2.0
37670000	1.6717807417866712	0.6535249115367642	1.0	1.0	2.0
37680000	1.5860445176273528	0.8812479102459282	1.0	1.0	2.0
37690000	1.9399788168588528	3.2899492443305562	1.0	1.0	2.0
37700000	0.27175878738835507	0.017530424116182365	1.0	1.0	2.0
37710000	1.134878665682283	0.1610423548096509	1.0	1.0	2.0
37720000	0.5375420294092904	0.6094121885936212	1.0	1.0	2.0
37730000	0.4590365365800516	0.45889479972466424	1.0	1.0	2.0
37740000	3.0315161664219454	1.1275457812821437	1.0	1.0	2.0
37750000	2.754184023446106	1.3518791032515	1.0	1.0	2.0
37760000	2.2952026095595035	0.6206720369515216	1.0	1.0	2.0
37770000	0.555529550899506	0.46312349305678613	1.0	1.0	2.0
37780000	1.7602349487942417	0.45510860357159133	1.0	1.0	2.0
37790000	1.1076752727833852	0.2554715850420238	1.0	1.0	2.0
37800000	0.5398672757797831	0.7539113301683621	1.0	1.0	2.0
37810000	0.9215925966380145	0.1600352521687065	1.0	1.0	2.0
37820000	2.559902229230497	0.5237509784296549	1.0	1.0	2.0
37830000	0.1503724990677587	0.6050051907629116	1.0	1.0	2.0
37840000	1.7423625248092423	0.567724327815087	1.0	1.0	2.0
37850000	0.8158428451933853	0.8137142970750483	1.0	1.0	2.0
37860000	0.5699028887325434	0.13624218427088414	1.0	1.0	2.0
37870000	0.5682050424736859	0.43455176287618436	1.0	1.0	2.0
37880000	1.0735902045620433	0.21075817214117373	1.0	1.0	2.0
37890000	1.2540040766176361	0.07551985887411806	1.0	1.0	2.0
37900000	0.4336812220240473	2.11723993038884	1.0	1.0	2.0
37910000	1.2389631834323627	0.16096513892075945	1.0	1.0	2.0
37920000	2.5343490155844703	0.8387185241123077	1.0	1.0	2.0
37930000	0.38537810763417685	0.05380320492149999	1.0	1.0	2.0
37940000	2.2019084328673997	0.6890787080987107	1.0	1.0	2.0
37950000	0.6330638372274862	0.22518512662780835	1.0	1.0	2.0
37960000	0.9113600963910405	1.0020541955933036	1.0	1.0	2.0
37970000	1.8077825620802186	4.38361712317721	1.0	1.0	2.0
37980000	0.9641652165465556	0.19062680862208636	1.0	1.0	2.0
37990000	0.11505823799581122	0.1130232305062385	1.0	1.0	2.0
38000000	1.6486226919418947	0.5326036812126093	1.0	1.0	2.0
38010000	4.017131848089526	0.2243240670412916	1.0	1.0	2.0
38020000	1.5031193375613474	0.9657210584201767	1.0	1.0	2.0
38030000	0.26721254953350226	0.7451844412851583	1.0	1.0	2.0
38040000	3.0280779743331028	0.11150614116367041	1.0	1.0	2.0
38050000	2.473775376464419	0.31832139180529995	1.0	1.0	2.0
38060000	4.504589547025105	2.4888165712948633	1.0	1.0	2.0
38070000	0.563398130331716	1.1800802227990086	1.0	1.0	2.0
38080000	0.28335210993231635	0.24684435751099773	1.0	1.0	2.0
38090000	0.39185125450381375	0.5458477724544186	1.0	1.0	2.0
38100000	0.41284904311771303	0.21873888884796733	1.0	1.0	2.0
38110000	0.88798901669573	2.2873109556701565	1.0	1.0	2.0
38120000	0.2860599048840546	0.08354244771827325	1.0	1.0	2.0
38130000	2.9967261062297132	0.9690283069561376	1.0	1.0	2.0
38140000	0.15862891242426594	0.44262113887701027	1.0	1.0	2.0
38150000	1.0899720511565956	0.014458015841907593	1.0	1.0	2.0
38160000	0.6139461226444153	0.051083519154208896	1.0	1.0	2.0
38170000	4.467569206382005	0.41143548519411716	1.0	1.0	2.0
38180000	3.6673976705053755	0.7848177402664057	1.0	1.0	2.0
38190000	3.4874516544285448	0.034007724429549246	1.0	1.0	2.0
38200000	0.9036372187904362	0.8924807980703986	1.0	1.0	2.0
38210000	2.367746662630465	0.9150970909203036	1.0	1.0	2.0
38220000	0.2371002485765009	0.2376954149620662	1.0	1.0	2.0
38230000	0.08123243401483639	4.5119681417555326E-4	1.0	1.0	2.0
38240000	0.4329063534721286	2.6878992105008965	1.0	1.0	2.0
38250000	0.8967913291456386	0.3701983739347815	1.0	1.0	2.0
38260000	3.8279351260163685	0.297861375326466	1.0	1.0	2.0
38270000	4.778803650253399	0.5090667982760907	1.0	1.0	2.0
38280000	1.5980109280581674	0.37955521591313257	1.0	1.0	2.0
38290000	0.44797411448928365	0.2989850564830385	1.0	1.0	2.0
38300000	1.0076579227497524	0.5160693149199661	1.0	1.0	2.0
38310000	1.0709480570984629	0.6906501944836612	1.0	1.0	2.0
38320000	0.48437878673734663	0.08807833995140504	1.0	1.0	2.0
38330000	0.4249515564339673	0.19152505012994397	1.0	1.0	2.0
38340000	0.5914824160996578	0.34869239567806387	1.0	1.0	2.0
38350000	2.7205220339359477	0.013738747932306892	1.0	1.0	2.0
38360000	0.7518274438709164	0.16440997094676071	1.0	1.0	2.0
38370000	0.3265275519196783	0.05069406646989508	1.0	1.0	2.0
38380000	2.2658259465188624	0.3865748277409017	1.0	1.0	2.0
38390000	1.954472519427684	6.748840282488177	1.0	1.0	2.0
38400000	2.126357486741972	3.745502437710313	1.0	1.0	2.0
38410000	1.8521096114929794	0.03792301622025253	1.0	1.0	2.0
38420000	2.746556554805326	0.23933104565283414	1.0	1.0	2.0
38430000	1.9525837998857158	0.1733460333484977	1.0	1.0	2.0
38440000	0.39954524862228696	0.7717106587857204	1.0	1.0	2.0
38450000	0.7136075672897948	0.035803988941560776	1.0	1.0	2.0
38460000	2.0689734851951695	1.074580762761859	1.0	1.0	2.0
38470000	5.3536131537232095	0.6694262473293819	1.0	1.0	2.0
38480000	1.2331037046638367	0.7834863642027402	1.0	1.0	2.0
38490000	1.7383883622088219	0.07443054373014432	1.0	1.0	2.0
38500000	3.0759034490314874	0.09343838405749806	1.0	1.0	2.0
38510000	0.6748923161147898	0.568522235395544	1.0	1.0	2.0
38520000	2.7942968092356337	1.4365852160250596	1.0	1.0	2.0
38530000	0.5188525452730809	1.1395600847654295	1.0	1.0	2.0
38540000	4.031062159935682	1.6977944401625078	1.0	1.0	2.0
38550000	0.800645792018187	0.0016640554143075078	1.0	1.0	2.0
38560000	0.7066029037415693	0.8420630025949492	1.0	1.0	2.0
38570000	0.16025250466154398	0.059222496003875184	1.0	1.0	2.0
38580000	0.33535416498742443	1.5887448490447909	0.0	1.0	1.0
38590000	0.3502459872614289	0.12774165027777212	1.0	1.0	2.0
38600000	0.5872319011453276	0.1419254212474222	1.0	1.0	2.0
38610000	1.9491929278425537	0.06923533096990261	1.0	1.0	2.0
38620000	0.7191262403712178	0.4389295428344188	1.0	1.0	2.0
38630000	1.3762084506028067	0.17366248951005372	1.0	1.0	2.0
38640000	1.2087674278985716	0.976864394308251	1.0	1.0	2.0
38650000	1.1035311504955216	0.11608601518365458	1.0	1.0	2.0
38660000	0.30779404147677913	0.32044182383638253	1.0	1.0	2.0
38670000	5.088406289774222	0.720096691777688	1.0	1.0	2.0
38680000	1.0634903211359181	0.17525828635534063	1.0	1.0	2.0
38690000	2.230856888381218	0.18858152736545936	1.0	1.0	2.0
38700000	0.18427730423418873	0.16769466156990082	1.0	1.0	2.0
38710000	3.2142628710042347	0.6107675245184938	1.0	1.0	2.0
38720000	1.9788890102567867	0.03271087129967672	1.0	1.0	2.0
38730000	1.9803240592521398	1.3976955186899769	1.0	1.0	2.0
38740000	0.6839905081786107	0.12312018637865531	1.0	1.0	2.0
38750000	1.4991025392433952	0.1423770096209778	1.0	1.0	2.0
38760000	0.8532192943435053	0.04100833459332702	1.0	1.0	2.0
38770000	3.2416757212730523	0.5023641903642685	1.0	1.0	2.0
38780000	1.2752334894098172	0.289287800698859	1.0	1.0	2.0
38790000	0.567621255902069	1.4029499158497138	1.0	1.0	2.0
38800000	1.1407268715813788	0.43801446735450505	1.0	1.0	2.0
38810000	0.9137369474472526	0.3677784443350624	1.0	1.0	2.0
38820000	3.2459093774556047	0.8506317202285807	1.0	1.0	2.0
38830000	0.14575239312176314	0.02517100698666755	1.0	1.0	2.0
38840000	0.6381818136851772	0.04847826445183973	1.0	1.0	2.0
38850000	0.34001204473915736	0.11485388308857664	1.0	1.0	2.0
38860000	1.8724590437877675	1.4803291944959702	1.0	1.0	2.0
38870000	0.771631439549847	0.008132577192297341	1.0	1.0	2.0
38880000	5.074901300277738	1.3707119442261273	1.0	1.0	2.0
38890000	0.6407749615105816	1.176797658997841	1.0	1.0	2.0
38900000	0.6756872211080283	1.0019994979473905	1.0	1.0	2.0
38910000	3.2353700704215265	1.5443655034500041	1.0	1.0	2.0
38920000	0.6140692555477483	0.019043692996730092	1.0	1.0	2.0
38930000	0.7392417521020316	0.12044774002436417	1.0	1.0	2.0
38940000	1.518832722092537	0.35836763521234316	1.0	1.0	2.0
38950000	0.4683570980349271	0.35851100783942885	1.0	1.0	2.0
38960000	0.09299618847124269	0.2477857976561293	1.0	1.0	2.0
38970000	0.7773596895058076	0.5617770671283633	1.0	1.0	2.0
38980000	0.6793440718396162	0.1400562079883242	1.0	1.0	2.0
38990000	0.060028888943529174	0.14408380675539986	1.0	1.0	2.0
39000000	0.6305618220242153	0.06632034371348702	1.0	1.0	2.0
39010000	0.16935633065527508	0.11900341635370397	1.0	1.0	2.0
39020000	1.91096949560587	0.7749726618159403	1.0	1.0	2.0
39030000	0.540482249930201	0.1985513119733637	1.0	1.0	2.0
39040000	0.3981471962487028	1.432595179435052E-4	1.0	1.0	2.0
39050000	0.46096000722257435	0.9037148389713818	1.0	1.0	2.0
39060000	0.5367090844576757	0.2956903041438144	1.0	1.0	2.0
39070000	1.0325771735381049	0.11977821466796396	1.0	1.0	2.0
39080000	0.45376406257592383	0.23988879001736532	1.0	1.0	2.0
39090000	2.8761033395787345	0.37765753793562384	1.0	1.0	2.0
39100000	0.5370163883336723	0.30973525737122104	1.0	1.0	2.0
39110000	2.0771047469517354	1.1184691903893504	1.0	1.0	2.0
39120000	0.18125559191103452	0.07853130005458216	1.0	1.0	2.0
39130000	2.2429339131204618	1.4899703493831944	1.0	1.0	2.0
39140000	1.5852565212071197	0.0690885265464665	1.0	1.0	2.0
39150000	0.1463885226306578	0.08652055450518364	1.0	1.0	2.0
39160000	1.0780954084499694	1.4452685208080087	1.0	1.0	2.0
39170000	0.5382904832441167	0.4582762768129086	1.0	1.0	2.0
39180000	0.3288559037125464	0.1984663288568756	1.0	1.0	2.0
39190000	1.0969660160473598	0.08841742744378833	1.0	1.0	2.0
39200000	1.7300497383104156	0.9326099983654568	1.0	1.0	2.0
39210000	1.0474884172280208	0.06328198948576184	1.0	1.0	2.0
39220000	0.32262485857105694	0.21961346525505332	1.0	1.0	2.0
39230000	0.9327044191950016	0.034905053005584843	1.0	1.0	2.0
39240000	1.3538099510745851	0.6270620719922426	1.0	1.0	2.0
39250000	2.4786148217402353	0.7344221188080683	1.0	1.0	2.0
39260000	0.5818695905809225	0.7788585691681924	1.0	1.0	2.0
39270000	0.9405294516282513	0.7909967055310309	1.0	1.0	2.0
39280000	1.9670226625704526	0.7249255470731211	1.0	1.0	2.0
39290000	0.18593251345031445	0.14554894344601793	1.0	1.0	2.0
39300000	0.7565948628701711	0.5430692735539184	1.0	1.0	2.0
39310000	5.157951585122785	0.48424604929093357	1.0	1.0	2.0
39320000	0.8428441198834672	0.14438729313455406	1.0	1.0	2.0
39330000	0.8472036060701373	0.09533108360867018	1.0	1.0	2.0
39340000	0.7864646587951456	0.04976435952848616	1.0	1.0	2.0
39350000	1.072410943848287	0.5704553372117953	1.0	1.0	2.0
39360000	1.5151210657998426	0.5831260967647727	1.0	1.0	2.0
39370000	2.322931052994027	0.557485007777329	1.0	1.0	2.0
39380000	1.3655316795474475	1.784034128616373	1.0	1.0	2.0
39390000	1.5939086030866483	1.0107698025220333	1.0	1.0	2.0
39400000	0.12593864845760186	0.15908250558404632	1.0	1.0	2.0
39410000	0.161633779303242	0.44396435289388114	1.0	1.0	2.0
39420000	0.9649475715739121	0.19203522486543817	1.0	1.0	2.0
39430000	0.8709252001935132	0.11735077840255755	1.0	1.0	2.0
39440000	0.6030731597416452	0.03227824057007143	1.0	1.0	2.0
39450000	0.48704986382727017	0.03801646769879767	1.0	1.0	2.0
39460000	2.3625207816629112	1.208819679673749	1.0	1.0	2.0
39470000	3.2443441776132267	0.09329634950662499	1.0	1.0	2.0
39480000	1.5384905725734195	0.45011578414877945	1.0	1.0	2.0
39490000	0.4605932688830686	0.9606167833494351	1.0	1.0	2.0
39500000	1.0664950035009095	0.3818890387377505	1.0	1.0	2.0
39510000	1.3417971554673094	0.9989956646119081	1.0	1.0	2.0
39520000	1.8330112936922554	1.8950561517019404	1.0	1.0	2.0
39530000	0.5041472685317449	1.2856079626830008	1.0	1.0	2.0
39540000	1.8495346487115776	0.4508339590231705	1.0	1.0	2.0
39550000	1.813898173904167	0.18560831736637087	1.0	1.0	2.0
39560000	2.249773767845491	1.316775464421453	1.0	1.0	2.0
39570000	3.961845644757004	0.1219381227649151	1.0	1.0	2.0
39580000	0.7767323226243346	0.2172253307794663	1.0	1.0	2.0
39590000	1.1713055971591888	0.2369675838914807	1.0	1.0	2.0
39600000	1.7204552368613195	0.7443258344104691	1.0	1.0	2.0
39610000	0.524940262057082	0.023881373667034685	1.0	1.0	2.0
39620000	0.7677290628555123	0.19455028942439004	1.0	1.0	2.0
39630000	1.5337976768802541	1.450317424833883	1.0	1.0	2.0
39640000	1.0176308571828638	0.5650256043995872	1.0	1.0	2.0
39650000	0.8767530309811596	0.2660560677412676	1.0	1.0	2.0
39660000	1.7910690613914124	1.3097129950825381	1.0	1.0	2.0
39670000	1.1807610016764407	0.45096057511153154	1.0	1.0	2.0
39680000	0.2887743821490586	0.7026742326224877	1.0	1.0	2.0
39690000	0.7723267438101991	0.3331444754150814	1.0	1.0	2.0
39700000	1.080687059024819	0.611016789221172	1.0	1.0	2.0
39710000	1.2151982898551221	0.48338856961785764	1.0	1.0	2.0
39720000	2.196264143556577	2.278119381874852	1.0	1.0	2.0
39730000	0.292400322909201	0.3747557049793124	1.0	1.0	2.0
39740000	0.29581889834459096	1.067535982276015	1.0	1.0	2.0
39750000	0.49423217370286804	0.3496440427013446	1.0	1.0	2.0
39760000	5.379119681153734	0.39993911578864444	1.0	1.0	2.0
39770000	0.09226775912486082	0.006686853357884225	1.0	1.0	2.0
39780000	2.146300362503394	0.46421531168379804	1.0	1.0	2.0
39790000	0.9649361669819132	1.0096878346012785	1.0	1.0	2.0
39800000	0.70515465979817	0.004869810852978893	1.0	1.0	2.0
39810000	1.7226753344568695	0.2503150446441362	1.0	1.0	2.0
39820000	1.8159854633300876	0.18658737182392812	1.0	1.0	2.0
39830000	0.914517902060528	0.9841126149093722	1.0	1.0	2.0
39840000	1.8322665180000697	1.7446128659145468	1.0	1.0	2.0
39850000	1.545781611056862	0.5572103558589186	1.0	1.0	2.0
39860000	1.4993061660296338	0.3542433957343114	1.0	1.0	2.0
39870000	3.1594915529512644	0.19890182673297171	1.0	1.0	2.0
39880000	0.35991207707744377	0.009380588291765654	1.0	1.0	2.0
39890000	1.8684502305717543	0.03732116418155953	1.0	1.0	2.0
39900000	1.9854910371241445	0.10265302725981267	1.0	1.0	2.0
39910000	1.902367060853919	0.39117034618716023	1.0	1.0	2.0
39920000	1.7835502080644314	2.2095006343227945	1.0	1.0	2.0
39930000	1.3671643770900164	0.2112974688057557	1.0	1.0	2.0
39940000	0.7375691084581033	0.7054559462283486	1.0	1.0	2.0
39950000	1.2670173608509454	0.49901475716009014	1.0	1.0	2.0
39960000	4.090978162794947	1.0452971225860006	1.0	1.0	2.0
39970000	0.45446140323536227	0.11556310831022122	1.0	1.0	2.0
39980000	1.031390593187624	0.5172127202179956	1.0	1.0	2.0
39990000	0.8359401184231506	0.0798675776437342	1.0	1.0	2.0
40000000	0.8856568428824673	2.401849872108249	1.0	1.0	2.0
40010000	0.5980921936905477	0.1318105806420453	1.0	1.0	2.0
40020000	0.6344178297452583	0.17454154605163805	1.0	1.0	2.0
40030000	0.49425158333335706	0.18391538570210703	1.0	1.0	2.0
40040000	0.04105020039281175	0.2455435584188844	1.0	1.0	2.0
40050000	1.0293872182100197	0.6274524732167137	1.0	1.0	2.0
40060000	1.374060588774069	1.277611464130055	1.0	1.0	2.0
40070000	0.09708176967447425	1.1159706209858764	1.0	1.0	2.0
40080000	1.9581387531238943	0.00904841844924703	1.0	1.0	2.0
40090000	2.5646136958603205	0.716888141063286	1.0	1.0	2.0
40100000	0.768142279287584	1.7538361328911782	1.0	1.0	2.0
40110000	1.6945858632395367	1.4190321984832002	1.0	1.0	2.0
40120000	0.36662137341973644	3.004759713630882E-4	1.0	1.0	2.0
40130000	2.728257839287171	0.6185018010100761	1.0	1.0	2.0
40140000	0.20455145089802626	0.04893782525915541	1.0	1.0	2.0
40150000	1.0651738780277584	0.9022158332812208	1.0	1.0	2.0
40160000	0.5001956369444596	0.25028015261616715	1.0	1.0	2.0
40170000	1.6199447031595946	0.4983450320849665	1.0	1.0	2.0
40180000	2.5023890946296232	0.03758093326379967	1.0	1.0	2.0
40190000	0.6981181268187561	0.4387666986215249	1.0	1.0	2.0
40200000	0.40630810182335436	0.2696558112314729	1.0	1.0	2.0
40210000	0.20231740267580664	0.17458386257384315	1.0	1.0	2.0
40220000	0.7426162031414998	0.00678477446185008	1.0	1.0	2.0
40230000	1.6802668169855342	2.710088262060678	1.0	1.0	2.0
40240000	1.3660978869509253	0.30610981949648247	1.0	1.0	2.0
40250000	0.9856657936377408	0.23257891356849048	1.0	1.0	2.0
40260000	1.0880281238005265	1.3745285919882562	1.0	1.0	2.0
40270000	0.12152403878389063	0.5336055106914163	1.0	1.0	2.0
40280000	0.580254281227039	2.40650657540501	1.0	1.0	2.0
40290000	0.61873805706333	0.2952617836717301	1.0	1.0	2.0
40300000	1.2263802980768754	0.37164471273268396	1.0	1.0	2.0
40310000	0.4419763643093079	0.11420119551744698	1.0	1.0	2.0
40320000	1.7070734254235584	0.1954462066513263	1.0	1.0	2.0
40330000	2.1887573951168595	0.5947756826273665	1.0	1.0	2.0
40340000	0.5133808167364936	0.9818967355110463	1.0	1.0	2.0
40350000	0.44280814595639856	0.38929690992160315	1.0	1.0	2.0
40360000	1.5879275555134311	1.7001453400486144	1.0	1.0	2.0
40370000	0.2263269736121135	0.2701679401421313	1.0	1.0	2.0
40380000	1.2327257668852467	0.14278280279394157	1.0	1.0	2.0
40390000	2.7139962515735068	0.5085332554717259	1.0	1.0	2.0
40400000	1.970988978704135	2.118352274780464	1.0	1.0	2.0
40410000	0.4707874669145438	1.494965367463238	1.0	1.0	2.0
40420000	0.3151687974538831	1.048311135534533	1.0	1.0	2.0
40430000	0.6085205072241496	0.30252476516232135	1.0	1.0	2.0
40440000	0.9613131865635093	0.4340807744563276	1.0	1.0	2.0
40450000	0.7459585092736108	0.5161327369112794	1.0	1.0	2.0
40460000	2.1949399213512146	0.3270884363720939	1.0	1.0	2.0
40470000	1.194357607757944	1.4194024130940839	1.0	1.0	2.0
40480000	0.4289041504564218	1.4454812712269718	1.0	1.0	2.0
40490000	0.8008276972538768	0.18944334487621764	1.0	1.0	2.0
40500000	4.2342431622530405	2.365955458946677	1.0	1.0	2.0
40510000	0.6429584836100876	0.4879328692118508	1.0	1.0	2.0
40520000	1.2936249512781735	1.2368936209336376	1.0	1.0	2.0
40530000	2.596917359432042	0.27274259886913754	1.0	1.0	2.0
40540000	2.0612884689248294	0.6864704666158806	1.0	1.0	2.0
40550000	4.597308544370866	1.4113100699463086	1.0	1.0	2.0
40560000	5.309044442270461	2.0133037185157856	1.0	1.0	2.0
40570000	0.9792736918551881	1.1125311314971895	1.0	1.0	2.0
40580000	0.4390812940345693	0.004542835839211303	1.0	1.0	2.0
40590000	1.241713370656414	0.9249829188497394	1.0	1.0	2.0
40600000	1.762969759492584	0.5387605472238777	1.0	1.0	2.0
40610000	0.8890786228548887	0.04556948174239912	1.0	1.0	2.0
40620000	1.7971739617710245	0.8581633067515015	1.0	1.0	2.0
40630000	1.796284879123465	0.9637750659540628	1.0	1.0	2.0
40640000	0.1119517537292543	0.003783290641796986	1.0	1.0	2.0
40650000	0.7240352375532598	0.18258184424911136	1.0	1.0	2.0
40660000	1.6449340347358303	0.053945510956377694	1.0	1.0	2.0
40670000	1.8153350600035107	0.29330132587420654	1.0	1.0	2.0
40680000	2.3755566223558864	0.11552028128954497	1.0	1.0	2.0
40690000	0.10196422540964417	0.6588567364177178	1.0	1.0	2.0
40700000	3.1180463796482387	0.19245061561437846	1.0	1.0	2.0
40710000	0.9888858219127574	0.8156812665204923	1.0	1.0	2.0
40720000	0.13054034218596428	0.12741208878913846	1.0	1.0	2.0
40730000	2.4569329211335864	0.14562000460978194	1.0	1.0	2.0
40740000	2.6147096437805004	0.468969604237365	1.0	1.0	2.0
40750000	0.2483889680062671	0.005233985051183092	1.0	1.0	2.0
40760000	0.17954091571227856	0.18828623351681775	1.0	1.0	2.0
40770000	0.4635934770998344	0.8140903334781127	1.0	1.0	2.0
40780000	0.7618049310153416	0.09226037929588966	1.0	1.0	2.0
40790000	2.4631593090098103	0.09923284444276614	1.0	1.0	2.0
40800000	2.0452697461302263	0.46830483350586566	1.0	1.0	2.0
40810000	0.7779776899305968	0.28043716930716717	1.0	1.0	2.0
40820000	2.459395103226262	2.3276736340183777	1.0	1.0	2.0
40830000	0.2678578750845349	0.4115428037642316	1.0	1.0	2.0
40840000	1.952328093921309	0.5684818122437625	1.0	1.0	2.0
40850000	1.2858732970570115	0.09377280271041172	1.0	1.0	2.0
40860000	0.4521422478354003	0.3903818313607639	1.0	1.0	2.0
40870000	2.1420975258138473	0.11050093460730068	1.0	1.0	2.0
40880000	1.1101418128179166	1.6718616256300116	1.0	1.0	2.0
40890000	1.4228833498196392	0.5220986926102162	1.0	1.0	2.0
40900000	1.6487697210088084	0.15276592314632076	1.0	1.0	2.0
40910000	1.8087095298176656	0.5657392004994038	1.0	1.0	2.0
40920000	1.2649436121253208	0.8571467692024587	1.0	1.0	2.0
40930000	0.3712876562354869	0.1791775893190714	1.0	1.0	2.0
40940000	0.04104401532074114	0.11216844002247436	1.0	1.0	2.0
40950000	0.5707494031684461	0.27815400713268557	1.0	1.0	2.0
40960000	0.377883898107369	0.08504478426005868	1.0	1.0	2.0
40970000	0.31246157691454873	0.15390822810236432	1.0	1.0	2.0
40980000	0.20494459457168607	0.10239948739133055	1.0	1.0	2.0
40990000	0.3532243261024436	0.09739863714030554	1.0	1.0	2.0
41000000	1.9129421474623993	0.769383878386325	1.0	1.0	2.0
41010000	1.9757571176503892	0.43155817634183125	1.0	1.0	2.0
41020000	0.9955168717524526	1.7155062366424925	1.0	1.0	2.0
41030000	4.893891449522206	3.23043825352175	1.0	1.0	2.0
41040000	0.942007834385464	0.20893513646896109	1.0	1.0	2.0
41050000	0.5342148286275893	0.38883767491115023	1.0	1.0	2.0
41060000	4.404191303301105	0.16927888131214375	1.0	1.0	2.0
41070000	0.45035648749625357	0.07759678287913019	1.0	1.0	2.0
41080000	0.06973312092684358	0.09220700240122094	1.0	1.0	2.0
41090000	1.5500452227295494	0.6047135299862109	1.0	1.0	2.0
41100000	0.07682934265357129	0.025599423210754594	1.0	1.0	2.0
41110000	0.4342144298850369	0.10989848196404864	1.0	1.0	2.0
41120000	0.36254822450186813	0.014281190674230643	1.0	1.0	2.0
41130000	3.6894517918580654	0.7580878575593644	1.0	1.0	2.0
41140000	0.8755713828039354	0.6954220297851644	1.0	1.0	2.0
41150000	0.9161874574733053	0.5032839666456789	1.0	1.0	2.0
41160000	0.0926363659108089	0.12579966887893443	1.0	1.0	2.0
41170000	0.9240497249001007	0.43854748715945147	1.0	1.0	2.0
41180000	2.1220572718196307	0.14665759584871121	1.0	1.0	2.0
41190000	0.23819668650125228	0.2829201516848967	1.0	1.0	2.0
41200000	1.6178267284673267	0.04756614630746189	1.0	1.0	2.0
41210000	2.071298940455764	1.6148458338069516	1.0	1.0	2.0
41220000	2.5841347305654576	0.06055231602944095	1.0	1.0	2.0
41230000	0.22184354996258368	0.1955773659247237	1.0	1.0	2.0
41240000	0.49546257053555565	0.9774442663295778	1.0	1.0	2.0
41250000	0.31045157460874445	0.2963472488717614	1.0	1.0	2.0
41260000	0.5366496453188927	0.24495411023990243	1.0	1.0	2.0
41270000	1.7878568048233274	0.11049882093963552	1.0	1.0	2.0
41280000	0.05661827141345247	0.06080532206325571	1.0	1.0	2.0
41290000	1.4311718683979164	0.5266310833196747	1.0	1.0	2.0
41300000	1.9389901514193255	1.0020467055496045	1.0	1.0	2.0
41310000	1.3754610721772467	0.13090132496122445	1.0	1.0	2.0
41320000	1.1904213185979504	0.2958052350205887	1.0	1.0	2.0
41330000	0.7030933986171386	0.06122116544582296	1.0	1.0	2.0
41340000	0.7292132824607895	0.040137142568904015	1.0	1.0	2.0
41350000	0.46920491368505446	0.18918404284468704	1.0	1.0	2.0
41360000	0.5276081666264363	0.246476785937331	1.0	1.0	2.0
41370000	1.5345836808556121	0.49065486853356405	1.0	1.0	2.0
41380000	0.5859321748253115	0.22234191306553133	1.0	1.0	2.0
41390000	3.8545718163290124	1.593145746116721	1.0	1.0	2.0
41400000	0.25128645200343674	0.17354533580843293	1.0	1.0	2.0
41410000	2.2715047961201797	0.03900411590573935	1.0	1.0	2.0
41420000	3.253462341247065	0.3223078151624927	1.0	1.0	2.0
41430000	0.9281417427109669	1.0470094164524983	1.0	1.0	2.0
41440000	0.5171945725541319	0.4022710863592317	1.0	1.0	2.0
41450000	0.9258600510805319	0.1930227591594043	1.0	1.0	2.0
41460000	6.652681921284648	0.31126213291475546	1.0	1.0	2.0
41470000	1.2004287404298262	0.7576702302506966	1.0	1.0	2.0
41480000	1.1141899915839826	0.463616348701735	1.0	1.0	2.0
41490000	0.17593704941693547	0.09115060496982076	1.0	1.0	2.0
41500000	1.443201248974263	0.2697206107448047	1.0	1.0	2.0
41510000	0.4540042326196507	1.0702426280572166	1.0	1.0	2.0
41520000	0.2649242716038701	0.14252377947950315	1.0	1.0	2.0
41530000	1.123190563825904	1.3068520921243585	1.0	1.0	2.0
41540000	0.3901148104201212	0.4685656055878639	1.0	1.0	2.0
41550000	2.4192811689245763	1.1892107139176995	1.0	1.0	2.0
41560000	1.3814266562041964	0.3572741752091515	1.0	1.0	2.0
41570000	0.5882068075734102	1.7850313075885105	1.0	1.0	2.0
41580000	0.7027929937192925	0.26558354630231007	1.0	1.0	2.0
41590000	2.8176600998839323	0.5159496673905817	1.0	1.0	2.0
41600000	0.2947473102660381	0.02004610260856927	1.0	1.0	2.0
41610000	2.7276276669011	1.0518066633170435	1.0	1.0	2.0
41620000	3.2469262049735983	0.8105662675528478	1.0	1.0	2.0
41630000	0.18297671175274338	0.16381173992461487	1.0	1.0	2.0
41640000	1.7435672137607343	0.054768885686622956	1.0	1.0	2.0
41650000	0.5070997060992883	0.15233004303338404	1.0	1.0	2.0
41660000	1.2721274865483245	0.612343260609309	1.0	1.0	2.0
41670000	2.4253826587719245	0.8929338325448315	1.0	1.0	2.0
41680000	0.43359854010945137	1.742228980153353	1.0	1.0	2.0
41690000	1.657144848221285	0.6301155736705839	1.0	1.0	2.0
41700000	1.309283095194376	0.21054898123050805	1.0	1.0	2.0
41710000	0.5333787565136295	0.058933837614392755	1.0	1.0	2.0
41720000	0.7041137266525587	0.37006448108986123	1.0	1.0	2.0
41730000	0.9579810120886121	0.0846465437441604	1.0	1.0	2.0
41740000	1.905508125015244	1.0560901325461145	1.0	1.0	2.0
41750000	0.29949242272217164	0.04361013483665291	1.0	1.0	2.0
41760000	0.6040389360393045	0.02684671223063308	1.0	1.0	2.0
41770000	1.461227668198076	0.21546640732594208	1.0	1.0	2.0
41780000	1.2095561608640606	0.06046495676907133	1.0	1.0	2.0
41790000	1.8934217238403366	0.5734535355852762	1.0	1.0	2.0
41800000	0.28434818764567515	0.03289803112566556	1.0	1.0	2.0
41810000	0.20935437751003155	0.5192214994779926	1.0	1.0	2.0
41820000	1.6436995763945232	0.23286418934332895	1.0	1.0	2.0
41830000	0.681728047973108	0.048412099883565325	1.0	1.0	2.0
41840000	3.4019759706386847	0.7339439921847375	1.0	1.0	2.0
41850000	2.0538807562092543	0.5824995501401983	1.0	1.0	2.0
41860000	0.9952706964127073	0.46788165228155326	1.0	1.0	2.0
41870000	1.000130778441208	0.48684171533165255	1.0	1.0	2.0
41880000	1.7925544020892843	2.1115341953810125	1.0	1.0	2.0
41890000	2.0798274472615748	0.2586981221949366	1.0	1.0	2.0
41900000	1.5896822757704796	0.0051415645463967884	1.0	1.0	2.0
41910000	0.8475582279671724	2.0817308854999523	1.0	1.0	2.0
41920000	1.6222706612367006	0.13125246574115662	1.0	1.0	2.0
41930000	1.9577871514572058	0.26039696940037266	1.0	1.0	2.0
41940000	1.5647149484055498	0.4861388598664923	1.0	1.0	2.0
41950000	2.094012188645626	1.0070226473690624	1.0	1.0	2.0
41960000	1.659155058845122	3.437068273810931	1.0	1.0	2.0
41970000	1.2676849597703763	0.2883905417894292	1.0	1.0	2.0
41980000	0.4326131099438527	0.5983510295430219	1.0	1.0	2.0
41990000	4.590974040655036	0.17690686663881383	1.0	1.0	2.0
42000000	0.560215500479803	0.4341576203109672	1.0	1.0	2.0
42010000	0.44405331312029533	0.23189845230516343	1.0	1.0	2.0
42020000	0.7644871458718826	0.019439129496559623	1.0	1.0	2.0
42030000	0.789719227475111	1.1350829073236106	1.0	1.0	2.0
42040000	1.8418786013234592	0.47464219952447356	1.0	1.0	2.0
42050000	1.4474204831237427	0.25808915411750233	1.0	1.0	2.0
42060000	4.949717136037189	1.2316133821205424	1.0	1.0	2.0
42070000	0.5501733269567136	0.4574247056211193	1.0	1.0	2.0
42080000	2.2441662976691936	0.6354075635294051	1.0	1.0	2.0
42090000	2.832457022869796	0.49869636230456516	1.0	1.0	2.0
42100000	1.6226194091662134	0.3584037115188813	1.0	1.0	2.0
42110000	2.9246957962202442	0.9162158337743839	1.0	1.0	2.0
42120000	1.8442067363630745	0.9590804106261686	1.0	1.0	2.0
42130000	0.7102770906963055	0.8866614226392192	1.0	1.0	2.0
42140000	1.8049888615620417	1.0236778018551085	1.0	1.0	2.0
42150000	0.8974617005425616	0.3202492055588739	1.0	1.0	2.0
42160000	0.8771105748461812	0.7345824364073392	1.0	1.0	2.0
42170000	1.6301761503774452	0.5857548371695862	1.0	1.0	2.0
42180000	1.0609299598730941	0.4749349286709399	1.0	1.0	2.0
42190000	0.7914454080196801	0.8352380021167588	1.0	1.0	2.0
42200000	0.7300772170237751	0.7207977687097888	1.0	1.0	2.0
42210000	3.8900883135051765	0.21386317884809694	1.0	1.0	2.0
42220000	0.26625358348263917	0.005882288160297217	1.0	1.0	2.0
42230000	1.852140025379033	0.37101535172788974	1.0	1.0	2.0
42240000	0.28353452294283976	0.10940110773804249	1.0	1.0	2.0
42250000	3.109259118079755	1.595407414966901	1.0	1.0	2.0
42260000	0.47263153786949563	0.061805016544272715	1.0	1.0	2.0
42270000	1.3674059562037473	0.27298900834351125	1.0	1.0	2.0
42280000	1.2396783796232127	1.3482187571193938	1.0	1.0	2.0
42290000	1.8692819443642086	0.9827315897069026	1.0	1.0	2.0
42300000	0.1393944221783413	1.239876507526559	1.0	1.0	2.0
42310000	1.5750496350881216	0.4672468300227104	1.0	1.0	2.0
42320000	0.13171987160226498	0.08602604153932134	1.0	1.0	2.0
42330000	0.6902217366153348	0.48611199452874504	1.0	1.0	2.0
42340000	0.3627611543601969	0.7029485665248604	1.0	1.0	2.0
42350000	1.2760739990689487	0.1812042396225212	1.0	1.0	2.0
42360000	1.1849722094740074	0.5208646299164433	0.0	1.0	1.0
42370000	3.1874810680906047	0.2826736751928396	1.0	1.0	2.0
42380000	1.1558656014315234	0.03346979852815459	1.0	1.0	2.0
42390000	2.6304713659428853	1.4258449770761172	1.0	1.0	2.0
42400000	1.1048054724133567	0.09782703720580892	1.0	1.0	2.0
42410000	1.9021174593389178	0.5201474475556275	1.0	1.0	2.0
42420000	1.420061693573047	0.2355087907843272	1.0	1.0	2.0
42430000	0.6070359987349723	0.06927018984394388	1.0	1.0	2.0
42440000	1.119509769548107	0.47036356445671784	1.0	1.0	2.0
42450000	2.08635192700031	4.1211623051856865	1.0	1.0	2.0
42460000	1.253656481470859	0.6882538809386672	1.0	1.0	2.0
42470000	1.9994635597508412	0.19310327511689473	1.0	1.0	2.0
42480000	0.37825306125703667	0.036284902120863154	1.0	1.0	2.0
42490000	0.49460223414264404	0.3411568740132002	1.0	1.0	2.0
42500000	2.057599852748136	0.7141811390001803	1.0	1.0	2.0
42510000	1.821059156943702	2.241570967496105	1.0	1.0	2.0
42520000	1.8090119240665032	0.3501238286227628	1.0	1.0	2.0
42530000	0.44424304904933204	0.2760455017793292	1.0	1.0	2.0
42540000	1.713328191824942	0.5612251620386075	1.0	1.0	2.0
42550000	2.050570793911418	0.9101303818304683	1.0	1.0	2.0
42560000	0.5248682988130098	0.6507727362147345	1.0	1.0	2.0
42570000	2.6652196049725143	1.4155282404594614	1.0	1.0	2.0
42580000	2.1517770706480186	1.0531225056153677	1.0	1.0	2.0
42590000	2.980443318277422	0.791191349743506	1.0	1.0	2.0
42600000	0.7117274799625681	0.5546648609230361	1.0	1.0	2.0
42610000	1.901896492253228	0.04894961845328082	1.0	1.0	2.0
42620000	0.6856848623942058	0.14584749789139692	1.0	1.0	2.0
42630000	1.0777964903656096	0.24384983638746308	1.0	1.0	2.0
42640000	1.1012476741380168	2.518532074877875	1.0	1.0	2.0
42650000	0.5825627777179279	0.060941851690035125	1.0	1.0	2.0
42660000	0.6315147048303239	0.8249242441354302	1.0	1.0	2.0
42670000	2.8109108272398453	1.0244534626810209	1.0	1.0	2.0
42680000	1.5992827004560737	0.08280529972301137	1.0	1.0	2.0
42690000	1.2599923217789988	0.38299735157673814	1.0	1.0	2.0
42700000	1.1638691760652222	0.30110008327149923	1.0	1.0	2.0
42710000	0.6610553432352182	0.4158397470901078	1.0	1.0	2.0
42720000	1.0400891006582875	0.8439624268219857	1.0	1.0	2.0
42730000	1.3326756773468045	0.5225303850367857	1.0	1.0	2.0
42740000	0.6083129659102053	0.4516392610549482	1.0	1.0	2.0
42750000	0.33778773185847677	0.11958787024983161	1.0	1.0	2.0
42760000	1.9649759076281306	1.6867916750607332	1.0	1.0	2.0
42770000	0.9876816829017555	0.8582015686879356	1.0	1.0	2.0
42780000	0.8985342550364481	1.4508625786187843	1.0	1.0	2.0
42790000	3.0246127275124515	0.9228651291906701	1.0	1.0	2.0
42800000	0.20397979397962288	0.4774100754495402	1.0	1.0	2.0
42810000	0.14243135736715412	0.37607863736293723	1.0	1.0	2.0
42820000	0.4950035532672528	0.09236589624138576	1.0	1.0	2.0
42830000	1.6838242180058682	0.897179189581047	1.0	1.0	2.0
42840000	0.793633032067337	0.2912608031878325	1.0	1.0	2.0
42850000	0.16101184784206982	0.0013311561518197976	1.0	1.0	2.0
42860000	2.1944301858186344	0.21872172220893502	1.0	1.0	2.0
42870000	1.1426224968519303	0.6036792072171594	1.0	1.0	2.0
42880000	1.9525073662986032	0.06910259238659108	1.0	1.0	2.0
42890000	1.2775041387326085	0.11838817746294247	1.0	1.0	2.0
42900000	1.2838695045455573	0.015232205168275326	1.0	1.0	2.0
42910000	0.6895035397715551	0.4565758119834457	1.0	1.0	2.0
42920000	1.9769837641554466	0.46911936841236734	1.0	1.0	2.0
42930000	0.4364489425668702	0.9500728438905099	1.0	1.0	2.0
42940000	2.662440157077064	0.13470457315169845	1.0	1.0	2.0
42950000	1.2313050023530658	0.5531685834233303	1.0	1.0	2.0
42960000	2.3564226957195142	0.1587705787317492	1.0	1.0	2.0
42970000	0.5775960882338506	1.143600594552081	1.0	1.0	2.0
42980000	1.3799045675705077	0.8964840116338166	1.0	1.0	2.0
42990000	3.1805906992624067	1.302478777770693	1.0	1.0	2.0
43000000	0.309076893799121	0.502304629303469	1.0	1.0	2.0
43010000	0.43007949373833654	1.0278632933428542	1.0	1.0	2.0
43020000	1.0204881911017003	0.32518437692477387	1.0	1.0	2.0
43030000	1.1643857547567236	0.757856137413693	1.0	1.0	2.0
43040000	1.158678537334978	0.48503321017225687	1.0	1.0	2.0
43050000	1.1815957541323463	1.4438798680955551	1.0	1.0	2.0
43060000	1.9552357811776035	1.8362786655889523	1.0	1.0	2.0
43070000	0.23071957617726274	0.5827455321692674	1.0	1.0	2.0
43080000	3.7378883755704213	0.2332511700926771	1.0	1.0	2.0
43090000	0.6844671887310232	0.9180191826911103	1.0	1.0	2.0
43100000	0.2645511508399579	0.1110181728897978	1.0	1.0	2.0
43110000	1.8832055800399257	0.6049925976072863	1.0	1.0	2.0
43120000	0.9700300856581634	1.0854740051474059	1.0	1.0	2.0
43130000	1.0422522548365483	0.9631687475010683	1.0	1.0	2.0
43140000	6.242091206272077	0.05317429660753739	1.0	1.0	2.0
43150000	0.4349386891986763	0.3058066319639784	1.0	1.0	2.0
43160000	0.3974221350604501	0.002479629593813891	1.0	1.0	2.0
43170000	1.3347009116657156	0.35309886445845096	1.0	1.0	2.0
43180000	0.035078916685558584	0.017858028195832484	1.0	1.0	2.0
43190000	0.7504094884897412	0.031372157730761074	1.0	1.0	2.0
43200000	0.25114871657433074	0.3426454821407351	1.0	1.0	2.0
43210000	1.1234623605972953	0.3829262560884734	1.0	1.0	2.0
43220000	1.2016427028339824	0.8625526576940675	1.0	1.0	2.0
43230000	0.29054981528562085	1.8383300472382238	1.0	1.0	2.0
43240000	0.9332638607074166	1.4921095897973549	1.0	1.0	2.0
43250000	0.24981594272606186	0.09727170212344738	1.0	1.0	2.0
43260000	1.438364647677494	0.14619995835924124	1.0	1.0	2.0
43270000	0.6934189549561832	0.8588022454460694	0.0	1.0	1.0
43280000	2.100302624065287	0.7459553476622879	1.0	1.0	2.0
43290000	0.408123643677059	0.6820135621905775	1.0	1.0	2.0
43300000	0.8911451681888444	0.723133986137145	1.0	1.0	2.0
43310000	1.4667709512871334	0.6832768592060776	1.0	1.0	2.0
43320000	1.6168718639119106	1.5031549723706026	1.0	1.0	2.0
43330000	0.6967721037343307	0.07234391548596891	1.0	1.0	2.0
43340000	2.6053037662262626	0.945441767408812	1.0	1.0	2.0
43350000	0.7329603280664672	0.18355208368104073	1.0	1.0	2.0
43360000	2.932932002856511	0.4163859738762675	1.0	1.0	2.0
43370000	0.8468682115212252	0.7275922848264096	1.0	1.0	2.0
43380000	1.3235917868482083	0.00795997528175433	1.0	1.0	2.0
43390000	0.4668702038231831	0.3861316684540602	1.0	1.0	2.0
43400000	2.598546037617444	0.11421502142906835	1.0	1.0	2.0
43410000	0.1927695285647982	0.05456259701172736	1.0	1.0	2.0
43420000	0.10374296604270017	0.07658521892505209	1.0	1.0	2.0
43430000	0.3658376158691946	0.023061373759199998	1.0	1.0	2.0
43440000	0.3754390048962017	0.06368149116813517	1.0	1.0	2.0
43450000	0.2975177676162934	0.03644692793641991	1.0	1.0	2.0
43460000	3.0771634354974617	0.9088520943999445	1.0	1.0	2.0
43470000	1.6880295307477462	0.33140579692087246	1.0	1.0	2.0
43480000	0.22880938982080137	0.12260354389381979	1.0	1.0	2.0
43490000	0.47998232279101255	0.216408391086723	1.0	1.0	2.0
43500000	4.499140238664027	1.6655281633461612	1.0	1.0	2.0
43510000	0.8882721270985838	0.21536567296692338	1.0	1.0	2.0
43520000	1.8387234705158406	0.45532588580642697	1.0	1.0	2.0
43530000	0.4875987272550178	0.7738144035548359	1.0	1.0	2.0
43540000	2.219173480768055	1.9228068098077324	1.0	1.0	2.0
43550000	0.41554400393206864	0.0919474394295497	1.0	1.0	2.0
43560000	2.076154120737617	1.5797086633261181	1.0	1.0	2.0
43570000	0.43330914699206435	1.295396835884841	1.0	1.0	2.0
43580000	1.2956878282981412	0.33090818308934744	1.0	1.0	2.0
43590000	1.3051078513233856	1.2015798179484558	1.0	1.0	2.0
43600000	1.1498480310822696	1.9372543766565233	1.0	1.0	2.0
43610000	0.6447633024593651	0.889655607932684	1.0	1.0	2.0
43620000	0.18128607999488333	0.06194437114804918	1.0	1.0	2.0
43630000	0.42473984331597214	1.7273203100691719	1.0	1.0	2.0
43640000	1.5019131898047462	2.378438163376385	1.0	1.0	2.0
43650000	1.781589432769004	0.8839674366966577	1.0	1.0	2.0
43660000	1.6660679028737506	1.2788315601931335	1.0	1.0	2.0
43670000	1.2191312316974434	0.14035318313444875	1.0	1.0	2.0
43680000	0.8180367922810601	0.23481649041744748	1.0	1.0	2.0
43690000	0.6758138346474705	0.202402806088947	1.0	1.0	2.0
43700000	0.47234531736093194	0.35617253181822867	1.0	1.0	2.0
43710000	0.691195505927532	2.096637239564075	1.0	1.0	2.0
43720000	1.5700599068563712	0.9997050203008665	1.0	1.0	2.0
43730000	1.1186370453048353	0.3166264762210973	1.0	1.0	2.0
43740000	0.28325507245703496	0.041375134293589536	1.0	1.0	2.0
43750000	0.9126057900494409	0.29778802971765556	1.0	1.0	2.0
43760000	0.25736938559195915	0.013480522452688486	1.0	1.0	2.0
43770000	0.1313604512626381	0.037003417454821316	1.0	1.0	2.0
43780000	1.2914014282747126	1.1583012188026214	1.0	1.0	2.0
43790000	1.9924758729875152	2.181967211109984	1.0	1.0	2.0
43800000	0.46204169058967176	0.30898543062670125	1.0	1.0	2.0
43810000	1.691954900622126	0.16856783158436225	1.0	1.0	2.0
43820000	0.9668734479252502	0.6093843103740236	1.0	1.0	2.0
43830000	0.3418530727371296	0.40520675940493317	1.0	1.0	2.0
43840000	0.8366639811683132	0.44999792537424305	1.0	1.0	2.0
43850000	1.4294420935399959	0.4422774872348591	1.0	1.0	2.0
43860000	1.7240321315530773	2.8551062377367553	1.0	1.0	2.0
43870000	1.3077823461451263	0.7114119942684836	1.0	1.0	2.0
43880000	1.6537091898821847	1.4828667904400163	1.0	1.0	2.0
43890000	0.22293614528882655	0.30086392847852206	1.0	1.0	2.0
43900000	1.0252969692017024	0.5311529106974203	1.0	1.0	2.0
43910000	2.627920358917611	0.2830496768337376	1.0	1.0	2.0
43920000	0.7325853407743148	0.008691518811367838	1.0	1.0	2.0
43930000	0.2750311030158404	0.2770523290857646	1.0	1.0	2.0
43940000	2.027750704682012	0.5717937536596072	1.0	1.0	2.0
43950000	3.857596803288637	1.5661018860265752	1.0	1.0	2.0
43960000	1.083254678380034	0.6518215075632561	1.0	1.0	2.0
43970000	1.6642056567602215	0.12327537612634776	1.0	1.0	2.0
43980000	0.4985832724263951	0.16738340264128693	1.0	1.0	2.0
43990000	0.8549528559541415	0.1317332445198849	1.0	1.0	2.0
44000000	0.31042736560961726	0.8087607060290919	1.0	1.0	2.0
44010000	1.5962941088402556	1.392566744959302	1.0	1.0	2.0
44020000	1.2378414549954901	0.04972694843355893	1.0	1.0	2.0
44030000	0.6752170295544668	0.8558110914154903	1.0	1.0	2.0
44040000	2.361375345211109	0.9111764671664443	1.0	1.0	2.0
44050000	0.7834725015912556	0.054640856503602925	1.0	1.0	2.0
44060000	0.15269403828637795	0.41562178654210596	1.0	1.0	2.0
44070000	1.8697392031927387	0.40834374245243465	1.0	1.0	2.0
44080000	0.11660473712217984	0.1326552839162285	1.0	1.0	2.0
44090000	3.29670926580171	0.44593754117075474	1.0	1.0	2.0
44100000	0.22479144379717406	0.0959174067510385	1.0	1.0	2.0
44110000	2.1400119664021036	0.02821018322199087	1.0	1.0	2.0
44120000	0.9323311182785974	0.3153984789931118	1.0	1.0	2.0
44130000	2.66378750903316	0.06777329289478784	1.0	1.0	2.0
44140000	0.6510563729932474	1.4125051050409032	1.0	1.0	2.0
44150000	1.6824571557790111	0.9626087295825304	1.0	1.0	2.0
44160000	1.2303537570032737	0.44636949543724924	1.0	1.0	2.0
44170000	2.117137682913036	0.5566393881086733	1.0	1.0	2.0
44180000	0.5660011378591616	0.24783763063126246	1.0	1.0	2.0
44190000	0.1351451564464995	0.017904304503394634	1.0	1.0	2.0
44200000	0.5207010392902606	0.017209773605052707	1.0	1.0	2.0
44210000	0.7234183039132281	0.2466220282849334	1.0	1.0	2.0
44220000	3.6994058156058998	0.87352421389645	1.0	1.0	2.0
44230000	0.3540924440809353	0.14089018374884707	1.0	1.0	2.0
44240000	0.708328901728917	0.32089830843047246	1.0	1.0	2.0
44250000	2.498587056599177	2.1480165447346944	1.0	1.0	2.0
44260000	0.42259441933876063	0.6827503134405403	1.0	1.0	2.0
44270000	0.7096153161137022	0.06670440367486351	1.0	1.0	2.0
44280000	0.563481244272559	0.43448337012727767	1.0	1.0	2.0
44290000	1.5629240245089435	1.086442809850585	1.0	1.0	2.0
44300000	1.3700809517223447	3.247950738457804	1.0	1.0	2.0
44310000	0.5853550618705704	0.83818479522492	1.0	1.0	2.0
44320000	1.3401408622542408	0.7107605689739555	1.0	1.0	2.0
44330000	1.3349409770098215	0.7040374563453098	1.0	1.0	2.0
44340000	1.8671965536235837	0.38118293872740433	1.0	1.0	2.0
44350000	1.0528763033678246	1.1957009445371583	1.0	1.0	2.0
44360000	0.3803715401195547	0.7027506714204317	1.0	1.0	2.0
44370000	0.1535971549802628	0.1775978828288446	1.0	1.0	2.0
44380000	0.8198777871301178	0.3471198569991279	1.0	1.0	2.0
44390000	2.315047789148497	0.15771852446223877	1.0	1.0	2.0
44400000	3.3823984283722024	0.2119440880873675	1.0	1.0	2.0
44410000	0.36942384086251184	0.0059064556836004	1.0	1.0	2.0
44420000	0.8371680769226924	1.1688762807222792	1.0	1.0	2.0
44430000	4.389117562711852	0.15654445692148902	1.0	1.0	2.0
44440000	0.5323963461534269	0.11716785189408349	1.0	1.0	2.0
44450000	1.4901478691216068	4.221075191509904	1.0	1.0	2.0
44460000	0.9839059245932306	0.35351747970067965	1.0	1.0	2.0
44470000	0.2782734057951728	0.3108758155228595	1.0	1.0	2.0
44480000	0.10436710579663179	0.038558245054913676	1.0	1.0	2.0
44490000	0.5939826553960164	0.25239775764427014	1.0	1.0	2.0
44500000	0.5004185738576	0.3420774894106373	1.0	1.0	2.0
44510000	1.3346252243470744	1.2461757521357297	1.0	1.0	2.0
44520000	0.35059915888956866	0.02568941554858316	1.0	1.0	2.0
44530000	1.6110270316845807	1.9620306940129	1.0	1.0	2.0
44540000	1.052266269868693	1.0408567015051275	1.0	1.0	2.0
44550000	0.5210596501925545	0.0040949227723155734	1.0	1.0	2.0
44560000	0.32939364156876405	0.013090205208528409	1.0	1.0	2.0
44570000	1.2718478088018832	0.2715562010226354	1.0	1.0	2.0
44580000	2.5480532412535597	0.3803722787775086	1.0	1.0	2.0
44590000	0.386768557085867	0.01806702340312057	1.0	1.0	2.0
44600000	2.650689122361224	0.28472725692715717	1.0	1.0	2.0
44610000	0.4400580055489265	1.5325666755965504	1.0	1.0	2.0
44620000	2.240888773286652	0.6614679094211886	1.0	1.0	2.0
44630000	1.9335071442085119	0.43031658616310603	1.0	1.0	2.0
44640000	1.397284716684097	3.2913140664343192	1.0	1.0	2.0
44650000	1.5364028788775161	0.43696006100879203	1.0	1.0	2.0
44660000	1.926266173927648	2.102719578973859	1.0	1.0	2.0
44670000	0.3047644729304165	0.7760259507370764	1.0	1.0	2.0
44680000	1.6404291978387824	0.8095465023113662	1.0	1.0	2.0
44690000	0.42627743827721537	0.6707957870676651	1.0	1.0	2.0
44700000	2.701980672830854	0.5970249051372434	1.0	1.0	2.0
44710000	0.17915456924413034	0.07965440788369203	1.0	1.0	2.0
44720000	0.8286218006666108	1.199882636613882	1.0	1.0	2.0
44730000	1.31741840123101	0.21475862724094108	1.0	1.0	2.0
44740000	1.4568998092854424	0.5984400805622214	1.0	1.0	2.0
44750000	1.3262248267859604	0.044290015108952155	1.0	1.0	2.0
44760000	1.542115446112434	0.5441589212047935	1.0	1.0	2.0
44770000	0.40160330231738034	0.597888056850542	1.0	1.0	2.0
44780000	0.6233944545962102	1.9765278693844077	1.0	1.0	2.0
44790000	0.0689783711453307	0.11942154350136532	1.0	1.0	2.0
44800000	0.03644295530202901	0.005728068862400689	1.0	1.0	2.0
44810000	0.7624607053876504	3.1270724479948595	1.0	1.0	2.0
44820000	0.41390065648839486	0.5324308473673618	1.0	1.0	2.0
44830000	3.121945682505869	1.9522031118658525	1.0	1.0	2.0
44840000	1.1939985625675673	2.053972454823054	1.0	1.0	2.0
44850000	2.9197190220243168	0.17434817349089018	1.0	1.0	2.0
44860000	1.1320324924949645	0.33969285415887757	1.0	1.0	2.0
44870000	1.9147752794474104	0.9510116843756827	1.0	1.0	2.0
44880000	0.6811876238696383	1.2314033717319846	1.0	1.0	2.0
44890000	0.3825263385147849	0.5048252058759322	1.0	1.0	2.0
44900000	0.46130830802480766	0.10739566329327349	1.0	1.0	2.0
44910000	1.1030063193199464	0.3510742816765194	1.0	1.0	2.0
44920000	1.1747719832481884	0.06274050990027791	1.0	1.0	2.0
44930000	0.7368030832907724	0.04998975378382995	0.0	1.0	1.0
44940000	0.4033066562551652	0.002969067981790991	1.0	1.0	2.0
44950000	0.72820716476526	0.01523639124447599	1.0	1.0	2.0
44960000	3.2791599797610624	0.18235078510749275	1.0	1.0	2.0
44970000	4.000770250055721	0.022416647425132195	1.0	1.0	2.0
44980000	0.08145537163359887	0.22716584364822495	1.0	1.0	2.0
44990000	1.5346333520403366	0.23780358303743412	1.0	1.0	2.0
45000000	1.6810615102344477	0.8349686679253338	1.0	1.0	2.0
45010000	0.6741138873218676	0.21437025991552042	1.0	1.0	2.0
45020000	3.327812483874784	2.8454406710166333	1.0	1.0	2.0
45030000	1.431479008747513	0.5277480845150897	1.0	1.0	2.0
45040000	1.0411155688312128	0.04143834372427586	1.0	1.0	2.0
45050000	1.7516724479977939	1.1634888160581074	1.0	1.0	2.0
45060000	0.216660292672619	0.18579052448474342	1.0	1.0	2.0
45070000	1.1130365302320828	0.8774281651813992	1.0	1.0	2.0
45080000	2.889723133226811	0.22906903231685194	1.0	1.0	2.0
45090000	1.5701531713990406	0.3981596879089233	1.0	1.0	2.0
45100000	2.972154150923884	0.615619964365353	1.0	1.0	2.0
45110000	1.938615919248114	0.07026240279592898	1.0	1.0	2.0
45120000	0.8482987849094232	0.8406816398241955	1.0	1.0	2.0
45130000	1.482178443774098	0.13872355643556436	1.0	1.0	2.0
45140000	0.5272007842355836	0.03172545198758554	1.0	1.0	2.0
45150000	4.465204053211932	3.0727969485707236	1.0	1.0	2.0
45160000	0.5104149877299302	0.34366612481801634	1.0	1.0	2.0
45170000	1.211147263524322	0.1201125010973561	1.0	1.0	2.0
45180000	1.6210004349582399	0.2538648006766654	1.0	1.0	2.0
45190000	0.33263137837170975	0.1932735774661995	1.0	1.0	2.0
45200000	4.592471375515561	0.08216112327720887	1.0	1.0	2.0
45210000	0.15324165428548256	0.18477554703416868	1.0	1.0	2.0
45220000	1.336523444556403	0.2422000770226195	1.0	1.0	2.0
45230000	0.11532697937967602	0.0600325696740264	1.0	1.0	2.0
45240000	1.1144088870587112	0.20854177329943063	1.0	1.0	2.0
45250000	1.2487236664946442	0.8506533633575669	1.0	1.0	2.0
45260000	0.5334956588705028	0.2033028657577966	1.0	1.0	2.0
45270000	4.017521980126183	0.5997790783072258	1.0	1.0	2.0
45280000	0.3909500845305249	0.13606061955769472	1.0	1.0	2.0
45290000	1.3008901543194649	0.6700302516465279	1.0	1.0	2.0
45300000	0.11456297444268312	0.02260986638310886	1.0	1.0	2.0
45310000	1.3567868473894784	2.1678060094842544	1.0	1.0	2.0
45320000	0.33614318894377465	1.5013619424123632	1.0	1.0	2.0
45330000	1.9667764331023518	0.983197594741427	1.0	1.0	2.0
45340000	0.7708451837833531	0.03443907247505308	1.0	1.0	2.0
45350000	8.05208599987596	0.37138152619249826	1.0	1.0	2.0
45360000	0.2357557229128218	0.5586512658230162	1.0	1.0	2.0
45370000	0.2923889447652958	0.269206439100005	1.0	1.0	2.0
45380000	2.0398410020149185	0.040603762793768594	1.0	1.0	2.0
45390000	2.2911133861531563	1.0592479559014254	1.0	1.0	2.0
45400000	0.20907506903112458	0.5907749449117942	1.0	1.0	2.0
45410000	0.21167069706232713	0.040967729662899244	1.0	1.0	2.0
45420000	0.5589793931766688	0.08059195845913725	1.0	1.0	2.0
45430000	1.186681345453592	0.254740071845016	1.0	1.0	2.0
45440000	2.1964829410046116	1.2427388919835536	1.0	1.0	2.0
45450000	1.3662236773411245	0.1096775853463339	1.0	1.0	2.0
45460000	1.2012106154123192	0.8124452802776112	1.0	1.0	2.0
45470000	0.20650412799309986	0.5572786782517946	1.0	1.0	2.0
45480000	0.861504127154313	0.33707982073823717	1.0	1.0	2.0
45490000	5.53214381453306	0.8756832037249562	1.0	1.0	2.0
45500000	0.2856143977813386	0.1472394579515343	1.0	1.0	2.0
45510000	0.16709120750670903	0.05958094227394186	1.0	1.0	2.0
45520000	0.639873789100446	1.6387427969543333	1.0	1.0	2.0
45530000	0.38528043192229977	1.4878304232549295	1.0	1.0	2.0
45540000	1.7107335724501749	0.4100995800922038	1.0	1.0	2.0
45550000	2.092651977555577	0.08651580474530553	1.0	1.0	2.0
45560000	1.4570671858924762	0.36423194753085	1.0	1.0	2.0
45570000	0.4797447428700116	0.06700753109851784	1.0	1.0	2.0
45580000	2.5050775746981877	0.6423313325523872	1.0	1.0	2.0
45590000	0.899335155934053	0.4538555356999866	1.0	1.0	2.0
45600000	2.2875196885495526	0.1963342654733044	1.0	1.0	2.0
45610000	0.8396767618743123	0.29962111877718567	1.0	1.0	2.0
45620000	1.6453982944646168	0.2605934462554339	1.0	1.0	2.0
45630000	0.5371119709344585	1.1655234358907547	1.0	1.0	2.0
45640000	1.8867936994387675	0.20687554834847788	1.0	1.0	2.0
45650000	1.4216051201021804	0.5893573466401228	1.0	1.0	2.0
45660000	0.39919479932635515	1.0695060302666342	1.0	1.0	2.0
45670000	1.6063610706637765	1.657779596891867	1.0	1.0	2.0
45680000	1.3972181358274993	0.4379151225678561	1.0	1.0	2.0
45690000	1.48952546374918	0.30269527044013556	1.0	1.0	2.0
45700000	1.2081836536081625	0.40328530419185543	1.0	1.0	2.0
45710000	1.162939237980064	0.13371930769102688	1.0	1.0	2.0
45720000	0.8257406685447098	1.4540911183241396	1.0	1.0	2.0
45730000	3.212610221064835	0.26863472881099343	1.0	1.0	2.0
45740000	3.733070165208189	0.5804493036382575	1.0	1.0	2.0
45750000	0.9968828503569499	1.9361680638341514	1.0	1.0	2.0
45760000	1.6104951241944652	0.45798573527123226	1.0	1.0	2.0
45770000	1.808795333800014	0.5660082458907411	1.0	1.0	2.0
45780000	0.20874742039169097	0.1307849077896387	1.0	1.0	2.0
45790000	1.1916069796020994	1.4396787312456	1.0	1.0	2.0
45800000	0.3965936309413938	0.5984004366028315	1.0	1.0	2.0
45810000	1.7051488541973323	0.5672266025289558	1.0	1.0	2.0
45820000	2.729483747069374	0.8837296317387304	1.0	1.0	2.0
45830000	1.5764328450773548	0.006581774308649125	1.0	1.0	2.0
45840000	0.07726052084973889	0.2633356138197854	1.0	1.0	2.0
45850000	0.8601089998551869	1.2352145077573973	1.0	1.0	2.0
45860000	2.9548390404422022	2.8558180143751337	1.0	1.0	2.0
45870000	2.061005944072724	0.2479086128795483	1.0	1.0	2.0
45880000	1.475335227002518	1.6102911286025665	1.0	1.0	2.0
45890000	1.120509774242228	0.046775052548139205	1.0	1.0	2.0
45900000	0.34179169694505074	0.6545221799947417	1.0	1.0	2.0
45910000	2.8888698217636386	0.4389461582903546	1.0	1.0	2.0
45920000	0.8157753942107866	0.4297750123005623	1.0	1.0	2.0
45930000	0.35657237520017404	0.4927208530773533	1.0	1.0	2.0
45940000	0.8248400159002133	0.05825009344657004	1.0	1.0	2.0
45950000	3.1635249682708975	0.7161126310739311	1.0	1.0	2.0
45960000	1.2531069436228461	1.0374640208807189	1.0	1.0	2.0
45970000	1.1360778068606603	1.6914271334019397	1.0	1.0	2.0
45980000	2.538820809774991	1.6082639954405467	1.0	1.0	2.0
45990000	0.47598240912916523	0.48940649997883806	1.0	1.0	2.0
46000000	0.4150005735302451	0.2759624780936398	1.0	1.0	2.0
46010000	0.731651349515371	0.69484789295756	1.0	1.0	2.0
46020000	0.6873915938917762	0.3672988871286213	1.0	1.0	2.0
46030000	1.7678173112459763	0.18989995776707003	1.0	1.0	2.0
46040000	0.5211998315916097	1.074427206501351	1.0	1.0	2.0
46050000	0.9694763276634604	0.41651525193474487	1.0	1.0	2.0
46060000	0.20134564245861236	0.0803042821194188	1.0	1.0	2.0
46070000	1.3685915238110868	0.029534539615311103	1.0	1.0	2.0
46080000	0.5582886117754563	0.36567533098289856	1.0	1.0	2.0
46090000	4.834397747054966	0.1216936156337619	1.0	1.0	2.0
46100000	1.5747666686647759	0.7046540609854077	1.0	1.0	2.0
46110000	0.9300655729123319	0.17568046066956117	1.0	1.0	2.0
46120000	0.4440236326948535	1.3116327111424813	1.0	1.0	2.0
46130000	0.1395883525613073	0.07619640506013517	1.0	1.0	2.0
46140000	2.5753287939464147	0.6626133099932264	1.0	1.0	2.0
46150000	0.3868581704580895	0.4489126361714756	1.0	1.0	2.0
46160000	0.8631642662904007	0.5607600940884276	1.0	1.0	2.0
46170000	0.5983354375603028	0.16054036038936828	1.0	1.0	2.0
46180000	0.8096383624791077	2.4123612167230877	1.0	1.0	2.0
46190000	1.249829395348448	0.21323533418746335	1.0	1.0	2.0
46200000	0.9991095384284591	0.2326327581485204	1.0	1.0	2.0
46210000	1.3768475669043068	0.165661327646691	1.0	1.0	2.0
46220000	2.003050535721786	0.26742543837179683	1.0	1.0	2.0
46230000	0.14548062208832185	0.10155841746618759	1.0	1.0	2.0
46240000	0.44920141731126484	7.874081919334856E-4	1.0	1.0	2.0
46250000	0.23614040990931953	0.04444277437115258	1.0	1.0	2.0
46260000	2.3956718123970644	0.020693339725251985	1.0	1.0	2.0
46270000	0.6525447034000283	0.21882216526117437	1.0	1.0	2.0
46280000	2.233607682293702	1.9095173477472422	1.0	1.0	2.0
46290000	1.1648874090237018	0.2319992076917786	1.0	1.0	2.0
46300000	0.5285658228630769	0.515032090626937	1.0	1.0	2.0
46310000	1.5068801990861738	1.4193385887921242	1.0	1.0	2.0
46320000	0.8082756661077327	0.12030082821429483	1.0	1.0	2.0
46330000	1.0980464212673193	0.8001600058825918	1.0	1.0	2.0
46340000	1.2967779385756126	0.015876831837225127	1.0	1.0	2.0
46350000	1.2236776226799526	0.4540448599265114	1.0	1.0	2.0
46360000	0.6674728544247273	0.5445664180982719	1.0	1.0	2.0
46370000	0.17161259985492888	0.14588666175620005	1.0	1.0	2.0
46380000	0.07228503841863468	0.05389681687836954	1.0	1.0	2.0
46390000	0.14350252247827988	1.794142673400772	1.0	1.0	2.0
46400000	1.5368142557509858	0.6699325955494699	1.0	1.0	2.0
46410000	2.031935593200951	0.7219955431381128	1.0	1.0	2.0
46420000	1.0175013065157932	0.4173761546528513	1.0	1.0	2.0
46430000	0.3730196499121789	0.17153756514761398	1.0	1.0	2.0
46440000	0.28269568590833977	0.3913117649554061	1.0	1.0	2.0
46450000	4.459827178458391	0.9815146314558113	1.0	1.0	2.0
46460000	0.5373211487507169	0.49137108736424656	1.0	1.0	2.0
46470000	2.9065935228826087	0.9645720245914287	0.0	1.0	1.0
46480000	1.0025994188012062	0.9714835864773298	1.0	1.0	2.0
46490000	1.6461848967574961	0.5411841858039022	1.0	1.0	2.0
46500000	1.3572395745350248	1.0264993414986612	1.0	1.0	2.0
46510000	0.5731482473276142	0.0843833635471688	1.0	1.0	2.0
46520000	0.9527458148996277	0.5558342422331931	1.0	1.0	2.0
46530000	0.3660417610714645	0.06542412264933838	1.0	1.0	2.0
46540000	1.2512207767834078	0.9706849340536541	1.0	1.0	2.0
46550000	0.2114259107034265	0.020634677970987766	1.0	1.0	2.0
46560000	1.8478076473008143	0.6814386169236897	1.0	1.0	2.0
46570000	3.3978102426807806	0.04087651481514163	1.0	1.0	2.0
46580000	0.22106130548787378	0.37710501801000534	1.0	1.0	2.0
46590000	4.708246200714548	1.527293897886497	1.0	1.0	2.0
46600000	1.4076837194512897	0.7822910781766057	1.0	1.0	2.0
46610000	1.5963265016154664	0.16986796957008285	1.0	1.0	2.0
46620000	1.316989647601766	0.20605148079391483	1.0	1.0	2.0
46630000	1.378286872123734	0.24674966954450328	1.0	1.0	2.0
46640000	0.3953793355798841	0.6683900724815363	1.0	1.0	2.0
46650000	0.5540140610757242	0.18029942460824389	1.0	1.0	2.0
46660000	2.658680028972262	1.4446333207774495	1.0	1.0	2.0
46670000	0.9763179644634992	0.4600487824962917	1.0	1.0	2.0
46680000	0.9826767720355165	0.3236282899639624	1.0	1.0	2.0
46690000	0.8550187268381405	0.003231326030217692	1.0	1.0	2.0
46700000	1.4941265476328947	0.38172224295883717	1.0	1.0	2.0
46710000	0.07266142023055776	8.983897808431426E-4	1.0	1.0	2.0
46720000	0.8127974603574133	1.165915340672416	1.0	1.0	2.0
46730000	0.6712614390420931	0.3047421407226546	1.0	1.0	2.0
46740000	0.7511223527141015	0.396080165507639	1.0	1.0	2.0
46750000	0.703618211837574	0.0856771669245707	1.0	1.0	2.0
46760000	0.39388522795047165	0.22674614956709988	1.0	1.0	2.0
46770000	0.12109244432013053	0.0535763325896423	1.0	1.0	2.0
46780000	0.18606403867641194	0.19345330625070045	1.0	1.0	2.0
46790000	3.2072709236103694	0.889388162724501	1.0	1.0	2.0
46800000	1.7544629125881432	0.7807620001239906	1.0	1.0	2.0
46810000	0.42165880074942513	0.05488965389919251	1.0	1.0	2.0
46820000	0.8694521160954181	1.6535879334701868	1.0	1.0	2.0
46830000	1.5239833737155173	0.6315454200728955	1.0	1.0	2.0
46840000	0.35864322627728906	0.0345056729545779	1.0	1.0	2.0
46850000	1.1709694751847048	0.4073720033308898	1.0	1.0	2.0
46860000	1.1281761762613365	0.22378322833321512	1.0	1.0	2.0
46870000	1.896240769706704	0.11405252774842982	1.0	1.0	2.0
46880000	0.788409427760587	1.3145412303778419	1.0	1.0	2.0
46890000	1.1762171699823745	0.5868628560913212	1.0	1.0	2.0
46900000	0.6554079275062387	0.4468435351764183	1.0	1.0	2.0
46910000	1.081278791551626	0.5772410887455574	1.0	1.0	2.0
46920000	1.834488808325999	0.3893246091408174	1.0	1.0	2.0
46930000	0.6152293139751401	0.49891556317516716	1.0	1.0	2.0
46940000	2.033964527158075	0.49248153019028007	1.0	1.0	2.0
46950000	0.23929737233111664	0.0032381459348382246	1.0	1.0	2.0
46960000	5.010196104858163	1.8870489361391996	1.0	1.0	2.0
46970000	1.171030497979119	0.12989811029981851	1.0	1.0	2.0
46980000	1.3339032651863103	0.1625607637492302	1.0	1.0	2.0
46990000	2.1572897794808386	0.10450306752335475	1.0	1.0	2.0
47000000	0.2874683582483285	0.029091852114003617	1.0	1.0	2.0
47010000	0.6404088630263204	2.3713344639906366	1.0	1.0	2.0
47020000	0.9674660002527972	0.2312596325031113	1.0	1.0	2.0
47030000	0.9707914457914055	0.18584655614561674	1.0	1.0	2.0
47040000	2.1304113827877544	0.4154447899066339	1.0	1.0	2.0
47050000	1.4943499818667443	0.8301477371561263	1.0	1.0	2.0
47060000	2.1518823145092933	0.2783319530500274	1.0	1.0	2.0
47070000	0.31151679630192664	0.12833928846170573	1.0	1.0	2.0
47080000	1.6954302957587346	1.1179742241557658	1.0	1.0	2.0
47090000	1.24116417169575	0.2464735202830445	1.0	1.0	2.0
47100000	1.8543042267561072	0.06698933526290987	1.0	1.0	2.0
47110000	0.5148261512763753	0.14023618621228268	1.0	1.0	2.0
47120000	3.352916671218412	0.26406101465090803	1.0	1.0	2.0
47130000	0.6364055790271073	0.05163163557623529	1.0	1.0	2.0
47140000	0.34344996401070765	0.26434531193080213	1.0	1.0	2.0
47150000	2.733624246864327	0.933166962808651	1.0	1.0	2.0
47160000	1.8603637227012688	1.45840305089596	1.0	1.0	2.0
47170000	0.7536835305281745	0.0913083737800574	1.0	1.0	2.0
47180000	0.9449179608341588	0.009013711304342935	1.0	1.0	2.0
47190000	0.910175133384959	0.20838333160891692	1.0	1.0	2.0
47200000	0.810128931787155	2.311311183139848	1.0	1.0	2.0
47210000	0.6402365564110513	0.23286880129719179	1.0	1.0	2.0
47220000	0.5071344538176448	0.9848228143367062	1.0	1.0	2.0
47230000	0.30116757797650606	0.26304303527077655	1.0	1.0	2.0
47240000	1.855113187646221	0.7219986218667851	1.0	1.0	2.0
47250000	0.46569556490018926	0.03741416461001688	1.0	1.0	2.0
47260000	0.28193382364460295	0.12421123822437874	1.0	1.0	2.0
47270000	0.5356281369807098	0.21088766634407194	1.0	1.0	2.0
47280000	1.2678998305722156	0.31987829240461596	1.0	1.0	2.0
47290000	1.2689862217097692	0.1585931381323619	1.0	1.0	2.0
47300000	3.353279687314004	1.630290267863867	1.0	1.0	2.0
47310000	2.682828685997251	0.898632944662273	1.0	1.0	2.0
47320000	0.9111055685765632	1.0637711800257492	1.0	1.0	2.0
47330000	0.7245481320679192	0.5209280437718133	1.0	1.0	2.0
47340000	0.11020866452904575	0.06491691706989577	1.0	1.0	2.0
47350000	2.7707961027409316	0.2374508963939034	1.0	1.0	2.0
47360000	2.092420062292241	0.7309687586467765	1.0	1.0	2.0
47370000	1.349136206202218	1.2589935596990998	1.0	1.0	2.0
47380000	1.2710666865223383	0.22015047411702526	1.0	1.0	2.0
47390000	1.6313584392717584	0.6942558563224654	1.0	1.0	2.0
47400000	1.8872696634494484	1.170896907257634	1.0	1.0	2.0
47410000	0.9470775960169938	0.045250073442542824	1.0	1.0	2.0
47420000	0.9395153620377045	1.7400318061552689	1.0	1.0	2.0
47430000	1.5157623141881233	0.6485896437724011	1.0	1.0	2.0
47440000	0.7787249698956924	0.3915367233755844	1.0	1.0	2.0
47450000	1.2188705181054977	1.0515926901876367	1.0	1.0	2.0
47460000	1.4713403942008632	0.859211329869829	1.0	1.0	2.0
47470000	1.8154719826889891	0.09176490020406443	1.0	1.0	2.0
47480000	0.6796894460311443	0.1028108554555421	1.0	1.0	2.0
47490000	0.26783651116005613	0.09471639493169692	1.0	1.0	2.0
47500000	4.065270075845864	3.4792344644391697	1.0	1.0	2.0
47510000	0.8852969880748309	0.49904610893087037	1.0	1.0	2.0
47520000	0.17213455025331503	0.0032651101227486445	1.0	1.0	2.0
47530000	0.33654367465676716	0.8570251868231912	1.0	1.0	2.0
47540000	2.1060815883095416	0.6524584266269671	1.0	1.0	2.0
47550000	0.7137672788413928	0.17926235803843837	1.0	1.0	2.0
47560000	0.09371526902159892	0.055117845046229304	1.0	1.0	2.0
47570000	0.3531103627632246	0.07005255473970996	1.0	1.0	2.0
47580000	2.0678432816141936	1.0340976912814068	1.0	1.0	2.0
47590000	0.27579715827506013	0.14132578400545517	1.0	1.0	2.0
47600000	2.4367117227470927	0.09732197891077303	1.0	1.0	2.0
47610000	1.4221007876486056	0.372410927433544	1.0	1.0	2.0
47620000	0.3391534350247163	0.44684620114747414	1.0	1.0	2.0
47630000	1.163490300951981	0.3447206204296616	1.0	1.0	2.0
47640000	0.7704633347374252	0.1690558407519462	1.0	1.0	2.0
47650000	2.0358743103189734	0.06805341138550605	1.0	1.0	2.0
47660000	1.3785939123363968	0.8179103063138535	1.0	1.0	2.0
47670000	1.3913785388852056	0.3601109525214678	1.0	1.0	2.0
47680000	3.1634008930295345	1.7450312388200435	1.0	1.0	2.0
47690000	4.665755197164414	0.017562366458870222	1.0	1.0	2.0
47700000	1.1472911876376586	0.9679009128534545	1.0	1.0	2.0
47710000	1.685057133097448	0.417299102857827	1.0	1.0	2.0
47720000	0.7538270735259303	0.9690712303996069	1.0	1.0	2.0
47730000	2.4393736433181448	0.49006114692250224	1.0	1.0	2.0
47740000	5.909912269314975	0.34367204714933264	1.0	1.0	2.0
47750000	2.861431989168788	0.23815922814308718	1.0	1.0	2.0
47760000	0.4772533522815246	0.6643249656110347	1.0	1.0	2.0
47770000	0.366103167927793	1.183704348669258	1.0	1.0	2.0
47780000	1.4899668823294139	0.6463260992229604	1.0	1.0	2.0
47790000	2.7704019765665335	1.8157425368550157	1.0	1.0	2.0
47800000	0.5236565578310117	0.6639115413989571	1.0	1.0	2.0
47810000	1.2076641881252588	0.09559512823615722	1.0	1.0	2.0
47820000	0.6552376854628528	0.3927520041931129	1.0	1.0	2.0
47830000	0.818664367193598	1.0693296602971971	1.0	1.0	2.0
47840000	0.23731419570191706	1.1923143983885465	1.0	1.0	2.0
47850000	2.5502036352396207	1.0873243549172489	1.0	1.0	2.0
47860000	0.3911303505878259	0.09354023171137144	1.0	1.0	2.0
47870000	0.9755646124751124	0.016122152089853004	1.0	1.0	2.0
47880000	0.08094785569843059	0.02543127103791004	1.0	1.0	2.0
47890000	1.3557657054337346	0.46614919880142236	1.0	1.0	2.0
47900000	2.3516556760463394	0.15238305800042648	1.0	1.0	2.0
47910000	1.8933819736039577	0.563558401220606	1.0	1.0	2.0
47920000	0.3368166400027639	1.0272839351932037	1.0	1.0	2.0
47930000	0.5388049352196858	0.9545043011576827	1.0	1.0	2.0
47940000	0.7673731146728127	0.3182257427035573	1.0	1.0	2.0
47950000	1.8405103122665654	0.2724318133295052	1.0	1.0	2.0
47960000	1.7325269068416285	0.20400385110434147	1.0	1.0	2.0
47970000	1.0675223577158635	0.6337718132035838	1.0	1.0	2.0
47980000	1.3952277685138648	0.362331179675421	1.0	1.0	2.0
47990000	0.45645634710865984	0.43558482042258034	1.0	1.0	2.0
48000000	3.1099893159447523	0.5673850311101932	1.0	1.0	2.0
48010000	0.9913004807796627	1.4076864570603254	1.0	1.0	2.0
48020000	1.3729219284079828	0.05311280201214959	1.0	1.0	2.0
48030000	0.8240291526808696	1.3490554693456591	1.0	1.0	2.0
48040000	2.9693508480425175	0.2067135882790879	1.0	1.0	2.0
48050000	0.6902136588889327	0.7257890604935159	1.0	1.0	2.0
48060000	0.7910765905884265	1.1326399116350117	1.0	1.0	2.0
48070000	1.3111865886562502	1.73352779003283	1.0	1.0	2.0
48080000	0.48620780361958565	0.3449486037817356	1.0	1.0	2.0
48090000	2.6712435452288714	0.15865747112399292	1.0	1.0	2.0
48100000	1.0513764817887779	1.5008109953202127	1.0	1.0	2.0
48110000	0.4697720351158925	0.08520774349529157	1.0	1.0	2.0
48120000	0.46512551861419105	0.3962832924214016	1.0	1.0	2.0
48130000	1.5469651122388417	0.37315478320192236	1.0	1.0	2.0
48140000	1.8360127948716434	1.0241824594702804	1.0	1.0	2.0
48150000	0.8425459996446087	0.9868911893998922	1.0	1.0	2.0
48160000	1.7153820536474516	0.8171292701235497	1.0	1.0	2.0
48170000	0.22519762018380524	0.13543350651112118	1.0	1.0	2.0
48180000	1.770508406726227	0.16208424965046245	1.0	1.0	2.0
48190000	2.4903045870081955	0.790728637636951	1.0	1.0	2.0
48200000	1.5483213707014467	0.3885165977817224	1.0	1.0	2.0
48210000	2.4264038539707853	2.83540672543228	1.0	1.0	2.0
48220000	0.5401894424255906	0.15536754568715813	1.0	1.0	2.0
48230000	0.4738857518649153	0.11300591962001451	1.0	1.0	2.0
48240000	0.2897274669084555	0.2415384162047	1.0	1.0	2.0
48250000	1.1290407554718183	0.15543319173257622	1.0	1.0	2.0
48260000	0.15432914141951076	0.17496977426316923	1.0	1.0	2.0
48270000	0.6869831897130081	0.07570588453895412	1.0	1.0	2.0
48280000	1.0111260006375102	0.5103694226057998	1.0	1.0	2.0
48290000	1.5630292063471392	0.3467351851903449	1.0	1.0	2.0
48300000	2.4977873961888877	1.2737360548159489	1.0	1.0	2.0
48310000	0.8305957734532926	0.06666111236231496	1.0	1.0	2.0
48320000	0.41534168120608533	0.3604077391294268	1.0	1.0	2.0
48330000	0.5294036864058611	0.21400953267676803	1.0	1.0	2.0
48340000	1.4062646815187232	0.1121393782518734	1.0	1.0	2.0
48350000	2.772197730201173	0.2119707686452151	1.0	1.0	2.0
48360000	0.08603636122436918	1.2853701350156048	0.0	1.0	1.0
48370000	1.229407368977308	0.6784578749072384	1.0	1.0	2.0
48380000	1.5511873723060237	1.010856963044632	0.0	1.0	1.0
48390000	3.030855088204445	0.05226780738689288	1.0	1.0	2.0
48400000	4.139351902442338	0.3144560872606386	1.0	1.0	2.0
48410000	0.4806437655696573	0.7437472788254942	1.0	1.0	2.0
48420000	0.5421961381129214	0.0482637592763704	1.0	1.0	2.0
48430000	1.4240855054895993	0.4667043404101138	1.0	1.0	2.0
48440000	3.6883925788928953	0.6030663045926211	1.0	1.0	2.0
48450000	0.6127132726449133	1.9201408854745132	1.0	1.0	2.0
48460000	0.2513925327892222	0.2377350194255596	1.0	1.0	2.0
48470000	3.1737086833385915	0.15755136879492307	1.0	1.0	2.0
48480000	0.8818825698147331	0.14962192663900017	1.0	1.0	2.0
48490000	1.3629572946896626	1.0384469504387397	1.0	1.0	2.0
48500000	0.3607425937355347	0.0829522269196951	1.0	1.0	2.0
48510000	1.6266466028177204	0.22970879347786674	1.0	1.0	2.0
48520000	0.5639609701079636	0.12479010405539484	1.0	1.0	2.0
48530000	2.355402599858443	0.34313653353188983	1.0	1.0	2.0
48540000	2.2636898435734882	0.10984859144254057	1.0	1.0	2.0
48550000	1.5183403719421347	0.22331927441101204	1.0	1.0	2.0
48560000	0.21974759068557242	0.17450866081885216	1.0	1.0	2.0
48570000	1.174419918781848	0.2704359084554752	1.0	1.0	2.0
48580000	0.4281094136176648	0.048224199740367554	1.0	1.0	2.0
48590000	2.4462780749372213	0.406194681993979	1.0	1.0	2.0
48600000	0.7155843863271262	0.34864726347329283	1.0	1.0	2.0
48610000	1.7840342309615609	0.1872673104348604	1.0	1.0	2.0
48620000	0.8309329976888924	0.40083023607243695	1.0	1.0	2.0
48630000	0.4409773844560908	0.1119279680776031	1.0	1.0	2.0
48640000	6.103469950231897	2.296559182905595	1.0	1.0	2.0
48650000	0.5914369822266201	0.10187365066900674	1.0	1.0	2.0
48660000	1.342096728892482	0.3555011154762427	1.0	1.0	2.0
48670000	0.8049693024663966	0.03977775927055813	1.0	1.0	2.0
48680000	0.8372035709256936	0.07515935302227084	1.0	1.0	2.0
48690000	0.5260459834349356	0.18380212257586986	1.0	1.0	2.0
48700000	2.5616545447875123	0.7197831412978699	1.0	1.0	2.0
48710000	0.7886056675401635	0.019880068188493	1.0	1.0	2.0
48720000	0.38126142559741094	3.076452080275836	1.0	1.0	2.0
48730000	1.3378238694932483	0.09102820487181071	1.0	1.0	2.0
48740000	0.14318928122101737	0.13671531088483188	1.0	1.0	2.0
48750000	1.5992761443982506	0.6758856879818556	1.0	1.0	2.0
48760000	1.1035817513926807	0.18751587477192233	1.0	1.0	2.0
48770000	1.1352357302785818	0.10441091465747439	1.0	1.0	2.0
48780000	2.0553299588102547	0.2853302647773539	1.0	1.0	2.0
48790000	0.285532991177222	0.15278484547529134	1.0	1.0	2.0
48800000	5.536618245763551	0.27692293053294115	1.0	1.0	2.0
48810000	1.0766970432368759	0.33555524708319506	1.0	1.0	2.0
48820000	2.221075801186982	0.6692962057126067	1.0	1.0	2.0
48830000	0.3749643735562418	0.38290371076896196	1.0	1.0	2.0
48840000	1.8098929974161313	0.07457160795489794	1.0	1.0	2.0
48850000	1.2860337658014664	0.8449168515653422	1.0	1.0	2.0
48860000	0.17028309415658874	1.358299861834934	1.0	1.0	2.0
48870000	0.954979212530688	0.16520138280674915	1.0	1.0	2.0
48880000	0.22962305487312842	0.05693062345686877	1.0	1.0	2.0
48890000	1.8461399078603622	1.5906211355093085	1.0	1.0	2.0
48900000	0.16810635853145847	0.11413589612388873	1.0	1.0	2.0
48910000	0.26780456642217304	0.011487668633925153	1.0	1.0	2.0
48920000	0.38805485112928306	0.33713203455536034	1.0	1.0	2.0
48930000	0.07733073520787079	0.5698607552644835	1.0	1.0	2.0
48940000	1.7224542660237594	0.361693615437168	1.0	1.0	2.0
48950000	2.306526129146627	0.25004095663419684	1.0	1.0	2.0
48960000	0.8660567672948244	1.4495334499581265	1.0	1.0	2.0
48970000	0.19270142447655375	0.1807953311118855	1.0	1.0	2.0
48980000	0.9582526495587884	0.7643957052868323	1.0	1.0	2.0
48990000	2.771946370351293	0.8343553328898097	1.0	1.0	2.0
49000000	0.8394522064955152	0.42423545994445494	1.0	1.0	2.0
49010000	1.3070876682404777	0.5809519263980246	1.0	1.0	2.0
49020000	2.6611606644118604	0.428487431317254	1.0	1.0	2.0
49030000	0.8256670909777604	0.5363200387795533	1.0	1.0	2.0
49040000	1.554623370895124	0.019432119814382073	1.0	1.0	2.0
49050000	1.5200624341172313	0.08227978052433431	1.0	1.0	2.0
49060000	2.7187844588423005	0.4558237776786217	1.0	1.0	2.0
49070000	2.385708075753005	0.352826598715276	1.0	1.0	2.0
49080000	0.15085161920078627	0.08971207067787355	1.0	1.0	2.0
49090000	1.411075770746916	0.2929140234263638	1.0	1.0	2.0
49100000	1.2574625411794849	0.9018101663050999	1.0	1.0	2.0
49110000	1.7802328613827056	0.2793297201324919	1.0	1.0	2.0
49120000	0.48429192169546637	0.5372570824761448	1.0	1.0	2.0
49130000	0.7249715448189062	0.6888373084232101	1.0	1.0	2.0
49140000	1.3221482139626894	0.8262696987765915	1.0	1.0	2.0
49150000	1.614727250611851	1.1009912073118826	1.0	1.0	2.0
49160000	1.2278167686198704	1.1664169390891954	1.0	1.0	2.0
49170000	0.6343250026674421	0.23587971610967148	1.0	1.0	2.0
49180000	0.1489931223520352	0.10350512150380059	1.0	1.0	2.0
49190000	0.22322242241222037	1.1849080502382525	1.0	1.0	2.0
49200000	1.5837602071796302	0.0370761296248712	1.0	1.0	2.0
49210000	2.6940812348360326	0.7925657012342588	1.0	1.0	2.0
49220000	2.1500774669115126	0.3976192836467133	1.0	1.0	2.0
49230000	0.11532672978137631	0.12006340352017103	1.0	1.0	2.0
49240000	0.6445222728159286	0.5609536958445276	1.0	1.0	2.0
49250000	3.1693914587640153	0.17311011138768928	1.0	1.0	2.0
49260000	0.49976631265527716	0.47728952997439145	1.0	1.0	2.0
49270000	2.700880284975421	1.4476271140790662	1.0	1.0	2.0
49280000	0.6720697593152628	0.9032634986534468	1.0	1.0	2.0
49290000	0.11137039405522693	0.345317282044754	1.0	1.0	2.0
49300000	1.6081250539537957	0.4334752618520226	1.0	1.0	2.0
49310000	1.5701127816704967	0.37477120495064153	1.0	1.0	2.0
49320000	4.834717290594611	1.0614109489974781	1.0	1.0	2.0
49330000	0.781594066367834	0.24834920909676764	1.0	1.0	2.0
49340000	0.1387370325023713	0.4171848943719963	1.0	1.0	2.0
49350000	0.8934362535577005	0.3626336313592573	1.0	1.0	2.0
49360000	2.311652349665283	0.5785758606446082	1.0	1.0	2.0
49370000	0.43300915175978755	0.5456897360551313	1.0	1.0	2.0
49380000	0.6440815872936392	0.47134312835493464	1.0	1.0	2.0
49390000	1.0856496842754302	0.11403753443402997	1.0	1.0	2.0
49400000	0.7939812531832464	0.3464312601578071	1.0	1.0	2.0
49410000	1.5868633308273008	0.8889654086572494	1.0	1.0	2.0
49420000	0.5261124968072897	0.15114072378470414	1.0	1.0	2.0
49430000	1.6552314387319256	1.159968489369115	1.0	1.0	2.0
49440000	1.7217525667720688	0.23858648630855864	1.0	1.0	2.0
49450000	2.868885178396913	1.0967809281471022	1.0	1.0	2.0
49460000	0.6237236072107561	0.08638602336302517	1.0	1.0	2.0
49470000	0.5877555293005295	0.36082976548744417	1.0	1.0	2.0
49480000	1.8223608344124878	0.08632308323206657	1.0	1.0	2.0
49490000	0.7108847831107852	0.07350342263902036	1.0	1.0	2.0
49500000	2.480883790422622	0.009049356571994486	1.0	1.0	2.0
49510000	1.1277639215299957	0.11471685941479018	1.0	1.0	2.0
49520000	1.7848730180710666	0.7985813033136094	1.0	1.0	2.0
49530000	1.701512314829105	3.7309880249887226	1.0	1.0	2.0
49540000	1.1980483102254271	0.19131151290267542	1.0	1.0	2.0
49550000	0.5730943770897768	0.6048488572750231	1.0	1.0	2.0
49560000	0.978531546470758	0.018076016624756327	1.0	1.0	2.0
49570000	0.9636852085335338	0.30311652056389504	1.0	1.0	2.0
49580000	2.591923976762866	0.21108386213858338	1.0	1.0	2.0
49590000	0.6456618118092724	0.512714972660593	1.0	1.0	2.0
49600000	0.4049674590051066	0.08801408003371453	1.0	1.0	2.0
49610000	1.1385343930950127	0.2233236759329863	1.0	1.0	2.0
49620000	1.0404327067462527	0.07715328824371932	1.0	1.0	2.0
49630000	0.2610112287184079	0.048462767866845176	1.0	1.0	2.0
49640000	1.0669216453034482	0.46827475791170065	1.0	1.0	2.0
49650000	2.729974093158785	0.4182285008648749	1.0	1.0	2.0
49660000	1.8610195060674897	0.02520419145928267	1.0	1.0	2.0
49670000	0.4380376306810972	0.007664001990407398	1.0	1.0	2.0
49680000	0.7803506692858905	1.048033642405733	1.0	1.0	2.0
49690000	0.614327084148914	1.7736556920656539	1.0	1.0	2.0
49700000	0.8190966634256258	0.09417098788442742	1.0	1.0	2.0
49710000	1.5004539850753877	0.25057599065226116	1.0	1.0	2.0
49720000	2.8706155811847274	0.320742609192044	1.0	1.0	2.0
49730000	1.252891117120609	2.437939163611886	1.0	1.0	2.0
49740000	3.675718141630641	0.10901532400832822	1.0	1.0	2.0
49750000	0.673803626164729	0.05405087481615815	1.0	1.0	2.0
49760000	1.544429318801092	1.2014581458397326	1.0	1.0	2.0
49770000	2.458617622572946	1.484564949414154	1.0	1.0	2.0
49780000	1.1624020600374703	2.0144443443522584	1.0	1.0	2.0
49790000	0.4693461408614404	0.1352411099105982	1.0	1.0	2.0
49800000	0.9740239487772192	1.0850247458033904	1.0	1.0	2.0
49810000	4.313823301938861	0.166333032261927	1.0	1.0	2.0
49820000	1.375085217481453	0.70002548316454	1.0	1.0	2.0
49830000	1.7511369052462002	0.0065056865486337245	1.0	1.0	2.0
49840000	1.4092762368374663	1.3818923144918303	1.0	1.0	2.0
49850000	1.0897624684517806	0.4996549201625668	1.0	1.0	2.0
49860000	0.8317307164484503	1.1548298695851924	1.0	1.0	2.0
49870000	3.5261985149249226	0.11227208187610903	1.0	1.0	2.0
49880000	2.267299805144776	0.025022729006927504	1.0	1.0	2.0
49890000	0.7833435626495789	0.9700864491584673	1.0	1.0	2.0
49900000	0.8419324619466638	0.6129664919772481	1.0	1.0	2.0
49910000	1.532700661269908	0.2511645692363487	1.0	1.0	2.0
49920000	1.4609088058593749	0.10102940250267123	1.0	1.0	2.0
49930000	3.403882530966767	0.6690652109720453	1.0	1.0	2.0
49940000	0.4728022710451101	0.7898227341569185	0.0	1.0	1.0
49950000	1.4923281733580258	1.7259896609592535	1.0	1.0	2.0
49960000	1.843491088404274	0.19408193638606097	1.0	1.0	2.0
49970000	0.20166095668982614	0.23465517840398376	1.0	1.0	2.0
49980000	3.2831920127044794	0.46465748627190767	1.0	1.0	2.0
49990000	0.624942183291339	0.4002620447884245	1.0	1.0	2.0
50000000	3.4218177121358466	0.27148164582411854	1.0	1.0	2.0
50010000	1.9113910219016157	0.6705194043902372	1.0	1.0	2.0
50020000	2.2508449248929865	0.8625114587000119	1.0	1.0	2.0
50030000	0.5574644770355893	0.2962518248236272	1.0	1.0	2.0
50040000	0.5784651575895512	0.41021581428602244	1.0	1.0	2.0
50050000	0.8538728362136242	0.26220800995195626	1.0	1.0	2.0
50060000	2.3679020317512807	1.1186238254056775	1.0	1.0	2.0
50070000	1.0919434533260977	1.6635269632278176	1.0	1.0	2.0
50080000	0.10634523226371277	0.03229651290536572	1.0	1.0	2.0
50090000	0.13355931070188332	0.36968605860348946	1.0	1.0	2.0
50100000	0.10654470205675398	0.006203923432664401	1.0	1.0	2.0
50110000	6.053813036834593	1.5143280511918868	1.0	1.0	2.0
50120000	3.6015923757651955	0.35293633254295426	1.0	1.0	2.0
50130000	0.40311654115210027	0.20240933630996016	1.0	1.0	2.0
50140000	0.25176735158836966	0.4202633419960915	1.0	1.0	2.0
50150000	2.184520037083801	0.10896386450199229	1.0	1.0	2.0
50160000	1.6944962117145925	0.32642074387134573	1.0	1.0	2.0
50170000	1.5060606566048	2.4187330115047327	1.0	1.0	2.0
50180000	5.41942408137212	1.1939799658741785	1.0	1.0	2.0
50190000	2.100005314544187	0.6972765411472679	1.0	1.0	2.0
50200000	1.8999021523046713	0.4532685776499579	1.0	1.0	2.0
50210000	1.120650570728991	0.41004844875720103	1.0	1.0	2.0
50220000	1.3385340828935086	0.007567333691955964	1.0	1.0	2.0
50230000	0.36084300305998346	0.06680403373794183	1.0	1.0	2.0
50240000	1.694833111398445	0.09034696719951277	1.0	1.0	2.0
50250000	0.6732567743206426	0.3634523469936558	1.0	1.0	2.0
50260000	0.3224634980517404	0.976326049786021	1.0	1.0	2.0
50270000	2.216408121878872	0.06838613276956099	1.0	1.0	2.0
50280000	4.0582906535617855	2.0778298626991343	1.0	1.0	2.0
50290000	3.111921639340099	0.5447947440203434	1.0	1.0	2.0
50300000	2.9620417629554905	0.41193285215153785	1.0	1.0	2.0
50310000	0.5819569759962832	0.32704075195915727	1.0	1.0	2.0
50320000	0.4856527961195416	0.106146901262393	1.0	1.0	2.0
50330000	0.5983779764329616	0.07750617567880427	1.0	1.0	2.0
50340000	1.4826800368653816	0.4086795647896221	1.0	1.0	2.0
50350000	0.6582974927586137	1.0773392829089103	1.0	1.0	2.0
50360000	0.7747789055306155	0.05565496930028584	1.0	1.0	2.0
50370000	0.2443808703248497	0.3304398379346609	1.0	1.0	2.0
50380000	0.3002581089790549	0.12245593559788705	1.0	1.0	2.0
50390000	1.053616906253071	0.9702027898812715	1.0	1.0	2.0
50400000	0.9930136920172107	0.19993968096056322	1.0	1.0	2.0
50410000	0.8479921553039959	0.07949263068965501	1.0	1.0	2.0
50420000	0.3692389488369117	1.1588922952916345	1.0	1.0	2.0
50430000	0.21271041762618997	0.03786990017258897	1.0	1.0	2.0
50440000	2.384451855848534	0.052571729993381194	1.0	1.0	2.0
50450000	0.08310092257824522	0.016842503358741143	1.0	1.0	2.0
50460000	0.8306371240494612	0.03681545924378356	1.0	1.0	2.0
50470000	2.1283835670599864	0.8337928079374527	1.0	1.0	2.0
50480000	0.9866337114135945	0.6579830386984717	1.0	1.0	2.0
50490000	0.9124590272857923	0.07835082470457426	1.0	1.0	2.0
50500000	0.6931578483151315	0.0960699754538957	1.0	1.0	2.0
50510000	3.8133264646769844	0.6031564625854358	1.0	1.0	2.0
50520000	0.7847101987043177	0.42423732119669505	1.0	1.0	2.0
50530000	0.13856409796965558	0.012001356848073366	1.0	1.0	2.0
50540000	1.5493275600331555	1.2331639818120896	1.0	1.0	2.0
50550000	2.139623399532678	1.94765066355087	1.0	1.0	2.0
50560000	2.0183611550746483	0.08584548097558642	1.0	1.0	2.0
50570000	0.12034647360251502	0.1090119554112105	1.0	1.0	2.0
50580000	2.1074176722747993	1.0234227619769904	1.0	1.0	2.0
50590000	0.889000218219334	0.3891631550310566	1.0	1.0	2.0
50600000	4.113521208273927	0.7225532550967118	1.0	1.0	2.0
50610000	0.5973329362920976	0.5372698238466266	1.0	1.0	2.0
50620000	0.9629316784182896	0.1345740909358749	1.0	1.0	2.0
50630000	0.8891793770292967	1.1361485671022693	1.0	1.0	2.0
50640000	1.002773096867541	0.14547796505527763	1.0	1.0	2.0
50650000	0.530132453077794	2.3692607645969366	1.0	1.0	2.0
50660000	0.8197317169852282	0.4887643273608854	1.0	1.0	2.0
50670000	0.6441519248997611	1.0531930303629289	1.0	1.0	2.0
50680000	1.4974342726392393	3.8207927666481925	1.0	1.0	2.0
50690000	0.2225401862753461	0.15054799269624508	0.0	1.0	1.0
50700000	1.1232970898407402	0.47884805467436625	1.0	1.0	2.0
50710000	1.206853775864389	0.2567077276205551	1.0	1.0	2.0
50720000	0.34884938357727785	0.7065127651639819	1.0	1.0	2.0
50730000	0.9978404135342742	0.7778305906859884	1.0	1.0	2.0
50740000	2.399474648703746	0.026415522118281794	1.0	1.0	2.0
50750000	3.116404334209119	2.1727464457594174	1.0	1.0	2.0
50760000	1.5027823035340835	1.2086574986960454	1.0	1.0	2.0
50770000	2.8523085560608448	1.110649549558784	1.0	1.0	2.0
50780000	0.2270892774614426	0.07588081446250967	1.0	1.0	2.0
50790000	0.9726115354894762	0.10720032307957582	1.0	1.0	2.0
50800000	0.8452852109199112	0.3670742132270965	1.0	1.0	2.0
50810000	0.5209645016848031	0.11734112591737514	1.0	1.0	2.0
50820000	4.697423837003603	0.5539957152005169	1.0	1.0	2.0
50830000	1.1919248579579833	0.16552461221559148	1.0	1.0	2.0
50840000	1.0148339252966536	0.8180494940816857	1.0	1.0	2.0
50850000	3.158367946618732	0.02145469602733085	1.0	1.0	2.0
50860000	1.026221541609028	0.27335104643473596	1.0	1.0	2.0
50870000	2.0774019835831976	2.1655767968314366	1.0	1.0	2.0
50880000	0.7413466639359737	0.25643958197864775	1.0	1.0	2.0
50890000	0.19920506260329945	0.9589655109866952	1.0	1.0	2.0
50900000	1.397399402769988	0.4016675818655581	1.0	1.0	2.0
50910000	1.710686678384068	0.11014561069868964	1.0	1.0	2.0
50920000	0.41578610433236	0.7783578479184802	1.0	1.0	2.0
50930000	2.6721169872072994	0.5977177979398479	1.0	1.0	2.0
50940000	1.405579236463038	1.5637033281060204	1.0	1.0	2.0
50950000	1.2277840484411555	0.084659666571282	1.0	1.0	2.0
50960000	2.837473321365385	0.16887420953304497	1.0	1.0	2.0
50970000	0.9165128274313444	1.592003021742038	0.0	1.0	1.0
50980000	1.0522425203278731	0.25564562559773807	1.0	1.0	2.0
50990000	2.0590092733571215	3.1177995640695526	1.0	1.0	2.0
51000000	3.004966373065941	1.9770469524687084	1.0	1.0	2.0
51010000	0.9615115707050966	0.0782528790195883	1.0	1.0	2.0
51020000	0.25152341276656165	0.5701620116494764	1.0	1.0	2.0
51030000	1.0959121064308763	1.6289172606251416	1.0	1.0	2.0
51040000	2.081598532934983	0.06306589378776095	1.0	1.0	2.0
51050000	1.0256855742960713	0.8155435350418986	1.0	1.0	2.0
51060000	3.0456991517547425	0.2593561026644975	1.0	1.0	2.0
51070000	0.6652707476209272	0.5392826463529268	1.0	1.0	2.0
51080000	1.3854920219440503	1.1056071923533581	1.0	1.0	2.0
51090000	0.42434440640529547	2.582470180142174	1.0	1.0	2.0
51100000	0.6433181149455193	0.6528061316278782	1.0	1.0	2.0
51110000	2.5614948478685617	0.18718655828865888	1.0	1.0	2.0
51120000	0.13318592039959123	0.44462811386005935	1.0	1.0	2.0
51130000	0.3171198883661982	0.017543595982021952	1.0	1.0	2.0
51140000	1.3343642145299917	0.7515814143455525	1.0	1.0	2.0
51150000	0.8193785889533293	1.0489874642981825	1.0	1.0	2.0
51160000	0.8377040104591129	0.6551827885473765	1.0	1.0	2.0
51170000	0.49650529509630403	0.49124872665380387	1.0	1.0	2.0
51180000	0.1770379007006151	0.03590398491715437	1.0	1.0	2.0
51190000	0.21698239753933585	0.5931709819074629	1.0	1.0	2.0
51200000	1.1831580653290417	0.37485560042088556	1.0	1.0	2.0
51210000	0.7613301974573332	0.22580895463341824	1.0	1.0	2.0
51220000	1.1672152518821324	0.548656325296903	1.0	1.0	2.0
51230000	0.6547508060261275	0.7133027799526735	1.0	1.0	2.0
51240000	2.2633499466293006	1.4697686818255966	1.0	1.0	2.0
51250000	0.4143947984720101	0.18251741770695729	1.0	1.0	2.0
51260000	0.40932588722787167	0.21475516941860304	1.0	1.0	2.0
51270000	2.2497642569365466	6.10728089669877	1.0	1.0	2.0
51280000	0.8751950806794928	0.806926064094173	1.0	1.0	2.0
51290000	2.144660501913996	0.16844720305844973	1.0	1.0	2.0
51300000	0.37618070861292946	0.0511639147349838	1.0	1.0	2.0
51310000	0.14706272201103307	0.002842370567870053	1.0	1.0	2.0
51320000	2.0149406598816206	0.18893558167131738	1.0	1.0	2.0
51330000	0.5702826952103486	0.4528420366081122	1.0	1.0	2.0
51340000	1.582988402129496	0.04493233738300028	1.0	1.0	2.0
51350000	0.7778304452656557	0.3736207757880593	1.0	1.0	2.0
51360000	0.20082647911867757	0.13770662347020626	1.0	1.0	2.0
51370000	2.4815183473104048	0.5887977033117412	1.0	1.0	2.0
51380000	0.6141186756066713	0.25429290985485525	1.0	1.0	2.0
51390000	1.5251935019970342	1.8934427511361869	1.0	1.0	2.0
51400000	0.3857870383642066	0.4757291401604559	1.0	1.0	2.0
51410000	1.8012073643983848	0.2439278586390815	1.0	1.0	2.0
51420000	2.440311316158665	1.9479388051243252	1.0	1.0	2.0
51430000	2.2162861918658376	0.31985011146531217	1.0	1.0	2.0
51440000	1.6639041582067482	0.45402107366476424	1.0	1.0	2.0
51450000	0.5408646406716833	0.6278619814143627	1.0	1.0	2.0
51460000	5.103346731393772	0.013726032771601742	1.0	1.0	2.0
51470000	1.6085470651807914	0.04242215428162654	1.0	1.0	2.0
51480000	1.4013348731810464	0.5797011986187135	1.0	1.0	2.0
51490000	0.3630900996645212	0.35625029658045726	1.0	1.0	2.0
51500000	0.276424797074973	0.100435565237042	1.0	1.0	2.0
51510000	0.8946343613441455	1.5810150015044728	1.0	1.0	2.0
51520000	1.2627354809269697	0.39439957137690185	1.0	1.0	2.0
51530000	0.28454704429580835	0.04163385242874372	1.0	1.0	2.0
51540000	1.8359143482957851	0.4610816587525164	1.0	1.0	2.0
51550000	1.1334143430289003	0.28466502822524997	1.0	1.0	2.0
51560000	1.3213870081332066	0.9316366949063642	1.0	1.0	2.0
51570000	1.1504963013319471	0.4219258383588555	1.0	1.0	2.0
51580000	0.32043630167157905	0.4381027787329522	1.0	1.0	2.0
51590000	1.595885095117126	0.8510366330260529	1.0	1.0	2.0
51600000	1.2943150575597073	0.4449410249509995	1.0	1.0	2.0
51610000	0.6952571616468249	0.49892456262062485	1.0	1.0	2.0
51620000	2.1826190418056983	0.4239146348274315	1.0	1.0	2.0
51630000	0.06937544666560772	0.018892440708048217	1.0	1.0	2.0
51640000	0.12750267617167044	0.33293631915430466	1.0	1.0	2.0
51650000	2.096075887216449	0.7916973734364052	1.0	1.0	2.0
51660000	0.5820495422421574	0.46041781218293953	1.0	1.0	2.0
51670000	0.12170223757547914	0.24027353171050353	1.0	1.0	2.0
51680000	0.08058399200883953	0.2226122374188809	1.0	1.0	2.0
51690000	0.30503092959126443	0.2778673020486897	1.0	1.0	2.0
51700000	0.682925783519568	0.19378011162704967	1.0	1.0	2.0
51710000	1.1944478912490677	0.9324349148657781	1.0	1.0	2.0
51720000	0.44654763303886513	0.12107795580145557	1.0	1.0	2.0
51730000	0.4447634200317675	0.29847631280482795	1.0	1.0	2.0
51740000	1.1255755879938054	0.06304087746380875	1.0	1.0	2.0
51750000	5.452566786025552	0.4918332907203573	1.0	1.0	2.0
51760000	0.3255985737457052	1.4330888470472547	1.0	1.0	2.0
51770000	1.1014382136810723	0.31916068136714953	1.0	1.0	2.0
51780000	0.49789937477549717	0.06363643854012252	1.0	1.0	2.0
51790000	0.6312690914191043	0.5362746943407987	1.0	1.0	2.0
51800000	0.7356342270058822	0.6973826248284304	1.0	1.0	2.0
51810000	0.5194199401320243	0.404617711929313	1.0	1.0	2.0
51820000	1.0725602290565306	0.46418847031334265	1.0	1.0	2.0
51830000	1.4503120090025496	0.968297976170444	1.0	1.0	2.0
51840000	0.42277723563464314	0.16212047859068965	1.0	1.0	2.0
51850000	0.9911985148241215	1.1630370611897771	1.0	1.0	2.0
51860000	1.0174294024269823	0.07880733048538509	1.0	1.0	2.0
51870000	1.0280455984155006	0.3137810003042963	1.0	1.0	2.0
51880000	0.8214421364232094	1.8204629903653535	1.0	1.0	2.0
51890000	0.5247363594007296	0.5508988296135822	1.0	1.0	2.0
51900000	1.9645257688938222	0.15518892076098376	1.0	1.0	2.0
51910000	3.8129179665175648	2.6622004100509744	1.0	1.0	2.0
51920000	1.3314623937318444	0.07266889042969081	1.0	1.0	2.0
51930000	0.6348584355270799	0.6795040559064097	1.0	1.0	2.0
51940000	0.13820251798003183	0.13490928649089629	1.0	1.0	2.0
51950000	1.4533439886209423	0.4032594076606637	1.0	1.0	2.0
51960000	1.1808560283338816	1.22027871686577	1.0	1.0	2.0
51970000	0.4111157023939684	0.6333074290734505	1.0	1.0	2.0
51980000	2.628718835987849	0.3430647546874397	1.0	1.0	2.0
51990000	4.181475170860695	0.2637488635461388	1.0	1.0	2.0
52000000	2.383862949266125	0.10003965875437017	1.0	1.0	2.0
52010000	1.3834714749015429	4.166402503314716	1.0	1.0	2.0
52020000	2.99626051786574	1.1657778243473453	1.0	1.0	2.0
52030000	0.6974124961452376	0.43010322388728	1.0	1.0	2.0
52040000	0.6901438605905996	0.0893882489737797	1.0	1.0	2.0
52050000	1.0505380009178993	0.7754988178638731	1.0	1.0	2.0
52060000	1.0643599935897725	0.18751448621445574	1.0	1.0	2.0
52070000	1.1314286292754556	0.3974901405239349	1.0	1.0	2.0
52080000	3.4981544776774087	3.046892070968412	1.0	1.0	2.0
52090000	2.0095212125044326	1.6939978486038856	1.0	1.0	2.0
52100000	0.3124688339972588	0.3883665557698825	1.0	1.0	2.0
52110000	1.5508226341225235	0.16831657986199802	1.0	1.0	2.0
52120000	4.62730066375134	0.6704791529751486	1.0	1.0	2.0
52130000	1.3147086529431355	0.4729947285205672	1.0	1.0	2.0
52140000	0.5329023954132598	0.3981016518199759	1.0	1.0	2.0
52150000	0.5539330445823792	0.037934383094849734	1.0	1.0	2.0
52160000	2.46880738568713	0.2862462676097856	1.0	1.0	2.0
52170000	0.695634107750429	0.1426777921505942	1.0	1.0	2.0
52180000	1.391978112229182	1.4016655445617865	1.0	1.0	2.0
52190000	2.6663518617940762	0.801709449944172	1.0	1.0	2.0
52200000	2.061820172802952	0.8352927416391479	1.0	1.0	2.0
52210000	3.1196628024293562	0.2126747524010053	1.0	1.0	2.0
52220000	0.8722186463863592	0.04461398846675279	1.0	1.0	2.0
52230000	2.6834810120582335	0.6265310860363273	1.0	1.0	2.0
52240000	4.774355552764677	0.38775845983415147	1.0	1.0	2.0
52250000	3.0802198917581705	1.978267602305496	1.0	1.0	2.0
52260000	0.9441142926818347	0.2347807533677281	1.0	1.0	2.0
52270000	1.6949992774486211	0.5549029954186921	1.0	1.0	2.0
52280000	0.48456934345902336	0.44522383147430866	1.0	1.0	2.0
52290000	0.21548354452763108	0.6632630758720014	1.0	1.0	2.0
52300000	0.09496821852516545	0.019575676669959196	1.0	1.0	2.0
52310000	0.012249541538604178	0.02546832842169754	1.0	1.0	2.0
52320000	0.48220876379299177	1.3214879724147244	1.0	1.0	2.0
52330000	4.02756704440657	1.8489408035450157	1.0	1.0	2.0
52340000	0.8346985497911942	0.5472761609050233	1.0	1.0	2.0
52350000	1.197717964288978	0.586320864014404	1.0	1.0	2.0
52360000	0.28414550412514156	0.11878254274519923	1.0	1.0	2.0
52370000	1.0924484552478757	0.34074936440279985	1.0	1.0	2.0
52380000	0.453353924739833	0.9521643920493458	1.0	1.0	2.0
52390000	3.456545614892615	0.8536987511964507	1.0	1.0	2.0
52400000	0.7041990760862447	0.6548956037317417	1.0	1.0	2.0
52410000	2.207491128610895	1.049350107741685	1.0	1.0	2.0
52420000	4.100991166197425	1.666717615207275	1.0	1.0	2.0
52430000	0.6420395448286496	0.3333227136540837	1.0	1.0	2.0
52440000	0.3049771971107444	0.665587840031989	1.0	1.0	2.0
52450000	0.1929530756771922	0.5002009960304318	1.0	1.0	2.0
52460000	0.6986555810444295	0.38399071336108775	1.0	1.0	2.0
52470000	2.8816078935373923	0.48873228888246706	1.0	1.0	2.0
52480000	1.5221946211813915	0.42173472250779004	1.0	1.0	2.0
52490000	1.1464514918584687	0.510238069700717	1.0	1.0	2.0
52500000	0.4698020703165283	0.907983140384174	1.0	1.0	2.0
52510000	0.596415601705789	0.6492178076967241	1.0	1.0	2.0
52520000	2.6242760237531617	0.10587689268102175	1.0	1.0	2.0
52530000	0.9285035217811803	0.4951431634615423	1.0	1.0	2.0
52540000	1.8093943551896747	0.794204616491348	1.0	1.0	2.0
52550000	1.7538555015026094	1.0764081259314655	1.0	1.0	2.0
52560000	1.4478830158405405	0.20958845733345868	1.0	1.0	2.0
52570000	0.5085156140850026	0.4208975379617688	1.0	1.0	2.0
52580000	1.6408644724807924	1.3486510069268445	1.0	1.0	2.0
52590000	0.9618776792620668	1.2797854595052711	1.0	1.0	2.0
52600000	1.0236676583349356	2.718264424992638	1.0	1.0	2.0
52610000	1.013466563568298	0.346602186639922	1.0	1.0	2.0
52620000	0.6971001566138649	0.21071590297004858	1.0	1.0	2.0
52630000	1.4324175582961678	0.185041219855908	1.0	1.0	2.0
52640000	0.8146525132010427	0.040665825709251334	1.0	1.0	2.0
52650000	1.3747891713276714	0.6850408075165397	1.0	1.0	2.0
52660000	0.3347081943212519	0.09211269579324939	1.0	1.0	2.0
52670000	0.8849425304599616	0.6958692462390293	1.0	1.0	2.0
52680000	0.5807034324549788	1.1847611010387145	1.0	1.0	2.0
52690000	1.0556454080086668	0.5691765336426737	1.0	1.0	2.0
52700000	3.044383599718653	1.9038608614760462	1.0	1.0	2.0
52710000	0.8884365163781206	1.551077638241664	1.0	1.0	2.0
52720000	1.3659282260674883	0.25818090890059747	1.0	1.0	2.0
52730000	0.12076931503369122	0.12695258368122855	1.0	1.0	2.0
52740000	2.0970627404511384	0.36608415264839	1.0	1.0	2.0
52750000	1.3137603418983537	1.6334450213307556	1.0	1.0	2.0
52760000	0.8783636780442792	0.06332823728867049	1.0	1.0	2.0
52770000	0.16235512363119986	0.1687178203899029	1.0	1.0	2.0
52780000	3.737799688152921	0.2864833863354965	1.0	1.0	2.0
52790000	2.16071863832865	0.07020041593646979	1.0	1.0	2.0
52800000	2.439419479919734	0.2914188669322742	1.0	1.0	2.0
52810000	0.12019723636038572	0.005829584157607961	1.0	1.0	2.0
52820000	3.310033831813154	0.692519800478475	1.0	1.0	2.0
52830000	0.9715951815069056	0.1895194500952864	1.0	1.0	2.0
52840000	1.1854029501191115	0.1032999883836058	1.0	1.0	2.0
52850000	1.056903797910011	1.1600205564417008	1.0	1.0	2.0
52860000	0.7853147799451805	0.12526454873379583	1.0	1.0	2.0
52870000	0.6887460243113269	0.91680321910473	1.0	1.0	2.0
52880000	0.1650209389064466	0.3505492822523076	1.0	1.0	2.0
52890000	1.154892708422172	0.1020090582999577	1.0	1.0	2.0
52900000	0.6354662015923356	0.4128245940130377	1.0	1.0	2.0
52910000	0.4775375223359778	0.003431336261876174	1.0	1.0	2.0
52920000	0.4249938198336689	0.11762673475182268	1.0	1.0	2.0
52930000	0.3230607241032477	0.6680134895432377	1.0	1.0	2.0
52940000	1.7801449079649092	0.47826398483086285	1.0	1.0	2.0
52950000	0.4065844392951391	0.3462397281501552	1.0	1.0	2.0
52960000	1.0976970896115281	0.7590533847015538	1.0	1.0	2.0
52970000	0.6476019723859886	0.013139879349215892	1.0	1.0	2.0
52980000	0.33394290893653084	0.18928957986441317	1.0	1.0	2.0
52990000	3.787453645527717	0.2126476221556465	1.0	1.0	2.0
53000000	0.5335831343198847	0.2415705664731085	1.0	1.0	2.0
53010000	0.3843372988830324	0.38494231586366395	1.0	1.0	2.0
53020000	1.5832731826063944	2.690704222439655	1.0	1.0	2.0
53030000	0.19541887061466207	0.003815270610410413	1.0	1.0	2.0
53040000	0.32756390772464744	0.3864732176498857	1.0	1.0	2.0
53050000	0.9667337679946587	0.44033961171580827	1.0	1.0	2.0
53060000	1.1373229147691684	0.42052735231078364	1.0	1.0	2.0
53070000	0.625321311242142	1.545716067362198	1.0	1.0	2.0
53080000	1.060970794522892	0.1195096754446711	1.0	1.0	2.0
53090000	1.3303591978570106	0.717544566916209	1.0	1.0	2.0
53100000	2.1926647754534416	0.2821923268700204	1.0	1.0	2.0
53110000	0.4259033272259638	1.1672422514741247	1.0	1.0	2.0
53120000	1.1647357406460355	0.16191561081809216	1.0	1.0	2.0
53130000	1.5863308904837203	0.349522173374887	1.0	1.0	2.0
53140000	1.6392708137723033	1.1441482613184317	1.0	1.0	2.0
53150000	0.08324100428791836	0.11445811059219027	1.0	1.0	2.0
53160000	2.1054059538429004	1.2516973851324156	1.0	1.0	2.0
53170000	0.08758950463271588	0.030457748055384135	1.0	1.0	2.0
53180000	1.09428856596271	0.06728401174880429	1.0	1.0	2.0
53190000	0.9342215001685006	0.19663823848561135	1.0	1.0	2.0
53200000	0.4518024820747321	0.04385989430730808	1.0	1.0	2.0
53210000	0.1661272722779103	0.029201214810599924	1.0	1.0	2.0
53220000	0.718947741314283	0.02097342886728749	1.0	1.0	2.0
53230000	0.8833520216853132	0.9814185343754841	1.0	1.0	2.0
53240000	3.0959575831101325	0.27859719241142494	1.0	1.0	2.0
53250000	0.2729946143744769	0.3345719789982258	1.0	1.0	2.0
53260000	0.4468337317320673	0.14207962566057236	1.0	1.0	2.0
53270000	2.1707151272690144	0.11860469325024786	1.0	1.0	2.0
53280000	0.21108527258939183	0.003517266828923682	1.0	1.0	2.0
53290000	1.1284693588762753	1.9241192599329116	1.0	1.0	2.0
53300000	2.760719095362542	1.198438490221686	1.0	1.0	2.0
53310000	0.24343728795560346	0.05968118913205675	1.0	1.0	2.0
53320000	0.6059881027016716	0.002545940933445985	1.0	1.0	2.0
53330000	0.1361201640051274	0.043558449717828886	1.0	1.0	2.0
53340000	0.07264282018401934	0.0034849998193797974	1.0	1.0	2.0
53350000	0.8844806101173168	0.7292979070823451	1.0	1.0	2.0
53360000	0.2630677980922619	0.018201517870714688	1.0	1.0	2.0
53370000	0.6222558788598647	2.081973932272598	1.0	1.0	2.0
53380000	0.5186215516269854	0.053397186590231745	1.0	1.0	2.0
53390000	5.725373556578833	0.8799519850513904	1.0	1.0	2.0
53400000	1.6401347028311466	0.031732478746130034	1.0	1.0	2.0
53410000	1.8936194884437594	0.8952724590967079	1.0	1.0	2.0
53420000	0.8474807943252408	0.16672059740394793	1.0	1.0	2.0
53430000	1.1395795274182305	0.8965583214914425	1.0	1.0	2.0
53440000	0.4132285688604587	0.36968762844948616	1.0	1.0	2.0
53450000	0.15171906468922997	0.12116345777264358	1.0	1.0	2.0
53460000	0.5880002674201783	0.20634307350601858	1.0	1.0	2.0
53470000	0.8097536440157889	1.4496316897965638	1.0	1.0	2.0
53480000	0.6471423246625001	0.08132302001362987	1.0	1.0	2.0
53490000	0.40623543413984403	0.4031723070182733	1.0	1.0	2.0
53500000	1.4145427341234789	0.12118844586221685	1.0	1.0	2.0
53510000	0.31531033571420614	0.005664620811808025	1.0	1.0	2.0
53520000	0.49775733151798596	0.5437016784688385	1.0	1.0	2.0
53530000	2.570237645974653	0.035506978965861115	1.0	1.0	2.0
53540000	1.8103228110698402	1.6174160038057204	1.0	1.0	2.0
53550000	0.9635044000072482	1.0680181580686738	1.0	1.0	2.0
53560000	1.3493008947462817	0.6025578095739422	1.0	1.0	2.0
53570000	0.6464352628714591	0.021799549506128973	1.0	1.0	2.0
53580000	1.1508496241385389	0.17455797260489925	1.0	1.0	2.0
53590000	1.1672504775206034	0.6974405446166605	1.0	1.0	2.0
53600000	1.3984432021368502	0.017091301162454588	1.0	1.0	2.0
53610000	2.635003703736676	0.966228314678892	1.0	1.0	2.0
53620000	1.2315010207019776	1.8003201294838886	1.0	1.0	2.0
53630000	0.5226414733811804	0.19921364645756942	1.0	1.0	2.0
53640000	0.1657212405259475	1.0616305268999658E-4	1.0	1.0	2.0
53650000	0.7002386692746412	0.555624171338749	1.0	1.0	2.0
53660000	1.3408958776948656	0.721172670529074	1.0	1.0	2.0
53670000	3.851625458605487	0.12851679254634127	1.0	1.0	2.0
53680000	0.4098751701894853	0.3071383402214784	1.0	1.0	2.0
53690000	1.5041146112013346	0.12708150765569667	1.0	1.0	2.0
53700000	1.5730412688406124	0.017145495659858213	1.0	1.0	2.0
53710000	2.38465502456072	0.752777679056724	1.0	1.0	2.0
53720000	1.5381107212631988	0.21339885291739338	1.0	1.0	2.0
53730000	0.9458686605549793	0.022639348689358695	1.0	1.0	2.0
53740000	1.092039592310712	0.012439758119446606	1.0	1.0	2.0
53750000	0.08786805029719286	0.07787811514783646	1.0	1.0	2.0
53760000	1.8507959952542086	0.9806315533793664	1.0	1.0	2.0
53770000	1.0587037981641865	0.07952975569258884	1.0	1.0	2.0
53780000	1.8444093310066354	0.03139712514373882	1.0	1.0	2.0
53790000	0.601675459432846	0.9175839923895359	1.0	1.0	2.0
53800000	2.451819245357527	2.4974620319078342	1.0	1.0	2.0
53810000	1.107940238394447	0.9866130623833547	1.0	1.0	2.0
53820000	1.515480997585778	0.26658532258817924	1.0	1.0	2.0
53830000	0.6994275168582805	0.2963171828460455	1.0	1.0	2.0
53840000	2.5586935537220246	0.687953377717028	1.0	1.0	2.0
53850000	1.7475531035842478	0.44534659867573806	1.0	1.0	2.0
53860000	0.16923219497469857	0.09562101112895492	1.0	1.0	2.0
53870000	0.5220755160801652	0.28684977126509326	1.0	1.0	2.0
53880000	3.388802995833745	3.1507546936122726	1.0	1.0	2.0
53890000	2.077870587605278	0.1874635272010104	1.0	1.0	2.0
53900000	4.130639214536801	1.6033641038598982	1.0	1.0	2.0
53910000	0.4269052700887214	1.0004852351367624	1.0	1.0	2.0
53920000	1.7840356338837233	0.3737495029007657	1.0	1.0	2.0
53930000	0.5242210648643498	0.2321529929865233	1.0	1.0	2.0
53940000	1.9110605052205434	0.1482279295441961	1.0	1.0	2.0
53950000	1.7824556498256536	2.5238333853934893	1.0	1.0	2.0
53960000	1.9369910074338215	1.0468508247895594	1.0	1.0	2.0
53970000	1.2945665043191583	1.3070553198910675	1.0	1.0	2.0
53980000	1.1006949561494808	0.39089791873971397	1.0	1.0	2.0
53990000	1.4926823294722515	1.2906122067560464	1.0	1.0	2.0
54000000	1.818829795787238	0.10910914617212954	1.0	1.0	2.0
54010000	0.37070341288307285	0.35727021660881825	1.0	1.0	2.0
54020000	0.9299078837586857	0.23880012904971432	1.0	1.0	2.0
54030000	2.293140720914665	1.3089746765818193	1.0	1.0	2.0
54040000	1.1160516441250603	0.2962837124632787	1.0	1.0	2.0
54050000	3.107479848124622	1.0396042266949181	1.0	1.0	2.0
54060000	1.3714261233982994	0.4195908643793677	1.0	1.0	2.0
54070000	0.6101937905006579	0.5928269415581597	1.0	1.0	2.0
54080000	0.4002448062728644	0.5998409520261787	1.0	1.0	2.0
54090000	1.2846564205386724	0.10241435837708074	1.0	1.0	2.0
54100000	1.0331792934787447	3.2468607010295385E-4	1.0	1.0	2.0
54110000	1.7604182928381358	0.8261837991840448	1.0	1.0	2.0
54120000	1.815010619467445	0.21729732540256275	1.0	1.0	2.0
54130000	4.025255074064346	0.09928993050371396	1.0	1.0	2.0
54140000	3.2460605382418852	1.1664242620611984	1.0	1.0	2.0
54150000	0.5876961548706346	0.056554637128910956	1.0	1.0	2.0
54160000	0.3336204571210871	0.40685707529169013	1.0	1.0	2.0
54170000	0.6833961348027374	0.10849442994299481	1.0	1.0	2.0
54180000	0.87474554469448	0.6956220947421624	1.0	1.0	2.0
54190000	0.6448933820961449	0.8420794074909117	1.0	1.0	2.0
54200000	6.351360582121374	0.5880619336077485	1.0	1.0	2.0
54210000	0.525692114956963	0.5114535017790155	1.0	1.0	2.0
54220000	0.8484267654164105	0.79540048915787	1.0	1.0	2.0
54230000	1.203630959164857	0.7055818501867802	1.0	1.0	2.0
54240000	0.4829795648776057	1.1682163632591998	1.0	1.0	2.0
54250000	1.3562239944464491	0.024640321750506244	1.0	1.0	2.0
54260000	3.0779441111440344	0.12692651549509568	1.0	1.0	2.0
54270000	0.4304442773894408	0.5141818461579708	1.0	1.0	2.0
54280000	0.2284616439837258	1.0742983961300754	1.0	1.0	2.0
54290000	2.586535638828629	0.8732225775223584	1.0	1.0	2.0
54300000	2.7330136116669665	0.8436431275553252	1.0	1.0	2.0
54310000	2.7415536724431058	0.3818455865863705	1.0	1.0	2.0
54320000	1.1598771984462344	0.14283231866529444	1.0	1.0	2.0
54330000	0.2774540036995936	0.2354094004514146	1.0	1.0	2.0
54340000	1.3524002576701961	0.5318282462224513	1.0	1.0	2.0
54350000	0.5918037467120868	0.6692639368835968	1.0	1.0	2.0
54360000	0.08533618060926791	0.03501920800884068	1.0	1.0	2.0
54370000	1.1508523305786134	1.0559234944080822	1.0	1.0	2.0
54380000	0.33924499786035045	0.1338434984290745	1.0	1.0	2.0
54390000	3.4617267199332633	1.5815585425459135	1.0	1.0	2.0
54400000	1.04962986684887	0.12660233836509205	1.0	1.0	2.0
54410000	2.1543837857047454	0.21878236022524536	1.0	1.0	2.0
54420000	1.7666487640443183	1.6469098892845864	1.0	1.0	2.0
54430000	2.068307916133437	0.013061080016429458	1.0	1.0	2.0
54440000	1.1718447178606326	0.38836384149454717	1.0	1.0	2.0
54450000	1.0972169224892034	0.8305110968278374	1.0	1.0	2.0
54460000	1.4828841064095881	0.6605104623647089	1.0	1.0	2.0
54470000	0.25795519831445535	0.11645853870360717	1.0	1.0	2.0
54480000	1.4539291731089192	0.5949829678149992	1.0	1.0	2.0
54490000	0.37887139299255984	0.7410742795121819	1.0	1.0	2.0
54500000	2.1034554385707698	0.3380251710764768	1.0	1.0	2.0
54510000	0.2964034271718278	0.04206031476710859	1.0	1.0	2.0
54520000	1.1100188108476263	0.05169283281711679	1.0	1.0	2.0
54530000	0.8585298988448037	0.4082333134299792	1.0	1.0	2.0
54540000	1.6195143879229559	0.4378580678358126	1.0	1.0	2.0
54550000	3.501759731859799	0.9356195705059576	1.0	1.0	2.0
54560000	1.213114143979406	0.5020438829665053	1.0	1.0	2.0
54570000	2.063627206019668	0.9512573502104638	1.0	1.0	2.0
54580000	2.936993346182534	0.6688972153010352	1.0	1.0	2.0
54590000	0.1336947768983607	0.07844905917127817	1.0	1.0	2.0
54600000	3.48091529274115	0.20498043891045217	1.0	1.0	2.0
54610000	0.7003660307974641	0.006421249325535193	1.0	1.0	2.0
54620000	0.3814296841496618	0.01173388213013138	1.0	1.0	2.0
54630000	1.3046799464941052	1.0287425211305048	1.0	1.0	2.0
54640000	0.12271786482457635	0.3454926440969301	1.0	1.0	2.0
54650000	1.1692965905167536	0.03050255457262207	1.0	1.0	2.0
54660000	1.6067465495561364	0.6658087975821091	1.0	1.0	2.0
54670000	0.21615672127599156	0.2260923258108223	1.0	1.0	2.0
54680000	1.1995677654556736	1.8556190468261706	1.0	1.0	2.0
54690000	1.2168095998888764	0.49122166929689215	1.0	1.0	2.0
54700000	0.026153753502977793	0.0035870303968703653	1.0	1.0	2.0
54710000	1.7810030797684075	0.6436143495504312	1.0	1.0	2.0
54720000	1.5711939074351802	1.0160176185789533	1.0	1.0	2.0
54730000	1.93020022615984	0.39746675385930763	1.0	1.0	2.0
54740000	0.6411185872212308	0.2408696350150274	1.0	1.0	2.0
54750000	2.348971957176005	0.8088213344111401	1.0	1.0	2.0
54760000	0.3909856628451251	1.1609121724133737	1.0	1.0	2.0
54770000	3.0485822871606914	0.51031756486687	1.0	1.0	2.0
54780000	1.0032940921795588	0.7202159131644034	1.0	1.0	2.0
54790000	1.0358812352251976	0.11619538581579426	1.0	1.0	2.0
54800000	1.7602440716254089	0.7448303736810933	1.0	1.0	2.0
54810000	1.2855323892840451	0.2970904853811402	1.0	1.0	2.0
54820000	0.9696751363596188	0.10627552811591816	1.0	1.0	2.0
54830000	0.9870887172682922	0.6501457930127951	1.0	1.0	2.0
54840000	0.4071924073331682	0.7268440344361716	1.0	1.0	2.0
54850000	1.185616836764247	3.183142074438339	1.0	1.0	2.0
54860000	0.9883899707375544	0.4350813225566409	1.0	1.0	2.0
54870000	1.2408316382348834	0.7519346382433353	1.0	1.0	2.0
54880000	1.9646064103529082	0.09158348251385097	1.0	1.0	2.0
54890000	0.4596048961644876	0.8322248650517443	1.0	1.0	2.0
54900000	0.7622549389073554	0.007721453467342543	1.0	1.0	2.0
54910000	1.1915806034296141	0.4487678935942768	1.0	1.0	2.0
54920000	0.4832800724005974	2.677901272931853	1.0	1.0	2.0
54930000	0.6593998069879534	0.4380407292436592	1.0	1.0	2.0
54940000	0.3747929771828651	0.05839900204910164	1.0	1.0	2.0
54950000	1.0472976292688412	0.007340344487408837	1.0	1.0	2.0
54960000	0.4442506082224773	0.3637937530443529	1.0	1.0	2.0
54970000	3.0936329649833723	0.36872800162730257	1.0	1.0	2.0
54980000	0.33680256507831163	0.4369386012306739	1.0	1.0	2.0
54990000	0.13049412931638757	0.3754163659073855	1.0	1.0	2.0
55000000	4.156567435070852	0.058096465637216495	1.0	1.0	2.0
55010000	0.32710220528779116	0.1262256966365499	1.0	1.0	2.0
55020000	0.9921179006257747	0.3073711515055325	1.0	1.0	2.0
55030000	0.7261336392525756	0.012879700957123496	1.0	1.0	2.0
55040000	0.598837406171599	0.13405783594070592	1.0	1.0	2.0
55050000	0.5319425476071743	0.14160485666780404	1.0	1.0	2.0
55060000	4.2357851292028315	0.3774724029071891	1.0	1.0	2.0
55070000	1.4705467165198425	1.4583185350654326	1.0	1.0	2.0
55080000	2.151473577820586	0.5351272401141048	1.0	1.0	2.0
55090000	1.0602620964939333	1.2252400102154597	1.0	1.0	2.0
55100000	1.7194226193911124	0.2386908218748119	1.0	1.0	2.0
55110000	1.520234469906163	0.5919867349853657	1.0	1.0	2.0
55120000	0.31598721755757253	1.0271647563566644	1.0	1.0	2.0
55130000	0.735972723850447	0.4231629635957739	1.0	1.0	2.0
55140000	3.7160562593520465	1.1363619795948403	1.0	1.0	2.0
55150000	2.041160718320657	0.8265013866042042	1.0	1.0	2.0
55160000	2.0635650675904538	1.0001591085797297	1.0	1.0	2.0
55170000	1.496707271300476	0.0061009743516568255	1.0	1.0	2.0
55180000	1.0988511975929645	0.5598357867670559	1.0	1.0	2.0
55190000	6.690715896031812	0.545660188047448	1.0	1.0	2.0
55200000	0.973084574585361	0.13100524339738479	1.0	1.0	2.0
55210000	0.898879470842707	0.12338148265473572	1.0	1.0	2.0
55220000	2.185281874289585	0.22766409143013389	1.0	1.0	2.0
55230000	2.918651042661297	0.8563523988639908	1.0	1.0	2.0
55240000	0.13822129090057184	0.059049447729460885	1.0	1.0	2.0
55250000	0.6549500188155459	0.1954623706086796	1.0	1.0	2.0
55260000	2.1770540767989592	0.9153814665696991	1.0	1.0	2.0
55270000	1.210772564735149	0.059839602891276295	1.0	1.0	2.0
55280000	1.5937397164491511	0.19927712014888962	1.0	1.0	2.0
55290000	3.073197818842151	0.22473768640428549	1.0	1.0	2.0
55300000	1.251768954561052	0.10951087438704854	1.0	1.0	2.0
55310000	1.4821965296691848	1.1193608187747992	1.0	1.0	2.0
55320000	1.188073888174478	0.037437705676342754	1.0	1.0	2.0
55330000	0.48176541086376357	0.17632912981164683	1.0	1.0	2.0
55340000	0.2529946265312324	0.4815772000025893	1.0	1.0	2.0
55350000	3.0834847249008703	0.7568117841387002	1.0	1.0	2.0
55360000	2.5921780920034174	0.5028706941713174	1.0	1.0	2.0
55370000	0.5583574247854723	0.15452848311061765	1.0	1.0	2.0
55380000	0.28260910615601414	0.21855695755171367	1.0	1.0	2.0
55390000	0.7779985407065523	1.0225008768594805	1.0	1.0	2.0
55400000	3.7988596663022243	0.9684514479361299	1.0	1.0	2.0
55410000	0.1479020775868491	2.8496994462561074E-4	1.0	1.0	2.0
55420000	0.4203682893349166	0.20615004520801342	1.0	1.0	2.0
55430000	1.3822781642354796	0.12193363277585369	1.0	1.0	2.0
55440000	0.7099248239639603	1.0799727254816107	1.0	1.0	2.0
55450000	0.645194014852313	1.0724229402658954	1.0	1.0	2.0
55460000	0.6758397068606562	0.22222132116330315	1.0	1.0	2.0
55470000	0.463860220837113	0.16086455730786567	1.0	1.0	2.0
55480000	1.2786067092095235	0.25441480634566915	1.0	1.0	2.0
55490000	0.6454178807328198	0.2923279324697979	1.0	1.0	2.0
55500000	0.3321464392197504	0.89660556258196	1.0	1.0	2.0
55510000	2.1876245761079467	1.0287481119277866	1.0	1.0	2.0
55520000	0.8103757970500374	0.9784283682852734	1.0	1.0	2.0
55530000	1.1534668930848933	0.035470136308623314	1.0	1.0	2.0
55540000	1.9548116229327195	2.3038249127388286	1.0	1.0	2.0
55550000	0.8049661353370928	0.7454906856049572	1.0	1.0	2.0
55560000	2.7269309196756986	1.8240822520904953	1.0	1.0	2.0
55570000	0.9182741058810031	0.11193365589659113	1.0	1.0	2.0
55580000	0.4163446097941757	0.1511646169445236	1.0	1.0	2.0
55590000	2.8764636042039005	0.43317974176251045	1.0	1.0	2.0
55600000	0.6707056224653505	0.56471004182319	1.0	1.0	2.0
55610000	0.5438228810037874	1.664723494013852	1.0	1.0	2.0
55620000	0.8508874900960371	0.0237404653143612	1.0	1.0	2.0
55630000	1.2565689857976152	0.51311012006018	1.0	1.0	2.0
55640000	0.013319904264565993	5.316924795338681E-4	1.0	1.0	2.0
55650000	4.782923008205319	1.4014212230526006	1.0	1.0	2.0
55660000	1.3998754095658275	1.1141320187726345	1.0	1.0	2.0
55670000	0.5049197648584592	0.25991716543992205	1.0	1.0	2.0
55680000	0.7709133244463224	0.6556795703598606	1.0	1.0	2.0
55690000	0.5197756028753476	0.005695287645737111	1.0	1.0	2.0
55700000	1.130113793614391	0.07859900749671003	1.0	1.0	2.0
55710000	1.4772159587550442	0.22803111552724342	1.0	1.0	2.0
55720000	0.6036744563677885	0.38170139055640523	1.0	1.0	2.0
55730000	1.2307549468773629	0.3060633056833057	1.0	1.0	2.0
55740000	2.1977876897309816	0.5591593699936108	1.0	1.0	2.0
55750000	0.7383580276252317	0.49942463213093236	1.0	1.0	2.0
55760000	1.2196711132258118	0.07509139915268842	1.0	1.0	2.0
55770000	2.455871439255724	0.9899686456674658	1.0	1.0	2.0
55780000	1.3682919248334438	0.20632122203015013	1.0	1.0	2.0
55790000	0.6682000978781464	2.032003471889943	1.0	1.0	2.0
55800000	1.1533371139806035	1.5676176973693818	1.0	1.0	2.0
55810000	0.21702334497001854	0.32257288471785545	1.0	1.0	2.0
55820000	1.398189105512161	0.31994597526287377	1.0	1.0	2.0
55830000	0.5499938247130626	0.1019572832513031	1.0	1.0	2.0
55840000	1.3685873591013653	0.2674368119841414	1.0	1.0	2.0
55850000	2.051155533830136	0.9529829277911712	1.0	1.0	2.0
55860000	1.4727678672705296	1.6844079745344704	1.0	1.0	2.0
55870000	5.226913129342217	3.364257626612392	1.0	1.0	2.0
55880000	1.4093268488056074	0.9010205424774176	0.0	1.0	1.0
55890000	0.9706438936396019	0.5211899508668967	1.0	1.0	2.0
55900000	2.056005080337136	0.20837947113902008	1.0	1.0	2.0
55910000	3.8606924271454175	1.5433840961592062	1.0	1.0	2.0
55920000	1.3032404076323438	1.211896702315663	1.0	1.0	2.0
55930000	2.3052680094771425	0.8138104569251701	1.0	1.0	2.0
55940000	1.2469628481534334	0.029148234857659217	1.0	1.0	2.0
55950000	0.5256632936377028	0.31578138472186906	1.0	1.0	2.0
55960000	2.0923842537291493	0.5451115596618407	1.0	1.0	2.0
55970000	0.21733930003434335	0.3773762702797208	1.0	1.0	2.0
55980000	0.9175095272149063	0.3374061324888076	1.0	1.0	2.0
55990000	1.2434907922469955	0.1664308926849562	1.0	1.0	2.0
56000000	1.288776208095783	0.2624167240804605	1.0	1.0	2.0
56010000	2.0178343710645987	0.7554290248893647	1.0	1.0	2.0
56020000	4.376635393800362	0.2845302283879183	1.0	1.0	2.0
56030000	1.8692375031304669	0.10864676917972751	1.0	1.0	2.0
56040000	0.2490097700159078	1.3012320663359164E-4	1.0	1.0	2.0
56050000	0.4716824994748171	0.35384241262029736	1.0	1.0	2.0
56060000	1.0922878504267375	0.38654548717836634	1.0	1.0	2.0
56070000	2.108604094537135	0.1344612800452511	1.0	1.0	2.0
56080000	0.19490328326518724	0.49292354396574145	1.0	1.0	2.0
56090000	0.6767158144618513	0.27446035967881527	1.0	1.0	2.0
56100000	0.7282752370253274	0.7955524559121584	1.0	1.0	2.0
56110000	1.0624279019981182	0.060901031343266125	1.0	1.0	2.0
56120000	0.3687925608048817	0.27980501108210915	1.0	1.0	2.0
56130000	2.0459139972764775	0.13044900546621008	1.0	1.0	2.0
56140000	2.1543436329626116	0.11246964671130485	1.0	1.0	2.0
56150000	2.8528041251075504	0.28026682826607074	1.0	1.0	2.0
56160000	0.4038863438722901	0.24788655417313407	1.0	1.0	2.0
56170000	0.48153078974410074	0.5989123694334602	1.0	1.0	2.0
56180000	0.08907097809083116	0.05787359027180012	1.0	1.0	2.0
56190000	0.4461235446557774	0.028384454016429278	1.0	1.0	2.0
56200000	0.490321342379843	0.7707398888115373	1.0	1.0	2.0
56210000	2.6776247944913214	1.4846448044462637	1.0	1.0	2.0
56220000	1.2100342329728233	0.5907206962986535	1.0	1.0	2.0
56230000	2.5012916665628153	0.06079761936118483	1.0	1.0	2.0
56240000	0.1356692030703108	0.12843220893652657	1.0	1.0	2.0
56250000	0.5055392923765708	0.008718539525447908	1.0	1.0	2.0
56260000	0.9727631751821396	0.3709320109908951	1.0	1.0	2.0
56270000	0.3122896001156294	0.2758737863435138	1.0	1.0	2.0
56280000	1.135916112400324	0.6104450010285242	1.0	1.0	2.0
56290000	0.7920423525469384	1.3616358517553926	1.0	1.0	2.0
56300000	1.0229763209067568	0.0687200023941415	1.0	1.0	2.0
56310000	1.0835476481745736	0.8071636984052719	1.0	1.0	2.0
56320000	0.8279601621551483	1.279677800600117	1.0	1.0	2.0
56330000	0.974602263258219	0.20554289210155816	1.0	1.0	2.0
56340000	0.9535903674869742	0.05850412836804734	1.0	1.0	2.0
56350000	0.1426617839050581	0.054210538224531514	1.0	1.0	2.0
56360000	0.7715952367504806	1.1638317755816823	1.0	1.0	2.0
56370000	1.3655503162818514	0.20937741921809583	1.0	1.0	2.0
56380000	0.7745211965413246	0.3958518760195188	1.0	1.0	2.0
56390000	0.520315886908874	0.39985153437306675	1.0	1.0	2.0
56400000	4.854663737111327	0.39000211551042874	1.0	1.0	2.0
56410000	0.27819359842960667	0.2686699792737044	1.0	1.0	2.0
56420000	1.8766940937898768	1.9800238424152623	1.0	1.0	2.0
56430000	0.9757901767523591	0.5527690304703206	1.0	1.0	2.0
56440000	2.5674029642101734	0.37277548172460967	1.0	1.0	2.0
56450000	0.06369236829561373	0.010518139357856256	1.0	1.0	2.0
56460000	0.9534280193627287	0.04659334421453558	1.0	1.0	2.0
56470000	0.7121296832778725	0.35421516785140583	1.0	1.0	2.0
56480000	2.565925488618111	4.431028119837618	1.0	1.0	2.0
56490000	2.7729634113813284	0.3153908663439289	1.0	1.0	2.0
56500000	0.583945080557558	0.5736086348748497	1.0	1.0	2.0
56510000	0.45760447603908067	0.7699870147396785	1.0	1.0	2.0
56520000	1.5907333090341655	1.2680471256829067	1.0	1.0	2.0
56530000	1.1276264808582148	0.37315435261119617	1.0	1.0	2.0
56540000	1.4446369514279722	0.2390084745268011	1.0	1.0	2.0
56550000	2.4426639170744373	0.6576818514542336	1.0	1.0	2.0
56560000	1.0190606413436134	0.4259724463062705	1.0	1.0	2.0
56570000	2.636526544134857	0.6286798150510438	1.0	1.0	2.0
56580000	0.27875263676099105	0.08601977918521454	1.0	1.0	2.0
56590000	1.2480464736047663	0.7892898467785097	1.0	1.0	2.0
56600000	1.6955251715098782	0.0038092690785262685	1.0	1.0	2.0
56610000	0.7560080624869735	0.008678833831074435	1.0	1.0	2.0
56620000	0.3568060694239309	0.03518758182519982	1.0	1.0	2.0
56630000	0.3754015394786593	0.24859086790430657	1.0	1.0	2.0
56640000	1.2989016816863668	0.0018231414956277696	1.0	1.0	2.0
56650000	1.8404360681348808	0.7309119340407834	1.0	1.0	2.0
56660000	0.5115607586341536	1.169535535640235	1.0	1.0	2.0
56670000	1.9968971155385296	0.10837194589910555	1.0	1.0	2.0
56680000	0.770134373303543	0.10996163977810193	1.0	1.0	2.0
56690000	1.197458447144632	2.601291262744846	1.0	1.0	2.0
56700000	2.9885885298026253	0.3739943291353508	1.0	1.0	2.0
56710000	0.893136920581507	0.33272697723638883	1.0	1.0	2.0
56720000	0.2038567793054461	0.08230817221174043	1.0	1.0	2.0
56730000	1.118579602685864	0.9808860899542581	1.0	1.0	2.0
56740000	1.3163157506718837	0.07260331843307714	1.0	1.0	2.0
56750000	1.2917182911828535	0.5032447531571524	1.0	1.0	2.0
56760000	1.7724982921498327	0.6091044251596367	1.0	1.0	2.0
56770000	0.836734307605799	0.8097393750801288	1.0	1.0	2.0
56780000	0.6684404343809811	1.5448181760741049	1.0	1.0	2.0
56790000	2.2119277017262173	0.014563997331737522	1.0	1.0	2.0
56800000	0.46134214042443983	0.027263071777045404	1.0	1.0	2.0
56810000	0.9333921600565924	0.020439316375795533	1.0	1.0	2.0
56820000	1.9612161113977196	0.11626589383805738	1.0	1.0	2.0
56830000	0.6650736533580673	0.29903496058573653	1.0	1.0	2.0
56840000	0.8049622909723301	0.02151101948277752	1.0	1.0	2.0
56850000	1.9730282677211355	0.10180131958664262	1.0	1.0	2.0
56860000	0.9607972845277357	0.5402600282999767	1.0	1.0	2.0
56870000	3.198243653389217	1.9637499592367142	1.0	1.0	2.0
56880000	0.945532096331886	0.003379233092663849	1.0	1.0	2.0
56890000	0.5332120881015306	1.1136770736814317	1.0	1.0	2.0
56900000	1.9937635310802675	0.10814949362565081	1.0	1.0	2.0
56910000	0.7024298352492689	0.07189882745507206	1.0	1.0	2.0
56920000	1.5032472796704461	0.44382593827972455	1.0	1.0	2.0
56930000	0.2662189273801142	0.6840823547415941	1.0	1.0	2.0
56940000	1.3916305782624505	0.6838517167990245	1.0	1.0	2.0
56950000	2.7197201155128505	0.2516052783185094	1.0	1.0	2.0
56960000	0.16415426189150298	0.32739490561980494	1.0	1.0	2.0
56970000	1.3971452824830186	0.09646959607008597	1.0	1.0	2.0
56980000	0.9103343511488308	1.3113492445612644	1.0	1.0	2.0
56990000	1.925593070395953	0.16730759568335177	1.0	1.0	2.0
57000000	1.9753308820686382	2.955195748354952	1.0	1.0	2.0
57010000	2.399080558949521	0.8095142426705537	1.0	1.0	2.0
57020000	1.0776308281164124	0.05087927507353757	1.0	1.0	2.0
57030000	1.8506805109511604	0.044570099239454784	1.0	1.0	2.0
57040000	1.7613901689147582	1.997136986377409	1.0	1.0	2.0
57050000	1.2753426442768807	0.1182635484943659	1.0	1.0	2.0
57060000	0.24857535206632728	0.19027379687815366	1.0	1.0	2.0
57070000	1.537254950343731	1.6442089907729855	1.0	1.0	2.0
57080000	2.8533144675096347	0.14869398154385294	1.0	1.0	2.0
57090000	1.1322933736828051	0.3604567670639172	1.0	1.0	2.0
57100000	1.3293694962194518	0.509472170019831	1.0	1.0	2.0
57110000	1.83400304579209	0.7425612155829288	1.0	1.0	2.0
57120000	0.8018533326988319	0.12218988522068179	1.0	1.0	2.0
57130000	0.5481731679943014	0.41902214181001796	1.0	1.0	2.0
57140000	0.8587471585644832	0.33538697253274175	1.0	1.0	2.0
57150000	4.797604001320239	0.19514705498989512	1.0	1.0	2.0
57160000	0.2390264961860522	0.010655829297583078	1.0	1.0	2.0
57170000	1.6081150654155383	1.0983359008050484	1.0	1.0	2.0
57180000	1.1451919981611702	0.35318352172736756	1.0	1.0	2.0
57190000	0.3912677837457549	0.30307675756152563	1.0	1.0	2.0
57200000	0.8894197375395843	0.17186661429546066	1.0	1.0	2.0
57210000	1.8697396921148892	0.763430568945694	1.0	1.0	2.0
57220000	5.449367978220541	0.5793754338211924	1.0	1.0	2.0
57230000	1.787946629752552	0.25389007937433256	1.0	1.0	2.0
57240000	1.211420581396542	0.11967087478321407	1.0	1.0	2.0
57250000	0.6629628664736488	0.07178299422715209	1.0	1.0	2.0
57260000	1.3811621300778758	0.172619430439746	1.0	1.0	2.0
57270000	0.5460872274230131	0.0022260760598871747	1.0	1.0	2.0
57280000	0.6092689757100919	0.03326438229299422	1.0	1.0	2.0
57290000	2.458964207183985	0.07758860889943724	1.0	1.0	2.0
57300000	0.16746317945350353	0.3345367201651812	1.0	1.0	2.0
57310000	0.20793643483246543	0.01970948169107183	1.0	1.0	2.0
57320000	3.4421310200963773	0.868418307198516	1.0	1.0	2.0
57330000	0.9630617543644117	0.6870429502273988	1.0	1.0	2.0
57340000	2.148038336298396	1.6383503482191968	1.0	1.0	2.0
57350000	0.9370612982478732	0.4976944006404475	1.0	1.0	2.0
57360000	0.3872703439715492	0.19614771594485092	1.0	1.0	2.0
57370000	0.504383200793074	0.12006820614300934	1.0	1.0	2.0
57380000	0.9167730210510245	0.1284406693818824	1.0	1.0	2.0
57390000	4.562862171592717	0.8879420066412914	1.0	1.0	2.0
57400000	0.3369511761269974	0.08587436644399142	1.0	1.0	2.0
57410000	3.108921884074172	1.1818483370984953	1.0	1.0	2.0
57420000	3.4974240334403013	0.5428702489261238	1.0	1.0	2.0
57430000	0.9500987136716569	0.410228342664687	1.0	1.0	2.0
57440000	0.7849891061077237	0.873657388928367	1.0	1.0	2.0
57450000	1.111622333730984	0.18654182671566974	1.0	1.0	2.0
57460000	0.2787248849950558	0.35369287095322005	1.0	1.0	2.0
57470000	1.4563128895697315	0.0326811624618827	1.0	1.0	2.0
57480000	1.2069929641599033	0.7724698213671133	1.0	1.0	2.0
57490000	0.9873816786605683	0.20531858387636537	1.0	1.0	2.0
57500000	1.4009471758037013	0.11844877732138885	1.0	1.0	2.0
57510000	1.8181887833803607	0.8165157097758944	1.0	1.0	2.0
57520000	0.9272637264208248	0.3444189192164471	1.0	1.0	2.0
57530000	2.3313991385834134	0.7320605768425938	1.0	1.0	2.0
57540000	3.5732298154497113	0.28947606625257266	1.0	1.0	2.0
57550000	1.5050454576510475	0.24278608908773408	1.0	1.0	2.0
57560000	0.09028924746047648	0.002997187398356754	1.0	1.0	2.0
57570000	0.9150202615585954	1.6659925139180602	1.0	1.0	2.0
57580000	1.163310328077069	0.4530966364101692	1.0	1.0	2.0
57590000	0.35137169560423154	0.13710810373556456	1.0	1.0	2.0
57600000	0.22389920138744054	0.3003886139223245	1.0	1.0	2.0
57610000	0.023843023501322537	0.015948280356905757	1.0	1.0	2.0
57620000	6.18548821446422	2.708155467528736	1.0	1.0	2.0
57630000	1.9308154003526186	0.05885078637478963	1.0	1.0	2.0
57640000	1.989008279517666	1.2526514138934493	1.0	1.0	2.0
57650000	0.3134009466678819	0.1902431627374392	1.0	1.0	2.0
57660000	2.2824907728531576	1.8100167514941372	1.0	1.0	2.0
57670000	1.9524103508906088	0.14616081498909284	1.0	1.0	2.0
57680000	2.9842024518421186	0.6912438636945369	1.0	1.0	2.0
57690000	0.6714171847633096	0.5502223764282286	1.0	1.0	2.0
57700000	1.4742973293114434	0.3023916535172673	1.0	1.0	2.0
57710000	1.0402971070581242	0.040168998923898074	1.0	1.0	2.0
57720000	0.5553486402169	1.1153505978988154	1.0	1.0	2.0
57730000	1.3176877882664122	0.6372401717920572	1.0	1.0	2.0
57740000	1.6942017465230923	0.14069590916240218	1.0	1.0	2.0
57750000	2.368213228832483	0.16658491382912	1.0	1.0	2.0
57760000	3.0295815116169353	0.05238862698789915	1.0	1.0	2.0
57770000	1.8543320113002346	0.0782365182005696	1.0	1.0	2.0
57780000	0.2631247482459005	1.34297715121755	1.0	1.0	2.0
57790000	2.5924161243937185	0.9302813230881113	1.0	1.0	2.0
57800000	5.864048934554628	0.3386299233255785	1.0	1.0	2.0
57810000	2.258740756325158	0.4495747571413393	1.0	1.0	2.0
57820000	0.8198193058234404	0.37671255730904746	1.0	1.0	2.0
57830000	0.24061300876768982	0.2097854133424528	1.0	1.0	2.0
57840000	0.8080033121025306	0.11916089049731667	1.0	1.0	2.0
57850000	0.5470975071647336	0.18694168504664374	1.0	1.0	2.0
57860000	1.974824063272764	0.10094768149123408	1.0	1.0	2.0
57870000	0.1957920957734115	0.41882555551073003	1.0	1.0	2.0
57880000	3.426385070186454	1.2138421398815622	1.0	1.0	2.0
57890000	3.295214190783673	2.55033990246701	1.0	1.0	2.0
57900000	1.4681132117646485	0.6511085260534244	1.0	1.0	2.0
57910000	2.5680437526958033	1.0535694340858317	1.0	1.0	2.0
57920000	1.4095541351270215	0.20423807072208125	1.0	1.0	2.0
57930000	0.20121567548825786	0.0035463062353067354	1.0	1.0	2.0
57940000	2.671213581236549	0.11799149717922161	1.0	1.0	2.0
57950000	0.5785360847885319	0.6572710249715631	1.0	1.0	2.0
57960000	0.37155598930363526	0.055773161754253446	1.0	1.0	2.0
57970000	0.07109240939254244	0.12507995651368548	1.0	1.0	2.0
57980000	0.15854171826842403	0.5608154896805905	1.0	1.0	2.0
57990000	0.8257466685795505	0.4643278826493541	1.0	1.0	2.0
58000000	0.6089987392982017	0.49395599900692255	1.0	1.0	2.0
58010000	1.5015438670969117	0.15097629953403413	1.0	1.0	2.0
58020000	1.3083513233353377	1.0381407771337003	1.0	1.0	2.0
58030000	2.8835284298176966	0.08872828035222813	1.0	1.0	2.0
58040000	1.148237261573172	0.34534758062083487	1.0	1.0	2.0
58050000	0.9550131002428007	1.0558995501423174	1.0	1.0	2.0
58060000	0.30954457954361037	0.7497063206869283	1.0	1.0	2.0
58070000	1.3546441671301894	0.0994175701466806	1.0	1.0	2.0
58080000	0.23091208401584776	0.5160333608880577	1.0	1.0	2.0
58090000	0.2832388089998702	1.305252190693435	1.0	1.0	2.0
58100000	1.5725895421060734	0.7923847752644662	1.0	1.0	2.0
58110000	0.5131798977066299	0.4872287564422244	1.0	1.0	2.0
58120000	2.2810781436104306	5.320880694603023	1.0	1.0	2.0
58130000	0.9722906637452294	0.8291123584425311	1.0	1.0	2.0
58140000	0.7522455527323714	1.1984890921148315	1.0	1.0	2.0
58150000	0.24308517573214067	8.441126387319379E-4	1.0	1.0	2.0
58160000	2.1958583549212958	0.2617029575355702	1.0	1.0	2.0
58170000	1.0083177080938417	0.12186463507680392	1.0	1.0	2.0
58180000	1.129244832442706	2.6177294621404905	1.0	1.0	2.0
58190000	0.5511236845489081	0.6310578041618755	1.0	1.0	2.0
58200000	0.2665890916452171	0.13352753513964738	1.0	1.0	2.0
58210000	1.3556202025191988	0.8288962938418128	1.0	1.0	2.0
58220000	0.6340647536645165	1.3040571525546478	1.0	1.0	2.0
58230000	0.5849740803411877	0.006340406639547822	1.0	1.0	2.0
58240000	1.0661939806482126	0.40100417247312903	1.0	1.0	2.0
58250000	1.1721400484494113	0.09279788680961318	1.0	1.0	2.0
58260000	0.4384672365136496	0.012357644409510411	1.0	1.0	2.0
58270000	1.5300937798112055	1.2831290554412778	1.0	1.0	2.0
58280000	0.6379307745867299	0.1920005007613224	1.0	1.0	2.0
58290000	0.6460463569433966	0.5202456613793309	1.0	1.0	2.0
58300000	0.9257933321522422	0.045496400758020396	1.0	1.0	2.0
58310000	2.518710509103383	0.14763708057701302	1.0	1.0	2.0
58320000	3.3236611601729837	0.046345890710811334	1.0	1.0	2.0
58330000	0.8944403857867633	1.7747750865186032	1.0	1.0	2.0
58340000	0.702101789536276	0.05011164630910204	1.0	1.0	2.0
58350000	2.2047202887524295	0.9309193355666324	1.0	1.0	2.0
58360000	0.8586981808584763	0.5580479130698893	1.0	1.0	2.0
58370000	1.7351525955270255	0.3066410894369273	1.0	1.0	2.0
58380000	2.379214589596831	1.1418762637021964	1.0	1.0	2.0
58390000	1.2262656520723452	0.4702923056578371	1.0	1.0	2.0
58400000	3.830270578043688	0.18323740134689182	1.0	1.0	2.0
58410000	1.256814317864673	0.061347884229974975	1.0	1.0	2.0
58420000	0.24879542947366506	0.18501388819237172	1.0	1.0	2.0
58430000	1.9972502653185908	0.3753321156717101	1.0	1.0	2.0
58440000	0.6961448740267246	1.9685559936174226	1.0	1.0	2.0
58450000	0.9179556021453549	0.05833379326672321	1.0	1.0	2.0
58460000	0.4701280143188001	0.30736804254426936	1.0	1.0	2.0
58470000	0.27489397683225697	0.30308478467684224	1.0	1.0	2.0
58480000	0.91321962251004	0.5620116918726383	1.0	1.0	2.0
58490000	1.2014338265047768	1.5657628135814121	1.0	1.0	2.0
58500000	2.3482917115343267	0.05471836129472008	1.0	1.0	2.0
58510000	1.0119736858753594	0.6501241102448535	1.0	1.0	2.0
58520000	3.242702045062956	2.4634081907855747	1.0	1.0	2.0
58530000	1.6416059540018932	3.0204623773104418	1.0	1.0	2.0
58540000	0.833407705677052	0.008744511299924504	1.0	1.0	2.0
58550000	2.767482425433694	0.8082189728795784	1.0	1.0	2.0
58560000	1.0453661005326567	0.7347940842462328	1.0	1.0	2.0
58570000	2.6937704502276363	0.4065591997053668	1.0	1.0	2.0
58580000	4.0862118038879	0.3137981874009655	1.0	1.0	2.0
58590000	0.46048212428053	0.13123970393569842	1.0	1.0	2.0
58600000	3.831173121312215	0.012148131347811625	1.0	1.0	2.0
58610000	0.5829851414805154	0.8364546616192629	1.0	1.0	2.0
58620000	1.5225393736020572	0.10851906074362508	1.0	1.0	2.0
58630000	0.7405639537751827	0.22254076947084162	1.0	1.0	2.0
58640000	0.21240658961825343	0.15790860635947296	1.0	1.0	2.0
58650000	1.0300097766427847	0.47457936858627436	1.0	1.0	2.0
58660000	0.4073006276666949	1.4333491301825074	1.0	1.0	2.0
58670000	1.2010664885841282	0.26907874697626666	1.0	1.0	2.0
58680000	0.3828468308654299	0.21851798576511658	1.0	1.0	2.0
58690000	0.6486097508478578	0.8991119487131561	1.0	1.0	2.0
58700000	2.9854119476991094	0.44305854608929635	1.0	1.0	2.0
58710000	2.0864954686583177	1.8343978124074845	1.0	1.0	2.0
58720000	0.9061285217341833	0.45271465418917095	1.0	1.0	2.0
58730000	0.8853837949381639	0.3744568547974856	1.0	1.0	2.0
58740000	0.9423711891024391	1.4981168313223183	1.0	1.0	2.0
58750000	3.244819091272161	0.42290156473474466	1.0	1.0	2.0
58760000	0.6684345998059419	0.13597660092732936	1.0	1.0	2.0
58770000	0.935143231381014	0.9853157701204385	1.0	1.0	2.0
58780000	1.0234644376314705	1.109891072335212	1.0	1.0	2.0
58790000	0.8521349391662653	0.6363018179502514	1.0	1.0	2.0
58800000	1.3294884968599814	0.037316851856220704	1.0	1.0	2.0
58810000	1.3197923329371122	0.4340360325326134	1.0	1.0	2.0
58820000	0.9022855813498378	0.3196931392798448	1.0	1.0	2.0
58830000	0.5590879910827329	0.25767365862045244	1.0	1.0	2.0
58840000	2.005488827446085	0.3752949855106465	1.0	1.0	2.0
58850000	0.9511516546926551	0.33660161538044847	1.0	1.0	2.0
58860000	0.7911227266129833	1.0285299049389502	1.0	1.0	2.0
58870000	1.3051235325181576	0.13848656344462895	1.0	1.0	2.0
58880000	0.8383729116244656	0.024805585734154208	1.0	1.0	2.0
58890000	2.10613972811535	4.898319281608249	1.0	1.0	2.0
58900000	1.9473805831546742	0.09526025783833324	1.0	1.0	2.0
58910000	2.0339400577452964	0.05450880936546177	1.0	1.0	2.0
58920000	1.601010118979589	0.8443478166340586	1.0	1.0	2.0
58930000	1.9681514702911305	1.35220283360725	1.0	1.0	2.0
58940000	0.6325358622218715	0.3102641875236617	1.0	1.0	2.0
58950000	0.6624775347795401	0.095954145999265	1.0	1.0	2.0
58960000	1.6603540280933544	0.003401978808629493	1.0	1.0	2.0
58970000	1.8610198620488216	0.38956193400284506	1.0	1.0	2.0
58980000	1.217435187957973	0.69329118057842	1.0	1.0	2.0
58990000	0.9302533403145299	0.006155035005034445	1.0	1.0	2.0
59000000	1.1730714207277384	1.5153945776663271	1.0	1.0	2.0
59010000	1.8421216980525121	0.45847890946573994	1.0	1.0	2.0
59020000	1.5024267866637158	0.20188197136090844	1.0	1.0	2.0
59030000	1.2500942454400463	0.04936458578103199	1.0	1.0	2.0
59040000	1.4702807319569773	0.48779091151391574	1.0	1.0	2.0
59050000	2.2297496662032392	0.7052660924880353	1.0	1.0	2.0
59060000	1.0604671516057984	0.40469315526635147	1.0	1.0	2.0
59070000	3.016211806676987	0.24001514637883184	1.0	1.0	2.0
59080000	1.5010640576486027	0.5742619291222485	1.0	1.0	2.0
59090000	0.7044531422020732	0.6994634579209956	1.0	1.0	2.0
59100000	0.8235983880352449	0.3767580335941744	1.0	1.0	2.0
59110000	1.4909590659298841	0.2542841872674919	1.0	1.0	2.0
59120000	1.801288748097012	0.5673079809330781	1.0	1.0	2.0
59130000	0.23384939963712154	0.25826003208021897	1.0	1.0	2.0
59140000	0.8799775437242372	0.2155627533586162	1.0	1.0	2.0
59150000	0.6059332072785073	0.08131075344377661	1.0	1.0	2.0
59160000	0.2934026027453767	0.1157511774388838	1.0	1.0	2.0
59170000	1.3432951888096059	0.04998863327648862	1.0	1.0	2.0
59180000	1.0365216527787653	0.3140011702068441	1.0	1.0	2.0
59190000	2.4762078981173503	0.3057559520405171	1.0	1.0	2.0
59200000	1.197129635362743	1.618087667090602	1.0	1.0	2.0
59210000	0.19799811194608719	0.00547288340408977	1.0	1.0	2.0
59220000	2.7566303809244714	0.014364133347683992	1.0	1.0	2.0
59230000	0.5165560507601068	0.8996721123648996	1.0	1.0	2.0
59240000	4.0944696557697	1.6373897073135981	1.0	1.0	2.0
59250000	0.10866879577158897	0.02502220545994267	1.0	1.0	2.0
59260000	2.661684865828407	0.15609269934019748	1.0	1.0	2.0
59270000	1.604692433260649	0.9231600454786475	1.0	1.0	2.0
59280000	1.349127081998532	0.07676172165323125	1.0	1.0	2.0
59290000	0.42875570171566285	1.0031709282875163	1.0	1.0	2.0
59300000	0.6059131111642404	0.13799679409851076	1.0	1.0	2.0
59310000	0.41374424591082454	0.24074270560678773	1.0	1.0	2.0
59320000	0.8248707482207668	0.026931940818918868	1.0	1.0	2.0
59330000	1.6168345420775396	0.2376985694197896	1.0	1.0	2.0
59340000	0.398696461069453	0.6649807481379267	1.0	1.0	2.0
59350000	0.966746868195347	0.37139980488523544	1.0	1.0	2.0
59360000	0.2558184817275553	0.20406715900160804	1.0	1.0	2.0
59370000	1.9429271945472946	0.011414862802870327	1.0	1.0	2.0
59380000	0.5544243924361753	0.09330952179326729	1.0	1.0	2.0
59390000	0.45421361189854553	0.30405220487599327	1.0	1.0	2.0
59400000	2.1087359599433375	1.154510291986975	1.0	1.0	2.0
59410000	0.17930638258042905	0.0557425008994542	1.0	1.0	2.0
59420000	0.5908672322575376	0.6725414494309195	1.0	1.0	2.0
59430000	4.173336853054208	2.022536566093728	1.0	1.0	2.0
59440000	4.468355630667129	0.09707316988095462	1.0	1.0	2.0
59450000	0.7629543765806484	0.07826479425730773	1.0	1.0	2.0
59460000	0.18807813357133452	0.5026622289070484	1.0	1.0	2.0
59470000	0.5799458167315314	0.17519015252774506	1.0	1.0	2.0
59480000	1.4740629557403497	0.22113744833059956	1.0	1.0	2.0
59490000	1.7273266897152262	1.896852135682804	1.0	1.0	2.0
59500000	0.7943395424516759	0.12458840289599726	1.0	1.0	2.0
59510000	3.928004404585355	0.1430727416206398	1.0	1.0	2.0
59520000	3.4210479395308915	0.2596399976568416	1.0	1.0	2.0
59530000	0.4066631916908253	0.22710208351261132	1.0	1.0	2.0
59540000	1.5081899450958793	1.6478462727859238	1.0	1.0	2.0
59550000	1.097332034765485	0.9445412561611544	1.0	1.0	2.0
59560000	0.40492975405955905	0.7269137670455873	1.0	1.0	2.0
59570000	1.488317355355829	0.7675431838172929	1.0	1.0	2.0
59580000	3.0325080013046164	0.5518501677875465	1.0	1.0	2.0
59590000	1.0383857080254535	0.19724335379795865	1.0	1.0	2.0
59600000	0.8172738248482869	0.5259430872489269	1.0	1.0	2.0
59610000	1.1782627316706646	1.9938095415077204	1.0	1.0	2.0
59620000	0.5717610858220477	0.03493724744501679	1.0	1.0	2.0
59630000	0.48181181076951035	0.23870941795213363	1.0	1.0	2.0
59640000	2.440669041143637	0.545956732541737	1.0	1.0	2.0
59650000	1.5742290049040801	0.3321677466142058	1.0	1.0	2.0
59660000	0.5902230060307924	1.1031815911411802	1.0	1.0	2.0
59670000	0.6049126645613893	0.7632053298933995	1.0	1.0	2.0
59680000	0.7064680038034807	0.3211587002195983	1.0	1.0	2.0
59690000	2.5703480584106813	0.33398896950740964	1.0	1.0	2.0
59700000	0.7385826752004668	0.9853351860412835	1.0	1.0	2.0
59710000	0.6173134299806372	0.08319272943025001	1.0	1.0	2.0
59720000	0.23712380665246066	0.035300132794110116	1.0	1.0	2.0
59730000	1.5296765798218284	0.09721481020826295	1.0	1.0	2.0
59740000	0.6165529451239814	0.05766674133734746	1.0	1.0	2.0
59750000	0.9994524202414534	0.6456876706005588	1.0	1.0	2.0
59760000	1.4038999873834463	0.368203400078012	1.0	1.0	2.0
59770000	0.5711168201789772	0.061968355192600154	1.0	1.0	2.0
59780000	2.209319365147731	0.6649704603845176	1.0	1.0	2.0
59790000	0.32629618749920897	0.5783560749275704	1.0	1.0	2.0
59800000	0.3719621529730847	0.8374565142050864	1.0	1.0	2.0
59810000	0.20819287424566552	0.5162901825315116	1.0	1.0	2.0
59820000	1.6041227654879096	0.7323256197272323	1.0	1.0	2.0
59830000	0.7648615851006269	0.31538694131441564	1.0	1.0	2.0
59840000	0.41768205758183474	0.05760119697349178	1.0	1.0	2.0
59850000	0.20134334336408283	0.3577145026660592	1.0	1.0	2.0
59860000	0.17093515276281435	0.29407506393230365	1.0	1.0	2.0
59870000	1.3874010779810786	2.044852313685092	1.0	1.0	2.0
59880000	1.4349588927544197	0.09696035659541159	1.0	1.0	2.0
59890000	1.1129666958812487	0.8719127285078769	1.0	1.0	2.0
59900000	2.5837968308179313	0.11739006573168967	1.0	1.0	2.0
59910000	0.30990268952199534	0.06152725705613192	1.0	1.0	2.0
59920000	0.14248426920377277	0.661588783459509	1.0	1.0	2.0
59930000	0.08990551368344164	0.003242692175966181	1.0	1.0	2.0
59940000	2.4502550828603944	0.12794379365312378	1.0	1.0	2.0
59950000	1.47017560798007	1.348624288141769	1.0	1.0	2.0
59960000	0.6321814387188011	0.1554791386442706	1.0	1.0	2.0
59970000	2.073722520314977	2.4452575817482662	1.0	1.0	2.0
59980000	0.39429675179127777	0.5309441982445362	0.0	1.0	1.0
59990000	0.6549020882702196	0.013385036604436417	1.0	1.0	2.0
60000000	0.36421154613753287	0.31794870198860087	1.0	1.0	2.0
60010000	0.8465062312777012	0.47671235958501856	1.0	1.0	2.0
60020000	0.40003796418905085	0.2690389415468127	1.0	1.0	2.0
60030000	0.13705003476218514	0.031976421664158344	1.0	1.0	2.0
60040000	0.38401097424013525	0.5087270729630382	1.0	1.0	2.0
60050000	1.8512320595354035	1.1883473514440746	1.0	1.0	2.0
60060000	3.1197038384733706	1.1396891612594937	1.0	1.0	2.0
60070000	0.8650463720946516	1.4114520917714108	1.0	1.0	2.0
60080000	0.05416408716750342	0.022559297617439245	1.0	1.0	2.0
60090000	1.1268640212572107	0.36032112572950603	1.0	1.0	2.0
60100000	0.2821781799417543	0.041250752961697904	1.0	1.0	2.0
60110000	1.157656005451898	0.5351912293108843	1.0	1.0	2.0
60120000	4.585296617374487	0.6672808499694545	1.0	1.0	2.0
60130000	2.4435428672382544	0.9086175333721238	1.0	1.0	2.0
60140000	1.1488940623388655	0.06059994279462213	1.0	1.0	2.0
60150000	1.9687721870459898	1.827503222497617	1.0	1.0	2.0
60160000	2.3207882314219206	0.25789214222875223	1.0	1.0	2.0
60170000	2.6178002315940043	0.7426446910781916	1.0	1.0	2.0
60180000	1.7596117637842357	1.5415052324035665	1.0	1.0	2.0
60190000	0.8013610749866804	1.9611906922865148	1.0	1.0	2.0
60200000	2.567185325585228	0.037731673625311116	1.0	1.0	2.0
60210000	0.39915737247670624	0.19242081708275385	1.0	1.0	2.0
60220000	0.5543799185304658	0.4349778888896	1.0	1.0	2.0
60230000	3.0063521322894067	1.2192625384271971	1.0	1.0	2.0
60240000	1.3837066113764889	0.13237088006107248	1.0	1.0	2.0
60250000	0.5962740770710608	0.12179919464208473	1.0	1.0	2.0
60260000	1.4953145629502358	0.32741938730299286	1.0	1.0	2.0
60270000	0.528456856555128	0.06268709811319602	1.0	1.0	2.0
60280000	1.5330605470457395	0.12595527920344757	1.0	1.0	2.0
60290000	1.5977465733862324	0.4430530627264422	1.0	1.0	2.0
60300000	1.38504752297943	0.479627242892481	1.0	1.0	2.0
60310000	1.3757469779335474	0.2857018749710852	1.0	1.0	2.0
60320000	0.7944195755318033	0.06378284552694131	1.0	1.0	2.0
60330000	0.8075035489690275	1.0893669063653393	1.0	1.0	2.0
60340000	3.835788411127539	0.7967565526429142	1.0	1.0	2.0
60350000	2.0547464317028528	1.1226850907153565	1.0	1.0	2.0
60360000	1.9353866862280864	0.8652529623013072	1.0	1.0	2.0
60370000	0.8674301880091699	0.48480400161134807	1.0	1.0	2.0
60380000	0.20260938933573183	0.1579181883888351	1.0	1.0	2.0
60390000	0.975794906349109	0.5619273498382893	1.0	1.0	2.0
60400000	0.5704610821437164	0.7324412016160501	1.0	1.0	2.0
60410000	1.3827628700805576	0.2875745661050329	1.0	1.0	2.0
60420000	1.9600174191259812	1.0111004476421368	1.0	1.0	2.0
60430000	1.5121138792769708	0.7300308354585942	1.0	1.0	2.0
60440000	0.11346018949696962	0.030756502972649945	1.0	1.0	2.0
60450000	2.200814542575612	0.251469721509153	1.0	1.0	2.0
60460000	1.2658150848485064	0.719923099517177	1.0	1.0	2.0
60470000	1.5144887521482473	0.0694453942153061	1.0	1.0	2.0
60480000	0.7623250491720418	0.5057538323085641	1.0	1.0	2.0
60490000	0.215964568926009	0.15014692208067654	1.0	1.0	2.0
60500000	0.5150081462336321	1.4685465255823447	1.0	1.0	2.0
60510000	0.3785815826479125	0.4386297091734051	1.0	1.0	2.0
60520000	0.7292669023465675	0.09027321201319144	1.0	1.0	2.0
60530000	0.5729212633918149	1.1879823127618088	1.0	1.0	2.0
60540000	1.1693175794856132	0.8438664292129018	1.0	1.0	2.0
60550000	1.4476629698200576	1.6989988186744172	1.0	1.0	2.0
60560000	3.6198753591137245	0.7762014158675379	1.0	1.0	2.0
60570000	0.9090768870585446	0.14710961305886477	1.0	1.0	2.0
60580000	0.6017680754009672	0.6569533526948945	1.0	1.0	2.0
60590000	0.9545170926459513	0.3024620274803632	1.0	1.0	2.0
60600000	0.6067937796808056	1.3637956030905485	1.0	1.0	2.0
60610000	1.5392739346578486	0.8720830917104949	1.0	1.0	2.0
60620000	0.9436897447514322	0.03914873888266362	1.0	1.0	2.0
60630000	2.224332810083611	0.3956346849096187	1.0	1.0	2.0
60640000	0.4999145273363635	0.8879952075434109	1.0	1.0	2.0
60650000	0.29676738408602826	0.005958712285316063	1.0	1.0	2.0
60660000	1.123833234910745	0.07725049172380513	1.0	1.0	2.0
60670000	1.2791742767027516	0.6076777116636939	1.0	1.0	2.0
60680000	0.9464853935915696	1.6140165585815456	1.0	1.0	2.0
60690000	0.3194376042672063	0.22349285338175695	1.0	1.0	2.0
60700000	0.46160374521886105	0.9449014836417766	1.0	1.0	2.0
60710000	1.2888877336435711	0.38137021487227984	1.0	1.0	2.0
60720000	1.0768772615292312	0.5467240890015805	1.0	1.0	2.0
60730000	1.466601649064803	0.5381646332109412	1.0	1.0	2.0
60740000	1.3712950525958119	0.5620917621096789	1.0	1.0	2.0
60750000	2.9776098335353316	0.5800598590750843	1.0	1.0	2.0
60760000	1.928813770995221	2.5417803583159317	1.0	1.0	2.0
60770000	0.17677595473594732	0.009139238791732935	1.0	1.0	2.0
60780000	1.5763616676559595	1.4149897666603797	1.0	1.0	2.0
60790000	1.0543617377342511	1.4293231609176966	1.0	1.0	2.0
60800000	3.170743104863943	1.6088115772090357	1.0	1.0	2.0
60810000	3.4872632523645803	0.15828748678022378	1.0	1.0	2.0
60820000	0.344790539786603	0.4167762539132891	1.0	1.0	2.0
60830000	0.8856682376689575	0.06754678535887776	1.0	1.0	2.0
60840000	2.675900235877195	1.6720706228993476	1.0	1.0	2.0
60850000	1.2215155749367896	0.09673847420286802	1.0	1.0	2.0
60860000	3.4109640396795373	0.7463313394118081	1.0	1.0	2.0
60870000	0.4069202136202115	0.4292728021247706	1.0	1.0	2.0
60880000	1.7376572281405387	1.344876324350896	1.0	1.0	2.0
60890000	0.24128889323420497	0.3178974325464454	1.0	1.0	2.0
60900000	0.5758517920385475	0.3316468867139228	1.0	1.0	2.0
60910000	0.8917122752143778	0.22487487399943906	1.0	1.0	2.0
60920000	1.07948395439908	0.19357000746239056	1.0	1.0	2.0
60930000	1.0516717481002962	0.6346887386171143	1.0	1.0	2.0
60940000	0.17970547988825572	0.06705320236902959	1.0	1.0	2.0
60950000	1.0250671588223603	0.0932165408204564	1.0	1.0	2.0
60960000	0.5293434560475464	0.09445264622284788	1.0	1.0	2.0
60970000	1.8791343850898343	0.6569792611226692	1.0	1.0	2.0
60980000	0.6674271776389425	0.11961776698069614	1.0	1.0	2.0
60990000	0.8071580504435892	0.3030008242167968	1.0	1.0	2.0
61000000	0.781210842684069	0.12404588737826533	1.0	1.0	2.0
61010000	0.7003969878618936	0.5184722526120831	1.0	1.0	2.0
61020000	2.6843253351942065	0.13372525798591914	1.0	1.0	2.0
61030000	3.1489485492780225	2.084619906060337	1.0	1.0	2.0
61040000	1.154412496013854	1.0835407093928249	1.0	1.0	2.0
61050000	1.2796176548937297	0.811667701538747	1.0	1.0	2.0
61060000	0.8989522352482882	1.293213246747724	1.0	1.0	2.0
61070000	2.7961941039032667	2.3349090130186476	1.0	1.0	2.0
61080000	0.5181838551703765	0.17377326487993106	1.0	1.0	2.0
61090000	0.0783897584063312	0.08775992301376816	1.0	1.0	2.0
61100000	2.2101644842291823	0.34047472993789324	1.0	1.0	2.0
61110000	1.2859628672408785	0.6926120113321571	1.0	1.0	2.0
61120000	0.8506830056631683	1.8161569459949216	1.0	1.0	2.0
61130000	2.393039135339394	2.828216892937732	1.0	1.0	2.0
61140000	1.9374381325808425	0.145526825063999	1.0	1.0	2.0
61150000	0.3214264982776413	0.1184473598663151	1.0	1.0	2.0
61160000	0.6981608688625078	1.1818619490491067	1.0	1.0	2.0
61170000	1.1891001626314597	0.8330572195363117	1.0	1.0	2.0
61180000	0.5915012384318543	0.0879746369052543	1.0	1.0	2.0
61190000	0.19501460427725867	0.16459108669699676	1.0	1.0	2.0
61200000	0.8213837281492007	0.17176744155739218	1.0	1.0	2.0
61210000	0.41683123069518163	0.6155870086838297	1.0	1.0	2.0
61220000	1.5435936394122782	1.3207943747069757	1.0	1.0	2.0
61230000	0.271507423684124	0.07802853185229683	1.0	1.0	2.0
61240000	0.690705735192273	0.08764807365049798	1.0	1.0	2.0
61250000	1.4586387421818265	0.5139963417572907	1.0	1.0	2.0
61260000	0.4043079977722718	0.7096302676409104	1.0	1.0	2.0
61270000	1.6476308022564468	0.03433129026337943	1.0	1.0	2.0
61280000	1.099248472161537	0.36140383052085107	1.0	1.0	2.0
61290000	0.6658738457731282	0.5258235587767691	1.0	1.0	2.0
61300000	1.2371048822280657	0.3478838249136618	1.0	1.0	2.0
61310000	0.5057969972334657	0.6455832982748726	1.0	1.0	2.0
61320000	1.948679425085115	1.3534636987250672	1.0	1.0	2.0
61330000	0.39007043651328605	0.32305041960067055	1.0	1.0	2.0
61340000	1.366734864368105	3.202269414088566	1.0	1.0	2.0
61350000	0.9510097517998265	0.38131489300746063	1.0	1.0	2.0
61360000	4.0949702568313535	0.6481045858723424	1.0	1.0	2.0
61370000	0.8063361213423083	0.007617433606751274	1.0	1.0	2.0
61380000	0.6192579186936688	0.10218895220672511	1.0	1.0	2.0
61390000	0.95538709693565	0.12635643070929278	1.0	1.0	2.0
61400000	1.0659725405441232	0.8796940541625555	1.0	1.0	2.0
61410000	0.9660468708830962	0.0401727472421227	1.0	1.0	2.0
61420000	0.14488070701221648	0.06221924011864604	1.0	1.0	2.0
61430000	0.58570428389072	0.14238816979672816	1.0	1.0	2.0
61440000	0.9449330495741127	0.4099113652993968	1.0	1.0	2.0
61450000	1.3889286477220486	0.21360855741785553	1.0	1.0	2.0
61460000	0.396135797991842	0.0402181916197378	1.0	1.0	2.0
61470000	0.7300712042613146	0.6044736672601884	1.0	1.0	2.0
61480000	2.778820243559353	1.0246060767864695	1.0	1.0	2.0
61490000	0.11016655192052967	0.16092890105041494	1.0	1.0	2.0
61500000	0.9048839775190712	0.012785696313565905	1.0	1.0	2.0
61510000	1.2745929156619544	0.5956191263635134	1.0	1.0	2.0
61520000	3.1983063578621747	3.020329151183972	1.0	1.0	2.0
61530000	0.460022068223614	0.4846647933698831	1.0	1.0	2.0
61540000	1.2973507342071005	0.19742144847523785	1.0	1.0	2.0
61550000	1.2808315415449416	0.1832190740591418	1.0	1.0	2.0
61560000	1.5262358683546886	0.676979830224641	1.0	1.0	2.0
61570000	0.2328308747460773	0.05770871209273248	0.0	1.0	1.0
61580000	2.7836699989212557	0.2512915634259794	1.0	1.0	2.0
61590000	2.375291371259767	0.13028602270877462	1.0	1.0	2.0
61600000	0.7744679206302502	2.208735814771313	1.0	1.0	2.0
61610000	1.1094950654567535	1.0270366595790612	1.0	1.0	2.0
61620000	0.7300816967715097	1.27132771689321	1.0	1.0	2.0
61630000	0.9855147751624765	0.572359072989093	1.0	1.0	2.0
61640000	0.7093325670773439	0.045306837674873285	1.0	1.0	2.0
61650000	0.8777606174211301	0.8750141411945797	1.0	1.0	2.0
61660000	1.8412307885742534	0.08150505437402739	1.0	1.0	2.0
61670000	0.37789120733965736	0.5273786886477116	1.0	1.0	2.0
61680000	0.1678281368524607	0.3653836275066919	1.0	1.0	2.0
61690000	0.8403722440219836	1.5935631692668089	1.0	1.0	2.0
61700000	1.8813201071420624	0.1122302170707958	1.0	1.0	2.0
61710000	1.5178322552262546	1.916248419199065	1.0	1.0	2.0
61720000	0.31885914782661245	0.4805470545023462	1.0	1.0	2.0
61730000	0.5536576305298413	0.1814978606913408	1.0	1.0	2.0
61740000	0.8761425571509575	0.03879565577237678	1.0	1.0	2.0
61750000	1.5266364505367895	0.5178115803995305	1.0	1.0	2.0
61760000	0.6227634799027202	0.030341750646473282	1.0	1.0	2.0
61770000	1.3346321526342984	0.9963982741756445	1.0	1.0	2.0
61780000	1.2868483581906962	0.08250903541324218	1.0	1.0	2.0
61790000	0.575038663902233	0.2077422331009928	1.0	1.0	2.0
61800000	0.2932331215471755	0.04898530887545357	1.0	1.0	2.0
61810000	0.5738965819316575	1.281562023691329	1.0	1.0	2.0
61820000	1.686671404551233	0.47287867386480104	1.0	1.0	2.0
61830000	0.15302618410133348	0.028222124229743427	1.0	1.0	2.0
61840000	2.6514928621141656	0.8165805477227591	1.0	1.0	2.0
61850000	2.757216216139947	0.7419374972989329	1.0	1.0	2.0
61860000	0.7367941941756326	0.041556842452010134	1.0	1.0	2.0
61870000	1.7111913403074015	0.035132864206354246	1.0	1.0	2.0
61880000	0.3202504313724135	0.5574858403440963	1.0	1.0	2.0
61890000	4.617675563408626	0.6105888757608895	1.0	1.0	2.0
61900000	0.7328133605410868	0.03347095638917736	1.0	1.0	2.0
61910000	1.196995625455109	0.18039389910709533	1.0	1.0	2.0
61920000	0.21377571566593492	0.06570944423295455	1.0	1.0	2.0
61930000	0.605825740142436	1.9379363705402728	1.0	1.0	2.0
61940000	0.7665231988722976	0.8224129880414864	1.0	1.0	2.0
61950000	0.10526977310445022	0.004634395166762136	1.0	1.0	2.0
61960000	0.8381667095707133	0.08798659637288227	1.0	1.0	2.0
61970000	0.8494804610797138	0.25786843335411314	1.0	1.0	2.0
61980000	0.20663639105541076	0.04282661959200709	1.0	1.0	2.0
61990000	1.3244599236784629	2.892114106862539	1.0	1.0	2.0
62000000	0.722508652141436	0.21918137571775415	1.0	1.0	2.0
62010000	0.34388560563250664	0.3613252726131777	1.0	1.0	2.0
62020000	0.669207263360713	0.3302770561026453	1.0	1.0	2.0
62030000	1.485821885800562	0.42854944139511214	1.0	1.0	2.0
62040000	0.521270728241334	0.04888505070404342	1.0	1.0	2.0
62050000	1.5875115436427367	1.943690991043989	1.0	1.0	2.0
62060000	1.0628949183778793	0.0823981601300933	1.0	1.0	2.0
62070000	0.5226422117954646	0.0273025801236738	1.0	1.0	2.0
62080000	2.0789683980754665	1.2147854952058883	1.0	1.0	2.0
62090000	0.5081540310407197	0.014738805897539403	1.0	1.0	2.0
62100000	1.3253178670413468	0.22755825879545488	1.0	1.0	2.0
62110000	3.584853577417199	0.41516601841221906	1.0	1.0	2.0
62120000	2.506552779435204	1.5051038699844883	1.0	1.0	2.0
62130000	1.2733900759475472	0.4050983520324756	1.0	1.0	2.0
62140000	0.534368425549697	0.003611304970050327	1.0	1.0	2.0
62150000	1.3078341949658907	0.913620368820362	1.0	1.0	2.0
62160000	0.6138144603740373	0.034424102332552206	1.0	1.0	2.0
62170000	1.2040042117653529	0.11117076228124079	1.0	1.0	2.0
62180000	0.9004013229342585	0.7360594946445443	1.0	1.0	2.0
62190000	0.96383226012003	0.2689313843132217	1.0	1.0	2.0
62200000	0.20916153666000556	0.01581106460796434	1.0	1.0	2.0
62210000	1.2844066840128412	0.0421819781018059	1.0	1.0	2.0
62220000	1.699373514499309	0.9192771465242883	1.0	1.0	2.0
62230000	0.6694896470094125	0.8080933291295501	1.0	1.0	2.0
62240000	1.083462099085886	0.3004968838666708	1.0	1.0	2.0
62250000	0.21195862336834514	0.355996155560669	1.0	1.0	2.0
62260000	0.9436483306267712	0.5411957471257218	1.0	1.0	2.0
62270000	1.125131573062589	1.3493753093800571	1.0	1.0	2.0
62280000	3.0206588844388276	0.7850665552784816	1.0	1.0	2.0
62290000	2.256483242751223	0.4086820168565198	1.0	1.0	2.0
62300000	4.7122152298613305	0.330370703271462	1.0	1.0	2.0
62310000	0.8895532996704301	1.1435148185560318	1.0	1.0	2.0
62320000	0.6471830289324272	0.20416191427172764	1.0	1.0	2.0
62330000	1.599650276081433	0.12770745630811595	1.0	1.0	2.0
62340000	2.550140074375265	0.06280105904428239	1.0	1.0	2.0
62350000	0.9153444955903608	0.2277374203138764	1.0	1.0	2.0
62360000	0.8699383525458545	0.20740284480646012	1.0	1.0	2.0
62370000	1.862891118287135	0.2519189368643178	1.0	1.0	2.0
62380000	1.6054206947080374	0.4014365680032602	1.0	1.0	2.0
62390000	1.4594160444674529	1.3995344409384558	1.0	1.0	2.0
62400000	3.1886692176586617	0.0646078961621238	1.0	1.0	2.0
62410000	1.105364675629803	0.4877080210211575	1.0	1.0	2.0
62420000	1.9015455097618954	0.6547690523571859	1.0	1.0	2.0
62430000	2.5038720078485186	1.3589311952147796	1.0	1.0	2.0
62440000	1.4070759749655826	2.6198842025061944	1.0	1.0	2.0
62450000	5.299000346882594	0.15403429877185126	1.0	1.0	2.0
62460000	0.10935855140746767	0.17707338134035705	1.0	1.0	2.0
62470000	1.4162261706870358	0.35649065637093813	1.0	1.0	2.0
62480000	5.184661274395851	0.5013822446132838	1.0	1.0	2.0
62490000	2.3342154485517943	0.05097393563510311	1.0	1.0	2.0
62500000	2.134743167864925	1.0900547021148714	1.0	1.0	2.0
62510000	0.7104666544507438	0.2562160415008785	1.0	1.0	2.0
62520000	0.3280939518951386	0.08079405934625754	1.0	1.0	2.0
62530000	0.4264586761080159	0.29594322768313414	1.0	1.0	2.0
62540000	0.2001989049154987	0.25615034999914094	1.0	1.0	2.0
62550000	2.941210440653734	0.1826762767096096	1.0	1.0	2.0
62560000	0.5053113463992471	0.20610450175639466	1.0	1.0	2.0
62570000	0.5747836450580668	0.09262224527146413	1.0	1.0	2.0
62580000	0.16287293378609738	0.07695030763012892	1.0	1.0	2.0
62590000	3.1288378283636296	2.4086813010343495	1.0	1.0	2.0
62600000	0.982181012668355	1.5838217854623964	1.0	1.0	2.0
62610000	2.0819229264012287	2.382004659435109	1.0	1.0	2.0
62620000	0.5222117858704598	0.4742959140459904	1.0	1.0	2.0
62630000	3.035970800992011	2.7842380150685635	1.0	1.0	2.0
62640000	0.8050605410270614	0.039128211138354164	1.0	1.0	2.0
62650000	0.21160547991259251	0.10240949964670946	1.0	1.0	2.0
62660000	0.508504649508259	0.4440363776905176	1.0	1.0	2.0
62670000	1.3223430893560777	0.01786621906299942	1.0	1.0	2.0
62680000	1.3938198519668301	4.438027412465487	1.0	1.0	2.0
62690000	0.8570271828752778	0.2234705839477641	1.0	1.0	2.0
62700000	0.09831444976248649	0.002729524448702013	1.0	1.0	2.0
62710000	1.749358818556833	0.28537302314358326	1.0	1.0	2.0
62720000	0.917147902328436	1.1952885693299649	1.0	1.0	2.0
62730000	0.9979209283429546	0.8962197756180265	1.0	1.0	2.0
62740000	4.075796883738359	1.1186901016392272	1.0	1.0	2.0
62750000	1.9160879176926433	0.9982099454349821	1.0	1.0	2.0
62760000	0.7745481140209378	0.5936993474019682	1.0	1.0	2.0
62770000	0.9053093871237226	0.8718957457686931	1.0	1.0	2.0
62780000	6.025318141352384	2.1394289127054518	1.0	1.0	2.0
62790000	1.064161421595156	0.1871885116187477	1.0	1.0	2.0
62800000	1.2512716042677157	0.13994391089062802	1.0	1.0	2.0
62810000	0.5132091167076932	1.0088994611599964	1.0	1.0	2.0
62820000	0.21428908451023684	0.11069683792682827	1.0	1.0	2.0
62830000	0.20157721804284573	0.18000930784165925	1.0	1.0	2.0
62840000	0.5389173695123687	0.713183413910229	1.0	1.0	2.0
62850000	2.2744980251422744	0.2637741928601117	1.0	1.0	2.0
62860000	1.993162964221253	0.0792828058982355	1.0	1.0	2.0
62870000	0.3129865743973784	0.5291688889234816	1.0	1.0	2.0
62880000	0.10004809619150873	0.1500362068092943	1.0	1.0	2.0
62890000	0.5957366488797855	0.4881323319549063	1.0	1.0	2.0
62900000	0.42984932147782695	0.7111083539500804	1.0	1.0	2.0
62910000	0.8792865348307867	0.8673370507125244	1.0	1.0	2.0
62920000	3.935431497794034	1.2508244015831078	1.0	1.0	2.0
62930000	0.8804696249665117	0.47192408782950007	1.0	1.0	2.0
62940000	1.0182584532494858	0.29013205820584703	1.0	1.0	2.0
62950000	0.18196573555082393	0.7686799751012882	1.0	1.0	2.0
62960000	1.590492441557543	0.21699612307268862	1.0	1.0	2.0
62970000	0.35575644629767733	0.06508551572448479	1.0	1.0	2.0
62980000	1.5849318923393312	1.2049948686452463	1.0	1.0	2.0
62990000	1.5866185769103898	0.12648006283060784	1.0	1.0	2.0
63000000	0.3780557263173684	1.23958327866112	1.0	1.0	2.0
63010000	1.3330060811830866	0.048658908840257274	1.0	1.0	2.0
63020000	0.10694334196648839	0.3234527116550244	1.0	1.0	2.0
63030000	1.9960102546951843	2.735583406916915	1.0	1.0	2.0
63040000	4.248339623820147	0.07265259376440966	1.0	1.0	2.0
63050000	0.260267502137316	0.36956412536837224	1.0	1.0	2.0
63060000	2.9867558203594	0.5958038287289109	0.0	1.0	1.0
63070000	0.7694607779616113	0.35263391456133697	1.0	1.0	2.0
63080000	0.7681635066035469	1.6445041755688807	1.0	1.0	2.0
63090000	1.39080864524198	0.06936446953382396	1.0	1.0	2.0
63100000	2.232698715383261	0.10404773829602902	1.0	1.0	2.0
63110000	2.3553693698908904	0.21597641378098814	1.0	1.0	2.0
63120000	0.7007570658499429	0.14756860015315	1.0	1.0	2.0
63130000	0.6219199280915688	0.22225440213539413	1.0	1.0	2.0
63140000	1.4275703261842019	0.004794748279673343	1.0	1.0	2.0
63150000	1.5292877491572394	0.7695337088164114	1.0	1.0	2.0
63160000	0.8630883199233189	0.13821627893333915	1.0	1.0	2.0
63170000	0.22290138315802088	0.7195454987472439	1.0	1.0	2.0
63180000	0.9715217381608855	0.1439420906498747	1.0	1.0	2.0
63190000	0.8315541618631026	0.1325560092982955	1.0	1.0	2.0
63200000	2.9647455572431336	1.184426513853991	1.0	1.0	2.0
63210000	2.4039423121075374	0.6044082644776475	1.0	1.0	2.0
63220000	0.8136737462191929	1.2119424317441512	1.0	1.0	2.0
63230000	0.27810988730847896	0.747198525648218	0.0	1.0	1.0
63240000	0.6434575176022812	0.42009123709987195	1.0	1.0	2.0
63250000	2.1752141428091187	0.019762340476782346	1.0	1.0	2.0
63260000	0.131414187163389	0.0887868143766684	1.0	1.0	2.0
63270000	0.4781212947552284	1.6723257383147208	1.0	1.0	2.0
63280000	1.3299258001049241	0.27946029717288395	1.0	1.0	2.0
63290000	3.175772582049501	0.7261159503370624	1.0	1.0	2.0
63300000	0.4223409467986233	0.7612857046223805	1.0	1.0	2.0
63310000	3.678901916336995	0.9091867557666554	1.0	1.0	2.0
63320000	1.6707263058280075	0.4703998438260627	1.0	1.0	2.0
63330000	0.7303457288917599	0.8706532226548427	1.0	1.0	2.0
63340000	0.9850449273355729	0.5329438845275924	1.0	1.0	2.0
63350000	0.9908586038531263	0.4501329876779561	1.0	1.0	2.0
63360000	1.2253465511358892	1.3512863295911395	1.0	1.0	2.0
63370000	0.4277163609008342	0.02294991688192781	1.0	1.0	2.0
63380000	0.6893823976063027	0.3156952128507041	1.0	1.0	2.0
63390000	0.9683614899361703	0.11600781879974253	1.0	1.0	2.0
63400000	0.9367357147849565	0.13490408277094035	1.0	1.0	2.0
63410000	2.1750404090028113	0.28711349569307887	1.0	1.0	2.0
63420000	2.3562247450188747	0.10098540164327814	1.0	1.0	2.0
63430000	0.4944494155169288	0.3999246683214696	1.0	1.0	2.0
63440000	0.5211629482830559	1.0430416512439602	1.0	1.0	2.0
63450000	0.5864267753097262	0.35123694107264336	1.0	1.0	2.0
63460000	1.6013443989822769	0.6575258665647056	1.0	1.0	2.0
63470000	1.13774021750468	3.3196665598688164	1.0	1.0	2.0
63480000	0.58983888146225	0.16347992369349398	1.0	1.0	2.0
63490000	0.6401475885824033	0.8340980014358863	1.0	1.0	2.0
63500000	1.6631021813980467	0.6945705968197741	1.0	1.0	2.0
63510000	2.4509411121677926	0.10429476935226482	1.0	1.0	2.0
63520000	0.8371119786064752	0.3976456419588079	1.0	1.0	2.0
63530000	0.8294412611650345	3.377966087826963	1.0	1.0	2.0
63540000	4.028201771404322	2.8342318704073852	1.0	1.0	2.0
63550000	0.2021573773468158	0.058320022497156496	1.0	1.0	2.0
63560000	1.3140582500326194	1.9954588555950206	1.0	1.0	2.0
63570000	0.6230694880500031	1.0811750543156047	1.0	1.0	2.0
63580000	2.296313225894469	0.052591036586016604	1.0	1.0	2.0
63590000	3.4937028466340876	0.43184904245110206	1.0	1.0	2.0
63600000	0.8368466175354005	1.366559190285602	1.0	1.0	2.0
63610000	1.875570094712801	2.271236501180222	1.0	1.0	2.0
63620000	0.7562697461284192	0.02403150980637514	1.0	1.0	2.0
63630000	0.9681116411283084	0.003319640958206072	1.0	1.0	2.0
63640000	1.6570375634944123	0.17317142746638567	1.0	1.0	2.0
63650000	0.15341610755651297	0.024083590917121356	1.0	1.0	2.0
63660000	0.12942385829364914	0.13882403615542477	1.0	1.0	2.0
63670000	0.3778875899487742	0.06376070119297192	1.0	1.0	2.0
63680000	0.3048563596132424	0.965112908071647	1.0	1.0	2.0
63690000	0.9914926428297284	0.5677736714053991	1.0	1.0	2.0
63700000	1.2600372527103514	0.6379962484685812	1.0	1.0	2.0
63710000	0.6822873498757782	0.2564912014809451	1.0	1.0	2.0
63720000	1.8103700761522725	0.15076917712375337	1.0	1.0	2.0
63730000	2.3852874256351715	0.30680178642537353	1.0	1.0	2.0
63740000	2.6108178232662027	2.082918609694037	1.0	1.0	2.0
63750000	2.1826515776882545	0.03872808885953548	1.0	1.0	2.0
63760000	1.2142772154513641	0.16047275992334425	1.0	1.0	2.0
63770000	0.21112646014156183	0.46542350058482	1.0	1.0	2.0
63780000	1.5321303913952433	0.1654254036363768	1.0	1.0	2.0
63790000	1.4003070222266287	1.2633529711631606	1.0	1.0	2.0
63800000	2.271955003235079	1.3357889807383105	1.0	1.0	2.0
63810000	1.3193357032399158	0.44022899114873193	1.0	1.0	2.0
63820000	1.8386670474928228	0.14920520756066397	1.0	1.0	2.0
63830000	2.0937022200449777	2.578592828346427	1.0	1.0	2.0
63840000	0.8331326891007407	0.8488995265267634	1.0	1.0	2.0
63850000	0.17379143737822278	0.231498553353052	1.0	1.0	2.0
63860000	1.823751096592121	0.0562302811931012	1.0	1.0	2.0
63870000	1.4081656298966554	0.7162558828402493	1.0	1.0	2.0
63880000	0.8214637152577402	0.08771187893293618	1.0	1.0	2.0
63890000	3.7696236163563746	0.07199806828165152	1.0	1.0	2.0
63900000	1.8978395794597325	0.3983848241256571	1.0	1.0	2.0
63910000	1.4207368646095364	0.8561287474763674	1.0	1.0	2.0
63920000	1.2054642140639367	0.012147462859154632	1.0	1.0	2.0
63930000	3.292236176613015	0.4127571244940325	1.0	1.0	2.0
63940000	0.19210911186631863	0.18375502406968094	1.0	1.0	2.0
63950000	0.6372061181907145	0.19270313261463876	1.0	1.0	2.0
63960000	0.7981088616320153	0.12317735312406237	1.0	1.0	2.0
63970000	0.331909441516186	0.45798278174045143	1.0	1.0	2.0
63980000	0.19248562341034955	0.09073551680754167	1.0	1.0	2.0
63990000	0.670448258123042	0.32415431229274416	1.0	1.0	2.0
64000000	2.369462801161275	0.07284464259571859	1.0	1.0	2.0
64010000	1.0535658997203392	0.7588486326013697	1.0	1.0	2.0
64020000	0.40664476324229026	0.08346526401615495	1.0	1.0	2.0
64030000	2.7414440488434004	1.9128044169956324	1.0	1.0	2.0
64040000	0.1892307967336356	1.2973341421817957	1.0	1.0	2.0
64050000	1.733752408159468	2.4118102545566367	1.0	1.0	2.0
64060000	0.6852112833974753	0.4120695390100689	1.0	1.0	2.0
64070000	3.468267240163241	0.5507068554179474	1.0	1.0	2.0
64080000	0.3698166860222065	0.0903597635947518	1.0	1.0	2.0
64090000	1.8528620951985986	0.8830445676429347	1.0	1.0	2.0
64100000	0.37458235725728284	0.8830902141285335	1.0	1.0	2.0
64110000	0.8869390638437853	2.3101892617323623	1.0	1.0	2.0
64120000	0.9020444174769982	0.09523004078974301	1.0	1.0	2.0
64130000	1.0424945064374134	0.5283637078748358	1.0	1.0	2.0
64140000	4.384806112804601	0.41604226214866546	1.0	1.0	2.0
64150000	1.234445457153342	0.10407770648335962	1.0	1.0	2.0
64160000	0.9375128369640567	0.08798836870220421	1.0	1.0	2.0
64170000	0.7582328860447599	0.2035439341873169	1.0	1.0	2.0
64180000	1.0388446775900901	0.45780946693243235	1.0	1.0	2.0
64190000	0.43507617290847983	0.4883570701278085	1.0	1.0	2.0
64200000	1.5684211354661857	0.14771923060127523	1.0	1.0	2.0
64210000	0.3577825547212998	0.12304761776806582	1.0	1.0	2.0
64220000	0.5031872212404864	0.16049440435120643	1.0	1.0	2.0
64230000	0.7130944543855025	1.30862929045502	1.0	1.0	2.0
64240000	3.4667960799589586	0.5366425371267965	1.0	1.0	2.0
64250000	1.9747188086958662	0.43054380164423306	1.0	1.0	2.0
64260000	0.2013178445940612	0.217991128457621	1.0	1.0	2.0
64270000	0.34311843675076276	0.7999778531468938	1.0	1.0	2.0
64280000	1.9323334769099432	0.9219395724195864	1.0	1.0	2.0
64290000	0.34928794989587775	1.0136215269711533	1.0	1.0	2.0
64300000	1.4516833547244476	0.5612519323646585	1.0	1.0	2.0
64310000	0.8685855287293903	0.7768507523016442	1.0	1.0	2.0
64320000	0.9331123104921974	0.5374375045277333	1.0	1.0	2.0
64330000	1.81193080388754	1.1327434749317928	1.0	1.0	2.0
64340000	0.34178921008069907	0.04265423136437042	1.0	1.0	2.0
64350000	2.1375975562499065	2.5467540534155457	1.0	1.0	2.0
64360000	3.5499485517740488	0.13787965865619206	1.0	1.0	2.0
64370000	1.651390658661378	0.11561834040230742	1.0	1.0	2.0
64380000	0.3883631808715337	0.20839121896250032	1.0	1.0	2.0
64390000	5.447057266912924	0.9290275390668211	1.0	1.0	2.0
64400000	0.9652775851216778	0.7189386515827763	1.0	1.0	2.0
64410000	1.0771996265098782	0.7740342162018913	1.0	1.0	2.0
64420000	1.4104085169288731	0.13184373228115154	1.0	1.0	2.0
64430000	0.4125951526670111	0.5033759993014262	1.0	1.0	2.0
64440000	1.4749197438259574	1.2284161881555935	1.0	1.0	2.0
64450000	0.5947695581150478	0.23893264975431255	1.0	1.0	2.0
64460000	0.5329434012776222	0.13958127336978252	1.0	1.0	2.0
64470000	0.6744776941369806	0.022261168913344932	1.0	1.0	2.0
64480000	0.5038158633044979	1.0726566124595098	1.0	1.0	2.0
64490000	3.3668897002954714	2.6356943223171627	1.0	1.0	2.0
64500000	1.2352736522946388	0.27513281598861206	1.0	1.0	2.0
64510000	0.49485636225660057	0.5180382340692465	1.0	1.0	2.0
64520000	0.41836979912982414	0.5716378143077174	1.0	1.0	2.0
64530000	5.062151372621117	0.10735938236326638	1.0	1.0	2.0
64540000	2.1205803706067266	0.5614919851856759	1.0	1.0	2.0
64550000	0.9611084415931004	1.7802665195480547	1.0	1.0	2.0
64560000	0.5874197029494838	0.06256122122378562	1.0	1.0	2.0
64570000	4.601630926121575	0.6429218370215286	1.0	1.0	2.0
64580000	1.206464042858113	0.7266002964309757	1.0	1.0	2.0
64590000	2.9989726642870953	0.18057876996354943	1.0	1.0	2.0
64600000	0.6155802515651675	0.11580837800148877	1.0	1.0	2.0
64610000	1.3043773218581194	0.259196193061621	1.0	1.0	2.0
64620000	2.1556572752913095	0.21303377286607206	1.0	1.0	2.0
64630000	0.28142710535957716	0.5778756046556276	1.0	1.0	2.0
64640000	0.03876810720936362	0.1223865560505495	1.0	1.0	2.0
64650000	0.671919392768633	0.13707874715971613	1.0	1.0	2.0
64660000	2.4570096325451116	0.2195281726552654	1.0	1.0	2.0
64670000	0.15431304000926213	0.24190416535309506	1.0	1.0	2.0
64680000	1.1043265469243706	0.11948246576062445	1.0	1.0	2.0
64690000	1.4008530040910678	0.13466564209222406	1.0	1.0	2.0
64700000	2.8908862291332245	0.40299296226164355	1.0	1.0	2.0
64710000	1.7918367449300716	2.2148745465703414	1.0	1.0	2.0
64720000	1.9237063958271452	1.369472708148868	1.0	1.0	2.0
64730000	2.5668410365454246	0.06748791288066941	1.0	1.0	2.0
64740000	0.5306718771050413	0.5523063736301779	1.0	1.0	2.0
64750000	0.12686869638977108	0.005351374433378489	1.0	1.0	2.0
64760000	1.040555092446482	3.073479260173666	1.0	1.0	2.0
64770000	1.3985388070888964	0.044727672720349325	1.0	1.0	2.0
64780000	1.1766045700890153	0.37979334061337106	1.0	1.0	2.0
64790000	1.0342395685382837	1.3251488812676424	1.0	1.0	2.0
64800000	1.3843859824274374	0.6852525687686828	1.0	1.0	2.0
64810000	0.24608560546399152	0.22499370142985525	1.0	1.0	2.0
64820000	1.7788280196102852	0.9633842686983668	1.0	1.0	2.0
64830000	0.7526731591608569	1.145323089034693	1.0	1.0	2.0
64840000	1.0250921661596522	1.8535069983127719	1.0	1.0	2.0
64850000	1.3574431594095917	0.036733740241139935	1.0	1.0	2.0
64860000	0.8949156877649528	0.17945423548650796	1.0	1.0	2.0
64870000	0.6256075729732381	1.2549639273957556	1.0	1.0	2.0
64880000	2.1209866176459182	2.3693134091849584	1.0	1.0	2.0
64890000	2.0416076907137155	1.3243113932128632	1.0	1.0	2.0
64900000	2.5099126229712727	0.2130145904312356	1.0	1.0	2.0
64910000	2.5881673213110967	0.8503630331291535	1.0	1.0	2.0
64920000	1.023478429019842	0.6596434748669782	1.0	1.0	2.0
64930000	0.8400018689718278	0.6762258441882117	1.0	1.0	2.0
64940000	0.3174709378340464	0.13870710564296254	1.0	1.0	2.0
64950000	0.3267318836570372	0.026738131414898118	1.0	1.0	2.0
64960000	1.862504970582573	0.0297655964963052	1.0	1.0	2.0
64970000	0.22251425591419982	0.29741395920589203	1.0	1.0	2.0
64980000	1.256645502359206	0.20259546941428222	1.0	1.0	2.0
64990000	1.2213470626386302	0.002197588025959893	1.0	1.0	2.0
65000000	0.547091538195697	0.5241526537919682	1.0	1.0	2.0
65010000	0.9262743532010794	0.6300914454764504	1.0	1.0	2.0
65020000	1.3366844517937724	0.2467273339784453	1.0	1.0	2.0
65030000	1.861146459736909	0.1102925842347387	1.0	1.0	2.0
65040000	0.7024572847213336	0.05097522911240132	1.0	1.0	2.0
65050000	0.5655196536139707	1.6329819144257605	1.0	1.0	2.0
65060000	0.5178132328858257	0.28501074992244596	1.0	1.0	2.0
65070000	0.3523864464684118	0.35197716793585815	1.0	1.0	2.0
65080000	2.327812229967913	0.45247149788748586	1.0	1.0	2.0
65090000	0.7516459888332597	0.4919233139809374	1.0	1.0	2.0
65100000	0.5005262766213562	0.16738452862509298	1.0	1.0	2.0
65110000	1.687582286528488	1.0184185883584809	1.0	1.0	2.0
65120000	1.473740209267201	0.33928634122802437	1.0	1.0	2.0
65130000	1.065330429613123	0.4169478721612218	1.0	1.0	2.0
65140000	2.5364894306519106	0.9682048718046634	1.0	1.0	2.0
65150000	1.4181771319280259	0.4208694346436332	1.0	1.0	2.0
65160000	1.2638952117001634	0.9425005179799081	1.0	1.0	2.0
65170000	0.20406601228604665	0.023477771174075145	1.0	1.0	2.0
65180000	0.7997309367313712	2.7787952805103497	1.0	1.0	2.0
65190000	0.35091301977357414	0.05091021873013678	1.0	1.0	2.0
65200000	1.552870879476049	1.4004811499243615	1.0	1.0	2.0
65210000	0.1778256297681862	0.5695776602331358	1.0	1.0	2.0
65220000	0.98492878867643	0.6099037620505584	1.0	1.0	2.0
65230000	0.49576261058789145	1.0549418352657065	1.0	1.0	2.0
65240000	2.153769765936877	0.984217703512778	1.0	1.0	2.0
65250000	2.379087132459035	0.06285960159277948	1.0	1.0	2.0
65260000	0.2866386924730695	0.12210340415130055	1.0	1.0	2.0
65270000	0.10374950371210928	0.01932575053714001	1.0	1.0	2.0
65280000	0.334111506123643	0.05044683304559492	1.0	1.0	2.0
65290000	2.0413762813657397	0.3641361151126974	1.0	1.0	2.0
65300000	4.48099426950332	0.8339042859062683	1.0	1.0	2.0
65310000	0.6169840824252778	2.0781423404572643	1.0	1.0	2.0
65320000	2.4798344943515667	0.30292100610038836	1.0	1.0	2.0
65330000	0.6428103944283068	0.5429813630780345	1.0	1.0	2.0
65340000	0.46053463414987195	0.11336220623057863	1.0	1.0	2.0
65350000	1.858394225201274	0.3353772247481379	1.0	1.0	2.0
65360000	2.1027988274169007	1.939877750684092	1.0	1.0	2.0
65370000	0.11944858664254246	0.12897012371951555	1.0	1.0	2.0
65380000	1.1332003714915198	0.13919296070349385	1.0	1.0	2.0
65390000	4.267298681465875	0.2675523427225352	1.0	1.0	2.0
65400000	2.0577338560336074	0.26408315015145434	1.0	1.0	2.0
65410000	3.724789590111957	1.5514351756360238	1.0	1.0	2.0
65420000	1.800009502074831	1.5653686644901126	1.0	1.0	2.0
65430000	1.438635650216711	2.164842680345594	1.0	1.0	2.0
65440000	0.29423460048318995	0.010834435824245434	1.0	1.0	2.0
65450000	1.7023068377922557	1.553613422769657	1.0	1.0	2.0
65460000	3.7330558577034183	1.665104197147889	1.0	1.0	2.0
65470000	0.7090816193966379	0.47614297935607586	1.0	1.0	2.0
65480000	1.3956249137225392	0.6929858197362221	1.0	1.0	2.0
65490000	6.549691114623482	0.043148834401293724	1.0	1.0	2.0
65500000	0.9951509341900253	0.14186011900502396	1.0	1.0	2.0
65510000	2.3678048532793072	0.4753773035697689	1.0	1.0	2.0
65520000	2.374810762972088	0.7270016238532002	1.0	1.0	2.0
65530000	0.6321776359438019	0.14567744498332882	1.0	1.0	2.0
65540000	1.9607440105651115	0.5948942199352075	1.0	1.0	2.0
65550000	0.09319335905043147	0.20592560546038038	1.0	1.0	2.0
65560000	3.3668402803396114	3.5167699947651214	1.0	1.0	2.0
65570000	0.9029851801982844	0.5891632881905557	1.0	1.0	2.0
65580000	2.815783409536698	0.3249644553007139	1.0	1.0	2.0
65590000	0.28108857346151134	0.1921942100401325	1.0	1.0	2.0
65600000	2.7573420439481184	0.3410552638030324	1.0	1.0	2.0
65610000	3.2859751753161937	0.8240132811385045	1.0	1.0	2.0
65620000	0.6961971864995437	0.035305797736974585	1.0	1.0	2.0
65630000	0.7444368317650195	0.3697128935405486	1.0	1.0	2.0
65640000	1.979757236414326	1.1765452095290818	1.0	1.0	2.0
65650000	1.7438488740771367	0.7174625688830367	1.0	1.0	2.0
65660000	1.5955609171701668	0.588304821241295	1.0	1.0	2.0
65670000	4.7726908969364095	1.2357813050651665	1.0	1.0	2.0
65680000	3.4084601150638694	1.320954984398175	1.0	1.0	2.0
65690000	2.602227103658269	0.2062120937223043	1.0	1.0	2.0
65700000	1.3565857355883817	0.6150554771235444	1.0	1.0	2.0
65710000	1.9318333629139222	0.13645893644657978	1.0	1.0	2.0
65720000	0.9549910812420812	0.37468711287022743	1.0	1.0	2.0
65730000	0.4467489087981346	0.30646892421268784	1.0	1.0	2.0
65740000	0.2870948114559065	0.33675639505174615	1.0	1.0	2.0
65750000	0.3291622489922883	0.32043089710202866	1.0	1.0	2.0
65760000	1.6358892208468505	1.1958399032985785	1.0	1.0	2.0
65770000	3.4277071647152164	1.0941149288842897	1.0	1.0	2.0
65780000	0.553849349091478	0.7047752998209454	1.0	1.0	2.0
65790000	2.89229717176728	0.14206246141842654	1.0	1.0	2.0
65800000	0.8396701197977969	0.0884388413127272	1.0	1.0	2.0
65810000	0.9042970271532871	0.00875474235936503	1.0	1.0	2.0
65820000	0.7191114389463272	0.2521627184985254	1.0	1.0	2.0
65830000	2.2823499697369374	2.150323786322073	1.0	1.0	2.0
65840000	1.0393007747221479	0.14017892697431183	1.0	1.0	2.0
65850000	0.783321146033807	1.1329652842754778	1.0	1.0	2.0
65860000	0.9089834663780302	0.9432870579177465	1.0	1.0	2.0
65870000	0.13651205937929564	0.07793860497264811	1.0	1.0	2.0
65880000	0.5118201964852845	0.07953613709878923	1.0	1.0	2.0
65890000	0.7113538975725536	1.0342397381468356	1.0	1.0	2.0
65900000	0.642081827267475	1.7123364120989473	1.0	1.0	2.0
65910000	1.3575341014044882	1.2608836178366363	1.0	1.0	2.0
65920000	0.6771281893382024	0.29919003849934556	1.0	1.0	2.0
65930000	0.4869666388490375	1.9526474195603731	1.0	1.0	2.0
65940000	1.6779619572562312	0.16584848316285725	1.0	1.0	2.0
65950000	0.7813765019372724	0.14210579204027068	1.0	1.0	2.0
65960000	1.139446561316772	0.4942828478001827	1.0	1.0	2.0
65970000	1.7595059589734663	1.410358487925592	1.0	1.0	2.0
65980000	0.856503037723495	0.0030392110420923756	1.0	1.0	2.0
65990000	1.1974498770010882	0.0743494736508538	1.0	1.0	2.0
66000000	0.8996764643272105	0.8838857754274047	1.0	1.0	2.0
66010000	2.23792180364373	1.222240985947062	1.0	1.0	2.0
66020000	1.1664958800183125	0.29061850779853415	1.0	1.0	2.0
66030000	1.7076586628578732	0.22566584676293405	1.0	1.0	2.0
66040000	1.9802916325432214	0.5655187507009216	1.0	1.0	2.0
66050000	3.4185214567271833	0.12866288942947607	1.0	1.0	2.0
66060000	0.26504121641450223	0.3500142226256234	1.0	1.0	2.0
66070000	0.7047492587186794	0.35111678885611725	1.0	1.0	2.0
66080000	1.3525093211971468	1.3234550340607594	1.0	1.0	2.0
66090000	1.8346740418782927	0.5997566647189407	1.0	1.0	2.0
66100000	1.7188506866056685	1.0586840410243858	1.0	1.0	2.0
66110000	1.6953823844886953	1.1958869102414784	1.0	1.0	2.0
66120000	1.2989472622960707	0.2818306075598866	1.0	1.0	2.0
66130000	0.688654147012965	0.3055295723608042	1.0	1.0	2.0
66140000	2.3925803588058203	0.7267575667940697	1.0	1.0	2.0
66150000	1.0992441485129458	0.13787560208917754	1.0	1.0	2.0
66160000	0.32097537362077194	0.18140533274869156	1.0	1.0	2.0
66170000	0.23672641354514806	0.04032405607579789	1.0	1.0	2.0
66180000	1.7074199749851786	0.06677448293995163	1.0	1.0	2.0
66190000	0.2494974475865176	0.03038947253481931	1.0	1.0	2.0
66200000	1.669843470879592	0.5098860064703016	1.0	1.0	2.0
66210000	0.4831576747295702	0.21779204668933147	1.0	1.0	2.0
66220000	3.5532249741844013	0.5513703512721307	1.0	1.0	2.0
66230000	3.0023775718498324	0.4628262085124795	1.0	1.0	2.0
66240000	5.788377100072328	0.14514289323746668	1.0	1.0	2.0
66250000	1.6959421590186436	0.05920680688372706	1.0	1.0	2.0
66260000	1.0595399153282148	1.1697770827759641	1.0	1.0	2.0
66270000	1.4179490448546204	1.0772469083758927	1.0	1.0	2.0
66280000	0.25629528041917526	0.1734424566325291	1.0	1.0	2.0
66290000	0.4729390543685288	2.0093668918612133	1.0	1.0	2.0
66300000	3.111814498676563	0.08976529792948458	1.0	1.0	2.0
66310000	1.1727609296835453	0.8165867371885172	1.0	1.0	2.0
66320000	0.4230933884344249	0.1767998167783214	1.0	1.0	2.0
66330000	2.874649093073259	0.9261517945431221	1.0	1.0	2.0
66340000	3.526666091094085	0.3894185618981751	1.0	1.0	2.0
66350000	1.078583012174934	0.431353240455805	1.0	1.0	2.0
66360000	2.355780560225558	0.17645206165184557	1.0	1.0	2.0
66370000	0.23671379449655336	0.3295613943066216	1.0	1.0	2.0
66380000	0.1516810836890365	0.23588413391402469	1.0	1.0	2.0
66390000	0.21996737670196034	0.0477562511156011	1.0	1.0	2.0
66400000	3.2854590853360355	1.144806793265742	1.0	1.0	2.0
66410000	0.3262299341861793	0.3598934015720345	1.0	1.0	2.0
66420000	0.9729734703572116	2.002433877988278	1.0	1.0	2.0
66430000	0.581409388370015	0.02461035456948579	1.0	1.0	2.0
66440000	0.24039094426467428	0.4004808632851503	1.0	1.0	2.0
66450000	1.202289443726303	0.5312720123553515	1.0	1.0	2.0
66460000	0.8209678350087296	0.532138186985872	1.0	1.0	2.0
66470000	0.49076377794535425	0.02567981086159965	1.0	1.0	2.0
66480000	2.837265585471311	1.274433305227849	1.0	1.0	2.0
66490000	0.8455456629173572	0.05954351730261504	1.0	1.0	2.0
66500000	0.4683854174133458	0.8974173619881105	1.0	1.0	2.0
66510000	5.768485361518451	0.37678199399365836	1.0	1.0	2.0
66520000	0.6770383067865486	0.16942586824210984	1.0	1.0	2.0
66530000	0.852272334693906	2.2248276696772806	1.0	1.0	2.0
66540000	0.7856333736731694	0.5102401779244203	1.0	1.0	2.0
66550000	0.6636566303196446	0.34972630749023753	1.0	1.0	2.0
66560000	1.122151433592079	0.20047082563602378	1.0	1.0	2.0
66570000	4.023356868118455	0.4079712624052284	1.0	1.0	2.0
66580000	0.5683859332005693	0.029637615928882963	1.0	1.0	2.0
66590000	3.3382094907205153	0.2904334349184213	1.0	1.0	2.0
66600000	0.7102123156152161	0.200547029048095	1.0	1.0	2.0
66610000	0.5810824920505929	0.4849604533523815	1.0	1.0	2.0
66620000	0.3569579135916837	0.4642154940796993	1.0	1.0	2.0
66630000	1.3086979500525755	4.1773804810056285	1.0	1.0	2.0
66640000	1.1080556456228183	0.394141395530504	1.0	1.0	2.0
66650000	1.1627283433398534	0.14515095930129196	1.0	1.0	2.0
66660000	0.6809172908292825	0.4132319894534715	1.0	1.0	2.0
66670000	1.0504387669903155	3.1997286854225147	1.0	1.0	2.0
66680000	0.8061977869704665	0.2408159722293533	1.0	1.0	2.0
66690000	0.43090143534645053	0.476923040706982	1.0	1.0	2.0
66700000	2.4272450795063123	0.31459123686838236	1.0	1.0	2.0
66710000	2.747749951704222	0.020215142999818504	1.0	1.0	2.0
66720000	0.29010876963065835	0.8327178899338582	1.0	1.0	2.0
66730000	0.2499499986805299	0.11771194158859084	1.0	1.0	2.0
66740000	1.7604822520971626	1.1188471029163054	1.0	1.0	2.0
66750000	0.10760894077725522	0.1427568241301313	1.0	1.0	2.0
66760000	0.5611301588697247	0.8887152254671348	1.0	1.0	2.0
66770000	0.04439077815000707	0.005748026508210948	1.0	1.0	2.0
66780000	0.7552667964935385	0.17983796342292188	1.0	1.0	2.0
66790000	0.8309566947103935	0.6870106165525612	1.0	1.0	2.0
66800000	0.24068317282152119	0.0381386902622954	1.0	1.0	2.0
66810000	4.994464382562969	0.17734026187392823	1.0	1.0	2.0
66820000	0.4244895398966451	0.4566186247619239	1.0	1.0	2.0
66830000	1.499278215519605	0.0074144419104076285	1.0	1.0	2.0
66840000	3.3012822742678365	0.5357481969958982	1.0	1.0	2.0
66850000	0.6319999410501514	0.5586727516864723	1.0	1.0	2.0
66860000	0.09752539975523516	0.13744144949808942	1.0	1.0	2.0
66870000	0.9492232481744727	0.2868715822327036	1.0	1.0	2.0
66880000	0.2249699969345277	0.014024012519694477	1.0	1.0	2.0
66890000	1.9864745781987363	0.2936339424172968	1.0	1.0	2.0
66900000	3.1957301109209046	0.0538636651771012	1.0	1.0	2.0
66910000	4.5243039422386655	0.061386759199511184	1.0	1.0	2.0
66920000	0.13480727384982885	0.08453352758659631	1.0	1.0	2.0
66930000	2.3084789448248304	0.0031103237750181125	1.0	1.0	2.0
66940000	1.5561928414493906	0.3672351813079088	1.0	1.0	2.0
66950000	1.1182604510194936	0.5887550823412563	1.0	1.0	2.0
66960000	0.960721860086629	1.8222263930111031	1.0	1.0	2.0
66970000	0.629493478789253	0.30846014808171324	1.0	1.0	2.0
66980000	0.2041328865119776	0.36179149051260856	1.0	1.0	2.0
66990000	1.0932796242248832	0.11992395704434287	1.0	1.0	2.0
67000000	1.924070758750941	0.3716372465722737	1.0	1.0	2.0
67010000	1.4238609534233635	0.8172432267664603	1.0	1.0	2.0
67020000	1.7882234120723048	0.13028108234802457	1.0	1.0	2.0
67030000	3.334177439209466	0.5804603609977323	1.0	1.0	2.0
67040000	0.13966298417993697	0.6245498664439699	1.0	1.0	2.0
67050000	0.46666075509243815	0.6029677042607919	1.0	1.0	2.0
67060000	0.824692783898092	0.5561461358401443	1.0	1.0	2.0
67070000	0.256658869770241	0.15532046117799408	1.0	1.0	2.0
67080000	1.7734796682213767	0.9082150258808382	1.0	1.0	2.0
67090000	1.703646863610364	0.5874636922774412	1.0	1.0	2.0
67100000	2.680054436429164	1.6213274373341873	1.0	1.0	2.0
67110000	0.8966458056293188	1.005809908889095	1.0	1.0	2.0
67120000	3.324416160291968	1.0343151185500126	1.0	1.0	2.0
67130000	1.928077100364802	0.6767761812728947	1.0	1.0	2.0
67140000	0.4953478695685651	0.16684674096395316	0.0	1.0	1.0
67150000	2.75483546792869	0.19697350839256206	1.0	1.0	2.0
67160000	0.2722547404482717	0.12768394733639596	1.0	1.0	2.0
67170000	1.8278784223068096	0.5034436810686825	1.0	1.0	2.0
67180000	0.7080742006955341	0.003929300877450883	1.0	1.0	2.0
67190000	0.8752043983001873	0.07398799252797	1.0	1.0	2.0
67200000	1.1088689094860937	0.6332009011480771	1.0	1.0	2.0
67210000	0.7634396194874639	0.24108984806765157	1.0	1.0	2.0
67220000	0.23563192096570046	0.1901148913241777	1.0	1.0	2.0
67230000	1.1436030051474984	0.8160136577666582	1.0	1.0	2.0
67240000	3.9787584673179985	0.091470651206837	1.0	1.0	2.0
67250000	1.8537715372478394	0.011651179385161642	1.0	1.0	2.0
67260000	2.8484105164175757	0.15838469897664206	1.0	1.0	2.0
67270000	3.777992621919131	1.2823354169678103	1.0	1.0	2.0
67280000	0.10784562093327145	0.02460604977653112	1.0	1.0	2.0
67290000	0.30580871210277705	0.6936772436496567	1.0	1.0	2.0
67300000	0.6000660544828429	0.6468272459837097	1.0	1.0	2.0
67310000	2.441148676211469	0.2590329398618042	1.0	1.0	2.0
67320000	2.016463246511805	0.05967954573020922	1.0	1.0	2.0
67330000	1.2547149589520976	0.3974753757128388	1.0	1.0	2.0
67340000	0.24630236563639163	0.01905381210226719	1.0	1.0	2.0
67350000	0.6984289313574825	1.509318103853344	1.0	1.0	2.0
67360000	1.627094345864597	0.12357870637326311	1.0	1.0	2.0
67370000	1.771168452752018	1.171534404444411	1.0	1.0	2.0
67380000	6.6365792263622865	1.9918445151020894	1.0	1.0	2.0
67390000	0.5133252580058228	0.4247408356997114	1.0	1.0	2.0
67400000	0.93656427480611	0.039550159401952764	1.0	1.0	2.0
67410000	3.269561100532624	0.054522527475894644	1.0	1.0	2.0
67420000	0.5841645372619823	0.16800625880538833	1.0	1.0	2.0
67430000	1.4221119350187192	1.0964624581449331	1.0	1.0	2.0
67440000	2.62945013701914	0.7341402413027025	1.0	1.0	2.0
67450000	0.6086087451903287	0.023470045417165974	1.0	1.0	2.0
67460000	0.18989454103613862	0.17586599472135675	1.0	1.0	2.0
67470000	2.0977365343785266	0.014227695357463129	1.0	1.0	2.0
67480000	2.452385469750557	0.3992420353577021	1.0	1.0	2.0
67490000	0.6661856112500043	0.02211177985170904	1.0	1.0	2.0
67500000	4.706510727927174	0.22056245008334302	1.0	1.0	2.0
67510000	1.5150287589643558	0.574092537757558	1.0	1.0	2.0
67520000	3.6103687526879265	1.2753552858587935	1.0	1.0	2.0
67530000	0.4342019160220176	0.3599026686427744	1.0	1.0	2.0
67540000	0.40627374047268916	0.4291805281446522	1.0	1.0	2.0
67550000	0.5059969190242274	0.2854518150387632	1.0	1.0	2.0
67560000	1.2207188415995556	0.08120321796792918	1.0	1.0	2.0
67570000	1.0396046178081297	1.3186957668026793	1.0	1.0	2.0
67580000	2.528892858557574	1.0133388606874745	1.0	1.0	2.0
67590000	0.494499607927921	2.048997042447854	1.0	1.0	2.0
67600000	0.7627321392376691	0.07166060023672181	1.0	1.0	2.0
67610000	0.4233274591125264	1.2408783745220449	1.0	1.0	2.0
67620000	0.6101690394238	0.37934244893991453	1.0	1.0	2.0
67630000	0.5787876772263101	0.7522511943435046	1.0	1.0	2.0
67640000	1.7535268082014626	0.4496989388998729	1.0	1.0	2.0
67650000	0.5946646798162593	3.3540121717869135E-5	1.0	1.0	2.0
67660000	0.8497833699350191	0.5007966008505899	1.0	1.0	2.0
67670000	0.77798421501813	0.20213458976143753	1.0	1.0	2.0
67680000	2.568426608752689	0.2834695700453285	1.0	1.0	2.0
67690000	1.474358875551918	0.5306892814535604	1.0	1.0	2.0
67700000	1.51239188896234	0.3221332009936656	1.0	1.0	2.0
67710000	0.19696294742673137	0.07478970447963	1.0	1.0	2.0
67720000	0.7344628802799575	0.25372600086645397	1.0	1.0	2.0
67730000	1.4615529985848974	1.0140055270035027	1.0	1.0	2.0
67740000	0.4873906891507697	0.09265890866254257	1.0	1.0	2.0
67750000	1.7692235895405901	0.9888223268825315	1.0	1.0	2.0
67760000	2.5619542064763903	0.8592441525670466	1.0	1.0	2.0
67770000	0.023696238660800166	0.45664696778771785	0.0	1.0	1.0
67780000	1.7224762638372346	0.301759472022603	1.0	1.0	2.0
67790000	1.438844866622632	0.6710269444987395	1.0	1.0	2.0
67800000	3.081376842755914	1.3053359665073305	1.0	1.0	2.0
67810000	3.0803796916762347	0.5928240156158664	1.0	1.0	2.0
67820000	1.7409829470704379	0.21991809590515932	1.0	1.0	2.0
67830000	0.9226122919615753	0.9309046967278647	1.0	1.0	2.0
67840000	1.4855024460786468	0.22806616619695022	1.0	1.0	2.0
67850000	0.9495328037264967	0.35457015286179216	1.0	1.0	2.0
67860000	4.801023091978408	0.11555204079317748	1.0	1.0	2.0
67870000	0.2066099165941338	0.03486621105544032	1.0	1.0	2.0
67880000	0.4522036108711109	1.0385853943131345	1.0	1.0	2.0
67890000	0.7739414745257595	0.6563817797607743	1.0	1.0	2.0
67900000	1.03211554745588	0.9365852724871183	1.0	1.0	2.0
67910000	3.586524059251365	0.18480130178801302	1.0	1.0	2.0
67920000	1.0946892143147344	2.074807439452094	1.0	1.0	2.0
67930000	1.3993464011602792	0.0422779724390956	1.0	1.0	2.0
67940000	2.45464512633625	0.4186058931560922	1.0	1.0	2.0
67950000	0.3835815734206819	0.025382751401518286	1.0	1.0	2.0
67960000	0.570713899698759	0.5115419164609383	1.0	1.0	2.0
67970000	0.43891495337835146	0.14992011848362896	1.0	1.0	2.0
67980000	1.708597078191678	1.9767929268711288	1.0	1.0	2.0
67990000	3.7849589666752457	0.15640204014644618	1.0	1.0	2.0
68000000	0.8164528412065123	1.233331803774664	1.0	1.0	2.0
68010000	4.25081034894197	0.9582935348727963	1.0	1.0	2.0
68020000	0.9407833020969888	0.01422175418117156	1.0	1.0	2.0
68030000	1.4021389440117602	1.1840337343895735	1.0	1.0	2.0
68040000	2.6946932743588454	1.0302881991266473	1.0	1.0	2.0
68050000	2.2481436898153118	0.7949077986748877	1.0	1.0	2.0
68060000	0.4553231744322917	0.034400986711683304	1.0	1.0	2.0
68070000	1.7166271668027229	0.23588790946744959	1.0	1.0	2.0
68080000	1.6014307448486584	0.6974791476729432	1.0	1.0	2.0
68090000	1.385913328035375	0.27167583180454896	1.0	1.0	2.0
68100000	1.125179357251907	0.21512411786032215	1.0	1.0	2.0
68110000	2.5243827052589523	1.2323509111689726	1.0	1.0	2.0
68120000	1.218451545323434	0.03506210230113525	1.0	1.0	2.0
68130000	1.476280296131203	0.6714897586953343	1.0	1.0	2.0
68140000	0.6992000883098569	0.40353191498940577	1.0	1.0	2.0
68150000	1.0122425098478482	0.32489742414282846	1.0	1.0	2.0
68160000	1.3428951719126638	0.7536126707546192	1.0	1.0	2.0
68170000	1.0130671111544538	0.9185126859179237	1.0	1.0	2.0
68180000	3.383237170306587	0.43522946940271123	1.0	1.0	2.0
68190000	0.9035246337786385	0.20917644702023364	1.0	1.0	2.0
68200000	2.9222261780435668	2.7578550514470974	1.0	1.0	2.0
68210000	0.36599061429248186	0.09196467270523533	1.0	1.0	2.0
68220000	0.4837975765128033	0.5462232830151401	1.0	1.0	2.0
68230000	0.5272168708468042	0.0021083518353715615	1.0	1.0	2.0
68240000	0.5721514559549739	0.06760257254974973	1.0	1.0	2.0
68250000	1.5342944974490131	0.03008932856964893	1.0	1.0	2.0
68260000	1.0855162745289444	0.23757364135660367	1.0	1.0	2.0
68270000	0.6519074640733449	1.9047139999370608	1.0	1.0	2.0
68280000	0.29022690681627195	0.32908275116801394	1.0	1.0	2.0
68290000	0.9592923027586452	1.1409413515618458	1.0	1.0	2.0
68300000	0.9949711967358603	1.0292585447643425	1.0	1.0	2.0
68310000	1.8304007910208024	2.297875065652667	1.0	1.0	2.0
68320000	1.090238909244053	0.3732250703494858	1.0	1.0	2.0
68330000	1.6457631294239536	1.0829844958180628	1.0	1.0	2.0
68340000	0.17162641501773213	0.15287375376376758	1.0	1.0	2.0
68350000	2.8731717336547553	0.7744872520604574	1.0	1.0	2.0
68360000	1.7489988709837723	0.4095852236645925	1.0	1.0	2.0
68370000	0.43103151764992204	0.07617785271510183	1.0	1.0	2.0
68380000	1.0463706880635828	0.2553081278174796	1.0	1.0	2.0
68390000	0.3492289097361986	0.08376675427914915	1.0	1.0	2.0
68400000	3.3127634906392993	1.748086560915523	1.0	1.0	2.0
68410000	2.804930163628367	1.110263625367273	1.0	1.0	2.0
68420000	0.41447844219637114	1.125128724628416	1.0	1.0	2.0
68430000	0.18000522834969315	0.10443569668626766	1.0	1.0	2.0
68440000	0.332316041783538	0.6128601617722801	1.0	1.0	2.0
68450000	1.2871592127185634	0.9451657095431967	1.0	1.0	2.0
68460000	0.9165048643249335	0.2013178902950423	1.0	1.0	2.0
68470000	0.08770715292492282	0.15565943321081596	1.0	1.0	2.0
68480000	1.030882498984974	0.011009793246811565	1.0	1.0	2.0
68490000	0.5300345878665229	0.2865588317334009	1.0	1.0	2.0
68500000	0.2434276083787688	0.454611786191042	1.0	1.0	2.0
68510000	1.941540963501423	0.09886056799842496	1.0	1.0	2.0
68520000	1.4190625390732734	0.180296689087367	1.0	1.0	2.0
68530000	5.466360690093576	0.9775118741354325	1.0	1.0	2.0
68540000	0.7685199746732856	1.9914606261856558	1.0	1.0	2.0
68550000	1.190106211988832	0.5294555480807543	1.0	1.0	2.0
68560000	3.2430562375168277	0.6939146623828413	1.0	1.0	2.0
68570000	0.7345246547421991	1.1560543820795002	1.0	1.0	2.0
68580000	0.5014510648725304	0.4461721680193991	1.0	1.0	2.0
68590000	0.9644950493140643	0.5741681318707826	1.0	1.0	2.0
68600000	1.978604420643855	0.1549440979510316	1.0	1.0	2.0
68610000	2.3518003370994003	0.8145631959803673	1.0	1.0	2.0
68620000	1.4058353426735368	0.8887421723466644	1.0	1.0	2.0
68630000	2.6506654078269447	1.1253180993576803	1.0	1.0	2.0
68640000	1.1984799897358411	0.32700028174917684	1.0	1.0	2.0
68650000	1.452714386760976	0.15625597942172112	1.0	1.0	2.0
68660000	1.6526657407823164	0.4273739309525809	1.0	1.0	2.0
68670000	0.5059212687614073	0.45524252147274225	1.0	1.0	2.0
68680000	0.1962639189118861	0.24396962576071693	1.0	1.0	2.0
68690000	0.7644929535322448	0.13690690933271796	1.0	1.0	2.0
68700000	1.4167606096115262	1.0759513955910527	1.0	1.0	2.0
68710000	0.2518772070282979	0.2940615497682467	1.0	1.0	2.0
68720000	1.6050757652169088	0.6643154426378716	1.0	1.0	2.0
68730000	0.16149784500041175	0.5978916171587693	1.0	1.0	2.0
68740000	2.9425606924518477	8.396561866761952E-4	1.0	1.0	2.0
68750000	1.7124002928048507	0.04207706406965342	1.0	1.0	2.0
68760000	2.0814039086920655	0.7145536225928178	1.0	1.0	2.0
68770000	0.6524128104361946	0.013146488408232059	1.0	1.0	2.0
68780000	2.6167085338838483	0.46922982647222583	1.0	1.0	2.0
68790000	0.14861045764509997	0.07954620049347706	1.0	1.0	2.0
68800000	0.943421267970686	0.21932564008472277	1.0	1.0	2.0
68810000	2.1451742086287275	0.3401688691684592	1.0	1.0	2.0
68820000	0.8294846995794023	3.1852999120508305	1.0	1.0	2.0
68830000	0.9443669912801788	0.03952043362610859	1.0	1.0	2.0
68840000	0.8573821605475731	0.4695067988408644	1.0	1.0	2.0
68850000	0.5136411768639679	0.18508541372946397	1.0	1.0	2.0
68860000	1.727891136315787	1.1735636171257942	1.0	1.0	2.0
68870000	1.2310957498322124	3.735904613510364	1.0	1.0	2.0
68880000	1.521301932997085	0.639461673934664	1.0	1.0	2.0
68890000	3.0737666744894057	1.2659093748077108	1.0	1.0	2.0
68900000	1.1893298842573055	1.3441475706166848	1.0	1.0	2.0
68910000	5.422366644509496	2.7526829981547745	1.0	1.0	2.0
68920000	0.8506892177832283	0.2869861259857389	1.0	1.0	2.0
68930000	0.24145661182491393	0.054497462140828574	1.0	1.0	2.0
68940000	0.3361827568090033	0.21723107806429917	1.0	1.0	2.0
68950000	0.823565924631024	0.37771294456039495	1.0	1.0	2.0
68960000	0.3757336053409696	0.22074026074613115	1.0	1.0	2.0
68970000	0.5539504008665123	0.27090201550022064	1.0	1.0	2.0
68980000	1.1196871583657482	2.0943634897021903	1.0	1.0	2.0
68990000	2.2591117422683276	2.6480784580100343	1.0	1.0	2.0
69000000	1.9092967406472297	0.15621834218477185	1.0	1.0	2.0
69010000	0.15325681665679322	0.06857964432723483	1.0	1.0	2.0
69020000	1.9460517336272414	3.3837082205240057	1.0	1.0	2.0
69030000	1.1407365333007466	0.33764183246138485	1.0	1.0	2.0
69040000	1.647351355671938	0.24833810397501838	1.0	1.0	2.0
69050000	3.7450875758371867	0.08926335537527914	1.0	1.0	2.0
69060000	1.0314615726833267	0.8591915147588398	1.0	1.0	2.0
69070000	0.9896125056463165	0.19699749050201892	1.0	1.0	2.0
69080000	1.4531307635178103	0.6449790650091934	1.0	1.0	2.0
69090000	1.7967648439246202	0.44071396253517586	1.0	1.0	2.0
69100000	0.26955562673286587	0.34535939518004755	1.0	1.0	2.0
69110000	0.5677198477824953	1.9309749688482467	1.0	1.0	2.0
69120000	8.042659420812697	0.6938962497462025	1.0	1.0	2.0
69130000	1.7284809951218791	0.5788019117539007	1.0	1.0	2.0
69140000	0.14538559112569188	0.08467517838617745	1.0	1.0	2.0
69150000	1.6727944214088104	1.8433834513255305	1.0	1.0	2.0
69160000	0.8640976638437906	0.6290416445452232	1.0	1.0	2.0
69170000	0.5754446953366816	0.21688114275938258	1.0	1.0	2.0
69180000	2.2402079867609737	0.6212276321608905	1.0	1.0	2.0
69190000	2.2217573166138527	0.3791950458317041	1.0	1.0	2.0
69200000	0.536472960831472	0.030906012605087158	1.0	1.0	2.0
69210000	3.593155254081584	0.05395148395564818	1.0	1.0	2.0
69220000	2.8929810422248297	1.0582817679362393	1.0	1.0	2.0
69230000	3.4607045702449053	1.8174787887720134	1.0	1.0	2.0
69240000	0.2911696160695073	0.17428062395011998	1.0	1.0	2.0
69250000	1.6593987402545258	1.028742764641957	1.0	1.0	2.0
69260000	2.2547696312502152	0.1544854865478156	1.0	1.0	2.0
69270000	0.5762298436625647	0.37154275629576655	1.0	1.0	2.0
69280000	3.7877444644763805	0.12646201091011824	1.0	1.0	2.0
69290000	0.5131432367855038	0.137838714697254	1.0	1.0	2.0
69300000	3.509628838003042	1.1475410769474919	1.0	1.0	2.0
69310000	0.5021215282899447	1.0422871784039678	1.0	1.0	2.0
69320000	1.2847486975394384	0.35241542192111014	1.0	1.0	2.0
69330000	0.8172476030112542	0.915537887410145	1.0	1.0	2.0
69340000	0.6452094964556258	0.20742444323606488	1.0	1.0	2.0
69350000	1.0908995025133736	0.44087416284119885	1.0	1.0	2.0
69360000	3.083614830528848	0.6630370806654379	1.0	1.0	2.0
69370000	0.6023534877751987	0.08850292214269251	1.0	1.0	2.0
69380000	2.0686921193306653	1.4385269538946819	1.0	1.0	2.0
69390000	2.4984289863556537	1.3578702943991854	1.0	1.0	2.0
69400000	1.621619212595462	1.1632981418980315	1.0	1.0	2.0
69410000	2.9307210745655596	0.7282414936730516	1.0	1.0	2.0
69420000	1.4973686951756815	0.5618943996474491	1.0	1.0	2.0
69430000	1.966625816892279	2.730940612808827	1.0	1.0	2.0
69440000	0.4747136885681771	0.01633462468673438	1.0	1.0	2.0
69450000	1.4232856356534027	0.08740706333841859	1.0	1.0	2.0
69460000	2.957379166370803	0.027899426172180514	1.0	1.0	2.0
69470000	0.4813928935082489	0.3364854953034743	1.0	1.0	2.0
69480000	3.571692335408237	0.35499776783673076	1.0	1.0	2.0
69490000	0.47370302124685604	0.17796958981226416	1.0	1.0	2.0
69500000	0.3780574262904865	1.3605706628861762	1.0	1.0	2.0
69510000	0.5708191351463332	0.7783036970433955	1.0	1.0	2.0
69520000	0.4127676738219142	0.6370195997273274	1.0	1.0	2.0
69530000	0.6958154544047876	1.2006443593515579	1.0	1.0	2.0
69540000	1.3964053514631896	0.32754615712634655	1.0	1.0	2.0
69550000	1.3827141379296366	0.11439186548109975	1.0	1.0	2.0
69560000	0.354729448761396	0.055003282802857496	1.0	1.0	2.0
69570000	0.3114532868332811	0.9119288353228769	1.0	1.0	2.0
69580000	1.5249654252726919	0.5689056731371259	1.0	1.0	2.0
69590000	2.2593574767539284	0.18498339733525582	1.0	1.0	2.0
69600000	2.9926116417248534	0.3690371842236272	1.0	1.0	2.0
69610000	0.18936401337270894	0.15960090298605542	1.0	1.0	2.0
69620000	1.1498044516471733	0.6091679385030374	1.0	1.0	2.0
69630000	1.3762552625500741	1.3388316760212942	1.0	1.0	2.0
69640000	2.525156022976128	0.24474174411240737	1.0	1.0	2.0
69650000	1.1712772196931485	0.2321678318197714	1.0	1.0	2.0
69660000	2.337030796448349	0.010805304801065485	1.0	1.0	2.0
69670000	2.5749567878399926	0.287859129317375	1.0	1.0	2.0
69680000	2.38107939799175	0.7625317357539464	1.0	1.0	2.0
69690000	0.5642357801881259	0.3969793200607345	1.0	1.0	2.0
69700000	1.565459304859837	1.111982471148439	1.0	1.0	2.0
69710000	1.6369515928291645	1.5090443866799628	1.0	1.0	2.0
69720000	0.7263386817412367	0.33799835550362994	1.0	1.0	2.0
69730000	0.2840033040386722	0.16203267915687128	1.0	1.0	2.0
69740000	0.9174194790714865	0.5278072952854411	1.0	1.0	2.0
69750000	3.296709926887596	0.12067399016686349	1.0	1.0	2.0
69760000	0.505930407523418	0.1479200062913599	1.0	1.0	2.0
69770000	0.6992945885190601	1.4071814983598305	1.0	1.0	2.0
69780000	0.09497761377092614	0.612126120896561	1.0	1.0	2.0
69790000	0.14818144382284965	0.04397805076775823	1.0	1.0	2.0
69800000	1.5924700029615455	0.6719606781910987	1.0	1.0	2.0
69810000	1.8950159735528813	0.3920063711782531	1.0	1.0	2.0
69820000	0.09601643554599913	0.009165695820853633	1.0	1.0	2.0
69830000	5.9486649337699	0.47487423129834383	1.0	1.0	2.0
69840000	3.9306285607387643	0.38611064460827466	1.0	1.0	2.0
69850000	0.903473628407935	0.0488368746405216	1.0	1.0	2.0
69860000	4.4779681769702	0.4232730340551758	1.0	1.0	2.0
69870000	1.2395571033041355	0.6457538825041567	1.0	1.0	2.0
69880000	0.6519272363178826	0.3674268481589017	1.0	1.0	2.0
69890000	2.2894717004984213	0.3048061127130539	1.0	1.0	2.0
69900000	1.3559563288845744	0.18284667602698748	1.0	1.0	2.0
69910000	1.2203575434377398	1.2126363545030938	1.0	1.0	2.0
69920000	1.3070989800409756	0.27201822226083644	1.0	1.0	2.0
69930000	0.6728044790272619	0.5241705494372253	1.0	1.0	2.0
69940000	2.7981784773017613	0.0888034392508782	1.0	1.0	2.0
69950000	0.6178503854899475	2.3833559934349116	1.0	1.0	2.0
69960000	0.7252009107257823	0.303354779775766	1.0	1.0	2.0
69970000	2.0230102076006657	1.4799007364463281	1.0	1.0	2.0
69980000	2.60484812458062	2.0546508056376154	1.0	1.0	2.0
69990000	0.6932608623424408	0.42942788848946034	1.0	1.0	2.0
70000000	0.8125571748895057	0.3634719365124494	1.0	1.0	2.0
70010000	1.028586971412379	1.0925755216413016	1.0	1.0	2.0
70020000	0.538092488309262	0.4482169392393776	1.0	1.0	2.0
70030000	1.4047227381440521	0.634121443204066	1.0	1.0	2.0
70040000	0.7513901074808221	0.2511616058334566	1.0	1.0	2.0
70050000	1.5437075479604556	0.11460088702945893	1.0	1.0	2.0
70060000	0.8609165455724249	0.16159553021002968	1.0	1.0	2.0
70070000	0.18783747017736904	0.4412126613538326	1.0	1.0	2.0
70080000	0.9994188439129699	0.8182107705059923	1.0	1.0	2.0
70090000	1.2808752513177577	2.5938068984308007	1.0	1.0	2.0
70100000	0.40681523772520445	0.5185123147475338	1.0	1.0	2.0
70110000	1.7327271108607452	0.15348218011621984	1.0	1.0	2.0
70120000	0.526514202366517	0.1151326092797537	1.0	1.0	2.0
70130000	1.1129805011929497	0.7883461275215268	1.0	1.0	2.0
70140000	2.826622994307542	0.4764934835539535	1.0	1.0	2.0
70150000	0.6510820993726716	0.1400427014256295	1.0	1.0	2.0
70160000	0.3606357832390681	0.03249614726008351	1.0	1.0	2.0
70170000	0.1753171333970977	0.715781003192925	1.0	1.0	2.0
70180000	2.9927409446044884	0.6075146624484268	1.0	1.0	2.0
70190000	1.741692605026237	1.3147457267506886	1.0	1.0	2.0
70200000	1.4000262001994062	0.21957299097215385	1.0	1.0	2.0
70210000	0.8483362807209277	0.144791232915456	1.0	1.0	2.0
70220000	1.2536566158340272	0.2836608938732099	1.0	1.0	2.0
70230000	0.5069133782446094	0.024033763477584	1.0	1.0	2.0
70240000	0.8897856200914276	0.1692449828174401	1.0	1.0	2.0
70250000	0.496241233951657	0.2224648888963539	1.0	1.0	2.0
70260000	3.196010238019453	0.030420568617848955	1.0	1.0	2.0
70270000	0.8406413803258862	0.9898241195193584	1.0	1.0	2.0
70280000	0.8015850937834611	0.17425456755956245	1.0	1.0	2.0
70290000	0.2915838697678829	1.4962355987864937	1.0	1.0	2.0
70300000	0.6752687504721862	0.3473590029622541	1.0	1.0	2.0
70310000	3.5795120007043755	0.03070823877658911	1.0	1.0	2.0
70320000	0.9114363031238427	0.11592571387388356	1.0	1.0	2.0
70330000	1.2168291843704835	0.0598658532813847	1.0	1.0	2.0
70340000	0.9911290270877425	0.9431407792651003	1.0	1.0	2.0
70350000	2.271739823667591	1.3264738232735651	1.0	1.0	2.0
70360000	0.5461462289953692	0.01092829096736065	1.0	1.0	2.0
70370000	0.1245882354522826	0.034402434651778016	1.0	1.0	2.0
70380000	0.5984006396770919	1.259219939710445	1.0	1.0	2.0
70390000	0.7715700392211765	0.27893865530469797	1.0	1.0	2.0
70400000	1.4465241014968466	0.16094889184580616	1.0	1.0	2.0
70410000	1.4413309414253535	0.8501438150720522	1.0	1.0	2.0
70420000	1.325771636604526	0.35323264455465475	1.0	1.0	2.0
70430000	0.9379733605941046	0.3463232753998988	1.0	1.0	2.0
70440000	1.3386405358113964	0.20947531631442326	1.0	1.0	2.0
70450000	2.6987794667401444	0.007948833430736366	1.0	1.0	2.0
70460000	3.0473838072818658	2.116244022997426	1.0	1.0	2.0
70470000	3.4767421481324408	0.44202099401248246	1.0	1.0	2.0
70480000	1.0875375154278564	0.7198233197169484	1.0	1.0	2.0
70490000	0.7674118629203008	0.03750079333487794	1.0	1.0	2.0
70500000	2.028124696742432	0.4282671002067124	1.0	1.0	2.0
70510000	1.724023222863703	0.8594332396843745	1.0	1.0	2.0
70520000	2.900324943695694	1.2015210427139877	1.0	1.0	2.0
70530000	1.3900203745094923	1.2412371442574548	1.0	1.0	2.0
70540000	1.0042615310932144	0.3267701168054904	1.0	1.0	2.0
70550000	2.9825953666199574	1.63869700740103	1.0	1.0	2.0
70560000	0.5669545415356465	0.04674391866709108	1.0	1.0	2.0
70570000	0.7026059473757211	0.009094319275719388	1.0	1.0	2.0
70580000	0.3772995342327166	0.10191815745578897	1.0	1.0	2.0
70590000	1.7180597539117335	0.12414386413286381	1.0	1.0	2.0
70600000	2.5343786001045245	0.3249402232551009	1.0	1.0	2.0
70610000	1.4872714340510582	0.19177349788536024	1.0	1.0	2.0
70620000	1.021257607116413	0.09122107016032474	1.0	1.0	2.0
70630000	0.15530106375044703	0.06983055650720535	1.0	1.0	2.0
70640000	0.5370055188695679	0.18916293096196393	1.0	1.0	2.0
70650000	1.4320971982119746	1.1246972391439098	1.0	1.0	2.0
70660000	2.156230352949286	0.03522364863790786	1.0	1.0	2.0
70670000	1.188063433623401	0.4763901247821071	1.0	1.0	2.0
70680000	1.519133099988731	0.4210782055388441	1.0	1.0	2.0
70690000	0.91839048508401	0.6634644297967144	1.0	1.0	2.0
70700000	1.0865153815244193	0.15029792681346088	1.0	1.0	2.0
70710000	1.0431476223978613	1.1483935006677854	1.0	1.0	2.0
70720000	1.578813880334547	0.5861531827368133	1.0	1.0	2.0
70730000	0.20909269708739503	0.11086813700477087	1.0	1.0	2.0
70740000	1.5744164512116685	0.3166965786752327	1.0	1.0	2.0
70750000	0.24611996516991158	0.2567674138195554	1.0	1.0	2.0
70760000	3.5783377052361156	0.10537249038198063	1.0	1.0	2.0
70770000	0.20841809787512536	0.11043373241436617	1.0	1.0	2.0
70780000	2.2535572168047655	0.7136680695702835	1.0	1.0	2.0
70790000	0.802179071134224	0.10840139956941477	1.0	1.0	2.0
70800000	1.0323826215742873	0.6850028348236282	1.0	1.0	2.0
70810000	1.9137420306346695	0.25484675105896964	1.0	1.0	2.0
70820000	0.6669479761450412	0.12885236694693572	1.0	1.0	2.0
70830000	1.1439591514622585	0.7562552107199848	1.0	1.0	2.0
70840000	0.8284484935696381	0.40636228256233725	1.0	1.0	2.0
70850000	2.60690009095358	0.37639550147375594	1.0	1.0	2.0
70860000	1.5946439517883757	0.7692231172208424	1.0	1.0	2.0
70870000	1.8347217014220731	0.37037710004451097	1.0	1.0	2.0
70880000	1.8434689020585109	1.4778868229994053	1.0	1.0	2.0
70890000	1.5370358503077999	0.24491380776493635	1.0	1.0	2.0
70900000	2.4124219236017503	0.1199651049273908	1.0	1.0	2.0
70910000	1.2669206742349266	0.18485238872801357	1.0	1.0	2.0
70920000	0.9827934804222193	1.2386240421503016	1.0	1.0	2.0
70930000	1.430929730755509	0.04535487677868286	1.0	1.0	2.0
70940000	0.45876038949704256	0.7249721108233015	1.0	1.0	2.0
70950000	1.7113873547866485	0.261695272955823	1.0	1.0	2.0
70960000	0.20829739621303373	0.19535832280392706	1.0	1.0	2.0
70970000	0.6096797339973458	0.1923776176776121	1.0	1.0	2.0
70980000	4.896075680194559	0.3456998899285469	1.0	1.0	2.0
70990000	3.380435474465971	0.05670104352867559	1.0	1.0	2.0
71000000	0.7250402556756672	0.24725693667171586	1.0	1.0	2.0
71010000	0.6875570551493332	0.28593567068768905	1.0	1.0	2.0
71020000	1.9195906607056767	1.999097330577768	1.0	1.0	2.0
71030000	2.90012850634379	0.055148425463406134	1.0	1.0	2.0
71040000	0.9488834756290183	0.6162718803089275	1.0	1.0	2.0
71050000	0.31750698277174877	0.2651139749847347	1.0	1.0	2.0
71060000	0.7962878251042907	0.2948620040768604	1.0	1.0	2.0
71070000	0.45186200415911804	0.2072907695607026	1.0	1.0	2.0
71080000	5.364719099496568	0.07540490408749974	1.0	1.0	2.0
71090000	1.31595943287468	0.2832779571663741	1.0	1.0	2.0
71100000	2.588163194991822	0.36666553460865886	1.0	1.0	2.0
71110000	1.796376163163439	0.40699782934592293	1.0	1.0	2.0
71120000	0.37767718414441437	0.3303474119623178	1.0	1.0	2.0
71130000	1.1953150888511468	0.7723240330153847	1.0	1.0	2.0
71140000	0.12906921438053018	0.09507790461968366	1.0	1.0	2.0
71150000	0.6545776424470505	1.1551319347362932	1.0	1.0	2.0
71160000	1.5849288016230314	1.0602708211294711	1.0	1.0	2.0
71170000	0.47381728777639737	0.5613448031039231	1.0	1.0	2.0
71180000	0.5084174125009042	1.010135018397284	1.0	1.0	2.0
71190000	2.8675139858716845	0.5370182758493047	1.0	1.0	2.0
71200000	0.8579675624882548	1.516574004040464	1.0	1.0	2.0
71210000	0.8846381087313732	0.03988622525659986	1.0	1.0	2.0
71220000	1.037437467237247	0.4898095105466417	1.0	1.0	2.0
71230000	1.902494472533659	0.041362783962563	1.0	1.0	2.0
71240000	2.010151545626494	0.1650287803707197	1.0	1.0	2.0
71250000	0.9568649724108705	0.5186503150328682	1.0	1.0	2.0
71260000	0.6599398927268755	0.1318872428467932	1.0	1.0	2.0
71270000	0.33702516867551335	0.10095740494213448	1.0	1.0	2.0
71280000	2.4625765364641263	0.29156967657434957	1.0	1.0	2.0
71290000	1.4244846596546425	1.209906671927649	1.0	1.0	2.0
71300000	1.261818765140458	0.03751774128578482	1.0	1.0	2.0
71310000	3.7412993177596494	1.7068495412446871	1.0	1.0	2.0
71320000	2.925099738654556	0.5792262896419667	1.0	1.0	2.0
71330000	0.6294382597706081	0.34867566675929934	1.0	1.0	2.0
71340000	0.814527961588929	0.6941425315408066	1.0	1.0	2.0
71350000	0.9756503058998776	4.233212931312	1.0	1.0	2.0
71360000	0.5297765364681739	0.3104038138940299	1.0	1.0	2.0
71370000	0.7695570888781177	0.3732746825541253	1.0	1.0	2.0
71380000	0.434649109550393	0.08529166064841141	1.0	1.0	2.0
71390000	0.46388068097164026	0.1203474600721215	1.0	1.0	2.0
71400000	0.43813492448483327	0.062127189826795506	1.0	1.0	2.0
71410000	1.4319012459968172	0.15473912344765833	1.0	1.0	2.0
71420000	0.35984424408577315	0.7107255003295807	1.0	1.0	2.0
71430000	0.8597167607479866	0.491877890921301	1.0	1.0	2.0
71440000	0.5998137706633725	0.08810805747877773	1.0	1.0	2.0
71450000	0.747114811560625	0.15576591049248992	1.0	1.0	2.0
71460000	2.099322590620796	0.701014570706986	1.0	1.0	2.0
71470000	0.5686807819877581	1.3161634125838024	1.0	1.0	2.0
71480000	0.5285233895688348	0.5594407024773478	1.0	1.0	2.0
71490000	0.7463622807791306	0.8437131310284908	1.0	1.0	2.0
71500000	2.232093163080601	1.9467494635805613	1.0	1.0	2.0
71510000	0.20373960763296908	0.1859021212482039	1.0	1.0	2.0
71520000	3.4848387847852926	0.4261408624626968	1.0	1.0	2.0
71530000	1.2067881802425713	0.08613613206017717	1.0	1.0	2.0
71540000	0.5451164774482024	0.0678125884166298	1.0	1.0	2.0
71550000	2.036638058677607	0.1333342201764134	1.0	1.0	2.0
71560000	2.1778457178884922	1.12359389085739	1.0	1.0	2.0
71570000	1.571398456074332	0.471017937155474	1.0	1.0	2.0
71580000	2.0031724444023085	3.5335971612558086	1.0	1.0	2.0
71590000	0.8168106753911856	0.8273045173880633	1.0	1.0	2.0
71600000	0.10811229953681985	0.6452548142175181	1.0	1.0	2.0
71610000	0.6883415120877437	0.14318915161301038	1.0	1.0	2.0
71620000	0.406758782120318	0.21455694059907732	1.0	1.0	2.0
71630000	0.8589632416864897	0.5587870791755563	1.0	1.0	2.0
71640000	1.561614858968934	0.6239999522644641	1.0	1.0	2.0
71650000	0.7095080969035152	1.3232405339850482	1.0	1.0	2.0
71660000	0.1181334787323757	0.13652538188210156	1.0	1.0	2.0
71670000	1.5652441898922818	0.20482827532180808	1.0	1.0	2.0
71680000	2.538964285817884	1.6188368832670696	1.0	1.0	2.0
71690000	0.9181008190256573	0.06056225602157887	1.0	1.0	2.0
71700000	2.1627263640528573	0.7366318009487517	1.0	1.0	2.0
71710000	1.097167212360678	0.22552690119317834	1.0	1.0	2.0
71720000	0.33959785484819505	0.19254923982589342	1.0	1.0	2.0
71730000	0.7785753170569277	0.03012430104443935	1.0	1.0	2.0
71740000	1.3557486861971688	1.0424425404745223	1.0	1.0	2.0
71750000	1.0520238130823927	0.291396284400453	1.0	1.0	2.0
71760000	0.6464449256824745	0.5332700819070625	1.0	1.0	2.0
71770000	1.2248460712044253	1.5243509302347313	1.0	1.0	2.0
71780000	0.6175578738056691	2.9591126900835705	1.0	1.0	2.0
71790000	3.302112080302843	1.7703080441078727	1.0	1.0	2.0
71800000	2.441037047526004	0.0698834926648453	1.0	1.0	2.0
71810000	1.8427351352548664	1.0673870981775015	0.0	1.0	1.0
71820000	0.6046505953046777	0.20235923433427366	1.0	1.0	2.0
71830000	2.046522653142907	1.0724332965964618	1.0	1.0	2.0
71840000	0.21018577039966524	0.11473055022320637	1.0	1.0	2.0
71850000	0.315530239840788	0.2657950301178736	1.0	1.0	2.0
71860000	1.2963444914760693	1.6533999375950428	1.0	1.0	2.0
71870000	1.3845808858937372	0.23884985532465014	1.0	1.0	2.0
71880000	1.708019281553631	0.7473178183419179	1.0	1.0	2.0
71890000	0.21715802052171454	0.6800318480806076	1.0	1.0	2.0
71900000	1.3377372458686905	0.41919027658583363	1.0	1.0	2.0
71910000	0.808672431166391	0.09464195844632067	1.0	1.0	2.0
71920000	1.4583354772281705	0.3829977525549253	1.0	1.0	2.0
71930000	1.6266026018436115	1.8973730776162097	1.0	1.0	2.0
71940000	0.5861185552861053	0.11031672608842129	1.0	1.0	2.0
71950000	1.0564027580100457	0.10038920103846229	1.0	1.0	2.0
71960000	1.6862746276299438	0.10454196519648758	1.0	1.0	2.0
71970000	0.7254955790396492	0.6495963375003171	1.0	1.0	2.0
71980000	0.7718581184332539	0.00801186000712679	1.0	1.0	2.0
71990000	2.2906430090524244	1.372959917152471	1.0	1.0	2.0
72000000	0.49967925932127927	0.9362550125874413	1.0	1.0	2.0
72010000	0.20534408164999896	0.43649891441605243	1.0	1.0	2.0
72020000	2.3980414029585915	0.004723328943021191	1.0	1.0	2.0
72030000	0.4279400473568446	0.1320241949146693	1.0	1.0	2.0
72040000	1.0876928564380983	1.1697027823553623	1.0	1.0	2.0
72050000	0.6239094044050688	0.2345262156976507	1.0	1.0	2.0
72060000	0.32731517985648234	0.9274091463634577	1.0	1.0	2.0
72070000	1.4636236475511772	0.5601439783339606	1.0	1.0	2.0
72080000	1.7685956764097557	0.06584546940891552	1.0	1.0	2.0
72090000	1.2961757463506816	0.27403844769980257	1.0	1.0	2.0
72100000	4.382106789502889	0.9275754280478151	1.0	1.0	2.0
72110000	1.041583996741005	0.3075091947315187	1.0	1.0	2.0
72120000	1.8805897017544422	0.1061874294548231	1.0	1.0	2.0
72130000	0.45598750993851533	0.058976482625536855	1.0	1.0	2.0
72140000	0.2822239001579884	0.1062023691326052	1.0	1.0	2.0
72150000	0.6463276700516734	0.9103985241052469	1.0	1.0	2.0
72160000	0.5578625132021673	0.28668815681953425	1.0	1.0	2.0
72170000	3.8659234338065187	2.434086924616598	1.0	1.0	2.0
72180000	2.0293191263300243	0.33061123686917576	1.0	1.0	2.0
72190000	3.5577608967367516	0.035862642792227256	1.0	1.0	2.0
72200000	1.6766498486530526	3.4918565196016647	1.0	1.0	2.0
72210000	2.314521575407553	0.5663322416726817	1.0	1.0	2.0
72220000	0.5063417375025544	2.152085815204736	1.0	1.0	2.0
72230000	1.1558156560580348	2.807418669990119	1.0	1.0	2.0
72240000	1.9136445373108546	0.6653535381382518	1.0	1.0	2.0
72250000	1.8907460630095454	1.3930834922010678	1.0	1.0	2.0
72260000	0.7336221824271248	1.5948981681723622	1.0	1.0	2.0
72270000	1.2463546697840433	0.002115049355218268	1.0	1.0	2.0
72280000	0.537016973146897	0.31035245012606644	1.0	1.0	2.0
72290000	0.4682109949358604	0.15281811930407896	1.0	1.0	2.0
72300000	1.7985309488231014	0.3964621177867033	1.0	1.0	2.0
72310000	0.8151439942166436	1.3119352609663955	1.0	1.0	2.0
72320000	2.388025675699482	0.18333507378246974	1.0	1.0	2.0
72330000	0.30980635882049634	0.022150897438840186	1.0	1.0	2.0
72340000	1.2294955455451313	0.28952450206794533	1.0	1.0	2.0
72350000	0.8670473172933449	0.12320983446071807	1.0	1.0	2.0
72360000	1.0688681365252217	1.2170675059026366	1.0	1.0	2.0
72370000	0.5959934648073363	0.26234210825815246	1.0	1.0	2.0
72380000	0.4006905120337365	0.002826238952412674	1.0	1.0	2.0
72390000	0.5090955171140518	0.3630513753447788	1.0	1.0	2.0
72400000	0.2053355115370654	0.18133526849671397	1.0	1.0	2.0
72410000	1.4420772894414315	1.8178129232631293	1.0	1.0	2.0
72420000	0.23451281372400307	0.062112975651186404	1.0	1.0	2.0
72430000	0.35049826796572353	0.052149194358717885	1.0	1.0	2.0
72440000	3.725948882340346	1.8382695290692863	1.0	1.0	2.0
72450000	1.459991698327092	0.8576390868638715	1.0	1.0	2.0
72460000	0.9445630311805632	0.3151835798114248	1.0	1.0	2.0
72470000	0.890625523834419	0.7294571148738945	1.0	1.0	2.0
72480000	0.5991598598584823	0.22768549086229872	1.0	1.0	2.0
72490000	3.4482000769142798	1.0610085419745325	1.0	1.0	2.0
72500000	0.2577220599460932	0.28070282858483087	1.0	1.0	2.0
72510000	1.195625647319236	1.234163972030199	1.0	1.0	2.0
72520000	0.9313750927471445	0.03831058123976451	1.0	1.0	2.0
72530000	1.2463062533300193	0.066010220115804	1.0	1.0	2.0
72540000	1.1060632510542663	0.5862506840063638	1.0	1.0	2.0
72550000	0.25898274640936414	0.3876907682875061	1.0	1.0	2.0
72560000	0.3151661099664686	0.003254102524792206	1.0	1.0	2.0
72570000	0.2844126267092561	0.09746712652661461	1.0	1.0	2.0
72580000	4.588537844635114	0.6515181932901136	1.0	1.0	2.0
72590000	0.5703546309493517	2.316466021706801	1.0	1.0	2.0
72600000	0.11461941291901707	0.25180913759429185	1.0	1.0	2.0
72610000	6.5939110578888505	0.5736510712005244	1.0	1.0	2.0
72620000	1.7760185595349347	0.961324819690742	1.0	1.0	2.0
72630000	1.9601554489861381	0.7096257629534646	1.0	1.0	2.0
72640000	0.9688139539097669	0.010215666116140583	1.0	1.0	2.0
72650000	1.9620858553181137	0.4897528526997449	1.0	1.0	2.0
72660000	0.5803807459583938	2.6623272488920393	1.0	1.0	2.0
72670000	1.0726928494652042	0.31991251608212923	1.0	1.0	2.0
72680000	1.2357394561384523	0.17763524748468212	1.0	1.0	2.0
72690000	1.1667675018031383	1.0572235516594042	1.0	1.0	2.0
72700000	0.4922035792233611	0.049867982852773454	1.0	1.0	2.0
72710000	2.356881235037689	1.0082278233165576	1.0	1.0	2.0
72720000	0.16485394626825844	1.0217388648401071	1.0	1.0	2.0
72730000	2.475261376734407	0.21627896943967315	1.0	1.0	2.0
72740000	0.3150481147122324	0.5325502275322533	1.0	1.0	2.0
72750000	0.29285559715002013	1.8588609809260686	1.0	1.0	2.0
72760000	1.0143778571470055	0.13745211674665953	1.0	1.0	2.0
72770000	1.085844665259022	0.40882622193145546	1.0	1.0	2.0
72780000	1.886591619193083	0.5595690186424188	1.0	1.0	2.0
72790000	2.92158514130208	0.43440779755224823	1.0	1.0	2.0
72800000	0.7599363869208071	0.38233752384672	1.0	1.0	2.0
72810000	0.8952237334660834	0.11102821842091042	1.0	1.0	2.0
72820000	1.2215185552858234	1.8420008043087284	1.0	1.0	2.0
72830000	0.19330599149628186	0.32832934500075206	1.0	1.0	2.0
72840000	2.022945401313722	1.3857478491879838	1.0	1.0	2.0
72850000	0.8222049421449933	0.22689033992830956	1.0	1.0	2.0
72860000	2.4747808912938436	0.22521420116850283	1.0	1.0	2.0
72870000	0.7060516242134471	0.21944931433555037	1.0	1.0	2.0
72880000	0.174551920417724	0.3285146559032133	1.0	1.0	2.0
72890000	1.4856577826139434	0.054006763826121566	1.0	1.0	2.0
72900000	0.5633987827702684	0.2818852891846666	1.0	1.0	2.0
72910000	0.27191127312875296	7.803141978273021E-4	1.0	1.0	2.0
72920000	3.153019500981856	0.1918933188785107	1.0	1.0	2.0
72930000	4.894870963419119	0.3024460492321193	1.0	1.0	2.0
72940000	3.8744693767304095	0.10966342266689805	1.0	1.0	2.0
72950000	1.7561136472018606	0.7047991139514798	1.0	1.0	2.0
72960000	1.0682162494944443	1.9540225626106336	1.0	1.0	2.0
72970000	0.7013412236159062	0.44857254614852615	1.0	1.0	2.0
72980000	0.4724091442217154	0.15815829778492188	1.0	1.0	2.0
72990000	0.7716860498393787	0.9394986649923935	1.0	1.0	2.0
73000000	2.5948368083550784	0.016235540104696917	1.0	1.0	2.0
73010000	3.5735594416489893	0.44778915673036807	1.0	1.0	2.0
73020000	1.1445184003032294	1.8986185482359463	1.0	1.0	2.0
73030000	0.6263075944032737	0.12488852104358338	1.0	1.0	2.0
73040000	0.863661767732029	0.028597253108865624	1.0	1.0	2.0
73050000	1.3303143834528468	0.22448034461638455	1.0	1.0	2.0
73060000	0.5680114701419111	0.8004358364773597	1.0	1.0	2.0
73070000	0.2792322991576657	0.6107701635446877	1.0	1.0	2.0
73080000	0.20356443131601815	0.15397845426708698	1.0	1.0	2.0
73090000	2.9132375389319134	1.7010695989248557	1.0	1.0	2.0
73100000	0.17225325024089894	0.33674188033473446	1.0	1.0	2.0
73110000	5.4303204793790165	0.5282826488945455	1.0	1.0	2.0
73120000	2.373230955606635	1.0561287002373023	1.0	1.0	2.0
73130000	2.51922350261811	0.9795357956140234	1.0	1.0	2.0
73140000	1.2226467218145731	4.64420030048609E-4	1.0	1.0	2.0
73150000	0.1648374478152907	0.07465038782582159	1.0	1.0	2.0
73160000	1.1326192337808494	0.47217117020637756	1.0	1.0	2.0
73170000	1.494006503000455	0.7822070516454798	1.0	1.0	2.0
73180000	0.12020815243153593	0.023141705073924896	1.0	1.0	2.0
73190000	1.5980143326576792	0.5808339235322082	1.0	1.0	2.0
73200000	0.5522885337010927	1.335333806911439	1.0	1.0	2.0
73210000	1.0023432531706182	0.32053040852276204	1.0	1.0	2.0
73220000	0.47176010816649794	0.22538085289056523	1.0	1.0	2.0
73230000	1.0705880760714945	0.25029053046923155	1.0	1.0	2.0
73240000	1.2781530885490868	0.059017692539787565	1.0	1.0	2.0
73250000	2.1384400674423594	0.41388976608345257	1.0	1.0	2.0
73260000	1.337053416522694	0.08579245452938647	1.0	1.0	2.0
73270000	0.7936255636907424	0.1428481142747907	1.0	1.0	2.0
73280000	1.6466465796875382	0.032183794736436976	1.0	1.0	2.0
73290000	0.8066922354928309	1.3589249359879727	1.0	1.0	2.0
73300000	0.07029280516167029	0.10178809250804002	1.0	1.0	2.0
73310000	0.35814119000711647	0.9074281785057889	1.0	1.0	2.0
73320000	1.408064431097918	0.6021094914897503	1.0	1.0	2.0
73330000	1.026543400697832	0.5466574235518206	1.0	1.0	2.0
73340000	1.0610726957248564	0.3049257495535042	1.0	1.0	2.0
73350000	0.2781872622917051	0.13578106694716713	1.0	1.0	2.0
73360000	0.5011151468517976	0.3026421308651536	1.0	1.0	2.0
73370000	1.19107742840146	0.9310384061006076	1.0	1.0	2.0
73380000	0.49011050056452843	0.2202123232561106	1.0	1.0	2.0
73390000	0.48260905995287867	0.35788284017878813	1.0	1.0	2.0
73400000	1.5610920189371287	1.3604469575196343	1.0	1.0	2.0
73410000	0.20453998352205024	0.032477246179688196	1.0	1.0	2.0
73420000	1.8865390422395312	1.3113122344438193	1.0	1.0	2.0
73430000	0.4956068937422673	0.44464107391338825	1.0	1.0	2.0
73440000	2.6658843899622413	0.021824949215902504	1.0	1.0	2.0
73450000	0.7503041974225739	0.0707362007905156	1.0	1.0	2.0
73460000	1.3416151836584742	0.15166062724640117	1.0	1.0	2.0
73470000	1.1076857155436606	0.6608901151289549	1.0	1.0	2.0
73480000	3.3495939409467876	0.8495449273710628	1.0	1.0	2.0
73490000	0.45176380359415647	0.6543362258165178	1.0	1.0	2.0
73500000	0.9988077551225495	0.3089271339783691	1.0	1.0	2.0
73510000	0.0720685991074925	0.04479979501473793	1.0	1.0	2.0
73520000	0.712674419599115	0.3463842383663282	1.0	1.0	2.0
73530000	2.336422254806476	0.003079806746163214	1.0	1.0	2.0
73540000	1.7602963295442733	0.10207648728810134	1.0	1.0	2.0
73550000	2.4536767658214593	0.14268724035075084	1.0	1.0	2.0
73560000	0.9332244064775896	0.8501998437199034	1.0	1.0	2.0
73570000	0.7790699634548083	0.23670946076901242	1.0	1.0	2.0
73580000	0.6331659816370963	0.002690152200759296	1.0	1.0	2.0
73590000	1.147559604872932	0.22304433018261324	1.0	1.0	2.0
73600000	0.088988250737633	0.4253660877937906	1.0	1.0	2.0
73610000	0.7983058506449547	0.3870471114418354	1.0	1.0	2.0
73620000	0.42235486946322426	1.683342529026769	1.0	1.0	2.0
73630000	1.9065208930340123	0.20269906038706748	1.0	1.0	2.0
73640000	2.6473680436474103	0.7554572830276395	1.0	1.0	2.0
73650000	2.404631317811386	0.08885864966897895	1.0	1.0	2.0
73660000	0.8056145573843396	1.5100729581428882	1.0	1.0	2.0
73670000	0.8914077152666597	0.16267307734044542	1.0	1.0	2.0
73680000	1.4471200549450354	0.6462852884787457	1.0	1.0	2.0
73690000	3.4955147629973258	0.13968879355082672	1.0	1.0	2.0
73700000	0.4366942285651252	0.02204455709382806	1.0	1.0	2.0
73710000	0.9215511996402035	1.0034960333870155	1.0	1.0	2.0
73720000	1.1715249405638244	0.046247813109379456	1.0	1.0	2.0
73730000	0.30404069286593977	0.13565850355191594	1.0	1.0	2.0
73740000	3.046318810341436	0.42222093294842267	1.0	1.0	2.0
73750000	1.000411526598988	1.2553795472541456	1.0	1.0	2.0
73760000	3.3631519482438423	0.14403297964781006	1.0	1.0	2.0
73770000	0.35264440622829696	0.5952601027957177	1.0	1.0	2.0
73780000	2.1651225155811935	2.101990465110303	1.0	1.0	2.0
73790000	2.383524326164969	0.2655062328377901	1.0	1.0	2.0
73800000	1.2231250198625248	3.5457888521422465	1.0	1.0	2.0
73810000	0.1645842310222939	0.12321603355768063	1.0	1.0	2.0
73820000	1.0082941751742358	0.35810506205179404	1.0	1.0	2.0
73830000	0.9554644797298238	0.45450196110400337	1.0	1.0	2.0
73840000	1.2306014501331715	1.7269460861739898	1.0	1.0	2.0
73850000	0.9021804125574806	0.10471841842199098	1.0	1.0	2.0
73860000	2.312231559323197	1.9941530693360572	1.0	1.0	2.0
73870000	3.513513146740059	1.3965145162618147	1.0	1.0	2.0
73880000	0.3727350877989449	0.3136430030541487	1.0	1.0	2.0
73890000	1.8007469026102199	0.8055797894013675	1.0	1.0	2.0
73900000	0.6601628666240696	0.3416824194672824	1.0	1.0	2.0
73910000	1.2274710226613093	0.010527302700935952	1.0	1.0	2.0
73920000	1.3954640038143282	0.2722135367270441	1.0	1.0	2.0
73930000	1.5504281925455106	0.35072060216143214	1.0	1.0	2.0
73940000	1.2537426757697134	0.583637730711948	1.0	1.0	2.0
73950000	1.879849946785688	0.5223862919860324	1.0	1.0	2.0
73960000	3.1063119354778	2.661072808770928	1.0	1.0	2.0
73970000	0.8843702866784984	0.9086401400570019	1.0	1.0	2.0
73980000	0.654549907128661	0.8231734246594965	1.0	1.0	2.0
73990000	1.1773050927604574	0.14534623524725335	1.0	1.0	2.0
74000000	3.5652643316810644	1.4136139711646907	1.0	1.0	2.0
74010000	3.3462398414795578	0.24338958224046195	1.0	1.0	2.0
74020000	0.880291412695132	1.700298222488299	1.0	1.0	2.0
74030000	0.4701411925755147	1.1828356660274204	1.0	1.0	2.0
74040000	4.001752084798896	0.5188442589012559	1.0	1.0	2.0
74050000	1.2985196018710865	2.6446210422154817	1.0	1.0	2.0
74060000	1.0090253345650289	0.3311637661404276	1.0	1.0	2.0
74070000	0.2887479298804972	0.15163272035479033	1.0	1.0	2.0
74080000	1.3931277245378366	0.1628449603365053	1.0	1.0	2.0
74090000	4.000687514185516	0.656491536339308	1.0	1.0	2.0
74100000	0.6780044024602574	0.1516066668551225	1.0	1.0	2.0
74110000	2.8829403441599037	0.9946115890100103	1.0	1.0	2.0
74120000	0.12344457560763475	0.3776308350930152	1.0	1.0	2.0
74130000	2.4448753383673276	0.0091540793823935	1.0	1.0	2.0
74140000	1.6469501007094787	0.8752393901598101	1.0	1.0	2.0
74150000	0.8388424563371006	0.09004072835194875	1.0	1.0	2.0
74160000	2.227166653751154	0.38103318658637203	1.0	1.0	2.0
74170000	0.3505742015445111	0.2722029026848728	1.0	1.0	2.0
74180000	1.8937762243371956	0.13248156014432982	1.0	1.0	2.0
74190000	0.8490031699479884	1.1092618274566701	1.0	1.0	2.0
74200000	0.6411496750605106	1.0555129842607045	1.0	1.0	2.0
74210000	0.03761462387526462	0.06607453154521888	1.0	1.0	2.0
74220000	0.2945921613775314	0.6185057865099897	1.0	1.0	2.0
74230000	2.183843737402116	0.7078612971741666	1.0	1.0	2.0
74240000	1.386740681479375	0.2398053037945419	1.0	1.0	2.0
74250000	0.5948447896009361	0.11866052647119125	1.0	1.0	2.0
74260000	0.588648800325132	0.008440346079568502	1.0	1.0	2.0
74270000	0.7099513842725944	0.6544764674203871	1.0	1.0	2.0
74280000	2.6678160483961197	0.2469007347119803	1.0	1.0	2.0
74290000	1.791254680710016	0.28816098301473986	1.0	1.0	2.0
74300000	3.5329377830292477	0.19652844277402576	1.0	1.0	2.0
74310000	0.9436689177008747	0.9915766406959582	1.0	1.0	2.0
74320000	3.609713306394819	0.2801303738845258	1.0	1.0	2.0
74330000	1.0853272647650456	0.5253652865944052	1.0	1.0	2.0
74340000	1.7960870384475331	0.8066872818166181	1.0	1.0	2.0
74350000	0.8035786637085318	0.7026942612817701	1.0	1.0	2.0
74360000	1.4353598315132272	0.11284375733393832	1.0	1.0	2.0
74370000	2.069783245673265	0.24968408461395675	1.0	1.0	2.0
74380000	0.7710303499436177	0.4694026928672159	1.0	1.0	2.0
74390000	1.1942197780090578	0.10706060501727394	1.0	1.0	2.0
74400000	0.7096788936613153	0.3637249318813822	1.0	1.0	2.0
74410000	1.7709689567498175	1.1976110343531732	1.0	1.0	2.0
74420000	5.304476663757376	0.3984697607451063	1.0	1.0	2.0
74430000	3.0341776258183337	0.4623394593429336	1.0	1.0	2.0
74440000	0.5004132793833036	0.5578577415506182	1.0	1.0	2.0
74450000	0.8452150470614049	0.44506998756684185	1.0	1.0	2.0
74460000	3.6950689348529258	0.9030700692384742	1.0	1.0	2.0
74470000	1.455722394999816	0.018763169058525892	1.0	1.0	2.0
74480000	1.0696524544274557	0.9461521022521602	1.0	1.0	2.0
74490000	3.6576312685961905	0.751937717689392	1.0	1.0	2.0
74500000	1.1777059386414483	0.4110114836968333	1.0	1.0	2.0
74510000	0.4059373166669236	0.17682342985126231	1.0	1.0	2.0
74520000	1.0264645424173733	0.863106924333562	1.0	1.0	2.0
74530000	0.5463555267572306	0.6185099968199447	1.0	1.0	2.0
74540000	0.9983383165821844	0.05473635156693059	1.0	1.0	2.0
74550000	1.49303406618885	1.5619856219762405	1.0	1.0	2.0
74560000	0.221089295598122	0.21569513499442763	1.0	1.0	2.0
74570000	2.0130333304985024	1.693191570682996	1.0	1.0	2.0
74580000	0.1388082494463641	2.63602167013233	1.0	1.0	2.0
74590000	0.9663510618777268	1.3372393976152575	1.0	1.0	2.0
74600000	1.1992968167249958	0.2075631760055647	1.0	1.0	2.0
74610000	1.9146223737592543	0.3210628917224021	1.0	1.0	2.0
74620000	1.0853563209830668	1.055286800576389	1.0	1.0	2.0
74630000	0.4164472053132935	0.6376268417089893	1.0	1.0	2.0
74640000	1.3005990995160035	0.6212822244554937	1.0	1.0	2.0
74650000	0.6284577925241632	0.17631844879608308	1.0	1.0	2.0
74660000	0.9508898181700741	0.13750562102725886	1.0	1.0	2.0
74670000	0.8465944742752571	0.34467880030400194	1.0	1.0	2.0
74680000	2.928101346212644	1.233239920944681	1.0	1.0	2.0
74690000	0.8308885274283966	0.3969508305718247	1.0	1.0	2.0
74700000	0.8090348870277014	1.193787924003735	1.0	1.0	2.0
74710000	1.7114129233540982	1.439743305299444	1.0	1.0	2.0
74720000	0.6115673986934143	0.1420941454525707	1.0	1.0	2.0
74730000	1.715121349567607	0.8962461889731592	1.0	1.0	2.0
74740000	1.6343562342347369	0.0423180249085441	1.0	1.0	2.0
74750000	0.4180902080015351	0.5519583884057576	1.0	1.0	2.0
74760000	0.7037101805967636	0.27228304050052454	1.0	1.0	2.0
74770000	3.2058806024699495	0.06859272138518531	1.0	1.0	2.0
74780000	0.2549399451366409	0.30904786899697223	1.0	1.0	2.0
74790000	3.9837774888962194	1.2620310045612013	1.0	1.0	2.0
74800000	0.18343191495447167	0.34015337460921596	1.0	1.0	2.0
74810000	1.0839574786797395	0.026564479289216573	1.0	1.0	2.0
74820000	0.8890965578017161	1.7232944362056482	1.0	1.0	2.0
74830000	1.8899503674829519	0.05372895770586476	1.0	1.0	2.0
74840000	0.2868055501425145	0.8778477372947818	1.0	1.0	2.0
74850000	7.079690787613916	1.2029120092183223	1.0	1.0	2.0
74860000	0.723392796940612	0.051942022136383686	1.0	1.0	2.0
74870000	0.995833679912219	0.9924861366786658	1.0	1.0	2.0
74880000	2.593232437646957	1.0122481678765498	1.0	1.0	2.0
74890000	1.5511191900115953	2.1822379722398213	1.0	1.0	2.0
74900000	1.129063012195368	1.5402286645098937	1.0	1.0	2.0
74910000	3.7596118253689794	0.7114265896650482	1.0	1.0	2.0
74920000	0.7872193956129991	0.1798040483777503	1.0	1.0	2.0
74930000	0.23185663767092687	0.15311760478841216	1.0	1.0	2.0
74940000	0.3793890647541825	0.1273404790457997	1.0	1.0	2.0
74950000	1.92046418932771	1.320267592224499	1.0	1.0	2.0
74960000	1.412785066675787	0.09258346669614757	1.0	1.0	2.0
74970000	0.4619909854380906	0.7216739263156184	1.0	1.0	2.0
74980000	0.5270903958820312	0.4351325271408008	1.0	1.0	2.0
74990000	1.823300986697357	0.38434316829579906	1.0	1.0	2.0
75000000	0.10711036436136678	0.2200781718264452	1.0	1.0	2.0
75010000	3.875799148456891	3.1507937847571847	1.0	1.0	2.0
75020000	0.4009506371344683	0.38812393903684717	1.0	1.0	2.0
75030000	0.34724750022305056	0.1643289049729309	1.0	1.0	2.0
75040000	0.5632550723824564	1.0857055164922687	1.0	1.0	2.0
75050000	0.4317075890621457	0.3944155218544375	1.0	1.0	2.0
75060000	0.6641470967596314	0.07220168840296573	1.0	1.0	2.0
75070000	0.4108818142123651	0.08769249521771168	1.0	1.0	2.0
75080000	0.9836594113618584	0.08275525863198131	1.0	1.0	2.0
75090000	0.990410977056318	0.2061607857864281	1.0	1.0	2.0
75100000	0.6276138267784527	0.4494816172796095	1.0	1.0	2.0
75110000	1.2339039203911943	0.12171274617301439	1.0	1.0	2.0
75120000	1.0264622710188966	0.2501309867313639	1.0	1.0	2.0
75130000	0.3412111993525482	1.444961091452456	1.0	1.0	2.0
75140000	0.19191032501464997	0.17951414242336722	1.0	1.0	2.0
75150000	1.2516461765166076	0.33069125013381595	1.0	1.0	2.0
75160000	0.8700293405149736	0.08048510552276583	1.0	1.0	2.0
75170000	3.0679950847105633	0.27394924375397345	1.0	1.0	2.0
75180000	3.045950216067752	0.01553915707521567	1.0	1.0	2.0
75190000	0.9472239720633139	0.5629904506624566	1.0	1.0	2.0
75200000	1.8659353242773413	0.042091344909179804	1.0	1.0	2.0
75210000	1.5536776457877697	0.7327724174216187	1.0	1.0	2.0
75220000	0.41618614720032326	0.3367566317727602	1.0	1.0	2.0
75230000	0.6755113783245368	0.6226823766093006	1.0	1.0	2.0
75240000	1.3341685390059794	0.6192052174307308	1.0	1.0	2.0
75250000	1.2477785626371631	0.07802618057424844	1.0	1.0	2.0
75260000	1.7325891351866933	1.9241953464314827	1.0	1.0	2.0
75270000	0.5854340360917634	0.6165102753518898	1.0	1.0	2.0
75280000	1.0038030037686296	0.4310285853872137	1.0	1.0	2.0
75290000	1.0536444539614185	0.0771284368145415	1.0	1.0	2.0
75300000	3.0732781166301577	1.3634130124597	1.0	1.0	2.0
75310000	2.4650539766267663	0.08224748406622669	1.0	1.0	2.0
75320000	1.1994151013610317	0.6516015194543244	1.0	1.0	2.0
75330000	0.3445874883522105	1.0999856597576942	1.0	1.0	2.0
75340000	1.9346842385431664	0.4159002830954004	1.0	1.0	2.0
75350000	4.6517133378762585	0.04059217168500775	1.0	1.0	2.0
75360000	0.941367576314333	0.4740691154921721	1.0	1.0	2.0
75370000	2.055049192961982	0.32153005917065997	1.0	1.0	2.0
75380000	1.58066448265853	0.957260094429628	1.0	1.0	2.0
75390000	1.6065054801411427	0.024871176087343076	1.0	1.0	2.0
75400000	1.0646532059647014	0.4645516058608957	1.0	1.0	2.0
75410000	0.40960583862769845	0.26510316321567756	1.0	1.0	2.0
75420000	0.4139760271943512	0.1939496214552109	1.0	1.0	2.0
75430000	1.0333521827313619	1.5592476424302697	1.0	1.0	2.0
75440000	1.2334456798896805	0.9088285751543151	1.0	1.0	2.0
75450000	1.073442849048366	2.8653369561095725	1.0	1.0	2.0
75460000	1.4002696507144226	0.15973406644034877	1.0	1.0	2.0
75470000	1.7535393113154476	0.4370464791683255	1.0	1.0	2.0
75480000	1.6906892918540901	0.09909865103743666	1.0	1.0	2.0
75490000	1.1581392784181683	0.08081965144193605	1.0	1.0	2.0
75500000	2.2896397397573507	0.07458851929820556	1.0	1.0	2.0
75510000	0.37069719957652175	0.2757559017203382	1.0	1.0	2.0
75520000	1.0816363198442704	0.4173503507160929	1.0	1.0	2.0
75530000	2.4063124110211573	0.1377331054500959	1.0	1.0	2.0
75540000	1.4067828977851102	0.39035953944223273	1.0	1.0	2.0
75550000	1.131729984313534	1.3096099597607012	1.0	1.0	2.0
75560000	1.3607908173297114	1.2920658924871995	1.0	1.0	2.0
75570000	2.03193557024923	1.6872121266623843	1.0	1.0	2.0
75580000	0.7634188397155753	0.7010184434854478	1.0	1.0	2.0
75590000	0.3325937220414004	0.035007332833684165	1.0	1.0	2.0
75600000	0.5170195653207218	2.947758015647876	1.0	1.0	2.0
75610000	1.5684500100874341	0.18666351302099243	1.0	1.0	2.0
75620000	0.5559721774313909	0.4864435538785237	1.0	1.0	2.0
75630000	0.3930963396971225	0.7414051473025155	1.0	1.0	2.0
75640000	0.4706486597552097	0.21658688766996434	1.0	1.0	2.0
75650000	0.831743376786739	0.3405539692776868	1.0	1.0	2.0
75660000	0.41604797004440847	0.9427036441044272	1.0	1.0	2.0
75670000	1.8278900682649806	0.1846966476820033	1.0	1.0	2.0
75680000	1.7205350511574424	0.34479900197764884	1.0	1.0	2.0
75690000	0.7289880205635636	0.2540732202964927	1.0	1.0	2.0
75700000	1.1976689145599126	0.0720992016495752	1.0	1.0	2.0
75710000	2.481920747874866	0.8497114597649962	1.0	1.0	2.0
75720000	0.19902348180798618	0.20120552328773705	1.0	1.0	2.0
75730000	0.5450008511337682	1.8011299102919536	1.0	1.0	2.0
75740000	0.1668254213441629	0.272395835548586	1.0	1.0	2.0
75750000	3.5002399479379127	0.8859900689307592	1.0	1.0	2.0
75760000	1.6340657895791386	0.017200917798140054	1.0	1.0	2.0
75770000	0.16094278714562563	0.13587048015034908	1.0	1.0	2.0
75780000	1.6536840299294764	0.29294771198894765	1.0	1.0	2.0
75790000	0.6497682774431643	1.7508521644867194	1.0	1.0	2.0
75800000	1.518437257513094	0.40524191029693557	1.0	1.0	2.0
75810000	0.8171974410042813	0.6307682043747466	1.0	1.0	2.0
75820000	0.9804564796068302	0.4071084898414011	1.0	1.0	2.0
75830000	1.5989760621785822	0.1549245900433344	1.0	1.0	2.0
75840000	0.31507330183583987	0.7072812144289057	1.0	1.0	2.0
75850000	1.4703921578817638	0.26806333943971566	1.0	1.0	2.0
75860000	1.5381451093993992	0.6932695171319715	1.0	1.0	2.0
75870000	0.34511646967404874	0.1937711890072053	1.0	1.0	2.0
75880000	1.256366594261413	0.033986077241861035	1.0	1.0	2.0
75890000	1.4641101545182384	0.3558867555359741	1.0	1.0	2.0
75900000	0.9672332669860695	0.019962610131669258	1.0	1.0	2.0
75910000	0.389103045895256	0.08836900842833816	1.0	1.0	2.0
75920000	0.2858969350806783	0.573755009828011	1.0	1.0	2.0
75930000	0.6200946041097247	0.9389859991688259	1.0	1.0	2.0
75940000	0.5439044420279413	0.09281228479072061	1.0	1.0	2.0
75950000	1.7435349135498242	0.25115890817354414	1.0	1.0	2.0
75960000	0.08416968372641308	0.033234917478537976	1.0	1.0	2.0
75970000	1.4044746256384835	0.18218472715043738	1.0	1.0	2.0
75980000	0.9360071765188005	2.525760390181461	1.0	1.0	2.0
75990000	1.426605897187178	0.4267542082266073	1.0	1.0	2.0
76000000	1.2396866555675092	0.43969926828676126	1.0	1.0	2.0
76010000	2.70130071508162	0.55680177242543	1.0	1.0	2.0
76020000	0.42467806774915595	0.29717642234713515	1.0	1.0	2.0
76030000	0.7078517282595366	0.4989274262822544	1.0	1.0	2.0
76040000	1.7741254095172312	0.10371051745279372	1.0	1.0	2.0
76050000	1.3214666373581148	0.0264218637803182	1.0	1.0	2.0
76060000	0.5008963928739062	0.2913269089674078	1.0	1.0	2.0
76070000	0.5863728937470851	0.09747119015874064	1.0	1.0	2.0
76080000	0.24139722467848207	0.062259545645645245	1.0	1.0	2.0
76090000	0.7620564324191068	1.2110924211097485	1.0	1.0	2.0
76100000	1.5987384722770523	0.018626227495284663	1.0	1.0	2.0
76110000	0.6530576521965925	0.23223716566435443	1.0	1.0	2.0
76120000	1.3874155113921673	0.04778250604161646	1.0	1.0	2.0
76130000	2.2350518266754213	0.04402535992878595	1.0	1.0	2.0
76140000	1.2631403581776715	0.20190438327954288	1.0	1.0	2.0
76150000	2.336961187678223	1.0475674902033747	1.0	1.0	2.0
76160000	2.9480282760536274	1.4064929059369613	1.0	1.0	2.0
76170000	1.2171998416063083	0.012807545165832967	1.0	1.0	2.0
76180000	1.7578770871830836	0.39807072537517363	1.0	1.0	2.0
76190000	0.9271953360688581	0.32957562287518805	1.0	1.0	2.0
76200000	0.7745938304379625	0.4299085105297001	1.0	1.0	2.0
76210000	0.29665887742470004	0.30348082501650536	1.0	1.0	2.0
76220000	0.919569367120998	0.5179318541335165	1.0	1.0	2.0
76230000	0.7948036722495876	1.3630502035782055	1.0	1.0	2.0
76240000	1.0875735069465426	2.1751908065612326	1.0	1.0	2.0
76250000	0.8339915793439473	0.6308581490878507	1.0	1.0	2.0
76260000	0.6886366970690576	0.008637687195407844	1.0	1.0	2.0
76270000	1.5337646416054642	0.12649045924482272	1.0	1.0	2.0
76280000	0.8105783500479562	0.3181165263988372	1.0	1.0	2.0
76290000	0.7664510364547943	0.8309405067978086	1.0	1.0	2.0
76300000	1.8429009062995787	0.07416871417604383	1.0	1.0	2.0
76310000	0.8319546516088957	0.2020031582302468	1.0	1.0	2.0
76320000	0.5958598677575508	0.9660592028249628	1.0	1.0	2.0
76330000	0.12737527223722767	0.06411559623975964	1.0	1.0	2.0
76340000	1.1400277086620094	1.3359057869670279	1.0	1.0	2.0
76350000	2.6802034656165796	0.9258358764319872	1.0	1.0	2.0
76360000	2.2571357227624627	0.030711766580009233	1.0	1.0	2.0
76370000	4.245051122790114	0.28405061016564914	1.0	1.0	2.0
76380000	0.58283555101911	0.1961234289014507	1.0	1.0	2.0
76390000	0.3345622450104951	0.3653401108727088	1.0	1.0	2.0
76400000	3.318278709357876	1.4636733700872393	1.0	1.0	2.0
76410000	2.2574302341590835	0.10887905537824746	1.0	1.0	2.0
76420000	0.41913272777213645	0.7578479395450568	1.0	1.0	2.0
76430000	0.9493762539664897	0.6461111693858281	1.0	1.0	2.0
76440000	1.157458128371754	0.609514033586055	1.0	1.0	2.0
76450000	3.9589025914686196	0.8229327060780444	1.0	1.0	2.0
76460000	2.9693886023509295	0.1820691508417172	1.0	1.0	2.0
76470000	1.6267201750541465	0.12804100553877562	1.0	1.0	2.0
76480000	0.38224268176639065	0.4062962921969615	1.0	1.0	2.0
76490000	3.2301294625790287	0.6119748953160836	1.0	1.0	2.0
76500000	5.043779285664441	1.396004295244839	1.0	1.0	2.0
76510000	0.9666852815061993	0.41663942706844903	0.0	1.0	1.0
76520000	1.0193632186091182	0.1253892541829154	1.0	1.0	2.0
76530000	0.20908979773586173	0.2285603825942692	1.0	1.0	2.0
76540000	0.6364242216707605	0.20533798375024337	1.0	1.0	2.0
76550000	4.84456448657611	0.03803512703380503	1.0	1.0	2.0
76560000	0.4075379351627686	0.37496578388845636	1.0	1.0	2.0
76570000	0.07217302395416736	0.10935667059919776	1.0	1.0	2.0
76580000	1.0974620567440414	0.1740801285477949	1.0	1.0	2.0
76590000	0.5555732084032144	0.21031864859831667	1.0	1.0	2.0
76600000	0.6601531957361598	0.299807298905951	1.0	1.0	2.0
76610000	0.6855014207005509	0.054323646527804574	1.0	1.0	2.0
76620000	0.48579201786725956	0.5816683743977655	1.0	1.0	2.0
76630000	2.105570465636091	0.17794679367431063	1.0	1.0	2.0
76640000	0.6049649085877544	0.6400043993477305	1.0	1.0	2.0
76650000	1.234811113526753	1.181785079041275	1.0	1.0	2.0
76660000	0.7596547489346902	0.3487945600609364	1.0	1.0	2.0
76670000	0.417091821954438	0.00561993965521946	1.0	1.0	2.0
76680000	0.6532451846670859	0.19351801347692457	1.0	1.0	2.0
76690000	3.6025276848019305	0.7530029953859878	1.0	1.0	2.0
76700000	1.998078528603418	0.8375197314692487	1.0	1.0	2.0
76710000	1.4989235849401485	0.0732904880276574	1.0	1.0	2.0
76720000	6.541467195475665	1.3849268895904863	1.0	1.0	2.0
76730000	2.235435238587475	0.5203597035083409	1.0	1.0	2.0
76740000	0.2773634782567985	0.09462094647255719	1.0	1.0	2.0
76750000	0.45069261351703654	0.12887813643175575	1.0	1.0	2.0
76760000	3.317265048078607	0.12692958348903186	1.0	1.0	2.0
76770000	0.6409139196352692	0.16927380168044587	1.0	1.0	2.0
76780000	0.6145055212060537	0.5028691610037802	1.0	1.0	2.0
76790000	0.26334171802067374	0.2812412392686077	1.0	1.0	2.0
76800000	1.4467034382530886	0.221733923642663	1.0	1.0	2.0
76810000	2.246766630595027	0.44016640232418824	1.0	1.0	2.0
76820000	1.0675551088458648	0.04800193576743297	1.0	1.0	2.0
76830000	0.19198047756847844	0.07133415816530518	1.0	1.0	2.0
76840000	2.2324316019349233	0.7127572039785867	1.0	1.0	2.0
76850000	1.4732272022553397	0.608554590252253	1.0	1.0	2.0
76860000	0.38819493219918877	0.34686250539711655	1.0	1.0	2.0
76870000	0.8206342803714239	0.22403325113391237	1.0	1.0	2.0
76880000	1.2545216980953082	0.6135116006260349	1.0	1.0	2.0
76890000	2.61610458451175	0.24366211531522278	1.0	1.0	2.0
76900000	2.311147619627917	0.23840668188510455	1.0	1.0	2.0
76910000	1.7587836454136976	3.6013939167653124	1.0	1.0	2.0
76920000	2.6484821057513237	3.6903648517442003	1.0	1.0	2.0
76930000	0.3854228855710539	0.2565919862609244	1.0	1.0	2.0
76940000	2.452493421316002	0.14376099772059722	1.0	1.0	2.0
76950000	0.3123675862032341	0.2602525807792622	1.0	1.0	2.0
76960000	0.6761159929275081	0.07991000705104512	1.0	1.0	2.0
76970000	5.528469080654996	0.3607549171465385	1.0	1.0	2.0
76980000	1.2633840420306452	0.3466500801641196	1.0	1.0	2.0
76990000	3.442028852098995	0.21068462372156288	1.0	1.0	2.0
77000000	0.35785883757479786	0.44342262341398647	1.0	1.0	2.0
77010000	5.177244208006684	1.3472465220198617	1.0	1.0	2.0
77020000	0.7354808546002322	0.7004811172259472	1.0	1.0	2.0
77030000	3.171587521356224	0.532258346449923	1.0	1.0	2.0
77040000	0.5046814638320356	0.00739602179117356	1.0	1.0	2.0
77050000	1.4266471088024264	0.005698252663711789	1.0	1.0	2.0
77060000	1.6618075527237222	0.16513222284451945	1.0	1.0	2.0
77070000	1.7075144932960562	0.15615120518667253	1.0	1.0	2.0
77080000	0.5819756221113825	0.19560954042781753	1.0	1.0	2.0
77090000	3.5461551229249353	0.17898015270137022	1.0	1.0	2.0
77100000	4.106286657242761	0.07403316913569494	1.0	1.0	2.0
77110000	1.221107542099924	1.4434290723261243	1.0	1.0	2.0
77120000	0.9058096607781471	0.04132278664326275	1.0	1.0	2.0
77130000	1.2514147092607277	0.06088881588187373	1.0	1.0	2.0
77140000	2.164323387788591	0.16968183187771946	1.0	1.0	2.0
77150000	0.4627165366648705	0.6079501309277775	1.0	1.0	2.0
77160000	2.1554611657392817	0.6378437999419914	1.0	1.0	2.0
77170000	0.6127641971960535	0.10796203169370931	1.0	1.0	2.0
77180000	0.342045642287879	0.6230609150460047	1.0	1.0	2.0
77190000	0.8035642012984637	0.029784722608807143	1.0	1.0	2.0
77200000	0.5515343877150597	0.8099779058680767	1.0	1.0	2.0
77210000	1.1272690614125167	0.1812481455281718	1.0	1.0	2.0
77220000	0.24839755160038776	0.12301371259474973	1.0	1.0	2.0
77230000	0.661889918479553	1.0272476094641005	1.0	1.0	2.0
77240000	2.310766780095146	1.4454767809176476	1.0	1.0	2.0
77250000	0.19262916591282664	0.932912550550073	1.0	1.0	2.0
77260000	1.8165859452646873	0.8167491494514604	1.0	1.0	2.0
77270000	0.8753980119184855	0.2557168740462029	1.0	1.0	2.0
77280000	0.28338662923927477	0.44005715592870515	1.0	1.0	2.0
77290000	0.6405938288631038	0.7195602952720688	1.0	1.0	2.0
77300000	1.2128008055306496	0.21561319022015155	1.0	1.0	2.0
77310000	2.9623513305938123	0.6082162909380482	1.0	1.0	2.0
77320000	1.74533544843205	1.8461224889786996	1.0	1.0	2.0
77330000	1.0181774541199853	0.4550132143529372	1.0	1.0	2.0
77340000	2.643928098525605	0.6147245470742205	1.0	1.0	2.0
77350000	1.325948751046202	0.12722622231742464	1.0	1.0	2.0
77360000	0.8044253972431369	2.394621794868773	1.0	1.0	2.0
77370000	0.832790364125455	0.1256422513967402	1.0	1.0	2.0
77380000	1.5649674112616252	0.33866895975464384	1.0	1.0	2.0
77390000	0.4393902920941982	0.3112713115358723	1.0	1.0	2.0
77400000	1.4332274366799842	0.6018162206620964	1.0	1.0	2.0
77410000	0.4085410977676428	0.9808565347975063	1.0	1.0	2.0
77420000	1.2065212662765852	0.44678885301056004	1.0	1.0	2.0
77430000	1.9971315899744126	0.020110344152785908	1.0	1.0	2.0
77440000	1.8513655927617039	0.059441658093943375	1.0	1.0	2.0
77450000	1.4478084207998356	0.32187939299885393	1.0	1.0	2.0
77460000	2.169685119620779	0.21538307816494975	1.0	1.0	2.0
77470000	1.3779602609427277	0.06875203787684103	1.0	1.0	2.0
77480000	0.8944375707081524	0.37945787135711695	1.0	1.0	2.0
77490000	2.4970478930954667	1.1960083455745403	1.0	1.0	2.0
77500000	0.8173119432852676	0.08189640700839981	1.0	1.0	2.0
77510000	0.9848062233678738	0.3060524106062948	1.0	1.0	2.0
77520000	1.1373234518852446	0.1628849260885286	1.0	1.0	2.0
77530000	1.184105784612789	0.12922967261863602	1.0	1.0	2.0
77540000	0.6244888751415396	0.0631866408319256	1.0	1.0	2.0
77550000	0.6884424704981683	0.2159923864262642	1.0	1.0	2.0
77560000	1.6604825241834202	0.22065901775533292	1.0	1.0	2.0
77570000	3.2643682027540057	7.249809179002956	1.0	1.0	2.0
77580000	0.46324482321094834	0.12078785915298594	1.0	1.0	2.0
77590000	1.4630212655449608	0.6470087640543666	1.0	1.0	2.0
77600000	3.08391235181967	2.0970755354563595	1.0	1.0	2.0
77610000	1.6358226200846229	0.09699575328187407	1.0	1.0	2.0
77620000	2.3667825233940447	0.5232806395243026	1.0	1.0	2.0
77630000	0.15805999265504672	0.1903690051838438	1.0	1.0	2.0
77640000	0.6088079409500887	0.40184559647026374	1.0	1.0	2.0
77650000	2.2241251261503105	0.933687163507417	1.0	1.0	2.0
77660000	1.1595817122709244	0.4365905614763568	1.0	1.0	2.0
77670000	1.2983630712738214	0.23918323691378604	1.0	1.0	2.0
77680000	2.512156578768186	0.17130911843055574	1.0	1.0	2.0
77690000	3.9587107051417934	0.37895983590791427	1.0	1.0	2.0
77700000	0.9341998053177349	0.5649681209844548	1.0	1.0	2.0
77710000	0.5728243475036915	0.038984138604600316	1.0	1.0	2.0
77720000	0.1163001447564853	0.0912937738585457	1.0	1.0	2.0
77730000	1.3882237393570842	0.04905235279400284	1.0	1.0	2.0
77740000	2.107938031379935	1.3717149911793711	1.0	1.0	2.0
77750000	1.0558355212362847	0.21157432793174266	1.0	1.0	2.0
77760000	1.2797741097633362	1.6144487823328637	1.0	1.0	2.0
77770000	1.7470808325877702	0.23526501259517907	1.0	1.0	2.0
77780000	2.49905629896569	0.0973415267161092	1.0	1.0	2.0
77790000	0.8195752101624393	0.7709153108320558	1.0	1.0	2.0
77800000	0.9978036678777391	0.44711250084499343	1.0	1.0	2.0
77810000	1.643155799043687	3.0218757772080513	1.0	1.0	2.0
77820000	1.1532106027044184	0.2514690998129296	1.0	1.0	2.0
77830000	2.030727633928878	0.7181663990178521	1.0	1.0	2.0
77840000	1.5932042713118821	0.17399871349695892	1.0	1.0	2.0
77850000	2.3403083586084623	0.9480496170402342	1.0	1.0	2.0
77860000	1.060114513846347	0.4818750206921376	1.0	1.0	2.0
77870000	0.22189741262547102	2.544113540069495	1.0	1.0	2.0
77880000	3.380076876439943	1.884024275226143	1.0	1.0	2.0
77890000	3.1015321441990813	1.4703156586330703	1.0	1.0	2.0
77900000	6.582410653206078	0.5347858588293318	1.0	1.0	2.0
77910000	2.0029653696802696	0.3166383292134124	1.0	1.0	2.0
77920000	2.739383727567546	2.460352464014405	1.0	1.0	2.0
77930000	0.5913668381678	0.6215115054256067	1.0	1.0	2.0
77940000	0.2841922968126728	0.4539728528355171	1.0	1.0	2.0
77950000	0.8081346557069948	0.6088978528093135	1.0	1.0	2.0
77960000	2.255997505028014	0.604013112740024	1.0	1.0	2.0
77970000	2.0816221906489845	0.671149228683374	1.0	1.0	2.0
77980000	0.977978902438493	1.2635870186820097	1.0	1.0	2.0
77990000	1.479601599539691	0.4174205282366326	1.0	1.0	2.0
78000000	0.9762284947450814	0.851275302179819	1.0	1.0	2.0
78010000	0.6391468486680696	0.9200847108048186	1.0	1.0	2.0
78020000	2.04454196435817	0.5197586518928033	1.0	1.0	2.0
78030000	0.8857894409551853	0.5024240279609417	1.0	1.0	2.0
78040000	2.0760756746454043	0.9115977833764255	1.0	1.0	2.0
78050000	5.20188429144722	0.08664441744816133	1.0	1.0	2.0
78060000	0.6272046341308986	0.41480495489566627	1.0	1.0	2.0
78070000	0.5470644677166919	0.027472340278674734	1.0	1.0	2.0
78080000	0.26472983573038555	0.1886121065994401	1.0	1.0	2.0
78090000	1.6025026029533433	0.31871062006902184	1.0	1.0	2.0
78100000	3.8904859370002107	0.02052814330892812	1.0	1.0	2.0
78110000	3.284810213197758	1.0992356234067076	1.0	1.0	2.0
78120000	1.1231170225186484	0.4455324336023867	1.0	1.0	2.0
78130000	0.7924061602527839	0.5747674036312985	1.0	1.0	2.0
78140000	1.016379251450436	0.35944848254416545	0.0	1.0	1.0
78150000	0.4746035552662923	0.6581473189198394	1.0	1.0	2.0
78160000	1.2487423200087167	1.4320536575316447	1.0	1.0	2.0
78170000	0.38518607118318154	0.06025459684425283	1.0	1.0	2.0
78180000	0.38604334806436513	0.24279680588918826	1.0	1.0	2.0
78190000	3.529184664119777	0.15396751206161924	1.0	1.0	2.0
78200000	0.7728227774228116	1.4389892915998401	1.0	1.0	2.0
78210000	0.555386308942102	0.710229673409815	1.0	1.0	2.0
78220000	0.6193431035890776	1.1317052459394585	1.0	1.0	2.0
78230000	0.15020404730472514	0.07167786993485147	1.0	1.0	2.0
78240000	0.3542233971055265	0.26571831085253533	1.0	1.0	2.0
78250000	0.8549963518391893	0.23325879504840957	1.0	1.0	2.0
78260000	1.1211924339552617	0.6485727531426694	1.0	1.0	2.0
78270000	0.39892576871419705	0.059349336428521915	1.0	1.0	2.0
78280000	1.0257423622780342	2.0070493466861374	1.0	1.0	2.0
78290000	1.117006539837437	0.6120379210692314	1.0	1.0	2.0
78300000	2.8879924726304003	0.24216483761592214	1.0	1.0	2.0
78310000	1.343572485090923	0.8823626609895265	1.0	1.0	2.0
78320000	0.5354326040690698	0.6676733584395118	1.0	1.0	2.0
78330000	2.4635809780008993	0.9769826392924851	1.0	1.0	2.0
78340000	1.2971657457529169	2.079305780321915	1.0	1.0	2.0
78350000	0.5171370043273052	0.23189501702753465	1.0	1.0	2.0
78360000	1.347444263526648	0.004258843919140997	1.0	1.0	2.0
78370000	0.9098787567343342	1.2818123597580193	1.0	1.0	2.0
78380000	3.8109467944978737	1.2676395013256583	1.0	1.0	2.0
78390000	1.367468318250667	0.8882952371680954	1.0	1.0	2.0
78400000	2.7907807232422006	0.1080764748585999	1.0	1.0	2.0
78410000	2.911712167421258	0.4183254275504201	1.0	1.0	2.0
78420000	1.156870663327127	0.14526468445766738	1.0	1.0	2.0
78430000	4.148081099017409	0.602953534128981	1.0	1.0	2.0
78440000	0.5272146878693815	0.0033740970945711404	1.0	1.0	2.0
78450000	3.4448208836087244	0.6900860637912185	1.0	1.0	2.0
78460000	0.5404562326557736	0.24663822855394293	1.0	1.0	2.0
78470000	0.5453072262082076	1.107146648107894	1.0	1.0	2.0
78480000	1.4047859844935822	2.005599161972273	1.0	1.0	2.0
78490000	1.4835955339147524	0.5202238125580245	1.0	1.0	2.0
78500000	2.5294249945469707	1.4665617248122331	1.0	1.0	2.0
78510000	0.76509145572763	0.11907039498031866	1.0	1.0	2.0
78520000	0.7745314184048733	0.7073326102160755	1.0	1.0	2.0
78530000	0.5670310928751507	1.0166133642105164	1.0	1.0	2.0
78540000	1.7424466746558231	0.1863547638647169	1.0	1.0	2.0
78550000	0.8409844216054965	0.24397537762311322	1.0	1.0	2.0
78560000	1.1217374671604021	1.0096806039583568	1.0	1.0	2.0
78570000	2.14121498374681	0.086673472530068	1.0	1.0	2.0
78580000	0.5306991353884019	0.4408165802225561	1.0	1.0	2.0
78590000	0.8262525900517591	0.9619983012961283	1.0	1.0	2.0
78600000	4.122109153895036	1.3956529160436149	1.0	1.0	2.0
78610000	2.423023869302831	0.0977967480968942	1.0	1.0	2.0
78620000	0.14798907022303054	0.06455040667710892	1.0	1.0	2.0
78630000	0.23617802195717313	0.11893643205901261	1.0	1.0	2.0
78640000	1.8709662037533517	1.5890445429829567	1.0	1.0	2.0
78650000	0.12162035218465034	0.033309653663114384	1.0	1.0	2.0
78660000	0.4414770435900595	1.2372939699787622	1.0	1.0	2.0
78670000	0.36471642119670644	0.7495284076058303	1.0	1.0	2.0
78680000	1.2363463499154568	0.2710434854966222	1.0	1.0	2.0
78690000	1.1442816624685426	0.08854283895003444	1.0	1.0	2.0
78700000	0.4999309738134996	0.14979781298179012	1.0	1.0	2.0
78710000	0.756774381941249	0.15584320552349493	1.0	1.0	2.0
78720000	1.1435300520105351	0.022489564613361233	1.0	1.0	2.0
78730000	1.2691853921395875	0.9151198644894418	1.0	1.0	2.0
78740000	1.1887142674193512	0.7775712468280818	1.0	1.0	2.0
78750000	1.9692136607951614	0.06247685139257834	1.0	1.0	2.0
78760000	1.0583858225039418	0.29609378821697496	1.0	1.0	2.0
78770000	2.813871820554797	1.0745564039367503	1.0	1.0	2.0
78780000	0.8191774665704475	0.05044104924114834	1.0	1.0	2.0
78790000	0.6839458733306121	0.4895741051938913	1.0	1.0	2.0
78800000	1.7343950371388241	4.045627119112709	1.0	1.0	2.0
78810000	1.963265285321228	0.12639854016578309	1.0	1.0	2.0
78820000	0.11630224815636396	0.009884796999204372	1.0	1.0	2.0
78830000	1.4153518632142952	0.10799709390034656	1.0	1.0	2.0
78840000	2.373310985840263	0.8198250888937236	1.0	1.0	2.0
78850000	0.378557875250336	0.22360929576332553	1.0	1.0	2.0
78860000	0.5968474342333051	0.05865178263555117	1.0	1.0	2.0
78870000	2.003294212905845	0.5611999953868778	1.0	1.0	2.0
78880000	1.0594709133649545	2.9325404104048935	1.0	1.0	2.0
78890000	0.26058705837831925	0.10347279682164949	1.0	1.0	2.0
78900000	0.9890070333724618	0.3266108400200743	1.0	1.0	2.0
78910000	0.5225916545994687	0.9533299990322275	1.0	1.0	2.0
78920000	0.4944370063853422	0.17461588041774337	1.0	1.0	2.0
78930000	0.8523051071225941	0.2783273384555617	1.0	1.0	2.0
78940000	1.6531921001717516	0.06885027098527684	1.0	1.0	2.0
78950000	2.3452023495239414	0.24261576039577315	1.0	1.0	2.0
78960000	2.972177890488871	1.6279411322444097	1.0	1.0	2.0
78970000	0.44197918126780555	0.7042688361152742	1.0	1.0	2.0
78980000	2.0403860470172632	0.1764568256723375	1.0	1.0	2.0
78990000	1.8583252184772072	1.0068505693883962	1.0	1.0	2.0
79000000	1.8846382227391034	0.46446516696360585	1.0	1.0	2.0
79010000	0.5528334643846975	0.045078312068732945	1.0	1.0	2.0
79020000	0.08444394093180235	0.06702558386275237	1.0	1.0	2.0
79030000	1.0183776170952639	0.01099939045210909	1.0	1.0	2.0
79040000	2.528605560867344	0.34309264425901037	1.0	1.0	2.0
79050000	4.038438474005242	0.1799660383586694	1.0	1.0	2.0
79060000	2.6991011660936817	0.008377436117049556	1.0	1.0	2.0
79070000	1.5856962414758817	0.2350937284941327	1.0	1.0	2.0
79080000	1.569949346330371	0.2957781984390796	1.0	1.0	2.0
79090000	0.5002877861827935	1.1094080332260785	1.0	1.0	2.0
79100000	2.0928514607173025	0.5824890943266858	1.0	1.0	2.0
79110000	0.637633263846863	0.23452752672997448	1.0	1.0	2.0
79120000	1.5082313490662531	0.27654475637356707	1.0	1.0	2.0
79130000	0.7298218776492672	0.15474312789107222	1.0	1.0	2.0
79140000	0.5641726176425197	0.9889662482504887	1.0	1.0	2.0
79150000	0.4388470984131421	1.0314690732593723	1.0	1.0	2.0
79160000	0.926982290733002	0.14879983592926224	1.0	1.0	2.0
79170000	4.466649828743151	0.20174123376977787	1.0	1.0	2.0
79180000	0.8192717713019961	0.8037425942875484	1.0	1.0	2.0
79190000	0.8176344200999246	0.21464615376152646	1.0	1.0	2.0
79200000	2.276624843224178	0.25072726587734895	1.0	1.0	2.0
79210000	3.8028217425037663	0.21808787870008298	1.0	1.0	2.0
79220000	0.9650632894086568	0.11950531607777254	1.0	1.0	2.0
79230000	0.5053308443339083	0.10012673649354124	1.0	1.0	2.0
79240000	5.196441496851611	1.4307625680879712	1.0	1.0	2.0
79250000	0.8932080591768394	0.1862265455506042	1.0	1.0	2.0
79260000	2.1352349591356012	0.7523583781485975	1.0	1.0	2.0
79270000	0.16425303904331287	0.05792906025633659	1.0	1.0	2.0
79280000	0.5892377433812697	0.005804649549225864	1.0	1.0	2.0
79290000	0.10377066361884477	0.5469579775656103	1.0	1.0	2.0
79300000	1.962603903765954	0.7921028811477754	1.0	1.0	2.0
79310000	2.5105232869667464	0.8438001953861974	1.0	1.0	2.0
79320000	2.7298622658379	0.15986125272569207	1.0	1.0	2.0
79330000	1.9517930073651621	0.8449301478377842	1.0	1.0	2.0
79340000	0.6088006275304855	0.053349392385624465	1.0	1.0	2.0
79350000	1.166716278984554	0.6995440176389093	1.0	1.0	2.0
79360000	1.1205500309449932	0.10574884007400384	1.0	1.0	2.0
79370000	0.5748086313776702	0.5315576726087566	1.0	1.0	2.0
79380000	4.110594569648166	0.003869210260446354	1.0	1.0	2.0
79390000	1.9721952459096541	1.3348779509979494	1.0	1.0	2.0
79400000	0.3600652097212233	0.08787276217721218	1.0	1.0	2.0
79410000	0.63750946890859	0.057802164394383154	1.0	1.0	2.0
79420000	0.675758018533229	0.5485677101445254	1.0	1.0	2.0
79430000	1.4898777676736648	0.14369516801218746	1.0	1.0	2.0
79440000	1.6444402889229903	0.2807692006296242	1.0	1.0	2.0
79450000	2.848279535655034	0.829740668308455	1.0	1.0	2.0
79460000	0.605100910900608	0.18212073636552595	1.0	1.0	2.0
79470000	0.25401879710697906	0.20040000558831114	1.0	1.0	2.0
79480000	0.8274752246673793	0.6319832179769728	1.0	1.0	2.0
79490000	2.901969720492451	0.3489408417395776	1.0	1.0	2.0
79500000	3.481815628562129	2.104316261133583	1.0	1.0	2.0
79510000	1.9610279859320436	0.26150193692764834	1.0	1.0	2.0
79520000	2.2141964111988455	1.1025174166464617	1.0	1.0	2.0
79530000	0.4783890527859678	0.2704834330968729	1.0	1.0	2.0
79540000	0.6830383696724767	0.5174608778415606	1.0	1.0	2.0
79550000	0.9337178738594677	0.08500612113615012	1.0	1.0	2.0
79560000	0.8887704217937081	0.2136102072354461	1.0	1.0	2.0
79570000	0.7889721296670413	0.09732299404679207	1.0	1.0	2.0
79580000	1.8196476738059366	0.0019737290216164808	1.0	1.0	2.0
79590000	6.148725162052642	0.08426071557311002	1.0	1.0	2.0
79600000	0.5512473636870802	1.4666362225916294	1.0	1.0	2.0
79610000	3.742873271545496	0.561055637990957	1.0	1.0	2.0
79620000	0.6270041791375413	0.8595775525875973	1.0	1.0	2.0
79630000	0.5561327664035591	0.4610108790059982	1.0	1.0	2.0
79640000	0.5462024539553512	0.044104286604798565	1.0	1.0	2.0
79650000	0.9606912459228417	0.05357820856499981	1.0	1.0	2.0
79660000	2.399755615519397	0.7221526913756756	1.0	1.0	2.0
79670000	1.0987876135969326	1.6492437490433995	1.0	1.0	2.0
79680000	0.8832555126822214	1.7789270615643433	1.0	1.0	2.0
79690000	5.018208171719391	0.07702778677160076	1.0	1.0	2.0
79700000	0.6747797817124185	1.4070157986459018	0.0	1.0	1.0
79710000	3.6367866472047004	0.9652948707936665	1.0	1.0	2.0
79720000	1.6319760965559384	0.12303537623133078	1.0	1.0	2.0
79730000	1.033035318581428	0.7786977819629763	1.0	1.0	2.0
79740000	1.7692496373433337	0.8214991196895975	1.0	1.0	2.0
79750000	2.5579056162394793	0.020482965260039506	1.0	1.0	2.0
79760000	0.9587650909071463	0.8007464617385749	1.0	1.0	2.0
79770000	0.2970887824512671	0.5104158480248367	1.0	1.0	2.0
79780000	1.3796422318520065	0.17989570655340992	1.0	1.0	2.0
79790000	0.2927229438719631	0.049141764523111114	1.0	1.0	2.0
79800000	0.9014877779758247	1.4158123902189728	1.0	1.0	2.0
79810000	1.3903860948428906	0.5644517441399566	1.0	1.0	2.0
79820000	4.189454191057123	0.5957019774240208	1.0	1.0	2.0
79830000	1.2754892223217	0.1875746831784666	1.0	1.0	2.0
79840000	1.253240204825519	0.1261006090292138	1.0	1.0	2.0
79850000	0.49339040838479875	0.03183925130629914	1.0	1.0	2.0
79860000	0.7953397863267022	1.15328656048331	1.0	1.0	2.0
79870000	2.585424283920793	0.07293488726259414	1.0	1.0	2.0
79880000	1.5705100580556843	0.36341166553577386	1.0	1.0	2.0
79890000	2.23102888022072	0.4310580203871823	1.0	1.0	2.0
79900000	1.5951407112662679	0.09904387009683396	1.0	1.0	2.0
79910000	1.4757402132091568	0.18658154387473092	1.0	1.0	2.0
79920000	2.474264961445478	2.024947009856193	1.0	1.0	2.0
79930000	2.146627884024562	0.6517233370378803	1.0	1.0	2.0
79940000	0.7576379986657513	0.9808716294522615	1.0	1.0	2.0
79950000	0.36121701633261866	0.4313016886469939	1.0	1.0	2.0
79960000	0.6793984319919448	0.5235679278929827	1.0	1.0	2.0
79970000	0.7685177393981779	0.10054765701303958	1.0	1.0	2.0
79980000	1.445332549770242	0.8078733928067809	1.0	1.0	2.0
79990000	0.9684704310898113	0.0635203125512344	1.0	1.0	2.0
80000000	0.6872458295592341	0.08314426571985	1.0	1.0	2.0
80010000	1.152445143151714	0.8995212076095983	1.0	1.0	2.0
80020000	0.7616685163902057	1.0145240365889159	1.0	1.0	2.0
80030000	0.365143335687371	0.181094207028392	1.0	1.0	2.0
80040000	0.586056085964604	0.1521184417795658	1.0	1.0	2.0
80050000	1.1413368908886683	0.7790587947113695	1.0	1.0	2.0
80060000	2.7958512098762074	0.7304396816636839	1.0	1.0	2.0
80070000	1.2906335217257972	0.5221108434733103	1.0	1.0	2.0
80080000	0.6738158942081286	0.10172108292314538	1.0	1.0	2.0
80090000	1.2164161034160272	0.9502563864046826	1.0	1.0	2.0
80100000	1.7931318819582462	0.11806359215456733	1.0	1.0	2.0
80110000	1.1851725049800528	0.3010795002130538	1.0	1.0	2.0
80120000	2.3543651735818685	0.09836587016538444	1.0	1.0	2.0
80130000	2.57451197777174	0.12913660501208551	1.0	1.0	2.0
80140000	2.174190898877451	0.2619791868102577	1.0	1.0	2.0
80150000	0.2602991425502	0.03164152505986772	1.0	1.0	2.0
80160000	3.738019701621221	1.089383210502141	1.0	1.0	2.0
80170000	1.4905234773459997	0.8365070572480022	1.0	1.0	2.0
80180000	0.9611132428719834	0.11995215190179251	1.0	1.0	2.0
80190000	2.046181511332757	0.015740566920302127	1.0	1.0	2.0
80200000	3.4881669146637795	0.39947968141438694	1.0	1.0	2.0
80210000	1.321828692551824	1.0309753644297337	1.0	1.0	2.0
80220000	5.1688368552533515	1.75031996459901	1.0	1.0	2.0
80230000	2.505447781480624	2.9620829631412384	1.0	1.0	2.0
80240000	1.3187995491134825	0.5835851112591656	1.0	1.0	2.0
80250000	1.1668128503626465	1.7858917331402087	1.0	1.0	2.0
80260000	1.7238167848046377	0.7331204460339844	1.0	1.0	2.0
80270000	0.7665168254629015	0.4768681999211326	1.0	1.0	2.0
80280000	1.063353161380326	0.9624197295517167	1.0	1.0	2.0
80290000	0.7080487343786803	0.40817009943722316	1.0	1.0	2.0
80300000	2.008142315581609	0.35384431367076813	1.0	1.0	2.0
80310000	0.5897775951735046	0.13534037872142957	1.0	1.0	2.0
80320000	0.5954343139875016	0.013260186758370936	1.0	1.0	2.0
80330000	1.0242831698091042	1.1091691415071896	1.0	1.0	2.0
80340000	0.5283145283060986	0.007747829650065806	1.0	1.0	2.0
80350000	0.32395036021075624	0.03488301315289621	1.0	1.0	2.0
80360000	0.5821492327153979	0.2709838224607756	1.0	1.0	2.0
80370000	1.0809033727219408	0.9896762640945678	1.0	1.0	2.0
80380000	1.842041438305415	0.37855552610890436	1.0	1.0	2.0
80390000	1.4403715399615065	0.06710104646287784	1.0	1.0	2.0
80400000	2.331739999242191	0.23229099486534427	1.0	1.0	2.0
80410000	1.1471616310150476	0.0732047995027965	1.0	1.0	2.0
80420000	2.6313366278643384	1.3092634271376902	1.0	1.0	2.0
80430000	2.4379123748669684	0.7336926992182351	1.0	1.0	2.0
80440000	1.9493953224073188	1.917123577737429	1.0	1.0	2.0
80450000	0.3699496387911382	0.5037161522444882	1.0	1.0	2.0
80460000	1.544730182756095	0.19870106787927744	1.0	1.0	2.0
80470000	2.1848046172826443	1.16143718155109	1.0	1.0	2.0
80480000	0.29757080387671914	0.6017863054012492	1.0	1.0	2.0
80490000	0.27048762155694556	0.06470431808048378	1.0	1.0	2.0
80500000	0.5811459207966224	0.5215587283739855	1.0	1.0	2.0
80510000	1.135402860099471	0.7570878498484975	1.0	1.0	2.0
80520000	1.178388943432519	0.35415726970293077	1.0	1.0	2.0
80530000	0.14948526304647033	0.30021491273803586	1.0	1.0	2.0
80540000	1.6414950001211455	0.3395219891129468	1.0	1.0	2.0
80550000	1.2349884068439667	0.2737852141808535	1.0	1.0	2.0
80560000	0.2054298793178426	0.0228022538750686	1.0	1.0	2.0
80570000	1.3871918294152359	0.06809117804764851	1.0	1.0	2.0
80580000	1.4369592442244803	0.3317553846098015	1.0	1.0	2.0
80590000	1.2107013472889696	0.2374037664883611	1.0	1.0	2.0
80600000	1.281256275453044	0.003478311271356924	1.0	1.0	2.0
80610000	0.6201753302371367	0.2503863585687735	1.0	1.0	2.0
80620000	1.0363466275487634	0.2418955443810875	1.0	1.0	2.0
80630000	0.30289431477128675	0.18259713387999835	1.0	1.0	2.0
80640000	2.994936301247125	0.042848729880873855	1.0	1.0	2.0
80650000	5.618570726205417	1.2634674795752505	1.0	1.0	2.0
80660000	0.3759801877846759	0.5992351546275335	1.0	1.0	2.0
80670000	0.9833642986948746	0.667999349181354	1.0	1.0	2.0
80680000	3.648356868557519	0.823873589296564	1.0	1.0	2.0
80690000	0.43181856281329095	0.8135035379125358	1.0	1.0	2.0
80700000	0.6464804231852315	0.8067272614576377	0.0	1.0	1.0
80710000	0.342847944099706	0.17714515420139323	1.0	1.0	2.0
80720000	2.3616631719388117	0.6678437769212958	1.0	1.0	2.0
80730000	0.30595717326574007	0.28024319367201406	1.0	1.0	2.0
80740000	0.44420439074345125	0.78847778323802	1.0	1.0	2.0
80750000	0.19174798594560968	0.099757428210366	1.0	1.0	2.0
80760000	1.1087872240213974	0.1405479004652204	1.0	1.0	2.0
80770000	0.9254177275061244	0.3092475794921975	1.0	1.0	2.0
80780000	0.8998481235087917	1.140049806687211	1.0	1.0	2.0
80790000	0.4676082482784299	0.26221731810331683	1.0	1.0	2.0
80800000	0.7338860755592261	0.6018190000198632	1.0	1.0	2.0
80810000	0.25979806591278054	0.8318351586667897	1.0	1.0	2.0
80820000	0.24039116670557817	0.5766715919330686	1.0	1.0	2.0
80830000	0.48615288762044934	0.20073650553767694	1.0	1.0	2.0
80840000	1.6315574363327263	1.473224393111653	1.0	1.0	2.0
80850000	1.778790336373275	1.0392011529588294	1.0	1.0	2.0
80860000	1.4806122867244778	0.06256149946341054	1.0	1.0	2.0
80870000	0.4733380042264214	0.004354424855236746	1.0	1.0	2.0
80880000	0.10013543709077041	0.019768808093765147	1.0	1.0	2.0
80890000	0.46710796117241987	0.35366549794956165	1.0	1.0	2.0
80900000	0.45963330516659745	0.30700162297422984	1.0	1.0	2.0
80910000	0.9675097716256023	0.40528790358872085	1.0	1.0	2.0
80920000	1.8115206510541135	0.905295728171423	1.0	1.0	2.0
80930000	5.424983671550118	0.17126162253281524	1.0	1.0	2.0
80940000	2.6392183094480957	0.05939676071367115	1.0	1.0	2.0
80950000	0.28937882200195314	0.23640843088262523	1.0	1.0	2.0
80960000	2.6583900972158574	5.0097805996503	1.0	1.0	2.0
80970000	0.3669190796385885	0.0985407609448081	1.0	1.0	2.0
80980000	1.6342757977073232	0.3577277289133661	1.0	1.0	2.0
80990000	1.4557784541711127	1.2274713020315169	1.0	1.0	2.0
81000000	0.4198278044074887	0.04962021554057256	1.0	1.0	2.0
81010000	0.411523786797426	0.27205334000742976	1.0	1.0	2.0
81020000	3.300505446635032	0.8143891826833237	1.0	1.0	2.0
81030000	2.620058266576282	0.17095021186894171	1.0	1.0	2.0
81040000	1.4923092583518995	1.2743305957942055	1.0	1.0	2.0
81050000	4.496800055515525	3.3430080057556215	1.0	1.0	2.0
81060000	3.487237652441372	2.0530084149655847	1.0	1.0	2.0
81070000	0.25394279221871807	0.02229981065069708	1.0	1.0	2.0
81080000	1.5134235965858802	0.7848175526236033	1.0	1.0	2.0
81090000	0.48430736233178673	1.1020891836885758	1.0	1.0	2.0
81100000	0.24649256105753167	0.04777512132785702	1.0	1.0	2.0
81110000	0.8836196148974563	0.04369285052514261	1.0	1.0	2.0
81120000	0.8869542087156517	0.5427833023624363	1.0	1.0	2.0
81130000	0.2983719188221743	1.6442450856970574	1.0	1.0	2.0
81140000	0.9294780500342484	0.17107606017374308	1.0	1.0	2.0
81150000	0.5806722258832667	0.224772856077379	1.0	1.0	2.0
81160000	1.2442852583378465	0.20110139182180115	1.0	1.0	2.0
81170000	1.012347063406839	0.24235581238320436	1.0	1.0	2.0
81180000	2.119233304319192	0.4225812911025372	1.0	1.0	2.0
81190000	1.9123112909084896	0.05653226749344025	1.0	1.0	2.0
81200000	1.8801812035412349	1.8046346204204349	1.0	1.0	2.0
81210000	0.3291575706258867	0.10531527837251702	1.0	1.0	2.0
81220000	0.3736835962859092	0.10522616115528448	1.0	1.0	2.0
81230000	0.8416620314173835	0.17417343546925548	1.0	1.0	2.0
81240000	1.113674092448605	0.0015188194728428094	1.0	1.0	2.0
81250000	0.2086288677230242	0.29909107352062697	1.0	1.0	2.0
81260000	1.014583845067747	0.2152688766110159	1.0	1.0	2.0
81270000	2.230717413695454	0.8375916883274749	1.0	1.0	2.0
81280000	0.4170066614293448	1.386603282236787	1.0	1.0	2.0
81290000	1.7053690289135615	0.10742896117871847	1.0	1.0	2.0
81300000	1.3949997589013925	0.27203159941515526	1.0	1.0	2.0
81310000	2.575130346880807	0.6784530078497196	1.0	1.0	2.0
81320000	2.2540491528134683	1.306199302044304	1.0	1.0	2.0
81330000	0.1160504153471503	0.02049725909847522	1.0	1.0	2.0
81340000	1.8607812496472511	0.5856747416741956	1.0	1.0	2.0
81350000	0.9508118429791313	0.7588228585569172	1.0	1.0	2.0
81360000	1.3690781595165376	1.4242758050428748	1.0	1.0	2.0
81370000	0.4440873845556171	0.03718430075927122	1.0	1.0	2.0
81380000	1.0547563135117919	0.039165165680488126	1.0	1.0	2.0
81390000	0.6403760619183313	0.30082960968247574	1.0	1.0	2.0
81400000	1.058317299430317	0.03971699467108085	1.0	1.0	2.0
81410000	0.635295229439958	0.7262703964783399	1.0	1.0	2.0
81420000	0.7020982326477321	0.21959862108501177	1.0	1.0	2.0
81430000	1.5204843991391048	1.3540979015403771	1.0	1.0	2.0
81440000	0.5101291320252593	0.6700501878279109	1.0	1.0	2.0
81450000	2.972615224454719	2.326822272005504	1.0	1.0	2.0
81460000	0.3464811065313198	0.4839872430085109	1.0	1.0	2.0
81470000	0.25371544041085436	0.5588706069892329	0.0	1.0	1.0
81480000	1.5984234419748937	0.6028043625658451	1.0	1.0	2.0
81490000	1.5867655484935301	1.5074887370958796	1.0	1.0	2.0
81500000	0.5079745981540195	0.6469132664487641	1.0	1.0	2.0
81510000	1.003162688977695	0.4238424101383308	1.0	1.0	2.0
81520000	1.028438436716383	0.38838340476253747	1.0	1.0	2.0
81530000	0.8023673685381107	0.4385946284103235	1.0	1.0	2.0
81540000	1.353841787331658	0.4475669549702031	1.0	1.0	2.0
81550000	0.31413710236313463	0.12459344920830555	1.0	1.0	2.0
81560000	0.4612504482901441	0.9915701716617037	1.0	1.0	2.0
81570000	1.6492105958897392	0.9354435368663917	1.0	1.0	2.0
81580000	0.2723000893026087	0.17569562630994415	1.0	1.0	2.0
81590000	1.4522234309530988	0.8862472686494131	1.0	1.0	2.0
81600000	1.1596787110973688	0.09864260302849633	1.0	1.0	2.0
81610000	0.926325789050126	0.3649621283771393	1.0	1.0	2.0
81620000	0.8222710337812665	0.33467888904822934	1.0	1.0	2.0
81630000	1.4668619546079207	0.4102969752840651	1.0	1.0	2.0
81640000	0.4955233082098572	0.9691029646667706	1.0	1.0	2.0
81650000	3.094022808026423	0.6411185505436631	1.0	1.0	2.0
81660000	0.6434250432080377	0.25400058426626043	1.0	1.0	2.0
81670000	0.4226947926343314	0.08793622379813923	1.0	1.0	2.0
81680000	2.903873182619263	0.031016553436795536	1.0	1.0	2.0
81690000	2.6379851882024052	0.043754710993277046	1.0	1.0	2.0
81700000	3.9508124626694476	0.8602200054617475	1.0	1.0	2.0
81710000	1.5942972677550262	1.7713056554900077	1.0	1.0	2.0
81720000	2.3668064081913722	0.83204202111195	1.0	1.0	2.0
81730000	0.1835805599018578	0.03771090878659173	1.0	1.0	2.0
81740000	0.17615046659814892	0.14213407177952436	1.0	1.0	2.0
81750000	0.7824458074552317	0.4733355225015928	1.0	1.0	2.0
81760000	1.2366194140938214	0.39958306830585816	1.0	1.0	2.0
81770000	0.9695873171938574	0.009766535789263963	1.0	1.0	2.0
81780000	3.346225734875814	0.03845535795274291	1.0	1.0	2.0
81790000	0.10241332680968337	0.026767396827490512	1.0	1.0	2.0
81800000	2.62176554924046	2.439743648449829	1.0	1.0	2.0
81810000	4.901650099386927	1.2674073321163706	1.0	1.0	2.0
81820000	0.1893197674374511	0.2645408392281643	1.0	1.0	2.0
81830000	0.8456358330678012	0.6426252850035908	1.0	1.0	2.0
81840000	1.2646176330353078	0.8858418708987891	1.0	1.0	2.0
81850000	0.16680589668151719	0.43890379703864535	1.0	1.0	2.0
81860000	0.8623353867216998	0.15726256270272418	1.0	1.0	2.0
81870000	0.38884020497577	0.15838899060438583	1.0	1.0	2.0
81880000	1.8496747877796982	0.06499971121658665	1.0	1.0	2.0
81890000	0.9103267248970687	0.36393660887702645	1.0	1.0	2.0
81900000	1.7519195860684784	0.11198961077985577	1.0	1.0	2.0
81910000	0.6128917584407582	0.08221693929703071	1.0	1.0	2.0
81920000	1.0509145927180163	0.38271358969804337	1.0	1.0	2.0
81930000	2.609173323558795	0.8002394452372042	1.0	1.0	2.0
81940000	0.8765538091081891	0.0278372667724048	1.0	1.0	2.0
81950000	1.068520769667444	0.5523152278819224	1.0	1.0	2.0
81960000	1.7298080335691113	0.20322123002559528	1.0	1.0	2.0
81970000	0.6107084577311662	0.2703957435487007	1.0	1.0	2.0
81980000	1.0928533739622155	0.07232514885586051	1.0	1.0	2.0
81990000	1.3194436183928049	0.07299865416730322	1.0	1.0	2.0
82000000	0.9250454172584585	1.1342760942118753	1.0	1.0	2.0
82010000	0.1409969022327301	0.36509136062989045	1.0	1.0	2.0
82020000	1.226476084258613	1.6037123865967629	1.0	1.0	2.0
82030000	0.5634633291724624	0.271704274248614	1.0	1.0	2.0
82040000	4.699847047576943	0.4955330873566622	1.0	1.0	2.0
82050000	3.6471527423007393	0.15349962328429678	1.0	1.0	2.0
82060000	0.10002018216007276	0.04632162239242272	1.0	1.0	2.0
82070000	0.5075365436027667	0.2256862400824569	1.0	1.0	2.0
82080000	0.39337713198791385	1.2354749731292536	1.0	1.0	2.0
82090000	0.9670723559538993	1.9773619214618012	1.0	1.0	2.0
82100000	3.8050796181947004	0.3234538376511397	1.0	1.0	2.0
82110000	0.2976368132118173	0.11014795501239276	1.0	1.0	2.0
82120000	3.053283640858306	0.8115621497981305	1.0	1.0	2.0
82130000	2.5349665766228346	0.05506372575825346	1.0	1.0	2.0
82140000	1.7104305477989519	0.2568509530659635	1.0	1.0	2.0
82150000	1.2029103022794159	0.9305102217849781	1.0	1.0	2.0
82160000	1.3383620257772928	0.08652308658683043	1.0	1.0	2.0
82170000	1.3786478931483164	1.4690405543100362	1.0	1.0	2.0
82180000	0.5360123014325477	0.05790013746083912	1.0	1.0	2.0
82190000	3.645286524929952	0.47598712726942294	1.0	1.0	2.0
82200000	1.1613938517476656	0.4319673935460185	1.0	1.0	2.0
82210000	2.7777055198133467	0.27855403109162286	1.0	1.0	2.0
82220000	0.7930060464138166	1.872186950412553	1.0	1.0	2.0
82230000	4.292012091695607	1.1384739661864438	1.0	1.0	2.0
82240000	0.20170262097450253	0.22014737146661864	1.0	1.0	2.0
82250000	2.08659434580764	0.5659445366308073	1.0	1.0	2.0
82260000	0.6317343993613413	0.08785593736472146	1.0	1.0	2.0
82270000	1.7995823573756726	2.2457138093042435	1.0	1.0	2.0
82280000	0.10475581241788075	0.04493103672882381	1.0	1.0	2.0
82290000	0.5509571670820744	0.05320458201527722	1.0	1.0	2.0
82300000	0.5411843446539811	1.6832295917652467	1.0	1.0	2.0
82310000	1.1260835055613287	0.43500295435809544	1.0	1.0	2.0
82320000	3.578469688483861	0.36443294644382196	1.0	1.0	2.0
82330000	1.3684838012942102	0.3209322057245198	1.0	1.0	2.0
82340000	1.2933404439107674	0.2250730212446546	1.0	1.0	2.0
82350000	0.5069473766022121	0.36462894602464274	1.0	1.0	2.0
82360000	0.4724597521744266	0.05831135229441586	1.0	1.0	2.0
82370000	0.34638646790966415	1.436241607160364	1.0	1.0	2.0
82380000	1.2830403698390092	0.19083427116985505	1.0	1.0	2.0
82390000	2.5308361700395556	0.29100992835054557	1.0	1.0	2.0
82400000	0.6433937065836989	1.1271884658090552	1.0	1.0	2.0
82410000	0.6909094721529451	0.01703610849595842	1.0	1.0	2.0
82420000	0.1617935182074449	0.07272454586558624	1.0	1.0	2.0
82430000	2.529090055186006	0.47045286096083616	1.0	1.0	2.0
82440000	1.036771981147577	0.9899671343388843	1.0	1.0	2.0
82450000	2.9334558124757164	0.18260665455779904	1.0	1.0	2.0
82460000	0.5422876417408679	0.07066621197288447	1.0	1.0	2.0
82470000	0.5885722237639223	0.24230033879107818	1.0	1.0	2.0
82480000	1.5191738664213246	0.9415425560599742	1.0	1.0	2.0
82490000	1.3716045049481391	0.8912849258113521	1.0	1.0	2.0
82500000	1.840480554560514	0.1638293485121216	1.0	1.0	2.0
82510000	0.5644980417910965	0.07946932521438746	1.0	1.0	2.0
82520000	1.3962137496317113	0.0900321570809195	1.0	1.0	2.0
82530000	1.6352520770074552	0.13744224903978847	1.0	1.0	2.0
82540000	3.7315298231804035	1.9893544265940446	1.0	1.0	2.0
82550000	1.399862286211181	1.3629236845481811	1.0	1.0	2.0
82560000	1.1234568197654287	0.2714666044002319	1.0	1.0	2.0
82570000	0.2985753616614734	0.09837734556943692	1.0	1.0	2.0
82580000	0.7385941996449624	0.49564926831141687	1.0	1.0	2.0
82590000	0.752229832581389	0.20985629953847557	1.0	1.0	2.0
82600000	0.4181896029693196	0.9585525426958362	1.0	1.0	2.0
82610000	0.691842607180844	0.188964174340255	1.0	1.0	2.0
82620000	0.36680410325068485	0.03846860263354913	1.0	1.0	2.0
82630000	1.2734073550856961	0.43874097080426333	1.0	1.0	2.0
82640000	4.615961401431157	0.5781001205565994	1.0	1.0	2.0
82650000	3.354696651316653	0.06667517158583726	1.0	1.0	2.0
82660000	0.21363154820329583	0.22662287364568529	1.0	1.0	2.0
82670000	0.40764811738199297	1.515564450008746	1.0	1.0	2.0
82680000	4.161132254997461	0.44943031057611005	1.0	1.0	2.0
82690000	1.0089456285061917	0.08694813795236328	1.0	1.0	2.0
82700000	0.07463029586400405	0.19621697540965047	1.0	1.0	2.0
82710000	0.7968374833846839	0.6479549463667609	1.0	1.0	2.0
82720000	0.46118894276075384	0.08076691856610822	1.0	1.0	2.0
82730000	1.5137896699655653	3.3815942562010597	1.0	1.0	2.0
82740000	0.5875730873199647	0.28010217917830976	1.0	1.0	2.0
82750000	1.1882551212106667	0.017081540823167568	1.0	1.0	2.0
82760000	1.4689990573599268	1.5861351712111902	1.0	1.0	2.0
82770000	1.242195990589135	0.662157125721662	1.0	1.0	2.0
82780000	0.2831785296679553	0.2852598552701859	1.0	1.0	2.0
82790000	2.855670972619056	1.2695214933133139	1.0	1.0	2.0
82800000	0.606600234182708	0.5072876028474366	1.0	1.0	2.0
82810000	1.6796940148025619	0.15663033734276793	1.0	1.0	2.0
82820000	2.901500371746631	0.6946210875948844	1.0	1.0	2.0
82830000	0.7816141855756571	0.10555051165115828	1.0	1.0	2.0
82840000	0.5074518697750745	0.6629284272802057	1.0	1.0	2.0
82850000	4.708213844571288	0.2840311804557139	1.0	1.0	2.0
82860000	0.5887614952449597	0.7570423887133227	1.0	1.0	2.0
82870000	1.4304456442887616	1.0500463051701474	1.0	1.0	2.0
82880000	1.3248913097321362	0.5305642225045982	1.0	1.0	2.0
82890000	1.7705697717843794	0.07442621023113284	1.0	1.0	2.0
82900000	0.4491267476298256	0.6001401349577637	1.0	1.0	2.0
82910000	0.7724036955246499	2.1800168206443127	1.0	1.0	2.0
82920000	0.7351570963062424	1.2237514160848058	1.0	1.0	2.0
82930000	1.1112351735153565	0.041845553780270155	1.0	1.0	2.0
82940000	0.46463552107388156	0.456724219944632	1.0	1.0	2.0
82950000	0.9645961642947298	0.2662353338650356	1.0	1.0	2.0
82960000	1.3222822912934633	1.2652273413416701	1.0	1.0	2.0
82970000	0.23854222912141315	0.2226116789771408	1.0	1.0	2.0
82980000	2.8909931164940645	0.5957660925558917	1.0	1.0	2.0
82990000	3.2272510610560423	0.7026464962031548	1.0	1.0	2.0
83000000	0.8980835188041182	0.0021914253312151424	1.0	1.0	2.0
83010000	1.6311781498740803	1.5134096592974318	1.0	1.0	2.0
83020000	0.7990739862609808	0.16780874217954275	1.0	1.0	2.0
83030000	1.6617514599900736	0.6004591729370101	1.0	1.0	2.0
83040000	1.8306802115921412	1.0492757179048817	1.0	1.0	2.0
83050000	2.181967006257881	0.27014074656151327	1.0	1.0	2.0
83060000	0.8694248768554289	0.39204957846375293	1.0	1.0	2.0
83070000	1.3360617631899796	0.036472766496370504	1.0	1.0	2.0
83080000	0.8773569160792879	0.1740561096992067	1.0	1.0	2.0
83090000	0.382497026717908	0.32263985734222694	1.0	1.0	2.0
83100000	0.2016280370100668	0.047885304164979436	1.0	1.0	2.0
83110000	0.7353803437123799	1.0626164151429427	1.0	1.0	2.0
83120000	1.2347672083581014	2.059728135424842	1.0	1.0	2.0
83130000	1.8030421241027454	0.1680197180771626	1.0	1.0	2.0
83140000	1.731642061223679	1.1795926717951108	1.0	1.0	2.0
83150000	0.9336755956356477	0.3863998327112794	1.0	1.0	2.0
83160000	2.5924866057149982	1.255342618812493	1.0	1.0	2.0
83170000	0.2621117809269388	0.034092001112028696	1.0	1.0	2.0
83180000	0.666226423162303	0.35308887886703383	1.0	1.0	2.0
83190000	0.6021371104587134	0.7486321372839776	1.0	1.0	2.0
83200000	1.0901833440364377	0.14897252515014633	1.0	1.0	2.0
83210000	0.5220956604980955	0.0196743900676661	1.0	1.0	2.0
83220000	0.5641004566354537	0.19262801209694824	1.0	1.0	2.0
83230000	1.6097462218743142	0.3999474139400736	1.0	1.0	2.0
83240000	0.39185793735329827	0.19007512806394825	1.0	1.0	2.0
83250000	2.4598701028245724	0.8187590583619777	1.0	1.0	2.0
83260000	0.5666982078129371	1.3681929586063404	1.0	1.0	2.0
83270000	1.7069939207990856	0.4725192939891078	1.0	1.0	2.0
83280000	1.8783473294354802	0.6837854546258947	1.0	1.0	2.0
83290000	4.6728402947049466	0.5036009758663469	1.0	1.0	2.0
83300000	3.4071140431171885	0.6454464774224605	1.0	1.0	2.0
83310000	0.9324455630670863	0.10311529415302102	1.0	1.0	2.0
83320000	0.35405755522369387	0.5992675230574949	1.0	1.0	2.0
83330000	4.092132727650038	1.1399876080080857	1.0	1.0	2.0
83340000	0.22632714025726955	1.2533701493468394	1.0	1.0	2.0
83350000	1.0847580808148582	0.5268853401452801	1.0	1.0	2.0
83360000	2.375922963490605	0.020346999065592335	1.0	1.0	2.0
83370000	2.6812559801079443	1.7538044459202493	1.0	1.0	2.0
83380000	0.9619312451789079	0.07393498753608375	1.0	1.0	2.0
83390000	0.5788574088946434	0.2694839815120299	1.0	1.0	2.0
83400000	1.5501096360672961	0.34604808915056273	1.0	1.0	2.0
83410000	2.594391037464251	0.07078736239004958	1.0	1.0	2.0
83420000	0.6017130461885629	0.2439232488502384	1.0	1.0	2.0
83430000	3.164699671967626	0.44922499229555696	1.0	1.0	2.0
83440000	0.5745427736829999	0.03137279272811215	1.0	1.0	2.0
83450000	0.5369399194447638	3.2373593346095233	1.0	1.0	2.0
83460000	0.34546756651252253	0.05955081448845377	1.0	1.0	2.0
83470000	3.9583322751601195	0.6692165073835205	1.0	1.0	2.0
83480000	3.0057326009733907	0.18967259817064563	1.0	1.0	2.0
83490000	1.9623281426115922	0.12304178348021237	1.0	1.0	2.0
83500000	0.23831733798572538	0.06800083163570385	1.0	1.0	2.0
83510000	4.082914159081695	0.5016297665237068	1.0	1.0	2.0
83520000	1.2274218071510135	0.35556899188534397	1.0	1.0	2.0
83530000	1.0171853860683193	0.5723653785270774	1.0	1.0	2.0
83540000	1.0087189730404	0.7313229094589045	1.0	1.0	2.0
83550000	0.26664674229815755	0.04600847846514984	1.0	1.0	2.0
83560000	0.7510814976523814	0.4812940763036421	1.0	1.0	2.0
83570000	0.3554356209054282	0.12668058609664434	1.0	1.0	2.0
83580000	0.6928709435350505	0.19334325185018722	1.0	1.0	2.0
83590000	1.397746820129892	0.775905816652254	1.0	1.0	2.0
83600000	1.382812196548975	0.0664469793284967	1.0	1.0	2.0
83610000	0.6181643770539026	1.9055724674886954	1.0	1.0	2.0
83620000	1.1186169633677792	0.8221509052944249	1.0	1.0	2.0
83630000	2.5804447227920715	0.4715625801317229	1.0	1.0	2.0
83640000	0.34281342940481596	0.12878564717579088	1.0	1.0	2.0
83650000	2.1581087317875816	0.21373166166905558	1.0	1.0	2.0
83660000	0.7990509652763311	0.2089357601107568	1.0	1.0	2.0
83670000	1.5613030218520183	2.8009732535380545	1.0	1.0	2.0
83680000	0.6756168976856513	0.520566031377728	1.0	1.0	2.0
83690000	1.8992914993873768	0.1462011340139123	1.0	1.0	2.0
83700000	1.0306457992195168	0.27399687389093547	1.0	1.0	2.0
83710000	2.3322839395082497	0.3481252812943539	1.0	1.0	2.0
83720000	2.852087809663927	0.13049112707237825	1.0	1.0	2.0
83730000	0.8923378215260793	0.5907618265990316	1.0	1.0	2.0
83740000	1.5365581180796548	0.24774154150755778	1.0	1.0	2.0
83750000	2.105031930816299	1.9101636443311263	1.0	1.0	2.0
83760000	5.312592235104619	2.6600215611033167	1.0	1.0	2.0
83770000	1.7454651243692683	0.14077390374093784	1.0	1.0	2.0
83780000	2.818460622280319	0.37456547438310894	1.0	1.0	2.0
83790000	1.485149282393957	2.786793266678996	1.0	1.0	2.0
83800000	0.8489078485737284	1.2425691786779536	1.0	1.0	2.0
83810000	0.6456994198361684	0.2040228273738847	1.0	1.0	2.0
83820000	0.16948152577384157	0.2514293288762268	1.0	1.0	2.0
83830000	2.5328955840365026	0.465506071288702	1.0	1.0	2.0
83840000	0.8156816675096188	3.724337165233477	0.0	1.0	1.0
83850000	0.3800500825117954	0.04280749611109864	1.0	1.0	2.0
83860000	1.7115376072910333	0.33150315967210775	1.0	1.0	2.0
83870000	0.6227586278641263	0.13351109387999185	1.0	1.0	2.0
83880000	2.016520650810227	1.4355633335969946	1.0	1.0	2.0
83890000	3.876075452999283	0.7312626966008976	1.0	1.0	2.0
83900000	1.6173828244358677	0.33439933489555324	1.0	1.0	2.0
83910000	0.16018775917473072	0.05366805587921824	1.0	1.0	2.0
83920000	0.3878521401109892	0.8765924109830815	1.0	1.0	2.0
83930000	2.471498792108974	3.6119447988602147	1.0	1.0	2.0
83940000	2.8843382888779363	0.06308363699481914	1.0	1.0	2.0
83950000	0.1023413016139584	0.15446358721516917	1.0	1.0	2.0
83960000	0.7540078621561858	0.33233346026867455	1.0	1.0	2.0
83970000	1.4240443766570174	0.12251744310385299	1.0	1.0	2.0
83980000	1.1054161011861756	1.0159646464565173	1.0	1.0	2.0
83990000	1.7738213582736693	0.1084508403865168	1.0	1.0	2.0
84000000	1.5608119777135434	0.5323133511574439	1.0	1.0	2.0
84010000	2.697882852814045	0.033951584495207576	1.0	1.0	2.0
84020000	0.9187975753815444	0.22092076808041358	1.0	1.0	2.0
84030000	1.4094494517668086	0.21001307055277835	1.0	1.0	2.0
84040000	1.3905846729092615	0.49053254450147277	1.0	1.0	2.0
84050000	2.4075115310663104	1.0659104163996305	1.0	1.0	2.0
84060000	3.604953562912762	1.1986984229355686	1.0	1.0	2.0
84070000	0.45319733843937043	0.015898024571385307	1.0	1.0	2.0
84080000	2.47161775797802	0.5423872378177759	1.0	1.0	2.0
84090000	0.00900591966871448	0.011206941972198754	1.0	1.0	2.0
84100000	1.5111026487676253	0.3914893476627565	1.0	1.0	2.0
84110000	2.3790936158589937	1.0882775259616142	1.0	1.0	2.0
84120000	0.5931464391032689	0.4818487728463234	1.0	1.0	2.0
84130000	0.4293310393215147	0.7841759259306497	1.0	1.0	2.0
84140000	2.8010591299544574	0.09408103687770612	1.0	1.0	2.0
84150000	0.3140141687799366	0.5550242558479204	1.0	1.0	2.0
84160000	2.1050563049613924	1.4753265436341587	1.0	1.0	2.0
84170000	0.8692425115160509	0.2899035240559532	1.0	1.0	2.0
84180000	6.116821491811701	0.5228460329743975	1.0	1.0	2.0
84190000	2.4630508578199874	0.8315313493302776	1.0	1.0	2.0
84200000	0.3634960679340051	1.123341744260879	1.0	1.0	2.0
84210000	1.354163580323377	3.6474174120248217	1.0	1.0	2.0
84220000	1.0366089127069824	1.8144299343463248	1.0	1.0	2.0
84230000	2.5860240764889353	1.2666226025066778	1.0	1.0	2.0
84240000	2.5254343396562535	0.20418851996643536	1.0	1.0	2.0
84250000	2.493295105200429	0.7626674136494317	1.0	1.0	2.0
84260000	1.5167416035948713	0.10890363437243518	1.0	1.0	2.0
84270000	0.15900480138927167	0.08533455460823827	1.0	1.0	2.0
84280000	0.3836031103530633	0.4281603778220381	1.0	1.0	2.0
84290000	0.10544504681552143	0.013499073838672097	1.0	1.0	2.0
84300000	0.490018029649324	0.7758590733850202	1.0	1.0	2.0
84310000	2.4680025728174573	0.28736585916518015	1.0	1.0	2.0
84320000	0.8807804126635592	2.0899999244460563	1.0	1.0	2.0
84330000	0.22042784653711747	0.130337962800623	1.0	1.0	2.0
84340000	1.7422980789668068	0.5369290832443185	1.0	1.0	2.0
84350000	1.444371304907345	0.2527577289423547	1.0	1.0	2.0
84360000	0.3086629128366756	1.3461778543165037	1.0	1.0	2.0
84370000	1.0124744287251144	0.9197337050216293	1.0	1.0	2.0
84380000	0.614590479158241	0.20621891642994372	1.0	1.0	2.0
84390000	0.6606820487505076	0.6102803148292153	1.0	1.0	2.0
84400000	2.5304512999213764	0.008074406282929688	1.0	1.0	2.0
84410000	0.20250676032867007	0.0379259053985642	1.0	1.0	2.0
84420000	1.6125979293726749	2.2780933788472075	1.0	1.0	2.0
84430000	1.0420041153983217	0.4088907350411179	1.0	1.0	2.0
84440000	2.5785812115143263	0.2267545872564777	1.0	1.0	2.0
84450000	1.1131148851900372	0.4538314981805478	1.0	1.0	2.0
84460000	0.15053826498253167	0.27082456170486147	1.0	1.0	2.0
84470000	0.43411517134055566	0.3463250383354899	1.0	1.0	2.0
84480000	0.6394838676879792	0.249794715004947	1.0	1.0	2.0
84490000	1.233843590215711	0.2480464012218825	1.0	1.0	2.0
84500000	0.5854548467424704	0.31508851149607264	1.0	1.0	2.0
84510000	0.8367057458645416	0.001688611739887581	1.0	1.0	2.0
84520000	0.6607191459520724	0.20559721219826227	1.0	1.0	2.0
84530000	1.6795900080087778	0.2615726784649165	1.0	1.0	2.0
84540000	0.5013168912586178	0.16844742411505406	1.0	1.0	2.0
84550000	1.7713277061941688	0.0718012703685747	1.0	1.0	2.0
84560000	1.1315171690228292	0.41121363150914736	1.0	1.0	2.0
84570000	1.181758483116868	0.3766451869512853	1.0	1.0	2.0
84580000	0.29348125712892414	0.051551987238480174	1.0	1.0	2.0
84590000	1.6766033681266015	0.7506637208132687	1.0	1.0	2.0
84600000	0.29608877492790886	0.0454094340493393	1.0	1.0	2.0
84610000	1.4946740031272452	0.7458920757762381	1.0	1.0	2.0
84620000	1.5446109440323155	0.4585404886812234	1.0	1.0	2.0
84630000	0.2951890777307468	0.039563809914277125	1.0	1.0	2.0
84640000	0.6761791122678864	0.26851518178254974	1.0	1.0	2.0
84650000	0.18345010072713042	0.03603201776772507	1.0	1.0	2.0
84660000	3.101394147898934	0.027771571514581837	1.0	1.0	2.0
84670000	2.2160998849463454	0.16694920765608834	1.0	1.0	2.0
84680000	1.5889498273979286	2.8377860259536383	1.0	1.0	2.0
84690000	0.6983673803818689	0.25212241636896415	1.0	1.0	2.0
84700000	0.7604625826734429	1.241916999803695	1.0	1.0	2.0
84710000	3.986420739505502	0.5467596616276561	1.0	1.0	2.0
84720000	0.2893231842801436	0.263719201123501	1.0	1.0	2.0
84730000	0.18208797735100585	0.03338740072802007	1.0	1.0	2.0
84740000	0.2593314796835102	0.5573107318202352	1.0	1.0	2.0
84750000	0.03823878228269704	0.03271170737986308	1.0	1.0	2.0
84760000	0.6178779207740484	0.168573156493909	1.0	1.0	2.0
84770000	1.1057749299098687	0.2705176900084572	1.0	1.0	2.0
84780000	2.421332329135692	0.31403871862258076	1.0	1.0	2.0
84790000	1.1027448351999847	0.9236657741142279	1.0	1.0	2.0
84800000	0.08098953116505409	0.202916202097594	1.0	1.0	2.0
84810000	1.7331996466045436	1.2899403343783005	1.0	1.0	2.0
84820000	0.51427437106499	0.02485167178496144	1.0	1.0	2.0
84830000	0.10661745985746102	0.08359980249112614	1.0	1.0	2.0
84840000	3.541075296105926	0.2015392470534006	1.0	1.0	2.0
84850000	0.6394683832845163	0.08354748222038863	1.0	1.0	2.0
84860000	0.9941117114530422	0.13929851225839876	1.0	1.0	2.0
84870000	0.7002294467992246	0.42418068714982826	1.0	1.0	2.0
84880000	2.974412107849261	0.09801918421613802	1.0	1.0	2.0
84890000	2.455257717967603	0.5546677111664223	1.0	1.0	2.0
84900000	0.9791124744684233	0.12459982046289689	1.0	1.0	2.0
84910000	0.05935480356391562	0.04280441374033528	1.0	1.0	2.0
84920000	1.2617613569183916	0.36078021077114675	1.0	1.0	2.0
84930000	0.4470750273606618	0.050166308489132824	1.0	1.0	2.0
84940000	1.1024686529665515	0.36938940184829483	1.0	1.0	2.0
84950000	0.7030618044477468	0.11157145750163926	1.0	1.0	2.0
84960000	0.8727675377087986	0.697570938065821	1.0	1.0	2.0
84970000	2.9472585213350326	0.839081727999107	1.0	1.0	2.0
84980000	2.6405039713020604	0.7942415616078258	1.0	1.0	2.0
84990000	1.0508429268920998	0.5025866562272192	1.0	1.0	2.0
85000000	0.7135702489711887	0.5256951745994972	1.0	1.0	2.0
85010000	1.2196518886906518	0.4179074014818476	1.0	1.0	2.0
85020000	0.2698552792792989	0.0847169696567636	1.0	1.0	2.0
85030000	0.559055413398578	1.9287232663020757	1.0	1.0	2.0
85040000	1.2423473295133787	1.4852943944185952	1.0	1.0	2.0
85050000	1.9458716425859037	1.7408105621363161	1.0	1.0	2.0
85060000	1.5731026818970415	0.7296840221012386	1.0	1.0	2.0
85070000	0.49269698114916	0.39497653428181606	1.0	1.0	2.0
85080000	1.2057759944198703	0.09382967929383051	1.0	1.0	2.0
85090000	0.33297507447232666	1.3336566869649777	1.0	1.0	2.0
85100000	0.4864345521687809	0.25031299795938455	1.0	1.0	2.0
85110000	1.9649180912356203	0.4614656453223976	1.0	1.0	2.0
85120000	1.0042312406810472	0.34314074253100896	1.0	1.0	2.0
85130000	0.6702375954873635	0.005777423836456193	1.0	1.0	2.0
85140000	1.2511661099681892	0.2636851496577033	1.0	1.0	2.0
85150000	1.5583535519006344	0.44315007532144585	1.0	1.0	2.0
85160000	2.395110393888022	0.5775551421083002	1.0	1.0	2.0
85170000	0.6849089504288934	0.6012367146463928	1.0	1.0	2.0
85180000	0.03741126328327913	0.004415088830325571	1.0	1.0	2.0
85190000	1.4653713694752848	0.19506479289036516	1.0	1.0	2.0
85200000	3.509765282045112	0.5905067116081989	1.0	1.0	2.0
85210000	1.8548840605637382	0.48735500491579054	1.0	1.0	2.0
85220000	0.1469255138791055	0.412311009524539	1.0	1.0	2.0
85230000	2.6173534201289015	0.35421406862487886	1.0	1.0	2.0
85240000	0.6687295116554983	0.34819386761509297	1.0	1.0	2.0
85250000	0.15040524896846547	0.08532409307717626	1.0	1.0	2.0
85260000	0.9100347828675115	0.4473050360595724	1.0	1.0	2.0
85270000	3.05036061674652	0.3611114155998941	1.0	1.0	2.0
85280000	2.1804319290907626	0.05507525586780661	1.0	1.0	2.0
85290000	1.3574521735912826	0.0828690131947519	1.0	1.0	2.0
85300000	0.7410689160560792	0.17615559894037153	1.0	1.0	2.0
85310000	0.8495610800567946	0.16229812072983382	1.0	1.0	2.0
85320000	1.1297225708894658	0.0906910679246873	1.0	1.0	2.0
85330000	2.0420254580221577	0.37558579181745605	1.0	1.0	2.0
85340000	0.813593235393636	0.9002286045444654	1.0	1.0	2.0
85350000	0.45099912184105667	0.0326460380622221	1.0	1.0	2.0
85360000	0.3508939843576091	0.34297941428158607	1.0	1.0	2.0
85370000	1.3352642334687135	0.5743816359073253	1.0	1.0	2.0
85380000	0.47458961525280435	0.010545573221119113	1.0	1.0	2.0
85390000	2.4606623723591317	0.09034121419608161	1.0	1.0	2.0
85400000	2.9224527620226177	0.9397076137086638	1.0	1.0	2.0
85410000	1.149515908187794	0.39617224367242654	1.0	1.0	2.0
85420000	0.20603705297655703	0.30905248652357836	1.0	1.0	2.0
85430000	0.6012596180513525	0.37149811296842117	1.0	1.0	2.0
85440000	0.7212040488513912	0.9415977110587676	1.0	1.0	2.0
85450000	0.9788201470546083	0.27648162341619203	1.0	1.0	2.0
85460000	3.474882581779962	0.8126073925618299	1.0	1.0	2.0
85470000	0.8641426800224186	0.27428449144214284	1.0	1.0	2.0
85480000	1.5891892247771486	0.571613688462341	1.0	1.0	2.0
85490000	0.2675878011036877	0.19463121811666567	1.0	1.0	2.0
85500000	0.8944671021294149	0.580713992716208	1.0	1.0	2.0
85510000	1.255130646137783	0.054429927239862314	1.0	1.0	2.0
85520000	1.5088744898466688	0.9818634859777947	1.0	1.0	2.0
85530000	1.2943611070314442	0.508974019913097	1.0	1.0	2.0
85540000	0.2521591054961313	0.42620214460945144	1.0	1.0	2.0
85550000	0.7713045223027152	0.824881164332972	1.0	1.0	2.0
85560000	1.6673118722123879	0.9607817565451428	1.0	1.0	2.0
85570000	1.4709672909965885	1.463066038110398	1.0	1.0	2.0
85580000	0.8614943153992111	0.21905172825867333	1.0	1.0	2.0
85590000	2.536155213094789	2.3055465870502827	1.0	1.0	2.0
85600000	0.6572657637698216	0.016326870463369225	1.0	1.0	2.0
85610000	1.1793199937991437	0.8290596081955174	1.0	1.0	2.0
85620000	2.3264351570709967	0.5912446406210914	1.0	1.0	2.0
85630000	0.9165814009643637	1.0578838785271432	1.0	1.0	2.0
85640000	1.2508357092818403	0.007876664163207354	1.0	1.0	2.0
85650000	1.1544244119011227	1.4173467689214765	1.0	1.0	2.0
85660000	0.3735842062760899	0.7841652306694037	1.0	1.0	2.0
85670000	4.24146675076001	1.0940481379078273	1.0	1.0	2.0
85680000	1.487221445870443	0.7775661490949775	1.0	1.0	2.0
85690000	2.440809863120477	0.09991570562371153	1.0	1.0	2.0
85700000	0.46187226565657763	0.04279370734938133	1.0	1.0	2.0
85710000	0.8373680210671705	1.9633541771196275	1.0	1.0	2.0
85720000	9.738381569367778	3.562518602419542	1.0	1.0	2.0
85730000	1.9751624192281945	0.34388200451421946	1.0	1.0	2.0
85740000	0.6778911258785114	1.0137319539836585	1.0	1.0	2.0
85750000	3.1388003692364497	1.0537858564579266	1.0	1.0	2.0
85760000	0.8962995389354458	0.2910785889127398	1.0	1.0	2.0
85770000	1.6313525869454657	0.5694307042449425	1.0	1.0	2.0
85780000	2.0234452819637423	1.229854183165018	1.0	1.0	2.0
85790000	3.006426064473857	1.973280191267297	1.0	1.0	2.0
85800000	0.9915469943194767	0.8400897913073699	1.0	1.0	2.0
85810000	2.5303006428146553	1.2415746601763502	1.0	1.0	2.0
85820000	2.407701048188055	0.24745250246666642	1.0	1.0	2.0
85830000	1.7291167769461984	0.8283202304635352	1.0	1.0	2.0
85840000	0.4321584292000959	0.16723708810968316	1.0	1.0	2.0
85850000	1.8587290120086704	0.15729116400468685	1.0	1.0	2.0
85860000	0.7845186633613974	0.05381539931638942	1.0	1.0	2.0
85870000	0.3339347627398564	0.013915360127356714	1.0	1.0	2.0
85880000	0.8723576711010521	0.5035663718151262	1.0	1.0	2.0
85890000	1.8802382864383795	0.2553889784892657	1.0	1.0	2.0
85900000	2.1207370470089764	0.11635479485788562	1.0	1.0	2.0
85910000	0.027521210247032427	0.031079274131061325	1.0	1.0	2.0
85920000	0.4638711943564149	0.01743483692504116	1.0	1.0	2.0
85930000	0.8175254908404135	0.7437718182807306	1.0	1.0	2.0
85940000	0.9053431570266345	0.6550379597336294	1.0	1.0	2.0
85950000	1.3038474029082574	0.3067809230332595	1.0	1.0	2.0
85960000	1.2493462009372458	0.9754189797785892	1.0	1.0	2.0
85970000	2.151577782629448	1.1865854337780166	1.0	1.0	2.0
85980000	1.3145563472951196	1.1222137481895504	1.0	1.0	2.0
85990000	0.8786589496176835	1.3883668029740213	1.0	1.0	2.0
86000000	2.1043075690584154	0.9178028251045959	1.0	1.0	2.0
86010000	1.845789918800104	0.708951446183045	1.0	1.0	2.0
86020000	2.02946080598082	0.29881385385813297	1.0	1.0	2.0
86030000	2.708225866406073	0.7969735321701489	1.0	1.0	2.0
86040000	2.171453160198274	1.3509660887951667	1.0	1.0	2.0
86050000	1.8767618907207964	1.1427176253262519	1.0	1.0	2.0
86060000	1.4615240780097372	0.302631705234089	1.0	1.0	2.0
86070000	2.0100745523552828	0.17652864083577874	1.0	1.0	2.0
86080000	1.816347585518535	0.007812951648996987	1.0	1.0	2.0
86090000	0.6645410239669224	0.13387477209451712	1.0	1.0	2.0
86100000	2.7911684701838295	0.029899265613880115	1.0	1.0	2.0
86110000	0.574574491039367	1.332652569990913	1.0	1.0	2.0
86120000	4.361975176295649	1.0261537099626274	1.0	1.0	2.0
86130000	2.545318373506558	0.40995979585110814	1.0	1.0	2.0
86140000	0.6705523043455348	0.18556704202040264	1.0	1.0	2.0
86150000	1.0533240493994758	0.46126045305865243	1.0	1.0	2.0
86160000	1.56823584276753	0.017704984936201235	1.0	1.0	2.0
86170000	1.1818389623962766	0.24716609985509158	1.0	1.0	2.0
86180000	1.3598474931225077	0.46150781162073484	1.0	1.0	2.0
86190000	1.6135626366869116	0.04230779007404341	1.0	1.0	2.0
86200000	0.7165999599578163	0.49217883058316175	1.0	1.0	2.0
86210000	0.6388190604803675	0.34786200157284886	1.0	1.0	2.0
86220000	0.4077776551702294	0.12520572127239327	1.0	1.0	2.0
86230000	0.9126445990969216	0.17849437819368089	1.0	1.0	2.0
86240000	3.2677581081219635	0.2423813432969859	1.0	1.0	2.0
86250000	2.5007529697881887	1.1112088920102854	1.0	1.0	2.0
86260000	1.2203840055591015	0.12338837757225198	1.0	1.0	2.0
86270000	3.284658683493005	1.3429775695541233	1.0	1.0	2.0
86280000	0.6999696859258684	0.010300875821119968	1.0	1.0	2.0
86290000	2.8024648270905765	0.06888444212741336	1.0	1.0	2.0
86300000	0.3060377821400636	0.2520471519948481	1.0	1.0	2.0
86310000	2.2226460404380837	0.7221784481213034	1.0	1.0	2.0
86320000	2.8041401652422495	0.027538118589924724	1.0	1.0	2.0
86330000	0.3601455255041109	0.9726826820635465	1.0	1.0	2.0
86340000	0.9253247263423054	0.07449039379062516	1.0	1.0	2.0
86350000	3.0586435018376625	1.8083149971335686	1.0	1.0	2.0
86360000	0.9315842762277795	2.709331687183053	1.0	1.0	2.0
86370000	0.8733427805162146	0.03460932340682173	1.0	1.0	2.0
86380000	0.29060514956078026	0.006340918597850598	1.0	1.0	2.0
86390000	1.199468609917651	0.21578313626884124	1.0	1.0	2.0
86400000	2.3203645943804307	0.551851752053552	1.0	1.0	2.0
86410000	0.35847674707266947	0.006456482038351024	1.0	1.0	2.0
86420000	1.0237378328857427	0.016300879954299467	1.0	1.0	2.0
86430000	0.2188197608037513	0.09195473495189815	1.0	1.0	2.0
86440000	0.3083591079868403	0.6505315607821465	1.0	1.0	2.0
86450000	2.3263267095700293	0.032070405831076274	1.0	1.0	2.0
86460000	0.0903497592378816	0.05891258249849141	1.0	1.0	2.0
86470000	1.9333237733456143	0.309365429369807	1.0	1.0	2.0
86480000	1.2926813750298067	2.2744615231802197	1.0	1.0	2.0
86490000	1.5173980411434067	0.014987858489440509	1.0	1.0	2.0
86500000	1.323609667051232	0.2806073936200365	1.0	1.0	2.0
86510000	0.7473245005496281	0.4571750691481014	1.0	1.0	2.0
86520000	2.2036794153899257	0.1238928189545809	1.0	1.0	2.0
86530000	0.741521058600494	0.2095160740617086	1.0	1.0	2.0
86540000	2.6423846275821585	0.3797703574595918	1.0	1.0	2.0
86550000	0.44991609027350393	0.32077995152537236	1.0	1.0	2.0
86560000	1.154681471679845	0.32268661547417377	1.0	1.0	2.0
86570000	0.8966694286498573	0.1549357095396276	1.0	1.0	2.0
86580000	1.501518149810737	2.3016164729688775	1.0	1.0	2.0
86590000	2.6022886965633663	0.1237554327343147	1.0	1.0	2.0
86600000	2.353634591738509	0.438360578503618	1.0	1.0	2.0
86610000	1.2204309759827159	0.19443568791405288	1.0	1.0	2.0
86620000	0.7900875249006177	0.3636891691760263	1.0	1.0	2.0
86630000	0.7515013724715732	4.5091638291171795E-5	1.0	1.0	2.0
86640000	5.279553542358227	0.2907413492730293	1.0	1.0	2.0
86650000	0.20563461161235572	0.10436751003925807	1.0	1.0	2.0
86660000	1.8781165212135331	0.5880704142902574	1.0	1.0	2.0
86670000	0.5599198085661278	0.2804257362001212	1.0	1.0	2.0
86680000	1.1322196862359162	0.3146664355881946	1.0	1.0	2.0
86690000	0.6863458186566054	0.1622232139905391	1.0	1.0	2.0
86700000	0.322601702811299	1.4963023823294777	1.0	1.0	2.0
86710000	1.3070660779161993	0.5848087801983873	1.0	1.0	2.0
86720000	0.27101819059351434	0.014547193644451463	1.0	1.0	2.0
86730000	1.389406689206407	0.5889968310105751	1.0	1.0	2.0
86740000	0.13506575604061807	0.10394169624350912	1.0	1.0	2.0
86750000	1.3554982499281214	0.06884343753611123	1.0	1.0	2.0
86760000	0.567179231610575	0.2446049878885394	1.0	1.0	2.0
86770000	3.064998076107846	3.2922718696126	1.0	1.0	2.0
86780000	5.101001026007115	0.007951559545650144	1.0	1.0	2.0
86790000	3.44065339444391	0.09864745786636657	1.0	1.0	2.0
86800000	0.44603675973454376	0.7425673253213608	1.0	1.0	2.0
86810000	0.4215837251018249	0.026931691225473783	1.0	1.0	2.0
86820000	3.9666001262940944	0.5397430968782302	1.0	1.0	2.0
86830000	0.5343784306750101	0.4246707647596733	1.0	1.0	2.0
86840000	1.700214743407365	1.11140888157488	1.0	1.0	2.0
86850000	0.1396967594050235	0.07026529918341799	1.0	1.0	2.0
86860000	1.1714867248891658	1.0417526966155635	1.0	1.0	2.0
86870000	0.11552793474871478	0.028935321572713744	1.0	1.0	2.0
86880000	1.6501881243535375	0.2771117979355499	1.0	1.0	2.0
86890000	0.779984897163675	0.16991144970968516	1.0	1.0	2.0
86900000	0.778187708259166	0.7425604299171011	1.0	1.0	2.0
86910000	0.40107158184765435	0.38756959053340756	1.0	1.0	2.0
86920000	1.2583749183655129	1.1764146060462695	1.0	1.0	2.0
86930000	1.1080623416309765	1.8445573713303136	1.0	1.0	2.0
86940000	0.3061206223319218	0.1783505913651257	1.0	1.0	2.0
86950000	0.16322507370917946	0.0038217706951531472	1.0	1.0	2.0
86960000	1.2685199908809794	0.48407331129897285	1.0	1.0	2.0
86970000	4.804705833897135	0.6950241294230304	1.0	1.0	2.0
86980000	1.081126297674615	0.30503546162849754	1.0	1.0	2.0
86990000	1.491835826391086	2.3811628775620415	1.0	1.0	2.0
87000000	4.894262434685133	0.5650198134561402	1.0	1.0	2.0
87010000	0.31040945220257943	0.4313514841792612	1.0	1.0	2.0
87020000	0.7310789183560764	0.510556912391035	1.0	1.0	2.0
87030000	2.4663721412695114	0.42177789629845724	1.0	1.0	2.0
87040000	2.198326009672304	1.1536263717220432	1.0	1.0	2.0
87050000	1.917125584671052	0.15024282269200098	1.0	1.0	2.0
87060000	0.5534037154459291	0.09099111348473297	1.0	1.0	2.0
87070000	1.3278673249886859	0.23808344007406784	1.0	1.0	2.0
87080000	2.4488597031471153	1.4538857554552849	1.0	1.0	2.0
87090000	4.090206447694839	0.2614089937230699	1.0	1.0	2.0
87100000	2.328956856536163	0.8874035220155075	1.0	1.0	2.0
87110000	0.09419707836233503	0.010079246634369798	1.0	1.0	2.0
87120000	0.1478192329058843	0.19379585756054354	1.0	1.0	2.0
87130000	1.0198303566386953	0.4145114429477105	1.0	1.0	2.0
87140000	0.16046357232043762	0.051441458387892394	1.0	1.0	2.0
87150000	0.3504361282356195	0.00751106085523733	1.0	1.0	2.0
87160000	0.4587482163956668	0.11109939505074422	1.0	1.0	2.0
87170000	0.16263165651457917	0.3544738256927915	1.0	1.0	2.0
87180000	2.65696473541954	0.28016899536247725	1.0	1.0	2.0
87190000	0.9190070040159614	0.8622217764318773	0.0	1.0	1.0
87200000	0.9881253593813201	0.009113482948655114	1.0	1.0	2.0
87210000	0.520312565430472	0.5205338998690112	1.0	1.0	2.0
87220000	2.518841224899327	1.3127239565374649	1.0	1.0	2.0
87230000	3.515250938040017	0.09908449495059994	1.0	1.0	2.0
87240000	0.7012046139471918	0.23532221857520752	1.0	1.0	2.0
87250000	1.99781532939381	9.69160916368939E-5	1.0	1.0	2.0
87260000	1.4231128951340088	1.1738994239470995	1.0	1.0	2.0
87270000	0.600612822539423	0.05217805613696362	1.0	1.0	2.0
87280000	2.5944366535038847	0.07374759593997703	1.0	1.0	2.0
87290000	2.217177775984476	0.7993122146818737	1.0	1.0	2.0
87300000	1.0748748127726337	0.27132992697792735	1.0	1.0	2.0
87310000	2.888116287914202	0.6137561208658202	1.0	1.0	2.0
87320000	2.5161770483491845	0.042730154774451794	1.0	1.0	2.0
87330000	0.916174813235096	0.5660738199269723	1.0	1.0	2.0
87340000	1.7550955937944268	0.7586442563002217	1.0	1.0	2.0
87350000	0.7902673381246847	0.04621442793005511	1.0	1.0	2.0
87360000	0.8325673107595936	0.3681660653384678	1.0	1.0	2.0
87370000	1.2363371748261156	0.4308325790685378	1.0	1.0	2.0
87380000	0.845711693456122	0.10752001120974301	1.0	1.0	2.0
87390000	4.44005404223117	0.236699310724948	1.0	1.0	2.0
87400000	0.615012851214619	0.6437182355570149	1.0	1.0	2.0
87410000	4.557139330658465	0.36267167447272586	1.0	1.0	2.0
87420000	0.07796708741728554	0.10243033051759735	1.0	1.0	2.0
87430000	3.9755803779248806	0.9949339085946375	1.0	1.0	2.0
87440000	1.240144950272877	2.1857123355959858	1.0	1.0	2.0
87450000	3.262766882056553	0.5841331376996916	1.0	1.0	2.0
87460000	0.46253345053109046	0.12150511197252546	1.0	1.0	2.0
87470000	1.7826390175506162	0.2869835682774111	1.0	1.0	2.0
87480000	1.3952278786914831	0.7972341210405811	1.0	1.0	2.0
87490000	3.052428469305897	0.015980523574188946	1.0	1.0	2.0
87500000	0.9200469527567461	0.07050592051469948	1.0	1.0	2.0
87510000	0.91039175985674	0.33496462026667306	1.0	1.0	2.0
87520000	1.3950886070673754	0.17821960048660085	1.0	1.0	2.0
87530000	1.998799428962582	0.5089886521903064	1.0	1.0	2.0
87540000	3.6775236011699044	0.6570544970103831	1.0	1.0	2.0
87550000	1.1214495565476534	0.4650872858042596	1.0	1.0	2.0
87560000	2.1026404720620895	0.6992830125977899	1.0	1.0	2.0
87570000	0.1863268160848862	0.005016755612767429	1.0	1.0	2.0
87580000	0.3451564759237766	0.35828199871874855	1.0	1.0	2.0
87590000	2.4616613677606103	1.9618073298787317	1.0	1.0	2.0
87600000	0.7117748229794376	0.12508311712328343	1.0	1.0	2.0
87610000	1.1379819060796257	0.2196557286446912	1.0	1.0	2.0
87620000	0.10937193916525406	0.055673743077102045	1.0	1.0	2.0
87630000	0.6580740690918564	1.3538424451433453	1.0	1.0	2.0
87640000	0.06377872815534939	0.04580792958601329	1.0	1.0	2.0
87650000	0.03293658785599952	0.055425840513477945	1.0	1.0	2.0
87660000	0.8119106993654079	0.1400559295347858	1.0	1.0	2.0
87670000	0.29286315691327947	0.1312330399030461	1.0	1.0	2.0
87680000	0.39500260494564066	0.04651377083629704	1.0	1.0	2.0
87690000	2.5454234416844828	3.136274651135749	1.0	1.0	2.0
87700000	2.0915884652962764	0.8773186909756846	1.0	1.0	2.0
87710000	0.7186207442547816	0.10246756078598046	1.0	1.0	2.0
87720000	0.845360240713415	2.4744964976987176	1.0	1.0	2.0
87730000	0.1988860883279908	0.20693866868487018	1.0	1.0	2.0
87740000	1.0690901013555643	0.24522356715315788	1.0	1.0	2.0
87750000	1.3021703986378608	0.2693234109864809	1.0	1.0	2.0
87760000	0.29659478612132906	0.4809951032260746	1.0	1.0	2.0
87770000	1.2111201513840535	0.588539986911022	1.0	1.0	2.0
87780000	0.7321743524974926	0.5548706911356797	1.0	1.0	2.0
87790000	1.796552875341404	0.35268567296648273	1.0	1.0	2.0
87800000	0.6095939086112937	0.24406010351579116	1.0	1.0	2.0
87810000	2.614266956206333	0.48172121412024643	1.0	1.0	2.0
87820000	1.550322894593374	0.015002418397994774	1.0	1.0	2.0
87830000	4.122774751606614	0.05933389486006666	1.0	1.0	2.0
87840000	1.4945202865341913	0.056007460976780825	1.0	1.0	2.0
87850000	1.0302561059504634	0.42928065712252594	1.0	1.0	2.0
87860000	2.424813016979992	0.1061030910061765	1.0	1.0	2.0
87870000	1.8812884901446798	0.4604441178921528	1.0	1.0	2.0
87880000	1.0464847561370865	1.0288230446568989	1.0	1.0	2.0
87890000	0.3064335775598859	0.4858784774553197	1.0	1.0	2.0
87900000	0.12446042946036073	0.534685020364864	1.0	1.0	2.0
87910000	0.8497802037301275	0.6265561551971448	1.0	1.0	2.0
87920000	1.66762768101745	0.45421579257056316	1.0	1.0	2.0
87930000	1.7424828321964607	0.1423259043179425	1.0	1.0	2.0
87940000	1.101377632871379	0.3727117940763862	1.0	1.0	2.0
87950000	0.858892602402739	0.43086504752306953	1.0	1.0	2.0
87960000	0.21249243101062523	0.05722042006582426	1.0	1.0	2.0
87970000	0.4565369014074557	0.5203088429062162	1.0	1.0	2.0
87980000	2.017369283682461	0.7471948225614916	1.0	1.0	2.0
87990000	0.1771704628783257	0.050623783747084365	1.0	1.0	2.0
88000000	0.7902691943210987	2.186168956286427	1.0	1.0	2.0
88010000	3.359321052361641	0.32075275408440446	1.0	1.0	2.0
88020000	1.0410377268370585	0.07949531850805118	1.0	1.0	2.0
88030000	0.7114186335045415	1.13038921667671	1.0	1.0	2.0
88040000	0.2747952552696655	0.13024722382656806	1.0	1.0	2.0
88050000	0.5098578536034913	0.2580331375691932	1.0	1.0	2.0
88060000	0.9945490037560648	0.2027771181610116	1.0	1.0	2.0
88070000	1.9919255646905847	0.6795705642254365	1.0	1.0	2.0
88080000	0.4294685223943986	0.2830231558031413	1.0	1.0	2.0
88090000	1.923316740253009	0.2932523604471921	1.0	1.0	2.0
88100000	3.6899984637752943	0.4530909784966262	1.0	1.0	2.0
88110000	1.1823898664156929	0.25289615772144974	1.0	1.0	2.0
88120000	0.4627287262988346	1.47958038384743	1.0	1.0	2.0
88130000	0.21974925245901614	0.029357327041722798	1.0	1.0	2.0
88140000	0.0647067978572042	0.07898984827039596	1.0	1.0	2.0
88150000	0.18270655650031034	0.014069754980011586	1.0	1.0	2.0
88160000	2.2374971611605363	0.9266846568558845	1.0	1.0	2.0
88170000	1.7495046499636273	1.2471228325173287	1.0	1.0	2.0
88180000	0.6673031748482752	0.030803638265769488	1.0	1.0	2.0
88190000	0.9300659383294864	0.027484881330480063	1.0	1.0	2.0
88200000	0.734144224476333	0.001781701314248507	1.0	1.0	2.0
88210000	0.3068346204423557	9.680306501913781E-4	1.0	1.0	2.0
88220000	0.5268516294322211	0.8279767539076732	1.0	1.0	2.0
88230000	1.276029580163325	1.8083290547647548	1.0	1.0	2.0
88240000	1.2308378170012735	0.039236648847081106	1.0	1.0	2.0
88250000	1.9779391067657635	0.31189978348082986	1.0	1.0	2.0
88260000	0.27960169387663325	0.0825228993327461	1.0	1.0	2.0
88270000	0.5349144206836228	0.24489972097146626	1.0	1.0	2.0
88280000	0.9185074955155078	0.29803766123593844	1.0	1.0	2.0
88290000	6.27881005726448	1.2005139274114487	1.0	1.0	2.0
88300000	1.0304935556161405	0.30173619596893736	1.0	1.0	2.0
88310000	0.2766480242697559	0.011161037773234928	1.0	1.0	2.0
88320000	0.7556046856776332	1.0911633306386965	1.0	1.0	2.0
88330000	0.8331301407904156	0.06635846538005259	1.0	1.0	2.0
88340000	0.47974833039115605	0.17753754057128918	1.0	1.0	2.0
88350000	1.335639617143166	0.38297324832761986	1.0	1.0	2.0
88360000	2.0091688247047275	0.3571318979286306	1.0	1.0	2.0
88370000	1.1032708156039666	0.16513680617455928	1.0	1.0	2.0
88380000	1.6964859585058931	0.519626340178748	1.0	1.0	2.0
88390000	4.3715547283104765	0.5864497847916189	1.0	1.0	2.0
88400000	0.42576444390757234	0.4370151911757723	1.0	1.0	2.0
88410000	0.6886687703384545	0.37826193908042305	1.0	1.0	2.0
88420000	2.319833902644036	1.3718488894583645	1.0	1.0	2.0
88430000	2.393930405270835	0.906098969132452	1.0	1.0	2.0
88440000	0.5059879152986076	0.47570025001791455	1.0	1.0	2.0
88450000	2.456412988611443	0.7623090835145412	1.0	1.0	2.0
88460000	0.5723439575715051	0.05251657219940999	1.0	1.0	2.0
88470000	3.101373010437235	0.9300998185138074	1.0	1.0	2.0
88480000	0.3368531933984826	1.1215666186967466	1.0	1.0	2.0
88490000	1.0252375187531764	5.604826266387385	1.0	1.0	2.0
88500000	0.1557763117923192	0.029712138218194795	1.0	1.0	2.0
88510000	1.0540241338902503	0.20639766187390485	1.0	1.0	2.0
88520000	1.0098155094753534	0.2581938012538526	1.0	1.0	2.0
88530000	2.114948173283187	1.0831561384107944	1.0	1.0	2.0
88540000	2.9379390828656695	0.030919799988088987	1.0	1.0	2.0
88550000	0.32393258746799974	0.3723964673875283	1.0	1.0	2.0
88560000	0.5320263661942086	1.2291996647219754	1.0	1.0	2.0
88570000	2.0665776840227235	0.9799113402636612	1.0	1.0	2.0
88580000	1.4765286230403567	1.3430940003256977	1.0	1.0	2.0
88590000	1.90931914309537	0.0455424144009359	1.0	1.0	2.0
88600000	1.0127561259144786	0.8075509230280832	1.0	1.0	2.0
88610000	1.0676644137913573	1.4661769284455908	1.0	1.0	2.0
88620000	0.5141837623873332	0.3492702484619872	1.0	1.0	2.0
88630000	0.5294432249216084	0.7825638523713074	1.0	1.0	2.0
88640000	0.17513047200207216	0.05914973751541712	1.0	1.0	2.0
88650000	0.9680434989644984	0.6632279753436264	1.0	1.0	2.0
88660000	0.45518669006559237	0.5358808603962012	1.0	1.0	2.0
88670000	2.722166134456234	0.34955057752933383	1.0	1.0	2.0
88680000	0.40154961393916216	0.004389054466109499	1.0	1.0	2.0
88690000	0.7701758432163991	0.001516924089707935	1.0	1.0	2.0
88700000	2.827348660326904	0.18226286663309757	1.0	1.0	2.0
88710000	1.6781012942109415	3.000007048081574	1.0	1.0	2.0
88720000	3.117507488269657	3.4177021225628597	1.0	1.0	2.0
88730000	2.3612796704387677	0.6353150481423308	1.0	1.0	2.0
88740000	0.22433888237863803	0.08062217021745842	1.0	1.0	2.0
88750000	0.8901551812111058	0.7251033603206869	1.0	1.0	2.0
88760000	3.1464769540933872	0.013648068231311296	1.0	1.0	2.0
88770000	1.4684164468041887	1.0555867394780398	1.0	1.0	2.0
88780000	2.0795109259337896	0.5702120184818211	1.0	1.0	2.0
88790000	2.137679260345283	0.22562864920243234	1.0	1.0	2.0
88800000	2.0632647171463683	0.09791874439844049	1.0	1.0	2.0
88810000	0.48752763926490994	0.34305173155281754	1.0	1.0	2.0
88820000	1.4940440605195346	0.7407090618494977	1.0	1.0	2.0
88830000	0.4053238930331761	0.058402027318802424	1.0	1.0	2.0
88840000	0.29942865791531653	0.602891207447105	1.0	1.0	2.0
88850000	1.8613022914281436	0.0495763935047061	1.0	1.0	2.0
88860000	1.1327312100455063	0.14412563582903049	1.0	1.0	2.0
88870000	0.07661254049102721	0.2606527887627182	1.0	1.0	2.0
88880000	0.14435078864759013	0.15925135753038994	1.0	1.0	2.0
88890000	3.113551154646188	0.7549351076672689	1.0	1.0	2.0
88900000	0.6249774707813817	0.843217280750916	1.0	1.0	2.0
88910000	1.3506675337941558	0.5155372636343564	1.0	1.0	2.0
88920000	1.3309058550504353	0.811551459136219	1.0	1.0	2.0
88930000	0.42391791974369697	0.22261818576344714	1.0	1.0	2.0
88940000	0.6499348747645762	0.17155714458217886	1.0	1.0	2.0
88950000	0.6709635400235383	0.1496993646880249	1.0	1.0	2.0
88960000	0.3381405135593053	1.0809984417140648	1.0	1.0	2.0
88970000	1.3477052351319296	1.2451742567569397	1.0	1.0	2.0
88980000	1.6328599266060104	1.1787376988846752	1.0	1.0	2.0
88990000	0.972729142631274	0.06542609822806512	1.0	1.0	2.0
89000000	0.9548028171373149	0.034685129014041506	1.0	1.0	2.0
89010000	4.932673591328476	0.41038893878377736	1.0	1.0	2.0
89020000	2.0413060750490843	0.05013820195881583	1.0	1.0	2.0
89030000	0.5132458449956034	0.2660131416459483	1.0	1.0	2.0
89040000	2.1977451831311496	0.7347085883441701	1.0	1.0	2.0
89050000	3.092579480995226	1.368353779671049	1.0	1.0	2.0
89060000	2.2960807470921956	0.6765903216312305	1.0	1.0	2.0
89070000	1.0481153594329196	0.37672624941327654	1.0	1.0	2.0
89080000	0.2224324036923333	0.28326852026627397	1.0	1.0	2.0
89090000	1.1275364791536133	0.12399217908128636	1.0	1.0	2.0
89100000	0.3499381092724495	0.37703875150726734	1.0	1.0	2.0
89110000	1.5901330879041025	1.1384481755523082	1.0	1.0	2.0
89120000	1.819231527254508	0.350975603441737	1.0	1.0	2.0
89130000	1.5649154844755784	0.13437801814633618	1.0	1.0	2.0
89140000	1.253453860910082	0.072442500109334	1.0	1.0	2.0
89150000	0.7475362626694548	0.8415581351358892	1.0	1.0	2.0
89160000	0.9341045517950098	0.08092331657379535	1.0	1.0	2.0
89170000	3.073159002574023	0.5129380045730212	1.0	1.0	2.0
89180000	0.4338026842910726	0.5219972322324409	1.0	1.0	2.0
89190000	1.8318504564620148	0.10479792232249303	1.0	1.0	2.0
89200000	0.4937026344693854	0.08531938718659189	1.0	1.0	2.0
89210000	2.5161330337129546	0.6209959411006003	1.0	1.0	2.0
89220000	0.5427233215297408	0.07335772034074027	1.0	1.0	2.0
89230000	3.1727119467638087	1.8527563490952172	1.0	1.0	2.0
89240000	0.5091866787926915	0.005428484691451498	1.0	1.0	2.0
89250000	0.2438609542503286	0.9867690046379155	1.0	1.0	2.0
89260000	1.8514854394514306	1.413543719532247	1.0	1.0	2.0
89270000	0.459722515017676	0.24819689643172227	1.0	1.0	2.0
89280000	2.0282365747696116	0.3482042118703989	1.0	1.0	2.0
89290000	0.33974604179675316	0.2209756581357688	1.0	1.0	2.0
89300000	1.1814841460618293	0.46904650413944093	1.0	1.0	2.0
89310000	0.8799867062338695	0.07543695022272226	1.0	1.0	2.0
89320000	1.1019555694330632	0.008157514416435393	1.0	1.0	2.0
89330000	0.28234767978268455	0.4183725327407696	1.0	1.0	2.0
89340000	1.7634198275808748	0.04847505579846355	1.0	1.0	2.0
89350000	2.1516486770000722	0.1726369612866276	1.0	1.0	2.0
89360000	2.6800712349509817	0.31392484702948564	1.0	1.0	2.0
89370000	2.6269543410254896	0.034388898821477935	1.0	1.0	2.0
89380000	2.3752852574544243	2.247401105466949	1.0	1.0	2.0
89390000	1.7675058700788637	0.2675820175299843	1.0	1.0	2.0
89400000	1.6552156224962906	1.4501035547599337	1.0	1.0	2.0
89410000	0.4276832812693398	0.26576050528168566	1.0	1.0	2.0
89420000	1.5607277665150894	0.9491499034388639	1.0	1.0	2.0
89430000	0.25927110353140254	1.7181107726419134	1.0	1.0	2.0
89440000	0.2667530069327105	0.07459242053921752	1.0	1.0	2.0
89450000	0.1788990379497049	0.8895184577360443	1.0	1.0	2.0
89460000	0.8212204985577883	2.144592837811579	1.0	1.0	2.0
89470000	1.0910308477676272	0.8521879468555571	1.0	1.0	2.0
89480000	1.7438666103132665	1.6995005758552841	1.0	1.0	2.0
89490000	0.596489300870173	0.8552099358438858	1.0	1.0	2.0
89500000	1.5467029639492607	0.14815014324822987	1.0	1.0	2.0
89510000	2.9633244917082293	0.784543792696103	1.0	1.0	2.0
89520000	0.8153358254793239	0.8052681953934451	1.0	1.0	2.0
89530000	2.9208930914029034	0.37388656431619294	1.0	1.0	2.0
89540000	1.7053652251836766	0.13318557475767043	1.0	1.0	2.0
89550000	0.3374097008842833	0.11200471208386331	1.0	1.0	2.0
89560000	0.4746611123381301	0.17178242798536786	1.0	1.0	2.0
89570000	1.5189845616887065	0.08449413668729294	1.0	1.0	2.0
89580000	0.7381118336763776	0.4914075936862074	1.0	1.0	2.0
89590000	1.2693443435823977	1.2175421047168147	1.0	1.0	2.0
89600000	0.5932274605743925	0.13452337944695356	1.0	1.0	2.0
89610000	0.7309320458140973	0.7423705564837504	1.0	1.0	2.0
89620000	1.215944052153524	1.0774890894325506	1.0	1.0	2.0
89630000	1.0353216204948708	0.24258389153202614	1.0	1.0	2.0
89640000	2.2279708769250517	0.038484928872852896	1.0	1.0	2.0
89650000	0.6374518575413256	0.2290058610685291	1.0	1.0	2.0
89660000	3.051126833022995	0.6408102103682036	1.0	1.0	2.0
89670000	0.36801959708627296	0.9122802067442272	1.0	1.0	2.0
89680000	0.013115300176983407	0.014477895291148542	1.0	1.0	2.0
89690000	1.4237236233046353	2.570282294331284	1.0	1.0	2.0
89700000	0.6244312512076337	0.5271801125061688	1.0	1.0	2.0
89710000	0.635392391621667	0.05523489556755819	1.0	1.0	2.0
89720000	2.538099614897766	2.936794234241337	1.0	1.0	2.0
89730000	2.348512766325031	1.3168558947315734	1.0	1.0	2.0
89740000	1.058985678680848	0.06613185121514153	1.0	1.0	2.0
89750000	1.5916869616196707	0.5064764364531265	1.0	1.0	2.0
89760000	1.689973549711086	0.06613363819570567	1.0	1.0	2.0
89770000	2.736690137770829	0.6121256995272226	1.0	1.0	2.0
89780000	1.1072194829320539	0.5815822527732878	1.0	1.0	2.0
89790000	1.460335692269849	1.593031715168652	1.0	1.0	2.0
89800000	0.47769697998427507	0.7116207420639691	1.0	1.0	2.0
89810000	1.187738122688192	0.3587471863318243	1.0	1.0	2.0
89820000	1.633220455960635	0.12717877590619564	1.0	1.0	2.0
89830000	0.826639217732761	0.0692847573985727	1.0	1.0	2.0
89840000	1.207325151077233	1.235352873904977	1.0	1.0	2.0
89850000	3.426139435203255	0.6766862768112181	1.0	1.0	2.0
89860000	0.25405169692070606	0.06338396754958064	1.0	1.0	2.0
89870000	0.5670915576323133	0.24769785828773164	1.0	1.0	2.0
89880000	2.065871263383916	0.7121344265325608	1.0	1.0	2.0
89890000	0.5747953501596286	0.09630122166991192	1.0	1.0	2.0
89900000	1.500043372014488	0.14971030880042316	1.0	1.0	2.0
89910000	3.410913016021307	1.293097450528885	1.0	1.0	2.0
89920000	3.5717686240770883	0.05802460060236025	1.0	1.0	2.0
89930000	0.8132296576051928	1.1246208043076351	1.0	1.0	2.0
89940000	0.28983913931548216	0.32527472963621823	1.0	1.0	2.0
89950000	2.1152665785646048	0.24816888419089925	1.0	1.0	2.0
89960000	0.8096531442986501	0.45551485202399794	1.0	1.0	2.0
89970000	1.2200898356939658	0.3341872495189192	1.0	1.0	2.0
89980000	1.5414390262981639	0.50875524641708	1.0	1.0	2.0
89990000	3.331929536625102	0.8261083852438391	1.0	1.0	2.0
90000000	1.7613629474244665	2.230085039307472	1.0	1.0	2.0
90010000	1.616275922632089	0.37610423971023743	1.0	1.0	2.0
90020000	0.8344532573868872	0.4713756446244465	1.0	1.0	2.0
90030000	0.34208629943674806	0.10814757562936293	1.0	1.0	2.0
90040000	1.123988460149495	0.07898898284554204	1.0	1.0	2.0
90050000	2.0310949166820382	0.2996703255450584	1.0	1.0	2.0
90060000	1.7815872839393703	0.524673773356237	1.0	1.0	2.0
90070000	0.24388683070527067	0.12961891625266433	1.0	1.0	2.0
90080000	1.7102908555096181	0.18384721769605186	1.0	1.0	2.0
90090000	0.8395965782854806	2.1937074631220113	1.0	1.0	2.0
90100000	1.423499644613395	9.258688531621674	1.0	1.0	2.0
90110000	1.135071860824374	0.41964587443521795	1.0	1.0	2.0
90120000	0.8314701407344266	0.10661824587407626	1.0	1.0	2.0
90130000	1.581063332979554	0.5081953043162589	1.0	1.0	2.0
90140000	0.350218316751339	1.3883364907715193E-4	1.0	1.0	2.0
90150000	0.6607178884811984	0.861695047126676	1.0	1.0	2.0
90160000	1.4905567082534683	1.4629754403606399	1.0	1.0	2.0
90170000	0.3364955677030017	0.27538205313347086	1.0	1.0	2.0
90180000	2.628721013224752	2.2226993398601955	1.0	1.0	2.0
90190000	3.1307373007285704	0.5545527763548259	1.0	1.0	2.0
90200000	1.3094359710023065	0.6998071365008343	1.0	1.0	2.0
90210000	1.396890910399279	0.16437989989894655	1.0	1.0	2.0
90220000	0.5601123621932905	0.23821779206359833	1.0	1.0	2.0
90230000	0.46567246494140746	0.3612086358440193	1.0	1.0	2.0
90240000	0.3884252959871783	0.09924962342940762	1.0	1.0	2.0
90250000	1.477286577129544	0.010407638093668063	1.0	1.0	2.0
90260000	0.7187062191485784	0.6641057133575711	1.0	1.0	2.0
90270000	0.5627374136296971	0.415719044187829	1.0	1.0	2.0
90280000	1.1328807745774294	0.06757788213577055	1.0	1.0	2.0
90290000	2.206713760629278	0.9463476932896435	1.0	1.0	2.0
90300000	0.38745016866360443	0.047462763411188366	1.0	1.0	2.0
90310000	2.5545237343660148	0.16996412495192578	1.0	1.0	2.0
90320000	1.1574759026376564	0.6523438221194522	1.0	1.0	2.0
90330000	0.6816908679620417	0.7235793243775027	1.0	1.0	2.0
90340000	1.5242441185405506	0.03371370758522968	1.0	1.0	2.0
90350000	0.8505894339814222	0.4839301863150667	1.0	1.0	2.0
90360000	0.7298776458032998	0.8532662919117522	1.0	1.0	2.0
90370000	1.1927908169199004	0.08080771429982737	1.0	1.0	2.0
90380000	0.9932919683701303	0.007207042335867652	1.0	1.0	2.0
90390000	0.1868957061347781	0.014587265210685662	1.0	1.0	2.0
90400000	1.210770114852513	0.011395682840983643	1.0	1.0	2.0
90410000	2.722026196531708	2.0831793423169	1.0	1.0	2.0
90420000	2.6874621174882294	0.5614758321915436	1.0	1.0	2.0
90430000	1.2957667294922617	1.7937712461717292	1.0	1.0	2.0
90440000	0.970206013841485	0.08794473216003801	1.0	1.0	2.0
90450000	0.8546809107195729	0.014922979913601139	1.0	1.0	2.0
90460000	0.2111515382174339	0.7581783551063621	1.0	1.0	2.0
90470000	1.225629633782122	0.40430326777002834	1.0	1.0	2.0
90480000	0.3792256414378568	0.13024172742233986	1.0	1.0	2.0
90490000	0.7616326390142724	0.47108939470410216	1.0	1.0	2.0
90500000	0.28539569542486737	0.3313955835147887	1.0	1.0	2.0
90510000	0.09751875702136745	0.18604170004586326	1.0	1.0	2.0
90520000	0.9046879297870223	0.27705214530442784	1.0	1.0	2.0
90530000	1.12670253639226	0.1481754864343336	1.0	1.0	2.0
90540000	0.9780143525496154	1.3378617624959805	1.0	1.0	2.0
90550000	0.7164653442023249	0.7440657364342286	1.0	1.0	2.0
90560000	1.0190124953408213	0.4359797475305957	1.0	1.0	2.0
90570000	0.6083212650110801	0.35836133058053826	1.0	1.0	2.0
90580000	2.1251806782177396	0.06777810938432369	1.0	1.0	2.0
90590000	1.1610656765365313	0.07541137543839946	1.0	1.0	2.0
90600000	0.9873586648633725	0.39243939234120584	1.0	1.0	2.0
90610000	0.3175956497581458	1.801748469224357	1.0	1.0	2.0
90620000	0.7962136708328503	0.994913469136533	1.0	1.0	2.0
90630000	0.5574478095461821	0.9180064958965921	1.0	1.0	2.0
90640000	0.30189471639576754	0.009792530283022923	1.0	1.0	2.0
90650000	0.16596924017578327	0.9715432153318228	1.0	1.0	2.0
90660000	0.8211765361652766	0.6200637815332468	1.0	1.0	2.0
90670000	0.6248127613287475	0.14183687928865873	1.0	1.0	2.0
90680000	0.212691633981181	0.3079214475880885	1.0	1.0	2.0
90690000	2.5094115230406673	1.3650692709537324	1.0	1.0	2.0
90700000	1.4805263441439713	0.20250671686430344	1.0	1.0	2.0
90710000	1.2620204029657445	2.6001095663328617	1.0	1.0	2.0
90720000	1.3931702336143812	0.17408609541932507	1.0	1.0	2.0
90730000	0.16172424862597892	0.013992791855583725	1.0	1.0	2.0
90740000	1.7629435540166607	0.08080099991204552	1.0	1.0	2.0
90750000	1.2850338022462935	0.0015817047005526421	1.0	1.0	2.0
90760000	0.4445748452117457	0.029105455698225306	1.0	1.0	2.0
90770000	0.8536289601818537	0.36366715420181117	1.0	1.0	2.0
90780000	1.310613464001054	0.04327480989768037	1.0	1.0	2.0
90790000	1.2109997037454652	3.4737485719890917	1.0	1.0	2.0
90800000	0.4740776337275624	0.05640759333225738	1.0	1.0	2.0
90810000	0.4249854195163635	0.17436322303670512	1.0	1.0	2.0
90820000	3.194881404267855	1.7038360644518529	1.0	1.0	2.0
90830000	2.08637763295656	0.4929361523727521	1.0	1.0	2.0
90840000	0.12056949947862992	0.23418508065638696	1.0	1.0	2.0
90850000	2.492094396798109	1.9374221582789652	1.0	1.0	2.0
90860000	0.3651719245582297	0.030223981849915694	1.0	1.0	2.0
90870000	0.11793566890646849	0.2426611761641156	1.0	1.0	2.0
90880000	0.7695316999432582	0.15059159515352671	1.0	1.0	2.0
90890000	1.3280914202176615	1.3007614848600946	1.0	1.0	2.0
90900000	2.8057040293086097	0.40602491208681446	1.0	1.0	2.0
90910000	0.8216769980329959	0.14812423861544693	1.0	1.0	2.0
90920000	1.9299593548534801	0.04846166273619024	1.0	1.0	2.0
90930000	0.6626986256337065	1.304585596817219	1.0	1.0	2.0
90940000	0.6724702343027484	0.31835200781959344	1.0	1.0	2.0
90950000	2.339495939233872	0.46847262964888514	1.0	1.0	2.0
90960000	2.798586376522329	2.13142961765793	1.0	1.0	2.0
90970000	0.7412539494435465	0.507506133200526	1.0	1.0	2.0
90980000	0.3100292126460126	0.9602282258689323	1.0	1.0	2.0
90990000	0.9107437282740556	0.08938060771560204	1.0	1.0	2.0
91000000	0.1261358637963651	0.6467410538348544	1.0	1.0	2.0
91010000	0.413225816860079	0.326720118980229	0.0	1.0	1.0
91020000	0.2990696194096498	0.09292427671319123	1.0	1.0	2.0
91030000	1.3527705558763412	0.6430393732996974	1.0	1.0	2.0
91040000	0.8665687809089221	0.4218229685297563	1.0	1.0	2.0
91050000	0.6245962174848045	0.17631911281222942	1.0	1.0	2.0
91060000	3.6925131846181602	0.10378095618732032	1.0	1.0	2.0
91070000	0.3417549459478403	0.48938694836649865	1.0	1.0	2.0
91080000	1.0231573783476005	0.777601452469928	1.0	1.0	2.0
91090000	0.29245139662255737	0.30019820050295637	1.0	1.0	2.0
91100000	0.9101802043982485	0.3480964277259728	1.0	1.0	2.0
91110000	1.88007273394137	1.0429105929955769	1.0	1.0	2.0
91120000	0.94575691931092	0.5860950897326977	1.0	1.0	2.0
91130000	0.8638378613699772	1.0940332737125038	1.0	1.0	2.0
91140000	0.7053655922418696	0.96148182205745	1.0	1.0	2.0
91150000	1.5121760480645148	1.0214766749944861	1.0	1.0	2.0
91160000	1.1244652743894001	0.1610582678433438	1.0	1.0	2.0
91170000	2.1763294343848782	0.3957102997601611	1.0	1.0	2.0
91180000	0.9215022128327949	0.15032106127460787	1.0	1.0	2.0
91190000	2.960209724135697	0.38022473004877166	1.0	1.0	2.0
91200000	0.8700805891536476	0.11344434540009708	1.0	1.0	2.0
91210000	1.8742791054683359	1.5803325404399233	1.0	1.0	2.0
91220000	2.2863263628438295	0.8679463547768993	1.0	1.0	2.0
91230000	1.0117860654203616	0.22545963199257602	1.0	1.0	2.0
91240000	1.6127975670914934	3.2803153442523083	1.0	1.0	2.0
91250000	0.6852531480374857	1.2508079009193034	1.0	1.0	2.0
91260000	0.31105763093884786	0.5046113568073702	1.0	1.0	2.0
91270000	3.6708497226169428	0.07422007887027192	1.0	1.0	2.0
91280000	2.690365888364268	0.09517581618849512	1.0	1.0	2.0
91290000	1.296082576249479	0.0954845037330184	1.0	1.0	2.0
91300000	1.3261691326658975	1.1529086918292748	1.0	1.0	2.0
91310000	3.2787467794693472	0.1263439316607334	1.0	1.0	2.0
91320000	1.872332979514929	1.455477119936958	1.0	1.0	2.0
91330000	0.7498852854932685	0.6791720854462766	1.0	1.0	2.0
91340000	0.49189817520140694	0.2270101047455661	1.0	1.0	2.0
91350000	0.3419280939661668	0.15676073320832862	1.0	1.0	2.0
91360000	0.8317756377819997	0.43519909963812237	1.0	1.0	2.0
91370000	0.8170730016732164	0.04270017141560691	1.0	1.0	2.0
91380000	0.6700901551690497	0.20181886470500876	1.0	1.0	2.0
91390000	0.443772928689463	0.8023246229008522	1.0	1.0	2.0
91400000	0.21843158978227625	0.08359069462012267	1.0	1.0	2.0
91410000	1.343642272255354	0.5148348051650796	1.0	1.0	2.0
91420000	0.708519485323421	0.02530882849712645	1.0	1.0	2.0
91430000	1.066414513633353	0.45249258906601086	1.0	1.0	2.0
91440000	4.966354264728122	0.7401084257258707	1.0	1.0	2.0
91450000	2.364849621008964	1.0664638924617762	1.0	1.0	2.0
91460000	1.5288807061841947	0.3537790226243566	1.0	1.0	2.0
91470000	4.436273684495782	1.3058622815379037	1.0	1.0	2.0
91480000	0.8138090619033643	0.16358071398639298	1.0	1.0	2.0
91490000	3.2707790417460916	0.4893828253633301	1.0	1.0	2.0
91500000	1.4636154738849212	1.1414450267857281	1.0	1.0	2.0
91510000	1.9018798773108596	2.0195937152727446	1.0	1.0	2.0
91520000	0.6943669217588094	0.3478236794430599	1.0	1.0	2.0
91530000	0.530197814941666	0.6572307042666987	1.0	1.0	2.0
91540000	1.6443151862085883	1.6928966557802152	1.0	1.0	2.0
91550000	3.413513429270645	0.14716837851314357	1.0	1.0	2.0
91560000	0.46746617091052317	0.12011717773725965	1.0	1.0	2.0
91570000	5.069679949916012	1.8783224119927258	1.0	1.0	2.0
91580000	1.5347079253556037	0.3738428401079545	1.0	1.0	2.0
91590000	2.2689705120459105	0.6723060260809441	1.0	1.0	2.0
91600000	1.4549578125094722	0.7216600850639457	1.0	1.0	2.0
91610000	1.022906875247238	2.1534497293211787	1.0	1.0	2.0
91620000	1.3564771737282335	0.9792339665598672	1.0	1.0	2.0
91630000	1.179263472960742	0.15934267484187847	1.0	1.0	2.0
91640000	0.3151378360298819	0.28964396606307646	1.0	1.0	2.0
91650000	1.793884141888613	2.1457983669419423	1.0	1.0	2.0
91660000	0.5252163035826747	0.5955534977306018	1.0	1.0	2.0
91670000	0.3670504824394112	0.4959942622340814	1.0	1.0	2.0
91680000	2.1581892156171842	0.3184204541993898	1.0	1.0	2.0
91690000	1.3986883545514097	1.0171595625964958	1.0	1.0	2.0
91700000	3.129676040966001	0.32473419377993645	1.0	1.0	2.0
91710000	1.6245154366844299	0.4546987144838713	1.0	1.0	2.0
91720000	0.9911972110445085	0.4750095179616482	1.0	1.0	2.0
91730000	3.145239083217082	1.5953492753617913	1.0	1.0	2.0
91740000	3.1809316130882825	2.0823040287517225	1.0	1.0	2.0
91750000	0.17580564613679803	0.03788205381525295	1.0	1.0	2.0
91760000	0.5718976955477527	0.53457765359972	1.0	1.0	2.0
91770000	0.6530999218303793	0.059182788588880895	1.0	1.0	2.0
91780000	0.11244240965440148	0.027494529571449693	1.0	1.0	2.0
91790000	0.6348524447334767	0.3888047098795513	1.0	1.0	2.0
91800000	0.6743478274076534	0.04312226929641823	1.0	1.0	2.0
91810000	0.6320042354234893	0.08271706415228705	1.0	1.0	2.0
91820000	0.4693448448254698	0.053962520150654406	1.0	1.0	2.0
91830000	0.09078172975367167	0.10872955299328627	1.0	1.0	2.0
91840000	3.4837913844456065	0.40321962407313594	1.0	1.0	2.0
91850000	0.8231283341815612	0.14488955188231928	1.0	1.0	2.0
91860000	1.0368716969422884	0.7091049835439226	1.0	1.0	2.0
91870000	0.5134312795339234	0.29253355606495135	1.0	1.0	2.0
91880000	2.2569226882239097	0.5143097935214878	1.0	1.0	2.0
91890000	0.3969441942909508	1.676899501257289	1.0	1.0	2.0
91900000	0.6610684947786345	0.5652708334434506	1.0	1.0	2.0
91910000	0.6041198690161353	0.3640677412154843	1.0	1.0	2.0
91920000	5.824202434761813	0.0022425772337497456	1.0	1.0	2.0
91930000	1.477806003996092	0.31456769098308773	1.0	1.0	2.0
91940000	0.4439462685340157	0.023980396098465008	1.0	1.0	2.0
91950000	2.0841260283418146	0.9325163674215475	1.0	1.0	2.0
91960000	2.3277592401668947	0.5563712917420868	1.0	1.0	2.0
91970000	6.082153457392222	1.5078164664633367	1.0	1.0	2.0
91980000	2.170378780325515	2.1068366405845453	1.0	1.0	2.0
91990000	2.7397106998376106	1.9807630335350515	1.0	1.0	2.0
92000000	3.4447539098860562	0.9735201193675279	1.0	1.0	2.0
92010000	0.11153782065520287	0.07520506682158071	0.0	1.0	1.0
92020000	0.18174692323892608	0.14358884340023154	1.0	1.0	2.0
92030000	0.6677736362391454	0.2618681388454922	1.0	1.0	2.0
92040000	1.5781238808404905	0.33168552292074255	1.0	1.0	2.0
92050000	1.6568782101241921	0.5265652593007418	1.0	1.0	2.0
92060000	0.8061401480830968	0.15071674835935794	1.0	1.0	2.0
92070000	6.04430762352947	0.00735425510196077	1.0	1.0	2.0
92080000	0.8067487917019698	0.42264969111434364	1.0	1.0	2.0
92090000	2.371140391901284	0.2970988591322005	1.0	1.0	2.0
92100000	0.5934257995458837	0.04921199550908718	1.0	1.0	2.0
92110000	0.2883294193213317	0.024297157053931907	1.0	1.0	2.0
92120000	0.5908357352132083	0.18237207180499818	1.0	1.0	2.0
92130000	1.226845086941303	0.39324147008676336	1.0	1.0	2.0
92140000	0.4251324662359525	0.068284595886175	1.0	1.0	2.0
92150000	2.582271357084688	1.327998757557688	1.0	1.0	2.0
92160000	0.5991037157359635	0.329775660818436	1.0	1.0	2.0
92170000	4.612447784275932	0.29327358526426	1.0	1.0	2.0
92180000	0.313533382226398	0.06821657796356186	1.0	1.0	2.0
92190000	0.10761152185774557	0.01185530697203196	1.0	1.0	2.0
92200000	0.4684515172911028	0.13046789759710256	1.0	1.0	2.0
92210000	1.473394669414348	0.495516419578201	1.0	1.0	2.0
92220000	5.133208917337225	0.07283930871945238	1.0	1.0	2.0
92230000	2.153121933097504	0.2356982617945638	1.0	1.0	2.0
92240000	2.7288821263346708	0.460509590263021	1.0	1.0	2.0
92250000	0.26603625659378355	0.3559109956827168	1.0	1.0	2.0
92260000	0.6947888490304658	0.2635467199290395	1.0	1.0	2.0
92270000	0.7886259076784385	0.3388777614858775	1.0	1.0	2.0
92280000	0.7679025433653481	0.3531769313407439	1.0	1.0	2.0
92290000	0.5250316576048365	0.28286674500933623	1.0	1.0	2.0
92300000	1.090471202987595	0.34691197279061503	1.0	1.0	2.0
92310000	0.6271076299633221	2.1936700334639276	1.0	1.0	2.0
92320000	3.3135546663376676	1.6867536182413323	1.0	1.0	2.0
92330000	1.6302817618815229	0.275192610677695	1.0	1.0	2.0
92340000	0.12436877969549602	0.035704258173129694	1.0	1.0	2.0
92350000	1.9504383711932132	2.5618871647348547	1.0	1.0	2.0
92360000	1.0830433051224166	0.0037839574065080825	1.0	1.0	2.0
92370000	2.479080811015486	0.689833620001808	1.0	1.0	2.0
92380000	2.1184191552605984	0.25219892362942137	1.0	1.0	2.0
92390000	1.7119793798540686	1.0645934519927385	1.0	1.0	2.0
92400000	1.347430382309036	1.5647907069652032	1.0	1.0	2.0
92410000	1.7836792047712209	1.2415111002261199	1.0	1.0	2.0
92420000	1.1593799519503618	0.9054902637040945	1.0	1.0	2.0
92430000	0.5929959560490243	0.8227292973120024	1.0	1.0	2.0
92440000	1.9548949593478695	0.7728460367768659	1.0	1.0	2.0
92450000	1.9624040257660345	0.4543904708511663	1.0	1.0	2.0
92460000	0.8241643029759422	0.4724125489689548	1.0	1.0	2.0
92470000	1.4999848999453769	0.20711189037250108	1.0	1.0	2.0
92480000	1.009608785214241	0.9497657255185148	1.0	1.0	2.0
92490000	1.1080782409422436	2.0193788299170072	1.0	1.0	2.0
92500000	4.3394614332699515	0.5636854519429735	1.0	1.0	2.0
92510000	2.62445795415256	1.5042361256047716	1.0	1.0	2.0
92520000	0.3937878979532096	1.3853927858491604	1.0	1.0	2.0
92530000	0.43402546722168717	0.15295189704235534	1.0	1.0	2.0
92540000	4.604559156509217	0.4425605915520328	1.0	1.0	2.0
92550000	0.9971052928415396	0.05010366436970058	1.0	1.0	2.0
92560000	0.06147986126015034	0.9492788456456651	1.0	1.0	2.0
92570000	0.4754447295236737	0.38339711839521556	1.0	1.0	2.0
92580000	1.6672278506338425	0.07968521866168286	1.0	1.0	2.0
92590000	2.6465272391274772	0.8131888751318535	1.0	1.0	2.0
92600000	1.5780957281393966	0.47691988910831506	1.0	1.0	2.0
92610000	0.345033098304227	0.1228481171497503	1.0	1.0	2.0
92620000	3.7949796824132607	0.9600411891980918	1.0	1.0	2.0
92630000	1.2884794505682973	0.9731806112005119	1.0	1.0	2.0
92640000	0.6079246662665945	0.04399291544514681	1.0	1.0	2.0
92650000	3.1731544151187485	0.07299254611530623	1.0	1.0	2.0
92660000	1.8552175576945007	0.6719473649591748	1.0	1.0	2.0
92670000	4.289256826464075	2.3418570232973606	1.0	1.0	2.0
92680000	1.5492390120647188	0.2305353732321092	1.0	1.0	2.0
92690000	2.5606980939218436	0.05359885823831229	1.0	1.0	2.0
92700000	0.6930054613225751	0.8799486831399933	1.0	1.0	2.0
92710000	1.322590943422548	1.7538051658283118	1.0	1.0	2.0
92720000	0.22464829176287132	0.044317278612501926	1.0	1.0	2.0
92730000	0.48484696472777006	0.3593313269823126	1.0	1.0	2.0
92740000	0.5325099820798841	0.558234264145832	1.0	1.0	2.0
92750000	1.9516941125913292	1.6350732103304022	1.0	1.0	2.0
92760000	1.8619909733222029	0.20821891288266411	1.0	1.0	2.0
92770000	0.7968678738715581	0.181414229958548	1.0	1.0	2.0
92780000	1.873444900745253	1.6048221612184108	1.0	1.0	2.0
92790000	0.2191552870972795	0.0018047337213858902	1.0	1.0	2.0
92800000	0.19551717508453104	0.11073601783626354	1.0	1.0	2.0
92810000	0.6162817254293043	0.5184520427236047	1.0	1.0	2.0
92820000	1.0503132531410466	2.6185182279578556	1.0	1.0	2.0
92830000	1.2579246033259108	0.1426987624334458	1.0	1.0	2.0
92840000	0.43519995897090263	0.3143803225554358	1.0	1.0	2.0
92850000	0.6939608682166793	0.7575280693427241	1.0	1.0	2.0
92860000	3.5728154479289014	0.4918698142786234	1.0	1.0	2.0
92870000	1.3846669043074975	0.8095234484051961	1.0	1.0	2.0
92880000	0.8741397811506285	0.9189413693131208	1.0	1.0	2.0
92890000	0.7845115757490262	0.24452923415546554	1.0	1.0	2.0
92900000	2.290441310869598	1.6282808120164691	1.0	1.0	2.0
92910000	0.7571095094202811	0.18414229104268823	1.0	1.0	2.0
92920000	0.49182743284725056	0.1951676300694782	1.0	1.0	2.0
92930000	1.1010106948695655	1.6294491057376943	1.0	1.0	2.0
92940000	0.6767609967707318	0.3262281197900419	1.0	1.0	2.0
92950000	0.7413125163713906	0.02359225064800548	1.0	1.0	2.0
92960000	1.4924711650235212	0.1853396706436853	1.0	1.0	2.0
92970000	0.3237702323231492	0.15609609126131171	1.0	1.0	2.0
92980000	0.34077486007659985	0.03683179541493093	1.0	1.0	2.0
92990000	0.4821033914405684	0.725695004846608	1.0	1.0	2.0
93000000	1.171857867270502	0.19166976972609376	1.0	1.0	2.0
93010000	0.5228708784717256	0.02499126776556397	1.0	1.0	2.0
93020000	2.7325809475302387	0.19764779354793466	1.0	1.0	2.0
93030000	3.3243060920335425	1.0047002367470614	1.0	1.0	2.0
93040000	1.7114402516225662	0.5090376795412952	1.0	1.0	2.0
93050000	1.073509508435739	0.1883344687888659	1.0	1.0	2.0
93060000	4.754532820496709	1.0946380784107972	1.0	1.0	2.0
93070000	2.4845137134108843	0.7707663319378447	1.0	1.0	2.0
93080000	1.5638515707538545	0.2263399358186716	1.0	1.0	2.0
93090000	1.839761566393645	0.00826557915022159	1.0	1.0	2.0
93100000	0.16179909158847608	0.26101000092894033	1.0	1.0	2.0
93110000	5.429046500266241	0.7898149419959472	1.0	1.0	2.0
93120000	0.9625568423750479	0.09939977669107761	1.0	1.0	2.0
93130000	1.2693593841888975	0.1536411493927572	1.0	1.0	2.0
93140000	0.059302010399158264	0.07635362904058794	1.0	1.0	2.0
93150000	0.9517106693862332	0.08626554038004298	1.0	1.0	2.0
93160000	1.917971810866804	1.0417407559127625	1.0	1.0	2.0
93170000	0.6006194996223345	1.0467151887877055	1.0	1.0	2.0
93180000	0.30044795559491916	0.47583803889067317	1.0	1.0	2.0
93190000	2.0301907001124104	0.5510169406138012	1.0	1.0	2.0
93200000	0.9896893008847781	1.993279592385211	1.0	1.0	2.0
93210000	0.8790532073362369	3.227976938965221	1.0	1.0	2.0
93220000	0.17273790721180504	0.11471234020896623	1.0	1.0	2.0
93230000	1.2555473195014462	0.10505208027867077	1.0	1.0	2.0
93240000	0.29808925527944297	0.14206047872416921	1.0	1.0	2.0
93250000	2.550134972064157	0.6406814625083365	1.0	1.0	2.0
93260000	1.5917390386894492	0.5549618110588506	1.0	1.0	2.0
93270000	0.6396052737245634	0.4143002380027053	1.0	1.0	2.0
93280000	1.3789368496725174	0.125791148094242	1.0	1.0	2.0
93290000	1.1751226194298219	0.4517925034344516	1.0	1.0	2.0
93300000	0.8480519017550068	0.3669909994255684	1.0	1.0	2.0
93310000	2.431737126112486	0.1473978553833656	1.0	1.0	2.0
93320000	4.125429120236265	1.1205162262044186	1.0	1.0	2.0
93330000	0.5691804556402744	0.4720308658709123	1.0	1.0	2.0
93340000	1.7813040151083783	0.12874321557017063	1.0	1.0	2.0
93350000	2.059791850323977	0.1817616153037953	1.0	1.0	2.0
93360000	5.428581960665667	0.5775241954878951	1.0	1.0	2.0
93370000	0.3895902874748085	0.07352933124428145	1.0	1.0	2.0
93380000	0.262525049421423	0.41812769718609394	1.0	1.0	2.0
93390000	1.0091925296738442	0.08181681315082004	1.0	1.0	2.0
93400000	0.7612067297627276	0.4789022042309377	1.0	1.0	2.0
93410000	1.4808545253858048	0.4056232441747705	1.0	1.0	2.0
93420000	2.2694548756208524	0.46888250194192693	1.0	1.0	2.0
93430000	1.816646312799276	0.29592183021615237	1.0	1.0	2.0
93440000	0.7597009448890961	0.2370853354388214	1.0	1.0	2.0
93450000	0.3204063768026494	0.05912300279538423	1.0	1.0	2.0
93460000	1.8211616663065717	0.4437711686956032	1.0	1.0	2.0
93470000	2.4996282302292494	0.06618099079719213	1.0	1.0	2.0
93480000	0.8913945249078773	0.22082811760827734	1.0	1.0	2.0
93490000	1.4630023357640958	0.5158630442711462	1.0	1.0	2.0
93500000	1.1879673802879867	0.5196715080117158	1.0	1.0	2.0
93510000	1.051009444055161	0.06227265373349128	1.0	1.0	2.0
93520000	1.4593015762967765	0.13413351152094344	1.0	1.0	2.0
93530000	0.518683123985986	0.032847908929210835	1.0	1.0	2.0
93540000	0.9745287979290521	0.3797848618176529	1.0	1.0	2.0
93550000	0.3418383727344225	0.3648053519307721	1.0	1.0	2.0
93560000	4.986642252785928	0.8869197028395139	1.0	1.0	2.0
93570000	1.488632636143338	0.08672005070374406	1.0	1.0	2.0
93580000	1.9208025801133144	0.5450829836989876	1.0	1.0	2.0
93590000	3.360799900133186	0.3986229813870212	1.0	1.0	2.0
93600000	0.1847215837993193	4.261739082685116E-4	1.0	1.0	2.0
93610000	1.6549781779389605	3.10180824192147	1.0	1.0	2.0
93620000	0.9425287823483653	0.3759288210743568	1.0	1.0	2.0
93630000	1.450741658508803	0.013201001168229294	0.0	1.0	1.0
93640000	0.9999817507899454	0.12084035784303451	1.0	1.0	2.0
93650000	0.08178761976282652	0.026138895379600794	1.0	1.0	2.0
93660000	2.38318715473162	0.078674139490518	1.0	1.0	2.0
93670000	3.5950530921529196	0.9878447423481447	1.0	1.0	2.0
93680000	1.7915761573056967	1.1008617312344675	1.0	1.0	2.0
93690000	1.6839908727548476	0.15835762022369693	1.0	1.0	2.0
93700000	1.9808378287524453	0.8508418592158532	1.0	1.0	2.0
93710000	0.577132073980384	0.08194174182604658	1.0	1.0	2.0
93720000	1.0568008864475016	0.05112651763251054	1.0	1.0	2.0
93730000	0.8385115320652817	0.6568170203461126	1.0	1.0	2.0
93740000	2.122754377798071	2.794781676633351	1.0	1.0	2.0
93750000	3.3018150145417935	0.049065681530220166	1.0	1.0	2.0
93760000	1.0545785910341685	1.9551647560191532	1.0	1.0	2.0
93770000	1.7171238604467305	0.30477758137149413	1.0	1.0	2.0
93780000	1.6028909278145476	0.012236323598567057	1.0	1.0	2.0
93790000	0.3004689680022555	0.02822296321590011	1.0	1.0	2.0
93800000	2.054009483381308	0.12086109222793996	1.0	1.0	2.0
93810000	1.5849827717608094	0.3493886072370428	1.0	1.0	2.0
93820000	1.0979006507004982	0.1884098652893399	1.0	1.0	2.0
93830000	3.8374342799134764	0.5775747198042233	1.0	1.0	2.0
93840000	1.2282870632947784	1.3952030725527704	1.0	1.0	2.0
93850000	1.0903712099845628	0.3718463881459954	1.0	1.0	2.0
93860000	0.6706595993153384	1.3013660262698952	1.0	1.0	2.0
93870000	0.8208112981883691	0.0028472682339575994	1.0	1.0	2.0
93880000	1.4091281375143143	1.3970840479295379	1.0	1.0	2.0
93890000	0.9073139615733097	0.524643769877152	1.0	1.0	2.0
93900000	1.0507884851054141	0.9252045018397963	1.0	1.0	2.0
93910000	0.6139540622809861	1.1995398086870492	1.0	1.0	2.0
93920000	0.40646077495844396	0.23065518574056984	1.0	1.0	2.0
93930000	2.2547995210391285	0.7403500075231025	1.0	1.0	2.0
93940000	0.6384589349233745	0.0898996194950442	1.0	1.0	2.0
93950000	2.1754018067677774	0.1286693560584683	1.0	1.0	2.0
93960000	0.779199867093474	1.6170729078414823	1.0	1.0	2.0
93970000	0.1954598057748903	0.4911669316966164	1.0	1.0	2.0
93980000	0.6495240758822348	0.0016490330889016842	1.0	1.0	2.0
93990000	0.8900918184342744	0.24934797799468744	1.0	1.0	2.0
94000000	0.48259579564457944	0.3366793236886652	1.0	1.0	2.0
94010000	0.9334947337554548	0.41240351952031007	1.0	1.0	2.0
94020000	0.30104618492369356	0.9857299697496368	1.0	1.0	2.0
94030000	0.780623678433231	0.07238838194919238	1.0	1.0	2.0
94040000	0.8490579628074237	0.45707113745865896	1.0	1.0	2.0
94050000	0.16382710094686806	0.17114476997110917	1.0	1.0	2.0
94060000	3.260919263047265	0.31348645726582547	1.0	1.0	2.0
94070000	0.8675845067557851	1.4820462505662235	1.0	1.0	2.0
94080000	1.7785347082639533	1.1271414172495031	1.0	1.0	2.0
94090000	0.8647050133613318	1.293880432312532	1.0	1.0	2.0
94100000	0.7416209850264921	0.2080255387153455	1.0	1.0	2.0
94110000	1.3301618727586162	0.019857739192933828	1.0	1.0	2.0
94120000	4.634821062018336	0.0771056071821927	1.0	1.0	2.0
94130000	1.4820591932339233	2.4266936848223497	1.0	1.0	2.0
94140000	3.8044974552933795	0.610059218335784	1.0	1.0	2.0
94150000	1.5731523896704762	1.9063063291593205	1.0	1.0	2.0
94160000	2.3259229448406735	1.8965236001197163	1.0	1.0	2.0
94170000	3.539934885628847	0.1897894763862211	1.0	1.0	2.0
94180000	1.062682611632281	1.2413023589691685	1.0	1.0	2.0
94190000	0.9527354684988892	0.279077719364503	1.0	1.0	2.0
94200000	1.21905573163181	0.03607467504450027	1.0	1.0	2.0
94210000	1.6539829858756694	0.5216048356560585	1.0	1.0	2.0
94220000	0.40339371735582924	0.44973433774383836	1.0	1.0	2.0
94230000	0.19448021100529977	0.046286081112082884	1.0	1.0	2.0
94240000	0.4782984830598958	0.0587600973384672	1.0	1.0	2.0
94250000	3.036284622490062	1.2853836700343848	1.0	1.0	2.0
94260000	0.5334526393225201	0.4107234257166491	1.0	1.0	2.0
94270000	3.8829153318751035	1.3893636662388766	1.0	1.0	2.0
94280000	0.9581836246815023	0.06028102021255904	1.0	1.0	2.0
94290000	1.350353080187505	0.2678176643815467	1.0	1.0	2.0
94300000	0.278871807608828	0.004692463880482983	1.0	1.0	2.0
94310000	0.9311199002433453	0.5853962309662779	1.0	1.0	2.0
94320000	1.1802519044332709	0.8384096177430737	1.0	1.0	2.0
94330000	3.0139433147393007	0.5980207613546614	1.0	1.0	2.0
94340000	2.808233179637938	0.8941859206831392	1.0	1.0	2.0
94350000	0.7171676113948672	0.8848867453571134	1.0	1.0	2.0
94360000	1.0738841119188485	0.2252715208623515	1.0	1.0	2.0
94370000	0.478646288629116	1.1392997498764232	1.0	1.0	2.0
94380000	0.5362816818605741	0.5294072382317615	1.0	1.0	2.0
94390000	1.188086549766532	1.547945263184588	1.0	1.0	2.0
94400000	0.952440126858826	0.5335794918233244	1.0	1.0	2.0
94410000	1.304601529385805	1.0881849759759332	1.0	1.0	2.0
94420000	0.9759200482000427	0.024883502026193483	1.0	1.0	2.0
94430000	2.0067254513764334	3.1815809070396157	1.0	1.0	2.0
94440000	0.12166466189337456	0.08637196467283839	1.0	1.0	2.0
94450000	0.6884167678671925	2.109837245464575	1.0	1.0	2.0
94460000	1.6746548844359461	0.0980669066299221	1.0	1.0	2.0
94470000	1.0397243453455796	0.1266814429598033	1.0	1.0	2.0
94480000	1.7389538108591365	1.0936404083453075	1.0	1.0	2.0
94490000	5.41773337737618	0.23768311944975756	1.0	1.0	2.0
94500000	0.3912531041495101	0.7733080091623605	1.0	1.0	2.0
94510000	0.9057959480822544	0.10187971522257605	1.0	1.0	2.0
94520000	2.1336151976312885	0.12826493288505614	1.0	1.0	2.0
94530000	1.931328769825649	1.6107397928741984	1.0	1.0	2.0
94540000	0.1933753798135194	0.16157188327019614	1.0	1.0	2.0
94550000	0.8185900784571565	0.6267627964071742	1.0	1.0	2.0
94560000	2.0014520401245455	0.6914267102292915	1.0	1.0	2.0
94570000	0.3186872034665702	0.009718340995577142	1.0	1.0	2.0
94580000	0.7997143288410271	0.08652144085113571	1.0	1.0	2.0
94590000	2.1261123083899136	0.18057634794746852	1.0	1.0	2.0
94600000	0.1683935177073732	0.09921259400709236	1.0	1.0	2.0
94610000	0.30961120404312537	0.6325054578843204	1.0	1.0	2.0
94620000	0.46335826298607957	0.05878173875177632	1.0	1.0	2.0
94630000	0.9718627337719742	0.3123109514756266	1.0	1.0	2.0
94640000	2.2492097771682733	0.5885993171013866	1.0	1.0	2.0
94650000	1.138575906240469	0.8724978024313123	1.0	1.0	2.0
94660000	0.5154859983816406	0.15571859130015353	1.0	1.0	2.0
94670000	0.19036986591001712	0.22974848760126534	1.0	1.0	2.0
94680000	1.5912246961368286	1.3154097812395646	1.0	1.0	2.0
94690000	1.018907103983309	0.2865280500348472	1.0	1.0	2.0
94700000	0.5359945309807653	1.469007004447395	1.0	1.0	2.0
94710000	3.067309250968024	0.3296182507390244	1.0	1.0	2.0
94720000	1.8704041425079418	0.4416339575088494	1.0	1.0	2.0
94730000	2.57385207440839	0.4890873772131716	1.0	1.0	2.0
94740000	0.4943171539851161	0.03610170534734881	1.0	1.0	2.0
94750000	0.5200926391220811	0.16787458290302823	1.0	1.0	2.0
94760000	1.6436328719062625	0.27608882350670894	1.0	1.0	2.0
94770000	3.420152258611127	0.9346948029630562	1.0	1.0	2.0
94780000	3.1671853378744306	0.32593462415282926	1.0	1.0	2.0
94790000	0.8019495689961188	0.372362472643204	1.0	1.0	2.0
94800000	0.32073344184668895	0.8051798746819787	1.0	1.0	2.0
94810000	1.258207037526384	1.3264748872219525	1.0	1.0	2.0
94820000	1.553267685926212	0.10557469492118683	1.0	1.0	2.0
94830000	0.5906979662296843	1.4603846482749279	1.0	1.0	2.0
94840000	1.0063021709362316	0.021425994419081013	1.0	1.0	2.0
94850000	0.4134434854244847	0.40620896196447437	1.0	1.0	2.0
94860000	3.2674268109834057	0.5416230880258184	1.0	1.0	2.0
94870000	0.7756389958920537	0.1274317758270084	1.0	1.0	2.0
94880000	1.9901412940704857	0.6985060947986438	1.0	1.0	2.0
94890000	2.581031739759811	0.30435189332192647	1.0	1.0	2.0
94900000	0.2218509610354241	0.19923446388562455	1.0	1.0	2.0
94910000	1.2553499874794025	0.6278382098856095	1.0	1.0	2.0
94920000	3.568377814465224	0.3327824546437788	1.0	1.0	2.0
94930000	0.6418374429682049	0.11051889364128485	1.0	1.0	2.0
94940000	1.989380267760627	0.3428512045524276	1.0	1.0	2.0
94950000	1.703055289757127	0.07866124846010451	1.0	1.0	2.0
94960000	1.8618369936537977	0.1488501562504198	1.0	1.0	2.0
94970000	1.2179170551145921	0.6900288416621981	1.0	1.0	2.0
94980000	3.0260363631941893	0.24756279158475555	1.0	1.0	2.0
94990000	2.35288715785922	1.5484726966745743	1.0	1.0	2.0
95000000	3.40835291133496	0.22131693485584578	1.0	1.0	2.0
95010000	0.17673279313551124	0.5061184630385974	1.0	1.0	2.0
95020000	0.8488838306525721	0.2065006127322337	1.0	1.0	2.0
95030000	1.4029041686619421	0.23174492814960265	1.0	1.0	2.0
95040000	2.3557495486531304	1.5479815024137669	1.0	1.0	2.0
95050000	4.69760904857432	0.013659006144337961	1.0	1.0	2.0
95060000	0.6395327332437858	1.0958594251507596	1.0	1.0	2.0
95070000	0.3390827150324206	0.09731193954162266	1.0	1.0	2.0
95080000	1.678801768235299	0.5376469973146557	1.0	1.0	2.0
95090000	0.9859733087896443	1.67636563493603	1.0	1.0	2.0
95100000	1.4339557371389313	0.08335583843065023	1.0	1.0	2.0
95110000	1.0265855826894075	0.03321887980379778	1.0	1.0	2.0
95120000	2.476634689803883	0.7193582023169504	1.0	1.0	2.0
95130000	0.12267519225524746	0.29035420134338985	1.0	1.0	2.0
95140000	0.9588213624899198	0.13168883578004864	1.0	1.0	2.0
95150000	1.021111915173065	0.4738268964180599	1.0	1.0	2.0
95160000	5.081663696184216	0.3335749335398227	1.0	1.0	2.0
95170000	0.24547335154327574	0.09098269669805913	1.0	1.0	2.0
95180000	1.1497279929464552	0.06981718769428885	1.0	1.0	2.0
95190000	0.4972094448954116	0.7544811346457068	1.0	1.0	2.0
95200000	0.9741115658568071	0.5401700138539234	1.0	1.0	2.0
95210000	1.6913825900719526	0.36553045708620213	1.0	1.0	2.0
95220000	3.0050442989114794	1.7534193860715197	1.0	1.0	2.0
95230000	0.5490474963640632	0.37378768393857076	1.0	1.0	2.0
95240000	2.136805692972242	0.11802898052380772	1.0	1.0	2.0
95250000	0.22404918835418466	0.025313615963946403	1.0	1.0	2.0
95260000	0.2459274119688213	0.4480542185537278	1.0	1.0	2.0
95270000	0.16968042397077016	0.27298574595895314	1.0	1.0	2.0
95280000	0.87569469050206	0.18377837057193552	1.0	1.0	2.0
95290000	0.4995541602539978	0.12891743464152247	1.0	1.0	2.0
95300000	1.0593304385244326	0.7140142804112974	1.0	1.0	2.0
95310000	0.7691995380540627	0.46169230646444903	1.0	1.0	2.0
95320000	0.9154607590721335	1.4051792797780744	1.0	1.0	2.0
95330000	2.8711244498023016	0.09800479867088917	1.0	1.0	2.0
95340000	0.2940473379105191	0.21089018462542355	1.0	1.0	2.0
95350000	1.5704909162164147	0.09185672119229607	1.0	1.0	2.0
95360000	2.0868520489147135	2.5791216861894624	1.0	1.0	2.0
95370000	0.7153259154909544	1.3499607401715268	1.0	1.0	2.0
95380000	1.3045243636325548	0.49867471456497703	1.0	1.0	2.0
95390000	2.1302221009666833	0.2999059868623787	1.0	1.0	2.0
95400000	3.5250746218780202	0.9937506433929487	1.0	1.0	2.0
95410000	0.7634958806119666	0.2516369943403103	1.0	1.0	2.0
95420000	0.4534195191399478	0.6261842370454276	1.0	1.0	2.0
95430000	1.173714405913756	2.65982354674877	1.0	1.0	2.0
95440000	2.71506916803815	0.3841516714303411	1.0	1.0	2.0
95450000	0.8017692353559498	1.7899614597384044	1.0	1.0	2.0
95460000	0.8865144315442159	0.06434995931027372	1.0	1.0	2.0
95470000	0.19573934574607108	0.30032477320553846	1.0	1.0	2.0
95480000	0.3495662139242781	0.01708037682022412	1.0	1.0	2.0
95490000	0.403057823014945	0.295660122290764	1.0	1.0	2.0
95500000	2.896618728534768	0.5348588695846446	1.0	1.0	2.0
95510000	0.13866363820310226	0.13992555144649035	1.0	1.0	2.0
95520000	1.8830563698311715	1.1384828334034014	1.0	1.0	2.0
95530000	1.19192685254315	0.03793204004615964	1.0	1.0	2.0
95540000	1.2645737451492438	0.6043839587918386	1.0	1.0	2.0
95550000	1.1065871498873052	0.01619947456867817	1.0	1.0	2.0
95560000	0.6330539561317676	5.07105682234298	1.0	1.0	2.0
95570000	0.6428321710920258	1.2297508907920647	1.0	1.0	2.0
95580000	4.274293322720604	1.5506142691957197	1.0	1.0	2.0
95590000	1.2731346852573988	0.7503621715307986	1.0	1.0	2.0
95600000	1.8276972969655922	2.1024284499394534	1.0	1.0	2.0
95610000	4.284731404928795	0.8165635529840408	1.0	1.0	2.0
95620000	1.4326649673286422	0.2745402281107549	1.0	1.0	2.0
95630000	0.9080656760117067	0.8694976123717195	1.0	1.0	2.0
95640000	0.034410581167160816	3.326165860980134	1.0	1.0	2.0
95650000	2.2600420277754067	0.6896672111840192	1.0	1.0	2.0
95660000	0.43780116845426853	0.19230240581615726	1.0	1.0	2.0
95670000	2.2370395218053343	0.023579400245558303	1.0	1.0	2.0
95680000	2.781288878352522	1.1027114984007593	1.0	1.0	2.0
95690000	1.4180517495841962	0.19373772775102013	1.0	1.0	2.0
95700000	0.24489600110993512	0.36239783253766705	1.0	1.0	2.0
95710000	0.6217200048890252	0.5267166130841118	1.0	1.0	2.0
95720000	0.9678359522991747	0.46844992006395764	1.0	1.0	2.0
95730000	0.818144114430881	1.7828673805101565	1.0	1.0	2.0
95740000	1.084423448999815	0.3866997357277411	1.0	1.0	2.0
95750000	0.5493813279184634	0.983752335827546	1.0	1.0	2.0
95760000	1.71859559226938	0.013665852508257269	1.0	1.0	2.0
95770000	0.9603835738523789	0.9491229806368521	1.0	1.0	2.0
95780000	0.32989625596097666	0.004968551486927327	1.0	1.0	2.0
95790000	1.402852233014663	0.6315791699985777	1.0	1.0	2.0
95800000	1.9207732498954806	1.6565234880331505	1.0	1.0	2.0
95810000	1.1798367346175853	0.8401567161698698	1.0	1.0	2.0
95820000	1.0215143856634596	2.3515934486648504	1.0	1.0	2.0
95830000	4.085816474016888	0.05194277779952083	1.0	1.0	2.0
95840000	0.8647055207036041	0.9424911676451863	1.0	1.0	2.0
95850000	1.1727339211542032	0.5100264455584738	1.0	1.0	2.0
95860000	0.7962691462049036	0.1342248903695022	1.0	1.0	2.0
95870000	3.4096209784113	0.9048053255946195	1.0	1.0	2.0
95880000	0.13592523262518813	0.10771124347006732	1.0	1.0	2.0
95890000	1.5295042894538515	0.46359615486369854	1.0	1.0	2.0
95900000	0.41302557030235865	0.0014945333860165546	1.0	1.0	2.0
95910000	0.8686939538857779	0.6699701308062503	1.0	1.0	2.0
95920000	1.7435988248574552	0.1545783931909658	1.0	1.0	2.0
95930000	1.5871890526594075	0.4995812078118503	1.0	1.0	2.0
95940000	2.374557399596479	0.6136388297925851	1.0	1.0	2.0
95950000	0.4665153572892508	0.03681957109585677	1.0	1.0	2.0
95960000	1.552906378338415	0.6262380719633259	1.0	1.0	2.0
95970000	0.9084088335661908	0.6430355391756678	1.0	1.0	2.0
95980000	2.4549578285514584	1.1352453117075918	1.0	1.0	2.0
95990000	3.917526111258996	1.3467540069816026	1.0	1.0	2.0
96000000	2.6428815340865155	1.1524459949836934	1.0	1.0	2.0
96010000	0.3754236073870369	0.050491936001834915	1.0	1.0	2.0
96020000	1.14468361208693	0.09078595042099732	1.0	1.0	2.0
96030000	1.5307451900896785	1.6091758433708618	1.0	1.0	2.0
96040000	1.04791048103588	0.2099564387679448	1.0	1.0	2.0
96050000	1.767580100276794	0.27576001504158193	1.0	1.0	2.0
96060000	0.4646307808125529	0.08045875203399598	1.0	1.0	2.0
96070000	1.132492659975671	1.3125424332399107	1.0	1.0	2.0
96080000	1.3480040142530503	0.006877206128145475	1.0	1.0	2.0
96090000	0.44388266756998285	0.29533376010907325	1.0	1.0	2.0
96100000	0.34645878678631237	0.8259072124423794	1.0	1.0	2.0
96110000	0.7516510254812698	0.9650280768050487	1.0	1.0	2.0
96120000	1.1021122886486263	0.3320695449548565	1.0	1.0	2.0
96130000	0.7340564221147595	1.3382402302894325	1.0	1.0	2.0
96140000	1.8246308836583693	0.6127038752882186	1.0	1.0	2.0
96150000	1.464908998053383	0.7051639804722205	1.0	1.0	2.0
96160000	0.4417154452983199	0.02694882481551954	1.0	1.0	2.0
96170000	0.7576119914584287	0.28932610500764216	1.0	1.0	2.0
96180000	6.465015880612759	0.2101595079474704	1.0	1.0	2.0
96190000	3.0123698517778617	0.35588206493872276	1.0	1.0	2.0
96200000	1.28965434980134	0.33566995950575546	1.0	1.0	2.0
96210000	2.910028376838146	0.21009886580943302	1.0	1.0	2.0
96220000	0.8544544796088429	0.6568614172162681	1.0	1.0	2.0
96230000	0.29648261662733016	0.0634317317277859	1.0	1.0	2.0
96240000	1.9368511688356713	5.18216522348657E-4	1.0	1.0	2.0
96250000	0.7939207217672978	0.727150526165126	1.0	1.0	2.0
96260000	1.4397602130232836	2.5353698242724176	1.0	1.0	2.0
96270000	1.8705415837694546	0.19934738261749618	1.0	1.0	2.0
96280000	0.9934350385492062	0.11111506907202574	1.0	1.0	2.0
96290000	1.5841885465486045	0.7894127839919876	1.0	1.0	2.0
96300000	0.859328123954223	0.9845512397425793	1.0	1.0	2.0
96310000	0.5080196658976537	0.6234164346286837	1.0	1.0	2.0
96320000	1.118221021978238	0.31641221747943377	1.0	1.0	2.0
96330000	1.1161375700704093	0.38655283618330044	1.0	1.0	2.0
96340000	0.8653308300587612	0.334217710894339	1.0	1.0	2.0
96350000	1.471886106876577	0.9836739977502527	1.0	1.0	2.0
96360000	1.0949341325909128	0.35544289179868127	1.0	1.0	2.0
96370000	0.3858803141005879	0.430058221870731	1.0	1.0	2.0
96380000	2.103755259053706	0.6145964331075875	1.0	1.0	2.0
96390000	1.937964075397492	0.6086999335904018	1.0	1.0	2.0
96400000	0.7025769884757705	1.435039962950356	1.0	1.0	2.0
96410000	1.6020788374503765	0.4109973055500626	1.0	1.0	2.0
96420000	2.788818022380975	1.3662423831909556	1.0	1.0	2.0
96430000	0.7327067559721219	0.80873176856219	1.0	1.0	2.0
96440000	6.705738245595103	0.2673706409564336	1.0	1.0	2.0
96450000	0.8595705766881149	0.6631877909593694	1.0	1.0	2.0
96460000	0.59728618392413	0.027921649021808683	1.0	1.0	2.0
96470000	0.7133415186766445	0.20908670905414206	1.0	1.0	2.0
96480000	0.8879503036076807	0.5489182494552541	1.0	1.0	2.0
96490000	1.172635152319233	0.27131197874060664	1.0	1.0	2.0
96500000	0.7669488034035178	0.5045898614057555	1.0	1.0	2.0
96510000	4.812782978683678	0.03551123070117493	1.0	1.0	2.0
96520000	3.658251803098971	0.3747646797608013	1.0	1.0	2.0
96530000	0.6030383137600964	0.09253434353662056	1.0	1.0	2.0
96540000	0.943949911570849	0.3601805752706905	1.0	1.0	2.0
96550000	1.9602586742883745	0.48628315467554306	1.0	1.0	2.0
96560000	1.2707203289006546	1.1904337723736422	1.0	1.0	2.0
96570000	0.43202582202884693	0.39563665571204815	1.0	1.0	2.0
96580000	0.21176460601327757	0.3267898425018615	1.0	1.0	2.0
96590000	3.458299152268121	0.4164395544067679	1.0	1.0	2.0
96600000	1.0706539308803047	0.3298753753921667	1.0	1.0	2.0
96610000	1.9410149544408826	0.024118016157500036	1.0	1.0	2.0
96620000	2.413756951467073	2.8328729544463362	1.0	1.0	2.0
96630000	0.9822799991320467	0.07367017392067098	1.0	1.0	2.0
96640000	2.4668200124264246	0.9770331039250626	1.0	1.0	2.0
96650000	0.5055615749122937	0.0803524929555749	1.0	1.0	2.0
96660000	2.17483485486677	0.16015373655966791	1.0	1.0	2.0
96670000	0.40820611553959274	0.5829249090511548	1.0	1.0	2.0
96680000	1.8778168826464605	0.4364639316507238	1.0	1.0	2.0
96690000	0.6207228362324697	0.822505101698966	1.0	1.0	2.0
96700000	2.5976258980055924	0.26871207947194703	1.0	1.0	2.0
96710000	0.6694034486020319	0.11936166550703058	1.0	1.0	2.0
96720000	0.3542002416980103	0.18554313229177985	1.0	1.0	2.0
96730000	3.1087937606050016	1.2682260536226688	1.0	1.0	2.0
96740000	0.3648397672095771	0.6463640224383022	1.0	1.0	2.0
96750000	0.2218186670456541	0.12733793408723532	1.0	1.0	2.0
96760000	0.3076758090861874	0.04956669784210953	1.0	1.0	2.0
96770000	0.8971670327957673	0.17599879272989663	1.0	1.0	2.0
96780000	1.1634060860108575	0.021079344201550734	1.0	1.0	2.0
96790000	1.0664964905637722	0.3204416198024835	1.0	1.0	2.0
96800000	1.335236411061779	0.23650553766070892	1.0	1.0	2.0
96810000	0.7682362887184457	0.05441313504321215	1.0	1.0	2.0
96820000	0.7949972836817442	0.4696329487568479	1.0	1.0	2.0
96830000	0.3306021288371735	0.2723953324340067	1.0	1.0	2.0
96840000	0.5912278627781997	0.19209244288082497	1.0	1.0	2.0
96850000	1.369893631339231	0.9943892109093104	1.0	1.0	2.0
96860000	0.2529486771843172	0.306023898486815	1.0	1.0	2.0
96870000	0.3055523906111257	1.861808987519563	1.0	1.0	2.0
96880000	0.48458501089709693	0.3391317688096288	1.0	1.0	2.0
96890000	0.3049030333488935	0.371127758375416	1.0	1.0	2.0
96900000	0.7984950769607826	0.058908441646839386	1.0	1.0	2.0
96910000	0.4050875789789165	0.3606490261296049	1.0	1.0	2.0
96920000	0.9260836938829242	0.1778650033793501	1.0	1.0	2.0
96930000	2.6407826274459643	0.17675099432412725	1.0	1.0	2.0
96940000	1.0839034358690443	0.958852012323452	1.0	1.0	2.0
96950000	0.5874121440141097	0.26906722180185866	1.0	1.0	2.0
96960000	1.5668332358924377	1.5243026043657761	1.0	1.0	2.0
96970000	4.340119218708866	0.4219141836068707	1.0	1.0	2.0
96980000	1.3439695507320273	0.673924281462308	1.0	1.0	2.0
96990000	1.0575520347472214	0.3429849856460398	1.0	1.0	2.0
97000000	0.39445793459198547	0.4441156446676298	1.0	1.0	2.0
97010000	0.8672658474946796	1.1731873250517466	1.0	1.0	2.0
97020000	1.5467208182264642	1.0458044919897913	1.0	1.0	2.0
97030000	1.24024353466437	0.31723598901136335	1.0	1.0	2.0
97040000	0.31863816928023153	0.056394645091648044	1.0	1.0	2.0
97050000	2.945995965568659	0.4604065834014329	1.0	1.0	2.0
97060000	4.307078990842657	0.010339269480299564	1.0	1.0	2.0
97070000	0.39304929297456265	0.3098935672987643	1.0	1.0	2.0
97080000	1.0112000410116806	0.5163316659590794	1.0	1.0	2.0
97090000	0.13740941614993293	0.37358894944680365	1.0	1.0	2.0
97100000	0.4197259832799411	0.06680022433117686	1.0	1.0	2.0
97110000	1.4604935347519061	0.3816573945959079	1.0	1.0	2.0
97120000	1.4766277192485298	0.26208285049706576	1.0	1.0	2.0
97130000	0.386689629610465	0.0650512207791708	1.0	1.0	2.0
97140000	0.2239410416576818	0.5112332206098796	1.0	1.0	2.0
97150000	0.34556538667678305	0.895313019306649	1.0	1.0	2.0
97160000	1.100522443363693	0.10981011275149817	1.0	1.0	2.0
97170000	0.6631745075670752	1.32636263876869	1.0	1.0	2.0
97180000	0.4595481493156408	0.001828230423214728	1.0	1.0	2.0
97190000	0.8262562194108776	0.826226694525707	1.0	1.0	2.0
97200000	2.3093049050238443	1.9138572068221966	1.0	1.0	2.0
97210000	1.2980733341886583	0.5018540145793678	1.0	1.0	2.0
97220000	1.3910473631650326	0.6105988207147455	1.0	1.0	2.0
97230000	0.6751483121736523	0.7580251602658701	1.0	1.0	2.0
97240000	0.38015625697436384	0.02047443461764997	1.0	1.0	2.0
97250000	0.596656819885887	0.3781445856293244	1.0	1.0	2.0
97260000	2.1127221468305897	0.6477892615847969	1.0	1.0	2.0
97270000	1.3172582304258267	0.658539374783583	1.0	1.0	2.0
97280000	0.4678233704298024	0.061134416890682025	1.0	1.0	2.0
97290000	0.8228487097809213	0.9473459253935658	1.0	1.0	2.0
97300000	3.6175823243185845	0.6597534173790724	1.0	1.0	2.0
97310000	0.7816443426765752	0.3921134955871894	1.0	1.0	2.0
97320000	0.7541692838970384	1.803678816119271	1.0	1.0	2.0
97330000	0.9867869376908929	1.0201087805076823	1.0	1.0	2.0
97340000	0.7753552273760361	0.17175050757300625	1.0	1.0	2.0
97350000	1.695159569012753	2.1619048317978375	1.0	1.0	2.0
97360000	0.6709689479627282	0.08884131706474632	1.0	1.0	2.0
97370000	1.0455411912222874	0.6542232002183672	1.0	1.0	2.0
97380000	0.8512575325063932	0.612678360303471	1.0	1.0	2.0
97390000	0.9809737893188465	0.4413729032796843	1.0	1.0	2.0
97400000	0.4332459717066048	0.0028572486120636465	1.0	1.0	2.0
97410000	0.9846616778217154	0.6778469991618301	1.0	1.0	2.0
97420000	1.1403900987086688	0.3117855078233807	1.0	1.0	2.0
97430000	0.2730792796033698	0.21269494124449692	1.0	1.0	2.0
97440000	0.8037252193344868	0.011609187068768205	1.0	1.0	2.0
97450000	2.7567968745205134	0.04857848634359829	1.0	1.0	2.0
97460000	0.9787790767802014	0.8233455440370995	1.0	1.0	2.0
97470000	2.8126505079854507	0.7777088869777578	1.0	1.0	2.0
97480000	0.10948895784063671	0.4859177960811974	1.0	1.0	2.0
97490000	4.970906945048547	0.8062215403646587	1.0	1.0	2.0
97500000	1.0142117151363528	0.8357214977281023	1.0	1.0	2.0
97510000	0.8794584726347279	0.5277229910827522	1.0	1.0	2.0
97520000	0.9432685925773241	0.9814931861334475	1.0	1.0	2.0
97530000	1.8834743639342375	2.1037685941350817	1.0	1.0	2.0
97540000	1.4750600573201473	0.5423445832140225	1.0	1.0	2.0
97550000	0.3188647310286531	0.5526168787510851	1.0	1.0	2.0
97560000	3.831572558052409	0.21270187058741424	1.0	1.0	2.0
97570000	0.9672355870306752	0.3647853388871859	1.0	1.0	2.0
97580000	0.21872724899805598	0.06830976206236666	1.0	1.0	2.0
97590000	0.37319966271394395	3.01505109379043	1.0	1.0	2.0
97600000	2.164845710723667	0.4103418063702736	1.0	1.0	2.0
97610000	0.312133221100912	1.6000171462068031	1.0	1.0	2.0
97620000	0.5015357056219838	0.12524687674255136	1.0	1.0	2.0
97630000	0.7102354761422874	0.015328037381520535	1.0	1.0	2.0
97640000	0.9636972262706416	0.5810794578698837	1.0	1.0	2.0
97650000	5.319551456472292	0.2530548978029674	1.0	1.0	2.0
97660000	0.5646666300315697	0.5112792593706876	1.0	1.0	2.0
97670000	0.2604371296789085	0.4527838322579322	1.0	1.0	2.0
97680000	0.214268703244618	1.5782541761212865	1.0	1.0	2.0
97690000	0.3836782486126617	0.050767529451578516	1.0	1.0	2.0
97700000	0.6272957752106784	0.20970489690652935	1.0	1.0	2.0
97710000	2.0602318878089054	1.9211253411604714	1.0	1.0	2.0
97720000	1.0188344894114605	0.8237933499883674	1.0	1.0	2.0
97730000	2.2830941843887844	0.7881264016704691	1.0	1.0	2.0
97740000	0.3964716621309103	0.12147978251132908	1.0	1.0	2.0
97750000	1.449237911961396	0.1448458556085317	1.0	1.0	2.0
97760000	0.21904929937332113	0.5315427140067255	1.0	1.0	2.0
97770000	1.3117737774306522	1.1645341355789194	1.0	1.0	2.0
97780000	0.7822701971293206	0.3128604491882205	1.0	1.0	2.0
97790000	1.301879862287084	0.5728883592848317	1.0	1.0	2.0
97800000	0.753247319287344	0.09940950963382102	1.0	1.0	2.0
97810000	2.1007859075136968	0.20063389270411428	1.0	1.0	2.0
97820000	0.9494172473695837	0.3786024680456825	1.0	1.0	2.0
97830000	0.26819158418035977	0.04847407408592782	1.0	1.0	2.0
97840000	0.17364627873773977	0.13902410855099498	1.0	1.0	2.0
97850000	0.18205491647712008	1.1759240559805249	1.0	1.0	2.0
97860000	0.8039037777383498	0.002209023308926469	1.0	1.0	2.0
97870000	1.5609341493441096	1.0654968643668008	1.0	1.0	2.0
97880000	3.409297682826233	0.17365600565469744	1.0	1.0	2.0
97890000	0.6736989852632719	0.16681464471069138	1.0	1.0	2.0
97900000	2.3469560509085383	3.2194394427777486	1.0	1.0	2.0
97910000	1.56384648640704	0.2319999951226784	1.0	1.0	2.0
97920000	0.4630613279041	0.01518172374292588	1.0	1.0	2.0
97930000	3.279926701336762	0.3455358370245528	1.0	1.0	2.0
97940000	3.8602871586329326	1.4751339716490246	1.0	1.0	2.0
97950000	1.4085796606566239	0.07873618728831794	1.0	1.0	2.0
97960000	1.1397904738270936	1.0534109257731255	1.0	1.0	2.0
97970000	1.1022586742108282	0.23227910298179463	1.0	1.0	2.0
97980000	0.3240057022820112	0.0287856389443141	1.0	1.0	2.0
97990000	0.04817908918379136	0.0179466629414326	1.0	1.0	2.0
98000000	0.6560267150700385	0.5346465787659506	1.0	1.0	2.0
98010000	1.2973013669187272	0.07751192030538007	1.0	1.0	2.0
98020000	1.1502986856238082	0.38977367954608666	1.0	1.0	2.0
98030000	1.6105155197690517	2.0622189576693466	1.0	1.0	2.0
98040000	0.6870629555152746	0.4464535292233005	1.0	1.0	2.0
98050000	1.3867260302029827	0.2743757137119862	1.0	1.0	2.0
98060000	1.1583300136779302	0.37182579230366153	1.0	1.0	2.0
98070000	1.3023657018966341	1.179701358496852	1.0	1.0	2.0
98080000	0.7519868818747715	0.41657995536492964	1.0	1.0	2.0
98090000	1.5592778717782747	1.8668627158675353	1.0	1.0	2.0
98100000	0.39695921812091045	0.6276264916920646	1.0	1.0	2.0
98110000	0.36443954616122937	0.01292683201755312	1.0	1.0	2.0
98120000	3.3578656015711137	3.598801811964794	1.0	1.0	2.0
98130000	0.8446476413665392	0.2677496851394868	1.0	1.0	2.0
98140000	0.10553725999220018	0.02308090440621123	1.0	1.0	2.0
98150000	0.9295028706516869	1.2261207519158808	1.0	1.0	2.0
98160000	0.5598387115490567	0.24098197237479757	1.0	1.0	2.0
98170000	1.4264125810516974	0.260950136312648	1.0	1.0	2.0
98180000	0.4061849464496858	0.6892950063795497	1.0	1.0	2.0
98190000	1.2606674159545188	0.5984226826625877	1.0	1.0	2.0
98200000	0.1619120263008588	0.9206298281264432	1.0	1.0	2.0
98210000	0.7517861208073799	2.6777768410191904	1.0	1.0	2.0
98220000	0.3631058799493166	0.9506767254721782	1.0	1.0	2.0
98230000	0.36966254520710146	3.256447427121066	1.0	1.0	2.0
98240000	1.4678613167281735	0.5907081379512263	1.0	1.0	2.0
98250000	2.55823691634076	0.9662218636594472	1.0	1.0	2.0
98260000	1.2339188449978238	0.06239014610136414	1.0	1.0	2.0
98270000	0.5398760400059014	0.23915876179686252	1.0	1.0	2.0
98280000	0.7399221913900712	0.48109558786078455	1.0	1.0	2.0
98290000	0.5406929700160893	0.06326365010986004	1.0	1.0	2.0
98300000	2.6576495427629716	1.4283939377360986	1.0	1.0	2.0
98310000	0.795757223409196	0.27343945203175135	1.0	1.0	2.0
98320000	0.5247654530398599	0.15087401648073637	1.0	1.0	2.0
98330000	3.1353423415589416	0.6919543258762288	1.0	1.0	2.0
98340000	1.5290376758166264	0.46978685764596323	1.0	1.0	2.0
98350000	1.4167380501724347	0.2283351238320211	1.0	1.0	2.0
98360000	1.0899874067039534	0.28096346216623447	1.0	1.0	2.0
98370000	0.04952403510577408	0.0069469200059370075	1.0	1.0	2.0
98380000	1.3552534788144361	0.36013301538820447	1.0	1.0	2.0
98390000	0.6600959747542973	1.2689133345720582	1.0	1.0	2.0
98400000	1.5822024599215068	1.2049512642371576	1.0	1.0	2.0
98410000	1.771240509011716	1.4307652261534884	1.0	1.0	2.0
98420000	0.9255798643712024	0.027278229632911554	1.0	1.0	2.0
98430000	1.014320751188224	0.14800188668402037	1.0	1.0	2.0
98440000	0.5563531988207351	0.09616737764030751	1.0	1.0	2.0
98450000	0.7864172894944379	2.2167511879576246E-4	1.0	1.0	2.0
98460000	1.4398674940162257	1.1350173934907648	1.0	1.0	2.0
98470000	0.37775384002919055	0.1454769548202518	1.0	1.0	2.0
98480000	0.14481680648292	0.3825659495179471	1.0	1.0	2.0
98490000	0.9728045590265465	0.9695659023211155	1.0	1.0	2.0
98500000	5.17553789445875	0.2718889806885302	1.0	1.0	2.0
98510000	0.4036330648145909	0.6286098808212309	1.0	1.0	2.0
98520000	2.140543419737185	1.259019724143491	1.0	1.0	2.0
98530000	0.31311780086092	0.5258854997229031	1.0	1.0	2.0
98540000	1.7708318953452205	0.36439391861673737	1.0	1.0	2.0
98550000	0.8156061012957336	0.05335385974821539	1.0	1.0	2.0
98560000	1.2586097990481986	2.556122492702988	1.0	1.0	2.0
98570000	0.7048573900621986	0.2094092870023015	1.0	1.0	2.0
98580000	0.6329543382441157	1.0764490320587585	1.0	1.0	2.0
98590000	2.1294132292323726	2.5233767747744102	1.0	1.0	2.0
98600000	0.41679472037029	0.010600549029381269	1.0	1.0	2.0
98610000	2.38206584260532	0.11518470283985612	1.0	1.0	2.0
98620000	0.955254525267081	1.859151084764537	1.0	1.0	2.0
98630000	4.31152516876788	0.5260284742920878	1.0	1.0	2.0
98640000	0.7266209722260107	0.6457031694594194	1.0	1.0	2.0
98650000	2.7008448205423345	0.6857033955430697	1.0	1.0	2.0
98660000	0.16787368880087253	0.42503053216856984	1.0	1.0	2.0
98670000	0.5892555572972122	0.49047207033587836	1.0	1.0	2.0
98680000	3.0821671013668555	1.1613034370640203	1.0	1.0	2.0
98690000	1.0111366549229948	0.660318185991315	1.0	1.0	2.0
98700000	0.5561953851965673	0.6053049399225862	1.0	1.0	2.0
98710000	2.2410245407287155	1.3679132997136847	1.0	1.0	2.0
98720000	3.586104923082828	0.6083637078387618	1.0	1.0	2.0
98730000	0.8387931287168301	1.5292121817891793	1.0	1.0	2.0
98740000	1.2441832627576646	0.6451030942415921	1.0	1.0	2.0
98750000	0.37843331596022184	0.7578226983646545	1.0	1.0	2.0
98760000	2.011832993838312	0.3714423344764096	1.0	1.0	2.0
98770000	0.13176548061977816	0.04231906853005632	1.0	1.0	2.0
98780000	1.0548414839073246	0.1347330803598099	1.0	1.0	2.0
98790000	0.4171650554202792	0.13387143207884364	1.0	1.0	2.0
98800000	0.17402234652111512	0.12911864855665842	1.0	1.0	2.0
98810000	0.8500183340597423	0.4780273817194247	1.0	1.0	2.0
98820000	0.223984142830703	0.6006779095238525	1.0	1.0	2.0
98830000	1.350465533263289	0.035757110240479305	1.0	1.0	2.0
98840000	0.3280208347533488	0.13364272585614065	1.0	1.0	2.0
98850000	1.1727016116271367	0.9537846295098718	1.0	1.0	2.0
98860000	2.739482195532584	5.337662368358536	1.0	1.0	2.0
98870000	2.383494684974885	0.6931846319714641	1.0	1.0	2.0
98880000	0.20554430176431887	0.010218545024559914	1.0	1.0	2.0
98890000	1.1550583589530696	0.42152925686633597	1.0	1.0	2.0
98900000	0.7630061521301174	0.4997166466058696	1.0	1.0	2.0
98910000	0.4757101544323746	1.9701024306742638	1.0	1.0	2.0
98920000	0.9438891256968279	0.651602680647697	1.0	1.0	2.0
98930000	0.8057030777259373	0.01885600915451889	1.0	1.0	2.0
98940000	1.636310675981023	0.7384077258137268	1.0	1.0	2.0
98950000	0.6336283018967017	2.00821279748401	1.0	1.0	2.0
98960000	0.49373024484854394	0.10536183406651319	1.0	1.0	2.0
98970000	0.7309372950852816	0.6820193134479154	1.0	1.0	2.0
98980000	0.8792689397912256	1.129444877578067	1.0	1.0	2.0
98990000	2.0702666444299695	1.677494800011845	1.0	1.0	2.0
99000000	0.4480238657715413	0.37320450717358594	1.0	1.0	2.0
99010000	6.188817851276581	0.1222471227833604	1.0	1.0	2.0
99020000	0.978755390969927	0.24040914620794307	1.0	1.0	2.0
99030000	0.5472593301581828	0.631285394010423	1.0	1.0	2.0
99040000	0.29138924417122075	0.4679975375734989	1.0	1.0	2.0
99050000	1.455863291566154	1.2001430512645666	1.0	1.0	2.0
99060000	1.2620353752067828	0.012360786461335947	1.0	1.0	2.0
99070000	0.6525216439662405	0.010438581396449995	1.0	1.0	2.0
99080000	0.2534198288752885	0.291738071945315	1.0	1.0	2.0
99090000	0.4870724066101748	0.09326020499966213	1.0	1.0	2.0
99100000	2.2493957584957602	0.7777242033899441	1.0	1.0	2.0
99110000	0.3766090342327725	0.21193002645256914	1.0	1.0	2.0
99120000	3.7491040175421513	0.007782745625104088	1.0	1.0	2.0
99130000	0.251677097369621	0.29427141746524144	1.0	1.0	2.0
99140000	0.10029388246173727	0.19033359103090666	1.0	1.0	2.0
99150000	0.3291971166031953	0.07399443860462668	1.0	1.0	2.0
99160000	2.289262590154646	0.6447366896301263	1.0	1.0	2.0
99170000	1.1417111811026277	0.3504025006822132	1.0	1.0	2.0
99180000	0.6307100333036981	0.19187420473139596	1.0	1.0	2.0
99190000	1.200929510755743	0.01449111209441648	1.0	1.0	2.0
99200000	1.6824628089113765	0.32047915727312953	1.0	1.0	2.0
99210000	0.419882529048815	0.06350751902071607	1.0	1.0	2.0
99220000	2.64085448696901	1.7053015216322103	1.0	1.0	2.0
99230000	1.223037971099672	0.15582466999531883	1.0	1.0	2.0
99240000	2.016542281513878	0.6775153674099771	1.0	1.0	2.0
99250000	2.3762822068863634	0.038130054642098	1.0	1.0	2.0
99260000	1.6994267055160652	1.1544980657585158	1.0	1.0	2.0
99270000	2.2188214542711613	0.8922647453674007	1.0	1.0	2.0
99280000	1.035725709544612	0.23627750687690338	1.0	1.0	2.0
99290000	0.6932344927480826	0.5861661747690425	1.0	1.0	2.0
99300000	0.28943107412871627	0.06314184696560839	1.0	1.0	2.0
99310000	1.0867481502695102	1.3298339979139655	1.0	1.0	2.0
99320000	0.91236425136594	0.12621325850249432	1.0	1.0	2.0
99330000	0.18556878857227466	0.15264201638817498	1.0	1.0	2.0
99340000	2.1631613743653753	4.389764018502942	1.0	1.0	2.0
99350000	0.9565571437740342	0.1460816641611585	1.0	1.0	2.0
99360000	2.112675269917749	0.2924014448649926	1.0	1.0	2.0
99370000	0.5684616145150182	0.7419821488211028	1.0	1.0	2.0
99380000	2.214760251585214	0.43639514944895	1.0	1.0	2.0
99390000	1.5585813743992856	1.432727038397845	1.0	1.0	2.0
99400000	0.669091878637445	0.06191208303325363	1.0	1.0	2.0
99410000	2.226654176319219	1.4987004923290241	1.0	1.0	2.0
99420000	1.1067224548437862	1.1763790632272386	1.0	1.0	2.0
99430000	0.8968155422090817	0.5049202813628534	1.0	1.0	2.0
99440000	2.2698841023911545	0.2716280348255793	1.0	1.0	2.0
99450000	0.25019207840693636	0.7390970138146474	1.0	1.0	2.0
99460000	0.6631091899117068	0.5087198667061594	1.0	1.0	2.0
99470000	0.8388831742444605	0.011840043470800816	1.0	1.0	2.0
99480000	2.589624416949298	0.043006960685927346	1.0	1.0	2.0
99490000	2.8725441787470416	0.7964953639343528	1.0	1.0	2.0
99500000	2.2800154733212996	0.08702915949959482	1.0	1.0	2.0
99510000	0.8969366130966743	0.08289789334302611	1.0	1.0	2.0
99520000	2.4418396642286906	0.7834081511789754	1.0	1.0	2.0
99530000	0.5810103605519019	0.01361497481688887	1.0	1.0	2.0
99540000	0.6041842415176405	0.04706413313955202	1.0	1.0	2.0
99550000	0.14680742771105523	0.21737922853550146	1.0	1.0	2.0
99560000	0.899294733523516	0.33999152862607873	1.0	1.0	2.0
99570000	1.7577005242079777	1.4862535441749651	1.0	1.0	2.0
99580000	1.6825758130461015	1.5217232821145694	1.0	1.0	2.0
99590000	1.7220607196032256	2.282133193660747	1.0	1.0	2.0
99600000	0.9855836730663122	0.3092183358577281	1.0	1.0	2.0
99610000	0.9362001274979672	0.09668631714369619	1.0	1.0	2.0
99620000	0.2150419832943705	2.962205039293075	1.0	1.0	2.0
99630000	2.446659149703027	0.2713398362332066	1.0	1.0	2.0
99640000	1.1018803873157252	0.9879100552437929	1.0	1.0	2.0
99650000	1.2353379124079509	0.723841633875735	1.0	1.0	2.0
99660000	0.5180092578258473	0.9065343041409524	1.0	1.0	2.0
99670000	1.2221740550237399	0.9858856480508407	1.0	1.0	2.0
99680000	0.725050323709992	0.023178529126414937	1.0	1.0	2.0
99690000	2.383739698762878	0.2976667569716206	1.0	1.0	2.0
99700000	1.0582003011357655	0.6219719725259258	1.0	1.0	2.0
99710000	0.770010466262454	0.9373518580700945	1.0	1.0	2.0
99720000	1.000959679565809	0.008982625663366179	1.0	1.0	2.0
99730000	0.4401464912957439	0.4325548303211723	1.0	1.0	2.0
99740000	0.18861296486997164	0.14279691541046752	1.0	1.0	2.0
99750000	0.1632399195711482	0.08935736897580186	1.0	1.0	2.0
99760000	2.42621326226037	0.25696469016834783	1.0	1.0	2.0
99770000	4.437687992114896	0.11923307189061036	1.0	1.0	2.0
99780000	0.33261456117484794	0.023823084139592457	1.0	1.0	2.0
99790000	0.9871163541170805	0.2419089620683555	1.0	1.0	2.0
99800000	0.6926381643903251	0.6177322990257245	1.0	1.0	2.0
99810000	1.9969403360577118	0.8680275953248652	1.0	1.0	2.0
99820000	1.1425936883706642	0.18806414379412403	1.0	1.0	2.0
99830000	0.8422894850169236	0.5298713567911134	1.0	1.0	2.0
99840000	2.4709149814134626	0.5767181344769243	1.0	1.0	2.0
99850000	1.7141113241963184	0.3112673431316575	1.0	1.0	2.0
99860000	2.9263167418883502	1.4972625197763272	1.0	1.0	2.0
99870000	0.9722008777408893	1.4386701430675108	1.0	1.0	2.0
99880000	0.46968663291820795	0.9693029585033804	1.0	1.0	2.0
99890000	0.6299660507587936	1.4155603342404561	1.0	1.0	2.0
99900000	0.753666548733229	0.6533078465097949	1.0	1.0	2.0
99910000	1.0848437380209268	1.4673285327710992	1.0	1.0	2.0
99920000	2.16227023299139	0.08275742166933343	1.0	1.0	2.0
99930000	2.8928270220432073	0.4026983582556381	1.0	1.0	2.0
99940000	1.323970069372242	0.775903916624155	1.0	1.0	2.0
99950000	0.819023682414246	1.4826604823184257	1.0	1.0	2.0
99960000	1.3590625780424477	0.35363455689942813	1.0	1.0	2.0
99970000	0.8071940382675372	1.51788634869353	1.0	1.0	2.0
99980000	1.5404583724431384	1.346866902308045	1.0	1.0	2.0
99990000	1.1359051895450563	0.9489696896309603	1.0	1.0	2.0
100000000	1.172142021262283	0.13713862443909702	1.0	1.0	2.0
